tree
version=v4
num_class=1
num_tree_per_iteration=1
label_index=0
max_feature_idx=131
objective=regression_l1
feature_names=market_id commodity_no anchor_price days_since_anchor lag_1 lag_2 lag_3 lag_5 lag_7 lag_10 lag_14 lag_21 lag_30 roll_mean_3 roll_mean_7 roll_mean_14 roll_mean_30 roll_median_3 roll_median_7 roll_median_14 roll_median_30 roll_std_7 roll_std_14 roll_std_30 day_of_week month week_of_year is_weekend cross_median cross_mean cross_min cross_max cross_std cross_range cross_iqr cross_cv cross_fresh_ratio price_minus_cross_median price_minus_cross_mean price_ratio_cross_median distance_from_cross_min distance_from_cross_max cross_zscore price_rank_pct cross_median_lag1 cross_median_lag3 cross_median_lag7 cross_median_lag14 cross_mean_lag1 cross_mean_lag3 cross_mean_lag7 cross_mean_lag14 cross_std_lag1 cross_std_lag3 cross_std_lag7 cross_std_lag14 cross_range_lag1 cross_range_lag3 cross_range_lag7 cross_range_lag14 cross_median_change_1d cross_median_change_3d cross_median_change_7d cross_median_change_14d cross_median_pct_change_7d cross_share_up cross_share_down cross_share_flat cross_median_member_move cross_mean_member_move anchor_lag_1 anchor_lag_3 anchor_lag_7 anchor_lag_14 anchor_lag_30 roll_min_7 roll_min_14 roll_min_30 roll_max_7 roll_max_14 roll_max_30 roll_q25_7 roll_q25_14 roll_q25_30 roll_q75_7 roll_q75_14 roll_q75_30 roll_range_7 roll_range_14 roll_range_30 roll_iqr_7 roll_iqr_14 roll_iqr_30 roll_cv_7 roll_cv_14 roll_cv_30 ewm_3 ewm_7 ewm_14 ewm_30 anchor_minus_ewm7 anchor_minus_ewm30 ewm7_minus_ewm30 change_1d change_3d change_7d change_14d change_30d pct_change_1d pct_change_3d pct_change_7d pct_change_14d pct_change_30d slope_1d slope_3d slope_7d slope_14d slope_30d share_up_7 share_down_7 share_up_14 share_down_14 median_abs_move_7 median_abs_move_14 unchanged_streak day_of_month quarter day_of_year dow_sin dow_cos month_sin month_cos
feature_infos=[8:41] [8:22] [6000:150000] [0:15] [6000:150000] [6000:150000] [6000:150000] [6000:150000] [6000:150000] [6000:150000] [6000:150000] [6000:150000] [6000:150000] [6666.666666666667:150000] [7285.7142857142853:145714.28571428571] [7428.5714285714284:135714.28571428571] [7700:124666.66666666667] [6000:150000] [7000:150000] [7000:130000] [8000:120000] [0:40820.163084996566] [0:32675.981702464378] [0:34759.02264409067] [0:6] [1:12] [1:52] [0:1] [9000:130000] [10166.666666666666:133333.33333333334] [6000:120000] [14000:150000] [0:48499.140885861751] [0:139000] [0:50000] [0:0.65760928594291912] [0:1] [-104000:47500] [-94166.666666666672:44833.333333333328] [0.095652173913043481:2.9411764705882355] [0:139000] [0:139000] [-2.0412414523193143:2.0412414523193161] [0.16666666666666666:1] [9000:130000] [9000:130000] [9000:130000] [9000:130000] [10166.666666666666:133333.33333333334] [10166.666666666666:133333.33333333334] [10166.666666666666:133333.33333333334] [10166.666666666666:133333.33333333334] [0:48499.140885861751] [0:48499.140885861751] [0:48499.140885861751] [0:48499.140885861751] [0:139000] [0:139000] [0:139000] [0:139000] [-27500:26500] [-35000:25000] [-40000:40000] [-55000:60000] [-0.4375:0.72499999999999998] [0:0.83333333333333337] [0:0.83333333333333337] [0:1] [-22500:20000] [-20833.333333333332:21666.666666666668] [6000:150000] [6000:150000] [6000:150000] [6000:150000] [6000:150000] [6000:130000] [6000:120000] [6000:120000] [8000:150000] [8000:150000] [8000:150000] [7000:145000] [7000:125000] [7000:120000] [7500:150000] [8000:150000] [8000:130000] [0:119000] [0:119000] [0:119000] [0:70000] [0:65000] [0:65000] [0:0.51234753829797985] [0:0.44653565045368226] [0:0.44529515256215912] [6500.2450909968848:148903.77312432975] [7155.927433445464:139747.70073892002] [7453.9143897067488:127070.75567118348] [7785.2380113571562:118990.51099405147] [-75927.212396207673:41540.762332797138] [-98118.606192168561:66237.753733998339] [-25532.858566290735:40445.001009913598] [-98000:108000] [-99000:108000] [-119000:108000] [-108000:80000] [-118000:110000] [-0.89090909090909087:9] [-0.90000000000000002:9] [-0.91538461538461535:9] [-0.90000000000000002:6.2727272727272725] [-0.90769230769230769:5.3636363636363633] [-98000:108000] [-33000:36000] [-17000:15428.571428571429] [-7714.2857142857147:5714.2857142857147] [-3933.3333333333335:3666.6666666666665] [0:0.7142857142857143] [0:0.8571428571428571] [0:0.6428571428571429] [0:0.7142857142857143] [0:30000] [0:15000] [0:112] [1:31] [1:4] [1:366] [-0.97492791218182362:0.97492791218182362] [-0.90096886790241903:1] [-1:1] [-1:1]
tree_sizes=1821 1844 1830 1860 1814 1921 1863 1913 1876 1941 1903 1916 1981 1969 1898 1964 1954 1952 1936 2015 1990 1943 1954 1987 1982 1893 1963 1920 1974 1925 1953 1933 1992 1977 1950 1977 1970 1996 1970 1988 2035 2065 2031 2008 2061 2044 2086 2116 2121 2043 2069 2094 2110 2094 2057 2055 2122 2069 2139 2133 2146 2108 2127 2109 2142 2157 2174 2146 2171 2191 2178 2156 2151 2156 2175 2154 2160 2158 2175 2166 2192 2177 2125 2188 2153 2182 2144 2162 2129 2148 2164 2154 2123 2152 2119 2153 2179 2198 2155 2163 2169 2164 2151 2134 2167 2164 2156 2155 2166 2139 2157 2133 2138 2135 2163 2166 2162 2137 2159 2149 2159 2151 2166 2156 2163 2127 2142 2156 2148 2112 2158 2128 2181 2168 2156 2133 2169 2185 2175 2149 2144 2144 2165 2158 2128 2157 2127 2135 2156 2156 2142 2149 2173 2148 2127 2144 2143 2158 2163 2152 2149 2171 2170 2161 2166 2178 2163 2137 2131 2177 2160 2079 2089 2137 2096 2122 2155 2176 2107 2133 2153 2140 2143 2164 2123 2115 2150 2160 2139 2171 2149 2164 2138 2130 2132 2144 2155 2154 2163 2112 2155 2130 2079 2147 2130 2138 2128 2129 2155 2138 2137 2123 2144 2122 2138 2151 2099 2121 2165 2140 2151 2132 2144 2139 2135 2136 2141 2142 2144 2157 2136 2164 2145 2103 2124 2153 2117 2099 2099 2145 2130 2133 2124 2140 2127 2146 2122 2134 2125 2116 2088 2097 2139 2115 2114 2148 2157 2117 2143

Tree=0
num_leaves=22
num_cat=0
split_feature=38 38 42 0 38 40 103 77 63 64 25 77 49 38 51 38 1 100 108 53 40
split_gain=476.955 208.62 137.1 152.583 89.01 64.5421 63.7703 38.9059 37.8065 36.3277 28.9261 27.512 34.8155 26.173 23.3229 26.2675 23.2614 25.4368 21.937 21.8532 21.528
threshold=166.666666666667 6733.3333333333367 -1.1295025106376964 33.000000000000007 -1124.999999999998 1850.0000000000002 1.0000000180025095e-35 34500.000000000007 -1.0000000180025095e-35 0.061553030303030311 11.500000000000002 41000.000000000007 18083.333333333339 12666.666666666666 76083.333333333343 -9916.6666666666661 11.000000000000002 3.1723175989973247 0.025783475783475788 1953.5871887841511 7004.0000000000009
decision_type=2 2 8 2 2 2 10 8 10 10 2 8 8 2 10 2 2 2 10 8 2
left_child=2 6 14 4 20 7 8 -5 19 13 -11 12 -7 -3 15 -1 -10 -18 -14 -2 -4
right_child=1 9 3 5 -6 11 -8 -9 16 10 -12 -13 18 -15 -16 -17 17 -19 -20 -21 -22
leaf_value=86.213500015709144 0 0 0 0 0 0 0 0 0 0 53.883437509818215 -107.76687501963643 0 -215.53375003927286 0 0 0 0 -43.106750007854572 0 0
leaf_weight=821 844 1392 2103 1602 3406 327 1082 899 1615 527 92 454 1397 578 209 2270 1798 2027 282 3036 563
leaf_count=821 844 1392 2103 1602 3406 327 1082 899 1615 527 92 454 1397 578 209 2270 1798 2027 282 3036 563
internal_value=-0.000520296 -0.00351163 0.00219036 0.00103654 0.00332808 -0.00176646 -0.00214786 0.000668725 -0.00157162 -0.0089873 -0.00440747 -0.00424567 -0.00315442 -0.0104217 0.00604521 0.00651671 -0.000410459 -0.00132754 -0.00189464 -0.00319737 0.00627822
internal_weight=27324 12991 14333 11033 6072 4961 10402 2501 9320 2589 619 2460 2006 1970 3300 3091 5440 3825 1679 3880 2666
internal_count=27324 12991 14333 11033 6072 4961 10402 2501 9320 2589 619 2460 2006 1970 3300 3091 5440 3825 1679 3880 2666
is_linear=0
shrinkage=0.0215534


Tree=1
num_leaves=22
num_cat=0
split_feature=38 38 100 63 103 51 63 100 63 1 100 50 26 63 31 23 43 53 100 61 26
split_gain=421.327 141.447 86.1959 67.3775 63.7703 43.8221 37.8065 37.158 23.6874 23.2614 25.4368 21.917 21.884 25.4058 23.0147 41.4328 33.4811 21.8532 20.9264 22.3911 20.2154
threshold=166.666666666667 6733.3333333333367 0.67399990720878133 1250.0000000000002 1.0000000180025095e-35 67333.333333333358 -1.0000000180025095e-35 -1466.6211465578378 -424.99999999999994 11.000000000000002 3.1723175989973247 44000.000000000007 15.500000000000002 2250.0000000000005 122500.00000000001 11522.092721795469 0.95833333333333337 1953.5871887841511 -15938.001122913729 -11249.999999999998 42.500000000000007
decision_type=2 2 2 10 10 8 10 2 10 2 2 10 2 10 2 8 2 8 2 8 2
left_child=2 4 5 -4 6 7 17 11 -9 -8 -11 -1 14 -14 15 -3 -17 -2 -7 -20 -5
right_child=1 12 3 20 -6 18 9 8 -10 10 -12 -13 13 -15 -16 16 -18 -19 19 -21 -22
leaf_value=21.553375003927286 0 0 0 0 0 215.53375003927286 0 0 0 0 0 0 -107.76687501963643 0 -431.06750007854572 0 4.6454797405991748 0 -107.76687501963643 0 0
leaf_weight=781 844 652 2694 1574 1082 73 1615 2712 3369 1798 2027 1481 986 517 84 202 148 3036 113 1126 410
leaf_count=781 844 652 2694 1574 1082 73 1615 2712 3369 1798 2027 1481 986 517 84 202 148 3036 113 1126 410
internal_value=-0.000459558 -0.00327106 0.00208811 -0.000311454 -0.00214786 0.00325161 -0.00157162 0.00382753 0.00294746 -0.000410459 -0.00132754 0.00618942 -0.00778023 -0.00947253 -0.00542953 -0.00450813 0.00145292 -0.00319737 -0.0004041 -0.0010715 0.00270056
internal_weight=27324 12991 14333 4678 10402 9655 9320 8343 6081 5440 3825 2262 2589 1503 1086 1002 350 3880 1312 1239 1984
internal_count=27324 12991 14333 4678 10402 9655 9320 8343 6081 5440 3825 2262 2589 1503 1086 1002 350 3880 1312 1239 1984
is_linear=0
shrinkage=0.0215534


Tree=2
num_leaves=22
num_cat=0
split_feature=42 0 103 99 52 39 100 1 64 53 83 74 83 131 127 63 42 0 75 77 39
split_gain=281.131 100.333 93.7165 61.239 57.3066 56.8821 37.8986 37.9604 37.2102 33.5979 33.0619 31.407 30.6229 33.566 26.2298 26.2025 25.3986 22.691 22.502 20.3165 37.4968
threshold=-0.16444285394082306 33.000000000000007 1.0000000180025095e-35 39821.571069267295 8367.5566576299425 0.7417989417989419 0.67399990720878133 11.000000000000002 -0.019803921568627449 1617.5375703075877 28625.000000000004 20004.000000000004 56375.000000000007 0.6830127018922193 330.50000000000006 -424.99999999999994 -0.42911169027153556 21.000000000000004 14500.000000000002 54500.000000000007 1.230892307692308
decision_type=10 2 10 2 10 2 2 2 10 8 10 10 10 2 2 8 8 2 10 10 2
left_child=1 3 4 16 6 -3 9 17 -7 10 -2 -10 13 -13 -4 -9 18 -8 -1 -6 -21
right_child=2 5 14 -5 19 8 7 15 11 -11 -12 12 -14 -15 -16 -17 -18 -19 -20 20 -22
leaf_value=21.553375003927286 0 0 -21.553375003927286 0 0 0 0 0 0 0 0 0 -105.44413514933684 21.553375003927286 0 0 0 0 0 0 -215.53375003927286
leaf_weight=179 709 1031 1559 2070 1240 2324 970 778 657 4806 628 1868 239 582 152 2645 909 436 2300 1040 202
leaf_count=179 709 1031 1559 2070 1240 2324 970 778 657 4806 628 1868 239 582 152 2645 909 436 2300 1040 202
internal_value=-0.000426428 0.00201475 -0.00238429 0.00418423 -0.00177917 0.000246377 -0.00110909 -0.00253779 -0.000599076 1.26318e-05 -0.0030079 0.000854124 0.00188836 0.00260917 -0.00713702 -0.00376276 0.00239574 0.000438399 0.0035263 -0.00473773 -0.00669108
internal_weight=27324 12159 15165 5458 13454 6701 10972 4829 5670 6143 1337 3346 2689 2450 1711 3423 3388 1406 2479 2482 1242
internal_count=27324 12159 15165 5458 13454 6701 10972 4829 5670 6143 1337 3346 2689 2450 1711 3423 3388 1406 2479 2482 1242
is_linear=0
shrinkage=0.0215534


Tree=3
num_leaves=22
num_cat=0
split_feature=40 1 100 64 64 63 39 77 73 101 59 64 52 130 63 127 74 101 63 95 102
split_gain=153.982 92.336 98.3247 52.8399 41.5392 39.8388 39.3496 38.4542 46.6604 36.2048 34.0825 33.5516 40.0648 34.4419 30.6498 26.3026 25.8668 22.2655 21.9476 21.8672 19.3475
threshold=10504.000000000002 11.000000000000002 0.67399990720878133 0.016530054644808747 0.058257918552036207 -1.0000000180025095e-35 1.2132034632034634 54500.000000000007 87500.000000000015 2970.6347176218992 6500.0000000000009 0.24662162162162166 8367.5566576299425 0.68301270189221941 -8249.9999999999982 54.500000000000007 69000.000000000015 -8407.2247233289436 -176.99999999999997 0.017546876732938418 -1101.0355934700417
decision_type=2 2 2 8 10 10 2 10 10 2 10 10 10 2 10 2 8 2 8 8 2
left_child=1 4 5 18 9 19 11 8 20 14 -5 12 -2 -13 16 -6 -1 -18 -4 -3 -8
right_child=6 2 3 10 15 -7 7 -9 -10 -11 -12 13 -14 -15 -16 -17 17 -19 -20 -21 -22
leaf_value=0 0 0 0 0 213.21101016897325 0 0 -209.4946263764939 4.5453539736768942 0 0 107.76687501963643 0 -107.3023270455765 0 0 0 -107.76687501963643 0 0 -43.106750007854572
leaf_weight=370 2279 759 1184 992 281 4639 171 322 78 598 1259 207 1935 79 3100 1480 583 160 2239 3905 704
leaf_count=370 2279 759 1184 992 281 4639 171 322 78 598 1259 207 1935 79 3100 1480 583 160 2239 3905 704
internal_value=-0.000164545 0.000672734 -0.000261339 -0.00249793 0.00280268 0.00110187 -0.00329024 -0.00663623 -0.00444591 0.0017633 6.31951e-05 -0.00234017 -0.00282632 0.00479133 0.00246889 0.0056371 -0.000592525 -0.00291788 -0.00418462 -0.000303147 -0.00587663
internal_weight=27324 21549 14977 5674 6572 9303 5775 1275 953 4811 2251 4500 4214 286 4213 1761 1113 743 3423 4664 875
internal_count=27324 21549 14977 5674 6572 9303 5775 1275 953 4811 2251 4500 4214 286 4213 1761 1113 743 3423 4664 875
is_linear=0
shrinkage=0.0215534


Tree=4
num_leaves=22
num_cat=0
split_feature=42 34 0 38 55 0 77 39 70 41 52 34 38 77 120 50 42 77 117 29 38
split_gain=147.585 100.198 93.8656 98.8983 47.9866 46.5327 43.4698 36.9478 32.1483 28.3871 25.9939 61.671 25.4562 25.2173 26.1882 24.4451 24.0505 20.0767 19.8098 19.7844 19.6799
threshold=-0.78958489369386708 14375.000000000002 33.000000000000007 -750.66666666666413 1190.0526680445048 33.000000000000007 49000.000000000007 0.7417989417989419 38500.000000000007 9496.0000000000018 1347.7101189765365 5128.0000000000009 15083.333333333334 32500.000000000004 0.20714285714285716 29667.333333333339 0.12539246564387937 9500.0000000000018 -483.33333333333331 74250.000000000015 -4750.0000000000009
decision_type=8 2 2 2 8 2 10 2 10 2 8 2 2 8 10 8 8 8 10 2 2
left_child=5 2 3 17 16 8 -3 -7 -1 -6 15 19 -8 14 -11 -5 -4 -2 -9 -12 -20
right_child=1 6 4 10 9 7 12 18 -10 13 11 -13 -14 -15 -16 -17 -18 -19 20 -21 -22
leaf_value=0 0 0 0 0 0 0 -104.51503920121701 0 107.76687501963643 0 0 0 -417.26122435374714 0 0.92909594811983509 0 0 0 0 107.76687501963643 0
leaf_weight=1645 85 606 408 1557 1638 1025 939 586 574 225 4171 5813 203 990 234 635 996 2146 1846 79 923
leaf_count=1645 85 606 408 1557 1638 1025 939 586 574 225 4171 5813 203 990 234 635 996 2146 1846 79 923
internal_value=-8.09316e-05 -0.000975071 -0.000519723 0.00032376 -0.00324229 0.00272589 -0.00591328 0.00143489 0.00527009 -0.0047448 -0.000435461 2.69876e-05 -0.00839036 -0.00253744 0.00162438 -0.0025623 5.52656e-05 0.0044979 0.000337908 0.00200112 0.00110215
internal_weight=27324 20725 18977 14486 4491 6599 1748 4380 2219 3087 12255 10063 1142 1449 459 2192 1404 2231 3355 4250 2769
internal_count=27324 20725 18977 14486 4491 6599 1748 4380 2219 3087 12255 10063 1142 1449 459 2192 1404 2231 3355 4250 2769
is_linear=0
shrinkage=0.0215534


Tree=5
num_leaves=22
num_cat=0
split_feature=100 64 63 35 131 41 21 0 25 41 102 131 120 43 16 75 39 32 40 83 30
split_gain=116.01 91.1285 69.3861 62.6143 42.5568 36.4767 35.3407 34.4885 33.2885 31.7877 30.512 29.1429 30.3615 27.108 31.7425 27.0757 26.7521 26.1652 25.2633 22.031 21.8914
threshold=0.67399990720878133 0.016530054644808747 -1.0000000180025095e-35 0.10552051707913418 0.6830127018922193 1746.0000000000002 377.96447300927031 21.000000000000004 9.5000000000000018 7004.0000000000009 -6.5216236948854194 -0.68301270189221952 0.26136363636363641 0.63333333333333341 63190.909090909096 54500.000000000007 0.72301587301587311 11779.099482878906 1.0000000180025095e-35 36125.000000000007 49000.000000000007
decision_type=2 10 10 2 2 2 8 2 2 2 2 2 10 2 10 8 2 2 2 10 2
left_child=2 6 5 4 -3 17 -2 13 9 -9 18 20 16 -5 -15 -8 -13 -1 -4 -10 -7
right_child=1 3 10 7 -6 11 15 8 19 -11 -12 12 -14 14 -16 -17 -18 -19 -20 -21 -22
leaf_value=0 0 0 0 2.2526518334539909 0.46454797405991755 0 0 -43.106750007854572 0 0 0 43.106750007854572 -40.784010137554979 0 -107.76687501963643 -108.18120228272427 0 -304.91895763035717 0 -0.46454797405991755 -103.12139527903726
leaf_weight=2552 2636 1185 1776 313 656 1928 2991 514 258 763 2824 237 176 1237 264 570 3560 77 2482 138 187
leaf_count=2552 2636 1185 1776 313 656 1928 2991 514 258 763 2824 237 176 1237 264 570 3560 77 2482 138 187
internal_value=-0.000106962 -0.00175156 0.00109219 0.000313911 0.00353077 -0.000194342 -0.00352876 -0.00138205 -0.00361478 -0.00530945 0.00267694 0.000720795 0.00180972 0.00067247 -0.000525521 -0.00493033 0.00221715 -0.00231676 0.00382971 0.00182832 -0.00132066
internal_weight=27324 11525 15799 5328 1841 8717 6197 3487 1673 1277 7082 6088 3973 1814 1501 3561 3797 2629 4258 396 2115
internal_count=27324 11525 15799 5328 1841 8717 6197 3487 1673 1277 7082 6088 3973 1814 1501 3561 3797 2629 4258 396 2115
is_linear=0
shrinkage=0.0215534


Tree=6
num_leaves=22
num_cat=0
split_feature=100 64 42 38 52 131 28 20 0 42 99 120 97 127 0 42 101 26 35 131 95
split_gain=114.142 75.3185 67.101 43.4618 41.6488 29.9474 29.9033 29.679 28.6764 38.7407 43.8713 28.0827 23.0617 22.3269 24.419 30.3647 29.5478 21.9333 29.3765 24.7503 21.2193
threshold=0.67399990720878133 0.039230769230769243 0.22140372138502495 11665.999999999998 1617.5375703075877 -0.68301270189221952 112500.00000000001 69000.000000000015 39.500000000000007 -1.4652984190954839 47698.316277192345 0.22649572649572652 28999.963269245436 298.50000000000006 13.000000000000002 -0.70533859053221737 3189.2698604248621 5.5000000000000009 0.16854957560187031 -0.5 0.092762012207428815
decision_type=2 10 8 2 8 2 2 10 2 10 2 10 2 2 2 10 2 2 2 2 10
left_child=2 5 8 4 12 20 7 13 11 -10 -11 17 -4 14 -3 -16 -17 18 -1 -19 -2
right_child=1 6 3 -5 -6 -7 -8 -9 9 10 -12 -13 -14 -15 15 16 -18 19 -20 -21 -22
leaf_value=0 0 0 0 -203.07083984612726 0 0 -216.69511997442268 2.2576581218001048 40.319462163495068 0 -43.106750007854572 42.642202033794653 0 0 0 0 -20.159731081747534 0 0 0 -43.106750007854572
leaf_weight=633 1080 981 476 222 4181 5253 122 410 356 1364 457 237 484 869 491 676 892 2917 295 4177 751
leaf_count=633 1080 981 476 222 4181 5253 122 410 356 1364 457 237 484 869 491 676 892 2917 295 4177 751
internal_value=-4.54354e-05 -0.00167675 0.00114403 -0.000814216 -0.000409176 -0.0030565 0.000522202 0.000821396 0.00215119 -4.55431e-05 -0.00132083 0.00273126 -0.0044584 0.000240396 -0.000628149 -0.00196368 -0.00343073 0.00251372 -0.000594518 0.00292154 -0.00543337
internal_weight=27324 11525 15799 5363 5141 7084 4441 4319 10436 2177 1821 8259 960 3909 3040 2059 1568 8022 928 7094 1831
internal_count=27324 11525 15799 5363 5141 7084 4441 4319 10436 2177 1821 8259 960 3909 3040 2059 1568 8022 928 7094 1831
is_linear=0
shrinkage=0.0215534


Tree=7
num_leaves=22
num_cat=0
split_feature=41 0 42 38 38 53 51 77 55 16 28 55 127 127 111 63 38 39 117 127 42
split_gain=103.758 82.8685 90.5188 61.7689 37.848 50.1755 55.2446 49.1297 35.956 26.6046 32.5612 26.547 25.4095 30.8294 24.0519 23.6016 22.2091 21.5606 21.4048 19.703 18.6297
threshold=1746.0000000000002 33.000000000000007 -0.78958489369386708 -1124.999999999998 13416.66666666667 2355.8198965757811 29583.333333333339 51000.000000000007 10551.272016880977 83027.777777777796 66250.000000000015 1217.9025065152932 44.500000000000007 106.50000000000001 0.11852502194907814 -424.99999999999994 2503.3333333333326 0.77032967032967048 383.33333333333343 34.500000000000007 -1.7712297710801908
decision_type=2 2 10 2 2 8 8 8 10 10 2 8 2 2 10 8 2 2 10 2 10
left_child=4 3 17 -2 5 6 14 8 -6 10 16 -4 -11 -14 -1 -7 -5 20 -13 -19 -3
right_child=1 2 11 9 7 15 -8 -9 -10 12 -12 18 13 -15 -16 -17 -18 19 -20 -21 -22
leaf_value=0 0 106.89785453166996 0 0 -202.92410437062165 0 0 -289.5520670878368 4.447386254956645 -107.76687501963643 2.2526518334539909 -0.020025153384456176 2.2526518334539909 -106.07488300037286 -0.010012576692228088 0 0 -0.46454797405991755 0 0 0
leaf_weight=2390 3535 79 101 4453 177 2139 1259 299 150 99 504 2341 175 132 139 3406 1145 277 529 2635 1360
leaf_count=2390 3535 79 101 4453 177 2139 1259 299 150 99 504 2341 175 132 139 3406 1145 277 529 2635 1360
internal_value=0.00018742 0.00119353 -0.000549278 0.002465 -0.00156601 -0.00122072 -0.00313278 -0.00669908 -0.000896154 0.00121741 0.00157392 -0.00345017 -0.00411856 -0.0010247 -0.00129196 8.39587e-05 0.0010996 0.00142959 -0.00383442 0.000359706 0.00358849
internal_weight=27324 17365 7322 10043 9959 9333 3788 626 327 6508 6102 2971 406 307 2529 5545 5598 4351 2870 2912 1439
internal_count=27324 17365 7322 10043 9959 9333 3788 626 327 6508 6102 2971 406 307 2529 5545 5598 4351 2870 2912 1439
is_linear=0
shrinkage=0.0215534


Tree=8
num_leaves=22
num_cat=0
split_feature=42 55 34 15 108 12 8 34 41 62 11 131 56 101 47 42 130 49 85 57 2
split_gain=141.148 55.7828 56.0025 43.9858 34.4776 28.9085 26.7583 26.9964 22.6739 23.3139 20.4393 19.152 23.4642 18.7626 16.9395 16.7887 16.7641 16.5737 25.5529 24.4439 23.7804
threshold=-0.16444285394082306 1953.5871887841511 5128.0000000000009 28750.000000000004 0.024725274725274728 112500.00000000001 29500.000000000004 18625.000000000004 1254.0000000000002 12000.000000000002 55500.000000000007 1.0000000180025095e-35 19500.000000000004 -7654.5890575496551 30250.000000000004 0.6454972243679038 -0.93301270189221919 62505.000000000007 77375.000000000015 34500.000000000007 53500.000000000007
decision_type=8 10 2 10 8 10 10 2 2 8 8 2 10 2 8 10 2 10 10 10 2
left_child=4 3 -3 -2 8 6 -4 11 14 17 -9 12 -8 -14 -1 -12 -5 -10 19 20 -19
right_child=1 2 5 16 -6 -7 7 10 9 -11 15 -13 13 -15 -16 -17 -18 18 -20 -21 -22
leaf_value=0 0 0 0 0 0 -210.97816938494128 0 0.88958951338670667 0 107.76687501963643 -52.543071675308674 0 0 0 0 -300.5923371412859 0 108.23163879851656 2.2526518334539909 -104.51503920121701 0
leaf_weight=609 1435 4442 1365 85 967 142 1560 111 8651 337 100 2758 200 1169 173 198 1684 108 573 159 498
leaf_count=609 1435 4442 1365 85 967 142 1560 111 8651 337 100 2758 200 1169 173 198 1684 108 573 159 498
internal_value=0.000605487 -0.000772575 -9.94906e-05 -0.00330018 0.00234649 -0.00122351 -0.0010388 -0.000426394 0.00268658 0.00295474 -0.00577427 -4.01737e-05 -0.00125534 -0.00331542 -0.000843293 -0.0087197 -0.00557505 0.0027653 0.000525107 -0.0020452 -5.69076e-05
internal_weight=27324 15249 12045 3204 12075 7603 7461 6096 11108 10326 409 5687 2929 1369 782 298 1769 9989 1338 765 606
internal_count=27324 15249 12045 3204 12075 7603 7461 6096 11108 10326 409 5687 2929 1369 782 298 1769 9989 1338 765 606
is_linear=0
shrinkage=0.0215534


Tree=9
num_leaves=22
num_cat=0
split_feature=38 54 38 85 0 77 131 35 28 108 63 121 23 2 35 0 131 51 111 23 38
split_gain=132.765 46.0536 53.4013 52.3296 39.5443 36.6642 44.1287 43.9869 32.4904 28.7327 26.5501 26.355 24.6499 24.9053 23.7322 24.5087 22.2756 23.0527 24.0369 18.8143 18.4762
threshold=-496.666666666666 1617.5375703075877 10833.333333333332 30125.000000000004 21.000000000000004 54500.000000000007 1.0000000180025095e-35 0.14500812947681371 112500.00000000001 0.024725274725274728 1750.0000000000002 1.0000000180025095e-35 9240.248034798864 97500.000000000015 0.13978944420333686 33.000000000000007 0.25000000000000017 57583.333333333336 0.21583850931677021 4096.5362436333207 3336.6666666666683
decision_type=2 10 2 10 2 10 2 2 2 8 8 10 10 2 2 2 2 10 10 10 2
left_child=4 3 14 -2 10 6 11 -7 9 -6 -1 -4 -8 -14 16 20 17 18 -3 -18 -16
right_child=1 2 5 -5 8 7 12 -9 -10 -11 -12 -13 13 -15 15 -17 19 -19 -20 -21 -22
leaf_value=0 0 0 0.21725512199161665 0 0 2.2039916813241711 -106.36321852076443 -202.97236571043803 -101.75278279858806 0 21.543362427235056 -208.13890756668235 4.3515300712162528 -196.92679963514558 0 -43.570866372274082 0 0 -0.048606200924769007 0.00043160964040634759 0
leaf_weight=2233 2745 1843 100 990 7768 153 107 380 74 881 844 180 209 75 2792 357 918 630 336 995 2714
leaf_count=2233 2745 1843 100 990 7768 153 107 380 74 881 844 180 209 75 2792 357 918 630 336 995 2714
internal_value=0.000535283 -0.000774162 -0.00011262 -0.00285986 0.0022587 -0.00441414 -0.00104701 -0.00863591 0.00151611 0.00163873 0.00436097 -0.00758717 0.00361521 0.00694929 0.000375883 -0.000538918 0.00151354 0.000288496 0.00134122 0.00330776 -0.000182415
internal_weight=27324 15524 11789 3735 11800 1204 671 533 8723 8649 3077 280 391 284 10585 5863 4722 2809 2179 1913 5506
internal_count=27324 15524 11789 3735 11800 1204 671 533 8723 8649 3077 280 391 284 10585 5863 4722 2809 2179 1913 5506
is_linear=0
shrinkage=0.0215534


Tree=10
num_leaves=22
num_cat=0
split_feature=41 40 63 109 89 53 51 125 8 41 51 22 94 130 57 106 40 74 94 9 127
split_gain=122.233 60.2841 38.8508 28.7574 20.9064 19.238 31.249 19.7527 18.1733 18.1101 17.8458 32.0842 25.2452 22.194 18.9851 18.7882 17.7363 21.3919 17.938 17.4632 22.2634
threshold=1746.0000000000002 7004.0000000000009 -1.0000000180025095e-35 -0.32575757575757569 58500.000000000007 2355.8198965757811 29583.333333333339 24.500000000000004 29500.000000000004 21500.000000000004 64916.666666666679 4972.4515809863315 0.14626692953424825 0.25000000000000011 10004.000000000002 -10499.999999999998 20530.000000000004 45004.000000000007 0.1254336222400759 40004.000000000007 206.50000000000003
decision_type=2 2 10 8 10 10 10 2 10 2 8 10 10 2 8 10 2 8 10 8 2
left_child=2 3 -1 -2 5 6 7 -4 -3 16 11 12 -5 19 -12 -15 18 -18 -10 -13 -21
right_child=1 8 4 10 -6 -7 -8 -9 9 -11 14 13 -14 15 -16 -17 17 -19 -20 20 -22
leaf_value=0 107.3023270455765 0 0 0 -206.55913769864878 0 0 0 0 -0.46433216923971432 -0.46433216923971432 107.3023270455765 0 105.90868312339674 0 0 2.7472375375905926 -107.23082089867512 0.92909594811983509 108.66698086535563 0
leaf_weight=4008 166 761 1453 9208 116 3547 473 362 2908 415 128 189 348 126 1201 486 98 276 649 145 261
leaf_count=4008 166 761 1453 9208 116 3547 473 362 2908 415 128 189 348 126 1201 486 98 276 649 145 261
internal_value=0.000276555 0.00136854 -0.00162661 0.00218838 -0.000520084 -0.000338348 -0.00188019 -0.000588978 -0.000597592 -5.75287e-05 0.00206513 0.00235617 0.00193654 0.00567091 -0.000285415 0.00276769 0.000392569 -0.00406756 0.000864051 0.00864164 0.0060823
internal_weight=27324 17365 9959 12258 5951 5835 2288 1815 5107 4346 12092 10763 9556 1207 1329 612 3931 374 3557 595 406
internal_count=27324 17365 9959 12258 5951 5835 2288 1815 5107 4346 12092 10763 9556 1207 1329 612 3931 374 3557 595 406
is_linear=0
shrinkage=0.0215534


Tree=11
num_leaves=22
num_cat=0
split_feature=38 63 100 38 53 29 120 64 0 39 101 34 38 112 127 52 97 0 127 80 63
split_gain=108.156 40.505 29.6179 29.6164 24.455 26.3612 23.3119 22.0112 21.7783 36.8424 19.9659 21.1735 19.9252 47.0875 36.9821 26.9033 25.9512 20.4356 18.5295 17.237 17.0952
threshold=-496.666666666666 -1.0000000180025095e-35 240.8796414930512 16000.000000000002 1617.5375703075877 30250.000000000004 0.29285714285714287 0.039230769230769243 21.000000000000004 1.1779788838612371 15518.123725634718 4625.0000000000009 10833.333333333332 0.12250000000000001 96.500000000000014 1755.9358788538641 30042.361337122409 33.000000000000007 291.50000000000006 97500.000000000015 23250.000000000004
decision_type=2 10 2 2 10 2 10 10 2 2 2 2 2 10 2 8 2 2 2 10 8
left_child=2 12 6 4 5 -3 -1 -4 10 -10 11 -6 15 -14 -15 16 -2 -17 20 -5 -9
right_child=1 3 7 19 8 -7 -8 18 9 -11 -12 -13 13 14 -16 17 -18 -19 -20 -21 -22
leaf_value=0 0 0 0 -105.34641679458755 0 0 -2.4714225382638046 0 0 -204.3762463641753 4.794385932641446 0 -187.07116006334212 4.7033217417172466 -197.41389268685288 0 0 -63.720594179973816 21.55359080874749 -401.28771555462623 103.60596840648164
leaf_weight=8962 1019 1613 1462 114 1651 538 151 859 1582 110 285 3078 345 116 99 4152 465 257 224 100 142
leaf_count=8962 1019 1613 1462 114 1651 538 151 859 1582 110 285 3078 345 116 99 4152 465 257 224 100 142
internal_value=0.000160601 -0.00102129 0.00171622 -9.17162e-05 9.87991e-05 -0.00189974 0.00230266 -0.00026951 0.000741148 -0.00137057 0.00145549 0.00111935 -0.00232665 -0.00621859 0.00166337 -0.00195524 -0.00446723 -0.00110771 0.00185784 -0.00801333 0.000594226
internal_weight=27324 15524 11800 9071 8857 2151 9113 2687 6706 1692 5014 4729 6453 560 215 5893 1484 4409 1225 214 1001
internal_count=27324 15524 11800 9071 8857 2151 9113 2687 6706 1692 5014 4729 6453 560 215 5893 1484 4409 1225 214 1001
is_linear=0
shrinkage=0.0215534


Tree=12
num_leaves=22
num_cat=0
split_feature=42 52 38 51 112 0 34 83 108 64 112 53 131 127 22 127 42 35 53 83 73
split_gain=102.6 50.6515 51.747 42.384 37.5413 31.7905 35.3097 28.1277 26.8453 25.9504 24.8726 28.3808 23.2582 22.4459 27.754 21.1012 27.2707 18.4629 17.4679 16.8873 31.7122
threshold=-0.2669568437472728 1617.5375703075877 13333.333333333334 29583.333333333339 -1.0000000180025095e-35 33.000000000000007 5375.0000000000009 21125.000000000004 0.024725274725274728 0.16472868217054268 1.2264957264957268 18495.40919685581 0.6830127018922193 330.50000000000006 997.24896315083549 14.500000000000002 -1.1419832184327781 0.29848295807774611 7400.3394031619564 79375.000000000015 97500.000000000015
decision_type=10 8 2 10 10 2 2 8 8 10 10 10 2 2 8 2 10 2 10 10 10
left_child=8 3 5 -2 -4 6 -3 -8 15 19 11 -6 18 14 -7 16 -1 -17 -11 -9 -21
right_child=1 2 4 -5 10 13 7 9 -10 12 -12 -13 -14 -15 -16 17 -18 -19 -20 20 -22
leaf_value=0.89905356672093317 0 0 -197.93245992725539 0 -190.63573469493281 0 0 0 0 0.82363830806142813 5.2732603203943293 6.5283107382442305 210.85236757897843 0.93931502698783143 -64.659693402141457 0 -0.030037730076684348 0.00043160964040634759 -0.13657627179581416 -185.1239299877702 2.1840744303498165
leaf_weight=117 2018 4407 130 975 436 144 694 5077 879 120 78 72 138 138 1008 9466 351 402 148 291 235
leaf_count=117 2018 4407 130 975 436 144 694 5077 879 120 78 72 138 138 1008 9466 351 402 148 291 235
internal_value=0.000149558 -0.000952095 -0.00037401 -0.00348242 -0.00600762 -4.79738e-05 0.000323201 -0.000661094 0.00173271 -0.000185079 -0.00366272 -0.00541274 0.00507389 -0.00325114 -0.00423922 0.00204063 -0.00242195 0.00225317 0.00133455 -0.000567772 -0.00424432
internal_weight=27324 16109 13116 2993 716 12400 11110 6703 11215 6009 586 508 406 1290 1152 10336 468 9868 268 5603 526
internal_count=27324 16109 13116 2993 716 12400 11110 6703 11215 6009 586 508 406 1290 1152 10336 468 9868 268 5603 526
is_linear=0
shrinkage=0.0215534


Tree=13
num_leaves=22
num_cat=0
split_feature=42 52 34 100 51 31 112 37 107 54 63 131 120 0 63 78 28 16 26 35 123
split_gain=96.9657 52.9748 52.8077 37.0588 28.1332 23.694 23.471 29.8855 36.9812 23.2332 22.0034 20.6769 20.7756 20.5698 21.0343 19.5663 22.0403 18.2195 17.8977 18.1749 17.3623
threshold=0.16951587590520351 1617.5375703075877 5375.0000000000009 240.8796414930512 29583.333333333339 122500.00000000001 1.3875000000000002 14998.000000000002 -1.0000000180025095e-35 17236.101277172715 3250.0000000000005 -0.68301270189221952 0.21825396825396828 33.000000000000007 -4749.9999999999991 28004.000000000004 24750.000000000004 101000.13333333335 2.5000000000000004 0.19982158630167599 2750.0000000000005
decision_type=10 8 2 2 10 2 10 2 10 10 8 2 8 2 8 8 2 10 2 2 8
left_child=3 4 -3 11 -2 6 7 15 -9 -10 -5 -1 17 -14 -15 -4 -17 18 19 -13 -12
right_child=1 2 5 10 -6 -7 -8 8 9 -11 20 12 13 14 -16 16 -18 -19 -20 -21 -22
leaf_value=0 0 0 0 0 0 -406.84611988247548 7.4417178479055259 -264.1595965238991 -171.63227248520354 6.3876036087606876 0.81108049610296373 -0.019377638672154633 104.06050380384933 -105.96854510439103 -0.0068079633930107379 0.92909594811983509 0 -2.4013321757570991 0 2.2047469981948824 -98.657871668874463
leaf_weight=3404 1362 3691 716 2248 740 102 79 108 407 71 1122 335 81 104 282 111 4628 98 7437 73 125
leaf_count=3404 1362 3691 716 2248 740 102 79 108 407 71 1122 335 81 104 282 111 4628 98 7437 73 125
internal_value=0.000152713 -0.00129624 -0.000636181 0.00129046 -0.0044048 -0.00184839 -0.00167494 -0.00182885 -0.00645756 -0.00385897 -0.000657376 0.00186743 0.00244132 -0.0019657 -0.00405279 -0.00132992 -0.000825916 0.00270153 0.0028177 -0.00156331 0.00163496
internal_weight=27324 12015 9913 15309 2102 6222 6120 6041 586 478 3495 11814 8410 467 386 5455 4739 7943 7845 408 1247
internal_count=27324 12015 9913 15309 2102 6222 6120 6041 586 478 3495 11814 8410 467 386 5455 4739 7943 7845 408 1247
is_linear=0
shrinkage=0.0215534


Tree=14
num_leaves=22
num_cat=0
split_feature=42 100 54 34 51 38 77 18 2 131 111 44 44 50 89 6 108 112 47 19 64
split_gain=96.9477 50.7604 44.099 48.0517 28.0342 25.3058 55.5263 26.199 23.2213 22.8618 19.6385 18.9975 25.172 18.9712 18.7886 18.7511 18.6585 17.0146 16.6318 22.518 17.3483
threshold=0.16951587590520351 240.8796414930512 1617.5375703075877 5375.0000000000009 29583.333333333339 14250.000000000005 54500.000000000007 79000.000000000015 29500.000000000004 -0.68301270189221952 0.063508064516129045 91250.000000000015 106250.00000000001 71833.333333333358 11500.000000000002 14500.000000000002 0.032795698924731186 -0.23431372549019605 36250.000000000007 47000.000000000007 0.046536796536796543
decision_type=10 2 10 2 10 2 10 10 2 2 8 10 10 10 10 8 8 10 10 10 10
left_child=1 9 4 -4 16 8 7 -7 -5 -1 -11 13 -13 14 15 -3 -2 -16 -10 -20 -21
right_child=2 11 3 5 -6 6 -8 -9 18 10 -12 12 -14 -15 17 -17 -18 -19 19 20 -22
leaf_value=0 0 0 0 0 0 -186.24905738892207 -365.84168859178754 6.7159749624836733 0 0 0 212.64253164070371 -2.3194409221352981 -102.20339433342619 -1.3535936154108399 0 0.46454797405991755 0.38273536901805 0 0 0
leaf_weight=3404 1317 296 3652 746 722 103 267 154 536 7401 1009 104 88 214 223 1312 153 1258 531 2751 1083
leaf_count=3404 1317 296 3652 746 722 103 267 154 536 7401 1009 104 88 214 223 1312 153 1258 531 2751 1083
internal_value=0.000127471 0.00126512 -0.00132136 -0.000703446 -0.0040863 -0.00186367 -0.00639899 0.000720985 -0.00144119 0.00194041 0.00254383 -0.00101505 0.00556508 -0.00140031 -0.000967047 -0.00258142 -0.00236925 0.000780006 -0.000899763 -0.00134107 -0.000762276
internal_weight=27324 15309 12015 9823 2192 6171 524 257 5647 11814 8410 3495 192 3303 3089 1608 1470 1481 4901 4365 3834
internal_count=27324 15309 12015 9823 2192 6171 524 257 5647 11814 8410 3495 192 3303 3089 1608 1470 1481 4901 4365 3834
is_linear=0
shrinkage=0.0215534


Tree=15
num_leaves=22
num_cat=0
split_feature=42 52 34 103 51 38 112 112 49 131 101 63 14 30 44 28 101 74 0 32 68
split_gain=92.2933 51.8175 53.4373 38.266 28.1332 27.9676 38.6628 24.0717 23.5112 21.8054 28.826 22.712 21.1458 20.9471 30.1239 20.2836 18.4268 32.1954 19.4201 16.7424 22.0815
threshold=0.16951587590520351 1617.5375703075877 5375.0000000000009 354.00000000000006 29583.333333333339 14250.000000000005 -0.077935222672064763 1.1339285714285716 52333.333333333336 -0.68301270189221952 310.22060874016466 10750.000000000002 29214.285714285717 69000.000000000015 112500.00000000001 24750.000000000004 -6035.4434233390848 54500.000000000007 39.500000000000007 10348.088133275156 1750.0000000000002
decision_type=10 8 2 8 10 2 10 10 10 2 2 10 8 2 10 2 2 10 2 2 10
left_child=3 4 -3 9 -2 12 -7 8 -8 11 -11 16 -4 -12 -15 -14 18 -18 -1 20 -5
right_child=1 2 5 19 -6 6 7 -9 -10 10 13 -13 15 14 -16 -17 17 -19 -20 -21 -22
leaf_value=0.00043160964040634759 0 0 0 -0.0082492389357125238 0 -288.12308413494657 6.105177265921232 4.8455806123563736 -192.2485796072167 0 0 210.44228037887996 0.90907079473537877 5.1591804232099978 -206.54771928717312 0 0 -0.46433216923971432 -0.92909594811983509 -103.23237691371855 2.3031370239111029
leaf_weight=561 1362 3691 777 974 740 90 76 71 295 7305 2448 91 71 286 77 4842 2842 288 143 201 93
leaf_count=561 1362 3691 777 974 740 90 76 71 295 7305 2448 91 71 286 77 4842 2842 288 143 201 93
internal_value=8.3298e-05 -0.00133033 -0.000677491 0.00119332 -0.0044048 -0.00189689 -0.00662683 -0.0039782 -0.00619131 0.00151752 0.00204666 0.000151558 -0.00145303 0.000188616 0.00502181 -0.000928273 -9.894e-05 -0.000809777 0.00304889 -0.00238973 -0.0013048
internal_weight=27324 12015 9913 15309 2102 6222 532 442 371 14041 10116 3925 5690 2811 363 4913 3834 3130 704 1268 1067
internal_count=27324 12015 9913 15309 2102 6222 532 442 371 14041 10116 3925 5690 2811 363 4913 3834 3130 704 1268 1067
is_linear=0
shrinkage=0.0215534


Tree=16
num_leaves=22
num_cat=0
split_feature=38 52 38 97 107 34 125 0 89 96 39 41 17 28 95 28 112 96 80 127 58
split_gain=97.9299 41.3428 51.1504 37.7462 37.4401 36.3115 25.1415 24.6343 28.5659 27.0339 50.3863 23.5026 22.5197 21.4677 20.3334 20.6609 20.1969 19.028 23.6317 18.6692 18.0105
threshold=-166.66666666666967 1617.5375703075877 12666.666666666666 30042.361337122409 -1.0000000180025095e-35 5128.0000000000009 25.500000000000004 33.000000000000007 54000.000000000007 42549.969619497177 0.95380241648898367 21500.000000000004 28500.000000000004 24750.000000000004 0.26082532787187412 47000.000000000007 -0.40767045454545453 44960.939288139351 75500.000000000015 245.50000000000003 5500.0000000000009
decision_type=2 10 2 2 10 2 2 2 10 2 2 2 8 2 10 2 8 2 8 2 8
left_child=7 3 5 19 -4 -3 14 8 -1 11 17 16 -7 -14 15 -6 -9 -11 -19 -2 -18
right_child=1 2 4 -5 6 12 -8 9 -10 10 -12 -13 13 -15 -16 -17 20 18 -20 -21 -22
leaf_value=0 0 0 -193.83854142198945 0 5.9735900908433806 0 8.1490476475318374 -9.3026444349882153e-06 4.2020964874943534 -0.92844853365922553 -105.02618329569435 1.3447770531140295 0.88947725099132902 0 4.7411419963064976 -189.16338268863356 0 0.011870787645271408 -0.20457900406671539 0 0
leaf_weight=5440 1649 4400 139 965 71 963 104 160 193 271 452 336 82 5515 98 376 469 827 745 591 3478
leaf_count=5440 1649 4400 139 965 71 963 104 160 193 271 452 336 82 5515 98 376 469 827 745 591 3478
internal_value=0.000151924 -0.00102138 -0.000428569 -0.00319155 -0.00573226 -4.64107e-05 -0.00353966 0.0015708 0.00262324 0.000689647 -0.00120769 0.00167165 -0.0010632 -0.000537574 -0.0054012 -0.00735641 0.00122065 0.000369537 0.00128325 -0.00165107 0.00152677
internal_weight=27324 14953 11748 3205 788 10960 649 12371 5633 6738 2295 4443 6560 5597 545 447 4107 1843 1572 2240 3947
internal_count=27324 14953 11748 3205 788 10960 649 12371 5633 6738 2295 4443 6560 5597 545 447 4107 1843 1572 2240 3947
is_linear=0
shrinkage=0.0215534


Tree=17
num_leaves=22
num_cat=0
split_feature=42 52 38 51 107 34 120 89 8 107 12 131 101 94 64 116 131 50 95 64 0
split_gain=95.1742 46.562 52.318 40.395 37.1074 31.8184 25.7381 38.5956 23.8603 23.219 22.7045 20.9924 21.9969 27.9109 20.725 20.5365 20.2503 20.0576 21.1076 18.8983 18.0744
threshold=-0.36122983223655114 1549.193338482967 13333.333333333334 29583.333333333339 -1.0000000180025095e-35 5375.0000000000009 0.13392857142857145 38500.000000000007 29500.000000000004 -25999.999999999996 112500.00000000001 -0.68301270189221952 -2014.4388505128006 0.15612945446272689 0.061553030303030311 -1.0000000180025095e-35 -0.9330127018922193 29667.333333333339 0.084178551422636957 0.15821566110397947 33.000000000000007
decision_type=10 10 2 10 10 2 10 10 10 10 10 2 2 10 10 10 2 10 10 10 2
left_child=9 3 5 -2 -4 20 7 -6 -7 15 -10 16 -13 17 -8 -1 -11 18 -14 -19 -3
right_child=1 2 4 -5 6 8 14 -9 10 11 -12 12 13 -15 -16 -17 -18 19 -20 -21 -22
leaf_value=0 0 0 -187.40300852670688 0 -179.09375162839922 0 -186.15268617522599 7.6062831022668389 0 0 -202.44535132396129 2.2548518661280634 0 -0.20016963607413549 -83.938365009132625 -0.46433682056193182 0 0 0 107.07794506626931 -0.037075065834928388
leaf_weight=689 2073 4566 130 983 161 1420 170 130 6073 1087 110 1774 1257 306 125 114 1806 2500 814 241 795
leaf_count=689 2073 4566 130 983 161 1420 170 130 6073 1087 110 1774 1257 306 125 114 1806 2500 814 241 795
internal_value=7.69876e-05 -0.000934455 -0.000396403 -0.0033401 -0.00606782 -8.24626e-05 -0.00373627 0.000784857 -0.000979713 0.00167654 -0.00039948 0.00196611 0.00261314 0.00189336 -0.00822404 -0.00184108 0.000421668 0.00229593 0.00389836 0.00108196 0.00118841
internal_weight=27324 16736 13680 3056 716 12964 586 291 7603 10588 6183 9785 6892 5118 295 803 2893 4812 2071 2741 5361
internal_count=27324 16736 13680 3056 716 12964 586 291 7603 10588 6183 9785 6892 5118 295 803 2893 4812 2071 2741 5361
is_linear=0
shrinkage=0.0215534


Tree=18
num_leaves=22
num_cat=0
split_feature=42 52 34 38 112 51 89 0 42 55 112 49 41 29 96 17 28 32 112 89 73
split_gain=61.3829 53.8537 60.9228 27.9676 38.6628 27.8197 26.6081 25.989 26.4652 24.2001 24.0717 23.5112 23.2495 22.5977 21.9874 21.4292 23.1086 20.5234 20.2859 18.9936 22.5659
threshold=0.16951587590520351 1617.5375703075877 5375.0000000000009 14250.000000000005 -0.077935222672064763 29583.333333333339 3004.0000000000005 33.000000000000007 -1.202229259025428 9755.2057704550989 1.1339285714285716 52333.333333333336 1746.0000000000002 90083.333333333358 36788.078783850382 28500.000000000004 24750.000000000004 16894.238605127055 0.31422351233671991 29000.000000000004 97500.000000000015
decision_type=10 8 2 2 10 10 8 2 8 8 10 10 2 2 2 8 2 2 8 10 10
left_child=6 5 -3 15 -5 -2 12 13 -9 18 11 -6 -1 17 -11 -4 -17 19 -10 -8 -21
right_child=1 2 3 4 10 -7 7 8 9 14 -12 -13 -14 -15 -16 16 -18 -19 -20 20 -22
leaf_value=0 0 0 0 -273.69601716217522 5.6808979914064963 0 0 0 0 1.7314736739857812 6.4486527044993167 -181.43024837881867 0 6.5389523966000755 -0.52165273638230403 0.8703060142432506 0 -0.080561436027640848 0.010012576692228088 2.253716901427592 -0.077356872854269676
leaf_weight=1287 1362 3691 756 90 76 740 3858 1674 2905 111 71 295 2816 189 917 82 4852 226 629 591 106
leaf_count=1287 1362 3691 756 90 76 740 3858 1674 2905 111 71 295 2816 189 917 82 4852 226 629 591 106
internal_value=-0.000106962 -0.00126036 -0.00059487 -0.00189689 -0.00662683 -0.00439455 0.000797705 0.000253115 -0.000672583 -0.00152411 -0.0039782 -0.00619131 0.00228293 0.00141634 -0.00443605 -0.00145303 -0.000933059 0.00112521 -0.000674517 0.00144128 0.00471819
internal_weight=27324 12015 9913 6222 532 2102 15309 11206 6236 4562 442 371 4103 4970 1028 5690 4934 4781 3534 4555 697
internal_count=27324 12015 9913 6222 532 2102 15309 11206 6236 4562 442 371 4103 4970 1028 5690 4934 4781 3534 4555 697
is_linear=0
shrinkage=0.0215534


Tree=19
num_leaves=22
num_cat=0
split_feature=42 53 37 107 63 77 53 35 40 42 74 82 101 54 101 36 50 63 109 37 21
split_gain=57.783 42.7546 44.1856 41.9072 39.6572 25.0377 40.4374 31.7308 23.3428 23.5808 21.4766 30.0124 24.0469 23.5433 20.7942 22.5607 20.2057 20.0986 20.9088 17.5833 18.2325
threshold=0.12539246564387937 1617.5375703075877 12504.000000000002 -1.0000000180025095e-35 -2749.9999999999995 54500.000000000007 9543.5900982241274 0.15809036465552487 6500.0000000000009 1.6512236493460091 69000.000000000015 58875.000000000007 -12094.582502824507 12662.273100947275 -11514.116910340757 0.41666666666666669 29416.666666666668 1750.0000000000002 0.1327044025157233 -13749.999999999998 5345.2248382485304
decision_type=10 8 2 10 10 10 10 2 2 10 10 10 2 10 2 2 8 8 10 2 10
left_child=4 16 8 -4 10 6 -5 -7 -3 17 12 -12 -1 -13 -6 -16 -2 18 -10 20 -17
right_child=1 2 3 5 14 7 -8 -9 9 -11 11 13 -14 -15 15 19 -18 -19 -20 -21 -22
leaf_value=105.10859872474735 0 0 -179.58358042610905 -173.20879985669328 210.22769195170738 6.6565051909759303 6.7079663665710028 -356.31494547279596 0 0.46454797405991755 -0.078825065186082205 2.2154459876097095 0 -2.3596168929595365 -0.0073107744556963295 104.77005396160607 0 0 -98.250012007366379 0 -0.31595558276080032
leaf_weight=170 1339 1520 115 135 125 104 219 164 4952 155 435 284 2124 199 119 253 790 2655 399 10945 123
leaf_count=170 1339 1520 115 135 125 104 219 164 4952 155 435 284 2124 199 119 253 790 2655 399 10945 123
internal_value=-0.000155079 -0.00123097 -0.000661202 -0.00574874 0.000757871 -0.00352006 0.000219143 -0.00848952 -0.000272949 -0.000730498 -0.00135946 -0.00414588 -0.000240518 -0.000428314 0.00134668 0.00125024 -0.00401488 -0.000892707 -0.00165383 0.00134905 0.00593708
internal_weight=27324 12547 10418 737 14777 622 354 268 9681 8161 3212 918 2294 483 11565 11440 2129 8006 5351 11321 376
internal_count=27324 12547 10418 737 14777 622 354 268 9681 8161 3212 918 2294 483 11565 11440 2129 8006 5351 11321 376
is_linear=0
shrinkage=0.0215534


Tree=20
num_leaves=22
num_cat=0
split_feature=38 63 39 107 41 52 125 74 0 127 99 52 111 76 12 130 45 95 35 111 110
split_gain=54.5663 51.9136 39.0021 37.4401 29.5196 30.8016 25.1415 23.4925 22.2721 21.4214 21.535 50.6877 23.3128 21.3449 28.7767 27.4294 20.8989 24.8905 22.0724 20.5907 20.1856
threshold=12666.666666666666 -1.0000000180025095e-35 0.75134408602150549 -1.0000000180025095e-35 1746.0000000000002 2572.2698549879774 25.500000000000004 112500.00000000001 39.500000000000007 74.500000000000014 52957.230205373438 8779.6793942693203 0.063508064516129045 33500.000000000007 25500.000000000004 0.68301270189221941 48750.000000000007 0.26082532787187412 0.16114628186081664 1.0000000180025095e-35 -0.03390804597701149
decision_type=2 10 2 10 2 8 2 8 2 2 2 10 10 8 8 2 10 10 2 10 8
left_child=1 4 -3 -2 20 -6 16 9 -7 10 12 -12 -4 14 15 -10 -5 18 -18 -11 -1
right_child=3 2 7 6 5 8 -8 -9 13 19 11 -13 -14 -15 -16 -17 17 -19 -20 -21 -22
leaf_value=0 -185.62149932886669 0.0043143312307054931 0 5.4138761520262184 0 0 7.6648877809580833 -0.010012576692228088 -16.916920649832822 0 113.5847584661293 0.39838494375029471 0 -1.323555885334156 0.86449130878221347 0.00043160964040634759 -75.971861362175218 4.110491657660746 -289.09263649255325 0 0
leaf_weight=789 139 852 1333 104 861 5289 104 214 229 6280 374 571 823 855 347 83 114 91 236 4759 2877
leaf_count=789 139 852 1333 104 861 5289 104 214 229 6280 374 571 823 855 347 83 114 91 236 4759 2877
internal_value=-0.000143247 2.24177e-05 0.000845631 -0.00573226 -0.00108165 -0.000319473 -0.00353966 0.000578997 -0.000806617 0.000686838 0.00226995 0.00498526 0.00107562 -0.0031118 -0.000183136 -0.00494465 -0.0054012 -0.00745647 -0.0100718 0.000241324 -0.00267264
internal_weight=27324 26536 15206 788 11330 7664 649 14354 6803 14140 3101 945 2156 1514 659 312 545 441 350 11039 3666
internal_count=27324 26536 15206 788 11330 7664 649 14354 6803 14140 3101 945 2156 1514 659 312 545 441 350 11039 3666
is_linear=0
shrinkage=0.0215534


Tree=21
num_leaves=22
num_cat=0
split_feature=42 74 54 26 100 96 52 38 77 84 112 42 38 54 64 77 51 50 130 100 62
split_gain=55.1393 25.8919 42.7785 42.3443 24.616 29.8515 22.4183 30.1051 55.5002 35.2278 24.1171 21.1566 29.1404 21.4108 21.1174 19.6412 15.8421 15.3579 15.204 14.9028 17.8637
threshold=0.91478270912198523 71000.000000000015 9543.5900982241274 20.500000000000004 -2572.4295829718571 64973.654552274027 1617.5375703075877 13333.333333333334 51000.000000000007 88750.000000000015 0.19605786151138899 -1.4301938838683881 -11666.666666666668 1190.0526680445048 0.061553030303030311 49000.000000000007 29916.666666666668 72333.333333333358 0.68301270189221941 664.26648867502092 2250.0000000000005
decision_type=10 10 10 2 2 2 8 2 8 10 10 8 2 10 10 10 10 10 2 2 8
left_child=1 11 3 15 5 -4 16 18 9 14 -10 12 -1 -14 -9 -3 -2 -11 19 -8 -21
right_child=6 2 4 -5 -6 -7 7 8 10 17 -12 -13 13 -15 -16 -17 -18 -19 -20 20 -22
leaf_value=167.82638589118656 0 -0.045811191365892207 -0.11635534840772969 -0.028451394999186922 -4.6199585740457829 2.2158345773014068 0 -176.20807979709664 -179.36307142324031 7.0586328878679288 -159.67191060620308 0 0 0 14.116788813811471 15.097740548429051 0 2.9948330226725846 0 -43.106750007854572 0
leaf_weight=248 624 85 282 288 592 272 1510 126 162 71 142 19445 308 801 81 338 278 72 786 440 373
leaf_count=248 624 85 282 288 592 272 1510 126 162 71 142 19445 308 801 81 338 278 72 786 440 373
internal_value=-0.000248158 0.000190811 -0.00224691 0.00189741 -0.00482558 -0.00154037 -0.00238214 -0.00164725 -0.00585214 0 -0.0125876 0.000408851 0.00301122 0.00150802 -0.00568237 0.00624545 -0.00543793 0.00822375 -0.000759788 -0.00163847 -0.00399206
internal_weight=27324 22659 1857 711 1146 554 4665 3763 654 350 304 20802 1357 1109 207 423 902 143 3109 2323 813
internal_count=27324 22659 1857 711 1146 554 4665 3763 654 350 304 20802 1357 1109 207 423 902 143 3109 2323 813
is_linear=0
shrinkage=0.0215534


Tree=22
num_leaves=22
num_cat=0
split_feature=38 117 42 52 0 16 38 125 23 62 45 1 121 7 6 45 46 37 23 38 0
split_gain=56.1144 37.4401 27.7991 48.9795 29.6 31.523 26.9136 25.1415 21.6413 21.1297 20.8989 20.5356 20.1024 21.8315 25.0732 19.1131 18.6494 18.6092 18.1345 18.4918 18.0499
threshold=12666.666666666666 -1.0000000180025095e-35 0.59832237948073597 1617.5375703075877 33.000000000000007 57683.333333333336 -11666.666666666668 25.500000000000004 1222.8664272317981 12000.000000000002 48750.000000000007 9.0000000000000018 0.27922077922077926 22400.000000000004 13500.000000000002 29750.000000000004 48750.000000000007 -2249.9999999999995 18514.128513903324 15833.333333333334 39.500000000000007
decision_type=2 10 10 10 2 8 2 2 10 10 10 2 10 10 8 10 10 2 10 2 2
left_child=2 -2 4 15 9 6 16 10 20 -1 -3 -11 13 14 -10 -4 -6 -7 19 -12 -8
right_child=1 7 3 -5 5 17 8 -9 12 11 18 -13 -14 -15 -16 -17 -18 -19 -20 -21 -22
leaf_value=0 -177.7548500047991 5.145051487449507 0 0 105.4151506652144 -1.3990761760823196 0 7.3475462186048013 0 -2.2734060420532192 -73.702704107167961 205.93249979482766 0.028527096335262046 0 -0.69113521045934445 0 59.646998812153363 -202.74922287408154 2.3037296225124106 -337.58285462371657 0
leaf_weight=10582 139 104 969 6106 95 970 880 104 335 82 156 241 795 3167 702 431 235 187 104 181 759
leaf_count=10582 139 104 969 6106 95 970 880 104 335 82 156 241 795 3167 702 431 235 187 104 181 759
internal_value=-6.43667e-05 -0.00573226 0.000103641 -0.00100673 0.00054206 -0.000441939 0.000103931 -0.00353966 -0.000193517 0.001276 -0.0054012 0.00671085 -0.00089937 -0.00149496 -0.00421051 -0.00464288 0.00611148 -0.00373659 -0.00745647 -0.00988477 0.00195402
internal_weight=27324 788 26536 7506 19030 8125 6968 649 6638 10905 545 323 4999 4204 1037 1400 330 1157 441 337 1639
internal_count=27324 788 26536 7506 19030 8125 6968 649 6638 10905 545 323 4999 4204 1037 1400 330 1157 441 337 1639
is_linear=0
shrinkage=0.0215534


Tree=23
num_leaves=22
num_cat=0
split_feature=38 77 63 101 41 131 89 35 101 112 119 0 42 77 52 97 28 13 55 112 85
split_gain=54.4407 58.0967 32.9191 34.5762 34.5432 32.4737 31.4466 22.2613 21.4299 20.1554 24.1158 19.6343 31.1166 31.3335 18.6567 23.8439 20.9663 31.4172 24.7208 19.468 17.9569
threshold=13333.333333333334 51000.000000000007 -1.0000000180025095e-35 332.45046502620613 1746.0000000000002 1.0000000180025095e-35 3004.0000000000005 0.15809036465552487 -1198.6321640487402 0.22474747474747478 1.0000000180025095e-35 39.500000000000007 -0.84654553446549896 35500.000000000007 1549.193338482967 30505.09246264811 112500.00000000001 97500.000000000015 12127.779608940544 -0.11882352941176469 73625.000000000015
decision_type=2 8 10 2 2 2 8 2 2 8 10 2 10 8 10 2 2 10 10 10 10
left_child=2 5 4 9 8 -2 -6 -3 -1 -4 -11 -8 13 -13 15 -5 17 18 19 -16 -7
right_child=1 7 3 14 6 20 11 -9 -10 10 -12 12 -14 -15 16 -17 -18 -19 -20 -21 -22
leaf_value=0 -166.41831396857972 -121.57847518235492 0 0 0 -132.02739743047323 0 -323.88004349389593 0 0.00021580482020317379 0.00043160964040634759 0.048552249719718228 -39.579303662827506 -1.2658561428233686 -41.727909145892959 0 -204.31771800194502 6.6089547587527484 -4.6562361792422235 0 6.7956023020971443
leaf_weight=1302 132 89 7279 765 1164 77 5068 247 2388 80 163 511 539 384 206 447 143 162 300 5707 171
leaf_count=1302 132 89 7279 765 1164 77 5068 247 2388 80 163 511 539 384 206 447 143 162 300 5707 171
internal_value=-2.256e-05 -0.00588723 0.000134951 0.000789381 -0.00074324 -9.07437e-05 8.04102e-05 -0.0124152 -0.00245667 0.00182981 0.007944 -0.00050253 -0.00272931 -0.000255247 -0.000221945 -0.00267795 0.000233454 0.000417876 0.000172064 0.000479686 0.00448271
internal_weight=27324 716 26608 15252 11356 380 7666 336 3690 7522 243 6502 1434 895 7730 1212 6518 6375 6213 5913 248
internal_count=27324 716 26608 15252 11356 380 7666 336 3690 7522 243 6502 1434 895 7730 1212 6518 6375 6213 5913 248
is_linear=0
shrinkage=0.0215534


Tree=24
num_leaves=22
num_cat=0
split_feature=42 52 38 77 131 106 51 35 63 63 28 110 55 86 102 2 131 50 30 55 35
split_gain=60.5297 38.0337 45.2031 57.5995 32.5609 28.1245 24.486 22.1537 21.6109 19.2215 23.0738 20.6149 20.1207 21.5123 16.3924 24.5363 19.202 23.3424 23.5224 22.5878 21.5724
threshold=0.59832237948073597 1617.5375703075877 13333.333333333334 51000.000000000007 1.0000000180025095e-35 4500.0000000000009 29583.333333333339 0.15809036465552487 -424.99999999999994 -11249.999999999998 26750.000000000004 -0.35504201680672265 14038.629317265144 66375.000000000015 218.69581483366167 69000.000000000015 -0.24999999999999994 76083.333333333343 59000.000000000007 11779.099482878906 0.32850527553325165
decision_type=10 10 2 8 2 10 8 2 8 10 2 10 10 10 2 2 2 10 2 10 2
left_child=9 6 8 4 -4 -6 -2 -5 -3 10 -1 -11 -12 -14 16 -16 20 18 -18 -19 -13
right_child=1 2 3 7 5 -7 -8 -9 -10 11 12 14 13 -15 15 -17 17 19 -20 -21 -22
leaf_value=21.100115828031182 0 0 -162.83143764009364 -118.95804871434396 7.0427136348018724 -71.258650192442161 0 -317.8589780722026 0 104.30031176170813 -0.43174365614269972 0 105.40883068787053 -0.018367154339131969 0 1.9444353995026489 0 2.743415210235383 204.26060636951476 -200.21072610945859 -21.189813836236301
leaf_weight=78 904 2550 132 89 92 154 496 246 3625 106 1018 5689 77 303 4825 1152 5390 88 157 80 73
leaf_count=78 904 2550 132 89 92 154 496 246 3625 106 1018 5689 77 303 4825 1152 5390 88 157 80 73
internal_value=0.000133781 -0.00140324 -0.000743469 -0.00588177 -9.12237e-05 0.00451914 -0.00464288 -0.0123879 -0.000148691 0.000803436 -0.00155653 0.0010023 -0.00219835 0.0020187 0.000944175 2.74066e-05 0.00142085 0.00230653 0.00254735 -0.00559032 0.000540883
internal_weight=27324 8288 6888 713 378 246 1400 335 6175 19036 1476 17560 1398 380 17454 5977 11477 5715 5547 168 5762
internal_count=27324 8288 6888 713 378 246 1400 335 6175 19036 1476 17560 1398 380 17454 5977 11477 5715 5547 168 5762
is_linear=0
shrinkage=0.0215534


Tree=25
num_leaves=22
num_cat=0
split_feature=41 89 63 38 99 52 44 131 11 99 77 86 35 102 125 38 109 127 50 125 63
split_gain=56.232 39.4678 36.539 24.5383 23.6632 22.4177 33.2844 28.3871 21.7605 19.4337 19.1378 41.955 35.4866 30.0646 18.1965 20.1984 17.9813 17.2679 31.2873 30.7216 27.938
threshold=1746.0000000000002 4500.0000000000009 -1.0000000180025095e-35 16000.000000000002 10826.82724826559 1549.193338482967 29750.000000000004 0.6830127018922193 16500.000000000004 82176.426856497696 59000.000000000007 89375.000000000015 0.16757237018630045 -872.37646452845536 19.500000000000004 6833.3333333333358 0.042572463768115944 74.500000000000014 65416.666666666672 8.5000000000000018 13750.000000000002
decision_type=2 8 10 2 2 10 10 2 10 2 10 10 2 2 2 2 10 2 10 2 10
left_child=2 -2 10 5 -3 6 7 -4 9 -6 11 13 -12 14 -1 -16 -7 -10 20 -20 -19
right_child=1 4 3 -5 8 16 -8 -9 17 -11 12 -13 -14 -15 15 -17 -18 18 19 -21 -22
leaf_value=0 0 0.92952755776024143 0 -153.2630994583071 0 0 0 0 0 -99.457227200213296 0 6.661823650930228 -196.24244262262198 0 0 2.3227398702995874 0 0 2.6910219301876293 -4.7367712117696321 106.2825815406902
leaf_weight=666 3726 73 1256 205 1841 2643 590 279 2613 100 340 126 184 2217 366 109 978 7358 295 1047 312
leaf_count=666 3726 73 1256 205 1841 2643 590 279 2613 100 340 126 184 2217 366 109 978 7358 295 1047 312
internal_value=0.000125105 0.000865854 -0.00116563 -9.27178e-05 0.000328063 0.000167294 -0.00158829 7.86302e-05 0.000261512 -0.00184988 -0.00275648 -0.00217507 -0.00660461 -0.00263537 0.000200221 0.00342968 0.00119996 0.000614799 0.000166456 -0.00286822 0.00069858
internal_weight=27324 17365 9959 5951 13639 5746 2125 1535 13566 1941 4008 3484 524 3358 1141 475 3621 11625 9012 1342 7670
internal_count=27324 17365 9959 5951 13639 5746 2125 1535 13566 1941 4008 3484 524 3358 1141 475 3621 11625 9012 1342 7670
is_linear=0
shrinkage=0.0215534


Tree=26
num_leaves=22
num_cat=0
split_feature=41 89 63 38 99 1 77 130 0 100 38 54 52 97 131 130 130 112 93 21 14
split_gain=59.6322 37.1571 36.6867 24.5383 23.3739 23.6665 37.1073 34.0503 33.662 29.0245 28.3574 25.0018 22.4177 31.9612 22.0764 21.7367 23.0524 21.3764 17.8301 24.2896 18.1941
threshold=1746.0000000000002 4500.0000000000009 -1.0000000180025095e-35 16000.000000000002 10826.82724826559 11.000000000000002 30500.000000000004 -0.6830127018922193 39.500000000000007 13.433715753824801 8750.0000000000018 6910.1138031603114 1549.193338482967 30505.09246264811 0.6830127018922193 0.68301270189221941 -0.93301270189221919 -0.10172413793103448 0.16562970738534336 19518.001458970662 37857.714285714297
decision_type=2 8 10 2 2 2 8 2 2 2 2 10 10 2 2 2 2 10 8 8 10
left_child=2 -2 -1 12 -3 6 7 -6 10 15 18 -9 13 14 -4 16 -7 -13 20 -20 -8
right_child=1 4 3 -5 5 9 8 11 -10 -11 -12 17 -14 -15 -16 -17 -18 -19 19 -21 -22
leaf_value=0 0 0.90949310173135034 0 -149.959762401418 0 0.00043160964040634759 -0.04626303575369093 105.44166338687721 -0.91762015581542999 -9.3026444349882153e-06 -208.5450788344761 52.27770301744993 0 0 0 0 0 -0.019852161797884266 -1.8460170877638753 8.069749688342938 0.00061322358580233717
leaf_weight=4008 3726 73 1300 205 473 139 86 396 1275 1915 155 265 3621 488 337 1179 2568 264 347 71 4433
leaf_count=4008 3726 73 1300 205 473 139 86 396 1275 1915 155 265 3621 488 337 1179 2568 264 347 71 4433
internal_value=0.00016139 0.00092419 -0.0011678 -9.27178e-05 0.000402336 0.000336184 0.00111471 0.00429495 0.000415016 -0.00070444 0.0012004 0.00670063 0.000167294 -0.00158829 -0.000139559 0.000363837 -0.000697456 0.00360921 0.00148692 -0.00276313 0.001882
internal_weight=27324 17365 9959 5951 13639 13566 7765 1398 6367 5801 5092 925 5746 2125 1637 3886 2707 529 4937 418 4519
internal_count=27324 17365 9959 5951 13639 13566 7765 1398 6367 5801 5092 925 5746 2125 1637 3886 2707 529 4937 418 4519
is_linear=0
shrinkage=0.0215534


Tree=27
num_leaves=22
num_cat=0
split_feature=42 52 34 113 45 38 12 18 34 0 20 131 95 91 131 112 127 98 42 30 110
split_gain=73.8317 50.822 66.3755 28.9859 25.307 24.0943 36.2519 27.2351 33.259 20.2297 21.122 17.8132 18.1763 18.9042 18.6766 17.4066 16.9833 16.5459 19.2809 23.4374 20.0615
threshold=0.16951587590520351 1617.5375703075877 5875.0000000000009 2500.0000000000005 29750.000000000004 14250.000000000005 50004.000000000007 81000.000000000015 14875.000000000002 10.000000000000002 106250.00000000001 -0.5 0.089519027217847144 11125.000000000002 -0.9330127018922193 -0.20006398976163811 102.50000000000001 29298.891352814968 -1.3420550045195296 73500.000000000015 0.40588235294117653
decision_type=10 8 2 8 10 2 8 10 2 2 8 2 10 10 2 10 2 2 8 2 8
left_child=3 4 -3 11 -2 9 -7 -8 -9 16 -11 12 -1 15 -15 -14 -4 -13 -19 20 -20
right_child=1 2 5 -5 -6 6 7 8 -10 10 -12 17 13 14 -16 -17 -18 18 19 -21 -22
leaf_value=0 0 0 0 -2.2533504708324306 0 5.3342488362388893 -212.94442575264873 6.5766759007276852 -307.63985676652965 0 6.7117862589331825 0 0 101.52575680150873 0.0042438565309053603 -1.3217037906050752e-05 0 21.040227362018403 0 4.2243323265713926 -2.7767014386392912
leaf_weight=2252 1391 3855 447 861 711 162 129 79 162 3927 94 3329 955 74 148 1496 1058 753 5003 349 89
leaf_count=2252 1391 3855 447 861 711 162 129 79 162 3927 94 3329 955 74 148 1496 1058 753 5003 349 89
internal_value=2.72929e-05 -0.00123704 -0.000590522 0.00102015 -0.00428176 -0.00199805 -0.00638379 -0.0101099 -0.005775 -0.00157416 -0.00237237 0.00124951 0.000195181 -0.00100466 0.00500747 -0.00155291 0.000552765 0.00179387 0.00113298 0.000683707 0.000311529
internal_weight=27324 12015 9913 15309 2102 6058 532 370 241 5526 4021 14448 4925 2673 222 2451 1505 9523 6194 5441 5092
internal_count=27324 12015 9913 15309 2102 6058 532 370 241 5526 4021 14448 4925 2673 222 2451 1505 9523 6194 5441 5092
is_linear=0
shrinkage=0.0215534


Tree=28
num_leaves=22
num_cat=0
split_feature=42 52 34 2 51 38 112 46 101 21 63 0 20 0 49 51 42 124 107 32 100
split_gain=77.2799 50.822 66.3755 31.3441 30.7334 24.0943 34.1442 30.7785 22.5471 25.6908 20.6324 20.2297 21.122 17.9602 36.3063 20.1131 21.537 21.246 19.3938 25.4249 23.2605
threshold=0.16951587590520351 1617.5375703075877 5875.0000000000009 28004.000000000004 29583.333333333339 14250.000000000005 1.1339285714285716 48750.000000000007 -6564.1561741017822 1069.0449676497019 -41249.999999999993 10.000000000000002 106250.00000000001 33.000000000000007 51416.666666666679 30250.000000000004 -0.88008724339471145 14.500000000000002 -14499.999999999998 4222.9457760927626 62.04793694211731
decision_type=10 8 2 2 10 2 10 8 2 10 10 2 8 2 10 10 8 2 8 2 2
left_child=3 4 -3 8 -2 11 7 -7 -1 -10 -5 -4 -13 14 -12 -15 18 -18 -17 20 -20
right_child=1 2 5 10 -6 6 -8 -9 9 -11 13 12 -14 15 -16 16 17 -19 19 -21 -22
leaf_value=107.30231774293208 0 0 0 -2.6493523960620675 0 6.2120055439601289 6.7544788771797748 -164.47231495699961 0 0 0 0 6.5671246127481897 21.078814453175141 0.97148113248931722 -0.74380335581005286 -0.3363357368169177 0.00043160964040634759 -0.45348791050147436 0.019777811329452149 2.0050338403549827e-07
leaf_weight=76 1362 3855 1505 161 740 71 71 390 3990 1427 3092 3927 94 87 1735 549 2162 126 144 1651 109
leaf_count=76 1362 3855 1505 161 740 71 71 390 3990 1427 3092 3927 94 87 1735 549 2162 126 144 1651 109
internal_value=5.64786e-05 -0.00123704 -0.000590522 0.00107224 -0.00428176 -0.00199805 -0.00638379 -0.00853535 0.0023762 0.0022106 0.000341654 -0.00157416 -0.00237237 0.000470129 0.00140025 -0.000458023 -0.000648271 -0.00215336 0.000752099 0.00178395 -0.00456447
internal_weight=27324 12015 9913 15309 2102 6058 532 461 5493 5417 9816 5526 4021 9655 4827 4828 4741 2288 2453 1904 253
internal_count=27324 12015 9913 15309 2102 6058 532 461 5493 5417 9816 5526 4021 9655 4827 4828 4741 2288 2453 1904 253
is_linear=0
shrinkage=0.0215534


Tree=29
num_leaves=22
num_cat=0
split_feature=38 52 34 2 51 38 34 83 131 31 35 38 75 61 69 38 61 91 89 53 47
split_gain=61.065 52.2817 55.0637 45.4824 32.5981 24.933 30.6598 30.9636 24.3085 22.8017 32.0271 20.8555 20.4721 22.1457 19.6425 19.3694 19.3542 17.9882 19.0114 17.3542 14.5804
threshold=166.666666666667 1617.5375703075877 5875.0000000000009 30500.000000000004 29583.333333333339 15083.333333333334 10125.000000000002 52125.000000000007 0.25000000000000017 52504.000000000007 0.24776127459830632 -11666.666666666668 74000.000000000015 -11249.999999999998 -1416.6666666666663 6833.3333333333358 750.00000000000011 9625.0000000000018 11500.000000000002 7767.4238280567261 29250.000000000004
decision_type=2 8 2 2 10 2 2 10 2 2 2 2 10 10 10 2 8 8 10 10 10
left_child=3 4 -3 11 20 8 -7 -8 9 10 15 -1 13 -5 -11 -4 -10 18 -13 -16 -2
right_child=1 2 5 12 -6 6 7 -9 16 14 -12 17 -14 -15 19 -17 -18 -19 -20 -21 -22
leaf_value=200.60184977602347 0 0 0 -16.223437932879598 0 6.0781158589446811 4.8896351158823297 -296.81167439752352 0 0 -41.819584329449107 0 2.9139351981481187 0 0 2.2726769868384471 0.099562482611111863 104.97488971929354 -0.048599667848963399 -97.1098518805791 0
leaf_weight=76 1306 4277 1220 181 752 102 80 272 1654 459 196 6004 491 7091 863 199 807 86 404 714 90
leaf_count=76 1306 4277 1220 181 752 102 80 272 1654 459 196 6004 491 7091 863 199 807 86 404 714 90
internal_value=-4.7013e-05 -0.00111756 -0.00050807 0.0009227 -0.00419007 -0.00174827 -0.00662598 -0.0096473 -0.00138444 -0.00250062 -0.000581842 0.00224257 -0.000193237 -0.000481922 -0.0040183 0.000540699 0.000267986 0.0021095 0.00197637 -0.00516046 -0.00223238
internal_weight=27324 12991 10843 14333 2148 6566 454 352 6112 3651 1615 6570 7763 7272 2036 1419 2461 6494 6408 1577 1396
internal_count=27324 12991 10843 14333 2148 6566 454 352 6112 3651 1615 6570 7763 7272 2036 1419 2461 6494 6408 1577 1396
is_linear=0
shrinkage=0.0215534


Tree=30
num_leaves=22
num_cat=0
split_feature=42 77 53 38 77 15 131 40 106 82 35 35 125 50 38 34 54 55 74 108 89
split_gain=56.3044 43.3942 40.0643 48.9012 53.3518 36.4598 32.4737 32.3735 28.2069 22.8261 19.9909 19.8521 19.6231 18.2675 17.4176 18.5072 17.2157 16.3473 21.7401 15.9829 15.8918
threshold=-0.36122983223655114 28500.000000000004 1617.5375703075877 13333.333333333334 51000.000000000007 28750.000000000004 1.0000000180025095e-35 7004.0000000000009 4500.0000000000009 70625.000000000015 0.09995910434834869 0.15809036465552487 15.500000000000002 72833.333333333358 -14166.666666666668 18625.000000000004 12466.585813111045 4035.2607187858589 75500.000000000015 0.070197044334975381 71004.000000000015
decision_type=10 8 8 2 8 10 2 2 10 10 2 2 2 8 2 2 8 10 8 10 8
left_child=1 12 5 7 6 -2 -5 17 -8 13 16 -6 -1 14 15 -3 -9 -4 -19 -14 -12
right_child=2 9 3 4 11 -7 8 10 -10 -11 20 -13 19 -15 -16 -17 -18 18 -20 -21 -22
leaf_value=0 0 104.80435737774765 0 -154.43574360880791 -93.285721224332448 0 10.864728744533606 0 -63.579284952633728 3.5291685355928588 0 -291.01831057339797 0 -2.343691784495276 0 -2.30268605536213 -1.3648080170384906 0 2.7073139390240355 -21.479936628529021 1.4254446144151813
leaf_weight=2287 1424 206 1933 132 89 1624 92 1003 156 415 8100 247 2176 450 4848 81 92 1637 99 125 108
leaf_count=2287 1424 206 1933 132 89 1624 92 1003 156 415 8100 247 2176 450 4848 81 92 1637 99 125 108
internal_value=0.000116428 0.00134677 -0.000661434 -0.00016313 -0.00564644 -0.00289632 -9.07437e-05 0.000138903 0.00448271 0.000138659 -0.00053657 -0.0119021 0.00292477 -0.000222284 0.000141029 0.00530015 0.00219648 0.00185393 0.000330238 0.00151364 -0.000902248
internal_weight=27324 10588 16736 13688 716 3048 380 12972 248 6000 9303 336 4588 5585 5135 287 1095 3669 1736 2301 8208
internal_count=27324 10588 16736 13688 716 3048 380 12972 248 6000 9303 336 4588 5585 5135 287 1095 3669 1736 2301 8208
is_linear=0
shrinkage=0.0215534


Tree=31
num_leaves=22
num_cat=0
split_feature=42 52 38 2 96 112 40 35 35 55 127 62 38 127 47 125 10 23 51 99 39
split_gain=58.8576 46.0437 49.1538 40.0051 35.7252 33.4539 31.9794 26.4318 24.5405 23.778 23.23 22.7175 21.3307 20.5363 20.0363 19.2672 19.119 18.4773 16.9397 20.1721 16.2475
threshold=-0.36122983223655114 1549.193338482967 13333.333333333334 34500.000000000007 30625.052507750861 1.2264957264957268 7004.0000000000009 0.33681315534982331 0.09995910434834869 3943.3437343161031 245.50000000000003 3250.0000000000005 -11666.666666666668 345.50000000000006 48750.000000000007 14.500000000000002 38500.000000000007 1728.7295182051148 40000.666666666679 40799.542422974693 0.6708333333333335
decision_type=10 8 2 2 2 10 2 2 2 8 2 10 2 2 10 2 10 8 10 2 2
left_child=3 4 6 12 10 7 9 11 -8 -3 17 -4 -1 16 -15 -14 -5 -2 -18 -20 -17
right_child=1 2 5 13 -6 -7 8 -9 -10 -11 -12 -13 15 14 -16 20 18 -19 19 -21 -22
leaf_value=161.0438349059819 0 0 -148.85454195418433 -0.02096093196834883 0 11.306713037520201 0 5.7129403755726491 0 0 0 -71.904240029224155 0 0 -4.5895156637366146 -9.2988398906550612e-05 106.78875312508329 2.8487177443023372e-07 -0.025275919661525603 0.010007925370010592 0
leaf_weight=89 1615 1855 415 915 741 78 1096 71 8209 1821 597 152 2351 135 135 215 93 86 416 3734 2505
leaf_count=89 1615 1855 415 915 741 78 1096 71 8209 1821 597 152 2351 135 135 215 93 86 416 3734 2505
internal_value=0.000113273 -0.000682039 -0.00014886 0.0013712 -0.0030822 -0.00564644 0.00015375 -0.00728242 -0.000517925 0.00185626 -0.00175008 -0.00884027 0.00273004 7.78269e-05 -0.00571354 0.00254419 0.000382756 -0.0030358 0.000993577 0.00078733 0.00130425
internal_weight=27324 16736 13697 10588 3039 716 12981 638 9305 3676 2298 567 5160 5428 270 5071 5158 1701 4243 4150 2720
internal_count=27324 16736 13697 10588 3039 716 12981 638 9305 3676 2298 567 5160 5428 270 5071 5158 1701 4243 4150 2720
is_linear=0
shrinkage=0.0215534


Tree=32
num_leaves=22
num_cat=0
split_feature=43 52 38 77 98 131 34 76 106 101 23 127 125 35 107 22 130 123 21 96 35
split_gain=59.8502 42.998 50.4082 53.3518 40.4312 32.4737 30.0171 29.1509 28.2069 24.3948 22.0587 21.8712 20.203 19.8521 18.9126 23.5095 18.4291 17.492 17.0791 16.8869 21.8763
threshold=0.45833333333333343 1617.5375703075877 13333.333333333334 51000.000000000007 28841.604415607955 1.0000000180025095e-35 5875.0000000000009 33500.000000000007 4500.0000000000009 -6226.6803653620582 3805.6219755363859 326.50000000000006 14.500000000000002 0.15809036465552487 -17499.999999999996 14304.095082682967 -0.6830127018922193 3250.0000000000005 1889.8223650453629 40000.30518509449 0.099179137888029775
decision_type=2 8 2 8 2 2 2 8 10 2 10 2 2 2 10 10 2 10 10 2 2
left_child=7 4 6 5 -2 -4 -3 9 -7 -1 12 14 -11 -5 -9 19 -6 -8 -14 20 -16
right_child=1 2 3 13 16 8 17 11 -10 10 -12 -13 18 -15 15 -17 -18 -19 -20 -21 -22
leaf_value=102.70718377762152 0 0 -148.72808370604758 -89.725320042550337 0 10.507424025296929 0 -0.0454816157637827 -59.000619017791706 0 -0.20068860435541303 -0.45303613167432871 0 -281.53756602882373 -0.48858197568998929 195.0311363549483 0 -100.75605815568629 -0.048599382977188965 0.0023141689402733858 0.0014489033855650264
leaf_weight=292 1581 5743 132 89 269 92 7417 863 156 2058 460 414 2160 247 80 87 1398 289 270 2624 603
leaf_count=292 1581 5743 132 89 269 92 7417 863 156 2058 460 414 2160 247 80 87 1398 289 270 2624 603
internal_value=0.000173222 -0.000587445 -7.39494e-05 -0.00564644 -0.00282415 -9.07437e-05 0.000222119 0.00151053 0.00448271 0.00261433 0.00225461 0.000270393 0.0027162 -0.0119021 0.0007321 0.00145802 -0.0051663 -0.000656159 0.00138007 0.00116399 0.00418384
internal_weight=27324 17413 14165 716 3248 380 13449 9911 248 5240 4948 4671 4488 336 4257 3394 1667 7706 2430 3307 683
internal_count=27324 17413 14165 716 3248 380 13449 9911 248 5240 4948 4671 4488 336 4257 3394 1667 7706 2430 3307 683
is_linear=0
shrinkage=0.0215534


Tree=33
num_leaves=22
num_cat=0
split_feature=42 53 38 77 98 77 131 106 40 55 63 130 125 12 107 32 98 63 106 121 84
split_gain=72.7386 42.0931 48.7332 53.3518 37.5044 36.5109 32.4737 28.2069 28.0262 19.1601 22.6301 18.2847 17.8348 16.9293 16.46 19.515 16.2116 16.0799 15.981 17.1792 20.4882
threshold=-0.36122983223655114 1617.5375703075877 13333.333333333334 51000.000000000007 28841.604415607955 28500.000000000004 1.0000000180025095e-35 4500.0000000000009 7004.0000000000009 4035.2607187858589 3250.0000000000005 -0.93301270189221919 15.500000000000002 112500.00000000001 10004.000000000002 13580.0066988206 61503.318405546168 -10499.999999999998 -16499.999999999996 0.34523809523809529 60250.000000000007
decision_type=10 8 2 8 2 8 2 10 2 8 10 2 2 10 8 2 2 10 8 10 10
left_child=5 4 8 6 -2 12 -4 -8 9 10 -3 -6 -1 -10 -5 -16 -11 -7 -19 -20 -21
right_child=1 2 3 14 11 17 7 -9 13 16 -12 -13 -14 -15 15 -17 -18 18 19 20 -22
leaf_value=0 0 0 -145.52249154431567 -213.98094947855554 0 -0.38541909611232633 10.280953574954431 -57.728956550637399 0 0 1.8299915839918341 0 0 -174.15669366591877 28.864644382626803 -288.60287579823932 8.4364605431408695 105.08505846754078 8.7274032679853457e-05 0.055207718182471062 -103.06389459871492
leaf_weight=2287 1441 1722 132 137 81 698 92 156 9163 1684 153 1526 2301 140 78 121 110 222 4838 123 119
leaf_count=2287 1441 1722 132 137 81 698 92 156 9163 1684 153 1526 2301 140 78 121 110 222 4838 123 119
internal_value=0.00020083 -0.000683327 -0.000172577 -0.00564644 -0.0029741 0.00159919 -9.07437e-05 0.00448271 0.000128934 0.00172469 0.00324835 -0.00523848 0.00304691 -0.000499502 -0.0119021 -0.00785926 0.000127346 0.000490691 0.000896754 0.000647438 -0.00494991
internal_weight=27324 16736 13688 716 3048 10588 380 248 12972 3669 1875 1607 4588 9303 336 199 1794 6000 5302 5080 242
internal_count=27324 16736 13688 716 3048 10588 380 248 12972 3669 1875 1607 4588 9303 336 199 1794 6000 5302 5080 242
is_linear=0
shrinkage=0.0215534


Tree=34
num_leaves=22
num_cat=0
split_feature=2 52 41 40 34 74 99 9 124 101 52 63 100 127 43 100 2 40 99 28 51
split_gain=65.3581 88.437 40.8641 36.8813 32.5776 35.4709 26.5318 24.6894 23.1804 22.425 22.2085 20.8496 23.5293 20.9995 20.1942 20.1165 18.9973 18.848 17.7722 24.2635 21.0363
threshold=28004.000000000004 1549.193338482967 750.00000000000011 24500.000000000004 10125.000000000002 50004.000000000007 28917.298766782831 71000.000000000015 1.0000000180025095e-35 -6564.1561741017822 12058.771926304278 -1.0000000180025095e-35 1047.2602317675885 14.500000000000002 0.45833333333333343 -1466.6211465578378 21500.000000000004 7004.0000000000009 72293.934372925301 112500.00000000001 40916.666666666679
decision_type=2 10 2 2 2 8 2 10 2 2 10 10 2 2 2 2 2 2 2 2 10
left_child=2 6 16 11 8 -6 14 -7 -5 -4 -9 12 13 -3 -2 -11 -1 -17 20 -20 -13
right_child=1 3 9 4 5 7 -8 10 -10 15 -12 18 -14 -15 -16 17 -18 -19 19 -21 -22
leaf_value=0 0.0010477717379894465 -0.051242828254664689 102.77695168913796 -134.70212969804095 0.14996167237035071 -177.62084085121953 0 2.2126935390802038 4.5153606241065605 -0.020025153384456176 -205.9318638905865 0 -42.205396824293594 0 0 0 0 0 2.9992389085010194 -197.84641501791921 0
leaf_weight=921 80 392 76 74 357 246 2018 178 249 439 280 2051 799 5346 354 5678 888 450 590 92 5766
leaf_count=921 80 392 76 74 357 246 2018 178 249 439 280 2051 799 5346 354 5678 888 450 590 92 5766
internal_value=3.51809e-05 -0.000669942 0.00161062 -9.92346e-05 -0.00346636 -0.00529339 -0.00448805 -0.00809974 0.00250824 0.00239313 -0.00510959 0.000210143 -0.000704258 -0.000220114 0.000327709 0.00225672 -0.00125811 0.00257666 0.000914468 0.00425317 0.000622027
internal_weight=27324 18872 8452 16420 1384 1061 2452 704 323 6643 458 15036 6537 5738 434 6567 1809 6128 8499 682 7817
internal_count=27324 18872 8452 16420 1384 1061 2452 704 323 6643 458 15036 6537 5738 434 6567 1809 6128 8499 682 7817
is_linear=0
shrinkage=0.0215534


Tree=35
num_leaves=22
num_cat=0
split_feature=2 52 38 77 131 38 106 52 54 101 28 28 25 131 131 16 99 86 50 99 122
split_gain=65.3865 102.122 49.8307 51.0551 32.4737 32.3609 28.2069 25.2493 23.882 23.4291 20.9876 37.4573 24.9115 21.0168 35.2557 21.9874 20.8602 22.4226 19.2165 18.9886 18.799
threshold=28004.000000000004 1549.193338482967 13333.333333333334 51000.000000000007 1.0000000180025095e-35 3666.6666666666656 4500.0000000000009 7767.4238280567261 826.10312969235281 -6564.1561741017822 93750.000000000015 112500.00000000001 3.5000000000000004 -0.9330127018922193 -0.5 37833.466666666674 61410.002245318909 68757.500000000015 69000.000000000015 93151.458954908725 2250.0000000000005
decision_type=2 10 2 8 2 2 10 10 8 2 2 2 2 2 2 8 2 8 10 2 8
left_child=5 8 7 4 -4 9 -6 16 -2 -1 13 12 -12 18 -15 -16 17 -3 -9 -13 -17
right_child=1 2 3 -5 6 -7 -8 10 -10 -11 11 19 -14 14 15 20 -18 -19 -20 -21 -22
leaf_value=100.56176150762144 0 0 -140.96404281992983 -154.99602482539854 9.9620430663461352 0 -56.438084030093812 1.2137615952192784 0 0 26.467715110979604 1.7577589542628134 -199.02685988167462 -0.55704356867109239 92.063505717498444 0 1.8271650290695531 -0.045513556089721255 -99.551732826534391 -395.85887160985806 -7.9696362195720107
leaf_weight=76 1151 8739 132 336 92 783 156 410 1301 7593 246 80 77 976 110 3032 1118 199 79 76 562
leaf_count=76 1151 8739 132 336 92 783 156 410 1301 7593 246 80 77 976 110 3032 1118 199 79 76 562
internal_value=0.000126682 -0.000578576 3.36035e-05 -0.00552605 -9.07437e-05 0.00170242 0.00448271 0.00028767 -0.00468143 0.00212917 -0.000864716 0.00344603 0.00764476 -0.00126591 -0.00171134 -0.000748298 0.000935771 0.000587419 0.00297897 -0.00519162 -0.00104106
internal_weight=27324 18872 16420 716 380 8452 248 15704 2452 7669 5648 479 323 5169 4680 3704 10056 8938 489 156 3594
internal_count=27324 18872 16420 716 380 8452 248 15704 2452 7669 5648 479 323 5169 4680 3704 10056 8938 489 156 3594
is_linear=0
shrinkage=0.0215534


Tree=36
num_leaves=22
num_cat=0
split_feature=2 52 37 41 77 84 35 91 77 125 96 127 23 0 127 11 11 80 23 14 111
split_gain=67.0991 100.651 44.861 43.5198 35.6354 40.188 29.5614 29.2993 21.8961 25.9487 21.6216 25.9361 23.9966 21.54 21.1345 29.1378 23.6697 19.9016 20.5115 19.0228 33.5845
threshold=28004.000000000004 1549.193338482967 12504.000000000002 750.00000000000011 51000.000000000007 88750.000000000015 0.14500812947681371 7375.0000000000009 29500.000000000004 18.500000000000004 30625.052507750861 249.50000000000003 647.71925236559707 13.000000000000002 219.50000000000003 112500.00000000001 71500.000000000015 35004.000000000007 4530.6739638231211 83785.714285714304 -0.055050505050505037
decision_type=2 10 2 2 8 10 2 10 8 2 2 2 10 2 2 8 10 8 10 10 10
left_child=3 10 8 -1 5 13 -6 -7 9 -3 11 -2 -13 -4 15 19 -16 18 -5 -10 -21
right_child=1 2 4 17 6 7 -8 -9 14 -11 -12 12 -14 -15 16 -17 -18 -19 -20 20 -22
leaf_value=0 0 0.010866571259550989 -55.221652840490044 0 7.7138560247107106 9.7473274163319026 -185.33761061733526 -124.66005877078138 0 0 0 -1.8810499544538864e-06 0.00060135139465301152 -152.75741951665572 0 -0.038063250191595191 -99.529074088455474 0.0010474868662150162 -0.9723226123538965 12.61132499198521 1.2287972705297479
leaf_weight=1809 1205 674 142 6385 83 79 280 76 8381 419 924 137 186 76 4271 1027 234 178 80 192 486
leaf_count=1809 1205 674 142 6385 83 79 280 76 8381 419 924 137 186 76 4271 1027 234 178 80 192 486
internal_value=0.000106173 -0.00060827 0 0.00170242 -0.00520022 -0.000496824 -0.010008 0.00786541 0.000244062 0.00318638 -0.00468143 -0.00309739 0.00230812 -0.00648283 2.30441e-05 0.000571845 -0.00120371 0.00250993 0.00231233 0.000962623 0.00443719
internal_weight=27324 18872 16420 8452 736 373 363 155 15684 1093 2452 1528 323 218 14591 10086 4505 6643 6465 9059 678
internal_count=27324 18872 16420 8452 736 373 363 155 15684 1093 2452 1528 323 218 14591 10086 4505 6643 6465 9059 678
is_linear=0
shrinkage=0.0215534


Tree=37
num_leaves=22
num_cat=0
split_feature=96 55 96 38 77 38 131 38 130 0 127 0 31 127 64 30 31 39 85 28 31
split_gain=67.1916 69.9677 56.9237 43.8716 33.2137 40.4699 33.8235 29.5855 31.977 25.4123 23.7509 22.9086 22.5745 20.8338 27.7017 22.8233 39.7454 20.4585 18.4238 20.7169 29.1897
threshold=27507.88331040445 1953.5871887841511 28500.342850107932 8750.0000000000018 54500.000000000007 15833.333333333334 1.0000000180025095e-35 3666.6666666666656 0.93301270189221952 21.000000000000004 74.500000000000014 10.000000000000002 28500.000000000004 36.500000000000007 0.12613636363636366 53500.000000000007 72500.000000000015 0.68660714285714297 29875.000000000004 43000.000000000007 49000.000000000007
decision_type=2 10 2 2 10 2 2 2 2 2 2 2 2 2 10 2 2 2 10 2 2
left_child=7 2 12 10 6 -6 11 8 -1 -4 13 -5 -2 14 15 16 -3 -12 -19 20 -20
right_child=1 3 9 4 5 -7 -8 -9 -10 -11 17 -13 -14 -15 -16 -17 -18 18 19 -21 -22
leaf_value=0 0 0 -1.8810499544538864e-06 2.2236931274783225 -81.293759450554035 -270.97605850895837 0.91390640206571339 0 0.00015757186341275537 0 143.69630682048867 -105.2399603567588 0 0.090975942522543277 205.86716706362319 -2.078064827749122 4.4932243065217614 -0.020025153384456176 0 0 0.0097625765863509333
leaf_weight=5603 475 871 1362 137 562 213 594 741 399 1500 120 310 1073 1736 111 320 144 123 1586 7925 1419
leaf_count=5603 475 871 1362 137 562 213 594 741 399 1500 120 310 1073 1736 111 320 144 123 1586 7925 1419
internal_value=7.77764e-05 -0.000533674 -0.00294019 0.000122088 -0.00303345 -0.00641235 -0.000509287 0.00194531 0.00244761 -0.00474128 0.000521902 -0.00499426 0.000384264 0.00216475 0.000247419 -0.000607006 0.00096822 5.32421e-05 -4.21202e-05 5.04819e-05 0.00157503
internal_weight=27324 20581 4410 16171 1816 775 1041 6743 6002 2862 14355 447 1548 3182 1446 1335 1015 11173 11053 10930 3005
internal_count=27324 20581 4410 16171 1816 775 1041 6743 6002 2862 14355 447 1548 3182 1446 1335 1015 11173 11053 10930 3005
is_linear=0
shrinkage=0.0215534


Tree=38
num_leaves=22
num_cat=0
split_feature=40 52 38 77 18 125 77 0 23 49 30 92 6 50 64 108 102 49 127 35 131
split_gain=47.7177 35.4069 38.5752 45.6722 32.8264 28.1261 28.2896 22.0578 27.8634 22.7808 20.8981 21.013 20.2476 23.8079 19.9376 19.7131 19.6738 18.7811 17.6579 20.2313 17.3767
threshold=1250.0000000000002 1347.7101189765365 13416.66666666667 51000.000000000007 87500.000000000015 15.500000000000002 27500.000000000004 33.000000000000007 1250.7469032911415 15250.000000000002 61000.000000000007 1062.5000000000002 71000.000000000015 83583.333333333343 0.059072781655034899 0.027402402402402406 -284.59272312805109 72833.333333333358 30.500000000000004 0.1622336292109606 -0.9330127018922193
decision_type=2 8 2 8 10 2 8 2 8 10 2 10 10 8 10 10 2 10 2 2 2
left_child=5 -2 7 4 14 6 -1 9 -9 20 -11 -12 13 16 -4 -10 18 -6 -8 -20 -3
right_child=1 2 3 -5 17 -7 12 8 15 10 11 -13 -14 -15 -16 -17 -18 -19 19 -21 -22
leaf_value=0 0 0 -144.39046906204882 -161.24757128419014 9.5175418458394265 0 -2.2532072206963027 0.00043160964040634759 -0.03190824132356887 0 35.996575480641404 1.7136038504877018 107.64452843419926 -2.851591000571374 19.355146037079052 -64.195577037721947 0 -72.36802319130382 0.0065171582797972838 -0.030509510049102084 0
leaf_weight=1814 1342 113 111 317 73 4574 95 366 2300 10896 89 761 145 86 90 643 1280 72 989 282 886
leaf_count=1814 1342 113 111 317 73 4574 95 366 2300 10896 89 761 145 86 90 643 1280 72 989 282 886
internal_value=5.33234e-05 -0.000591495 -0.000320521 -0.00541517 0 0.0013111 0.0024838 -0.000109552 -0.00167784 0.00029696 3.04605e-05 0.00328588 0.00115067 0.000730518 -0.00563756 -0.00237716 0.00109636 0.00781332 0.00289672 0.00357104 0.00342145
internal_weight=27324 18059 16717 663 346 9265 4691 16054 3309 12745 11746 850 2877 2732 201 2943 2646 145 1366 1271 999
internal_count=27324 18059 16717 663 346 9265 4691 16054 3309 12745 11746 850 2877 2732 201 2943 2646 145 1366 1271 999
is_linear=0
shrinkage=0.0215534


Tree=39
num_leaves=22
num_cat=0
split_feature=2 38 1 34 23 48 83 40 106 49 40 121 35 130 29 112 127 99 130 102 76
split_gain=49.7279 34.4917 38.1809 31.9128 41.8644 31.5419 27.4648 25.1405 25.0873 24.9522 24.0557 25.0186 24.1357 21.3632 27.9234 19.3339 17.9166 17.8938 17.4765 26.2796 26.1788
threshold=27350.000000000004 15083.333333333334 11.000000000000002 12250.000000000002 11861.267013789457 27916.666666666668 52125.000000000007 7004.0000000000009 -4469.9999999999991 62505.000000000007 7004.0000000000009 0.32051282051282054 0.13203009032854618 -0.93301270189221919 47333.333333333336 0.71651785714285732 74.500000000000014 32127.53394951627 -0.93301270189221919 -396.19536254218832 30500.000000000004
decision_type=2 2 2 2 10 8 10 2 10 8 2 8 2 2 2 10 2 2 2 2 10
left_child=5 2 10 4 -3 7 -5 -1 -9 18 11 13 -12 14 -2 16 -14 -18 19 -4 -21
right_child=1 3 9 6 -6 -7 -8 8 -10 -11 12 -13 15 -15 -16 -17 17 -19 -20 20 -22
leaf_value=0 0.01986320431217755 -146.36159163590355 74.060801487075409 9.1208215717226206 6.2187056389900919 0.0043258016204614416 -248.30615753951844 0.00043160964040634759 0 -3.5070733399878069 0 -1.3930028576204279 0.0036681615228574241 0.13956688324301872 -0.44898504623345858 6.64263091513779 0 -0.00021041647417018196 0 0 0
leaf_weight=5115 78 71 96 72 77 420 261 105 1058 114 2161 525 881 3462 180 219 73 2715 9203 259 179
leaf_count=5115 78 71 96 72 77 420 261 105 1058 114 2161 525 881 3462 180 219 73 2715 9203 259 179
internal_value=-6.98883e-05 -0.000594163 -0.000457492 -0.00629892 0.00197928 0.00154327 -0.0100035 0.00115902 -0.00169744 -0.00141689 0.00045979 0.00170392 -0.000411892 0.00232678 -0.00364096 -0.00142799 -0.00180106 -0.00264847 -0.00129846 0.00248585 0.000226322
internal_weight=27324 20626 20145 481 148 6698 333 6278 1163 9851 10294 4245 6049 3720 258 3888 3669 2788 9737 534 438
internal_count=27324 20626 20145 481 148 6698 333 6278 1163 9851 10294 4245 6049 3720 258 3888 3669 2788 9737 534 438
is_linear=0
shrinkage=0.0215534


Tree=40
num_leaves=22
num_cat=0
split_feature=38 80 1 80 56 107 39 0 127 40 45 127 79 35 130 79 127 16 99 74 106
split_gain=41.6853 32.1219 32.1123 36.4823 35.7461 29.8879 29.2673 28.2827 27.0842 25.5737 24.4565 23.9497 28.1096 23.8604 36.2109 24.3889 23.7111 31.9308 23.7351 21.7862 21.7401
threshold=13416.66666666667 19500.000000000004 11.000000000000002 29500.000000000004 15004.000000000002 -1.0000000180025095e-35 0.7417989417989419 39.500000000000007 74.500000000000014 7004.0000000000009 47000.000000000007 88.500000000000014 15504.000000000002 0.038447430028516867 0.68301270189221941 58500.000000000007 44.500000000000007 87359.803921568644 57291.075321384102 61000.000000000007 19500.000000000004
decision_type=2 10 2 10 10 10 2 2 2 2 10 2 10 2 2 10 2 10 2 8 10
left_child=1 -1 4 9 -3 -2 -6 8 16 11 -7 -4 -13 -5 -15 -16 17 18 -8 -9 -18
right_child=5 2 3 13 6 10 7 19 -10 -11 -12 12 -14 14 15 -17 20 -19 -20 -21 -22
leaf_value=0 -208.84434173423725 4.5351851747941112e-06 0 0 90.860981323206474 4.4836766014300942 -0.096930636629958822 -0.87205459942550001 -0.0002190983269014386 0 -110.80708671745799 -9.6384604368753357e-05 0 0 4.0542975069464957e-08 -4.5510705254763587e-06 6.1260588844193808 -101.5223411769187 1.8314125988413277 -100.37452414622685 -2.972064738631758
leaf_weight=2391 111 4034 754 2380 384 85 135 645 3457 1004 467 105 3172 4492 1345 732 454 143 608 287 139
leaf_count=2391 111 4034 754 2380 384 85 135 645 3457 1004 467 105 3172 4492 1345 732 454 143 608 287 139
internal_value=-7.69876e-05 5.54579e-05 -0.000179034 -0.00085171 0.000734644 -0.00541517 -0.000284755 -0.00066334 -1.13541e-05 0.000614699 -0.00334174 0.00138268 0.000582721 -0.00167772 -0.00100596 0.00134482 0.00242769 0.000184868 0.00198973 -0.00410673 0.00576356
internal_weight=27324 26661 24270 13984 10286 663 6252 5868 4936 5035 552 4031 3277 8949 6569 2077 1479 886 743 932 593
internal_count=27324 26661 24270 13984 10286 663 6252 5868 4936 5035 552 4031 3277 8949 6569 2077 1479 886 743 932 593
is_linear=0
shrinkage=0.0215534


Tree=41
num_leaves=22
num_cat=0
split_feature=80 54 62 40 37 112 110 53 108 54 42 62 127 127 69 36 110 127 54 54 50
split_gain=53.088 55.0385 42.3361 33.4332 28.9501 34.1121 27.5824 22.9328 21.2597 20.3995 17.1953 18.0775 27.1556 19.5549 20.2483 19.8317 19.3735 25.0979 16.9669 16.8862 26.0157
threshold=29500.000000000004 4781.8646300913342 3750.0000000000005 7004.0000000000009 12504.000000000002 -0.057189542483660122 -0.13984962406015036 18495.40919685581 -0.089898989898989881 4368.4470575162586 1.575397763858102 12000.000000000002 50.500000000000007 359.50000000000006 2750.0000000000005 0.91666666666666685 0.28239202657807311 195.50000000000003 4181.3071354895201 826.10312969235281 28916.666666666668
decision_type=10 10 10 2 2 8 8 10 10 10 8 10 2 2 10 2 10 2 10 8 8
left_child=3 2 6 -1 8 -6 -2 -7 -3 -4 11 13 -13 14 -10 -16 -14 -18 -5 -8 -21
right_child=1 4 9 18 5 7 19 -9 10 -11 -12 12 16 -15 15 -17 17 -19 -20 20 -22
leaf_value=0 0.34607679080909909 0.031808478858038849 2.9627001111144655 0 -204.34304131939095 -67.956042965465926 0 4.3870382382431368 0 -9.7748546784588995e-08 1.8385305223210073 200.80261313892521 96.784294754200062 -1.6871316758899944 -0.30559631336220694 2.7195536049872486 -115.35315344317179 96.795164722333226 -0.010012576692228088 -1.296115211809103e-05 -8.7383794544705307e-10
leaf_weight=6402 197 1251 354 705 91 538 1332 72 10450 117 231 120 253 89 106 460 122 137 362 485 3450
leaf_count=6402 197 1251 354 705 91 538 1332 72 10450 117 231 120 253 89 106 460 122 137 362 485 3450
internal_value=-0.000274189 -0.000857138 -0.00259508 0.00127431 -0.000115508 -0.00438385 -0.00313039 -0.00252947 0.00011022 0.00359605 -0.000168565 -0.0002839 0.00325978 -0.000486379 -0.000404221 0.00356368 0.00107747 -0.00304461 -0.00225411 -0.00342752 -0.00413858
internal_weight=27324 19855 5935 7469 13920 701 5464 610 13219 471 11968 11737 632 11105 11016 566 512 259 1067 5267 3935
internal_count=27324 19855 5935 7469 13920 701 5464 610 13219 471 11968 11737 632 11105 11016 566 512 259 1067 5267 3935
is_linear=0
shrinkage=0.0215534


Tree=42
num_leaves=22
num_cat=0
split_feature=38 96 107 39 125 95 100 100 107 92 63 89 44 5 89 127 29 34 127 92 49
split_gain=50.4287 34.648 28.3681 26.9936 24.585 22.3782 24.8861 20.7746 23.6522 19.6942 16.3701 19.8584 19.5486 30.9689 18.9275 31.0622 15.3663 16.5907 15.0295 14.4316 15.2155
threshold=13416.66666666667 27000.000000845404 -1.0000000180025095e-35 0.68660714285714297 25.500000000000004 0.26082532787187412 997.83547982298126 118.82435637602249 10004.000000000002 2125.0000000000005 425.00000000000006 71004.000000000015 112500.00000000001 97500.000000000015 38500.000000000007 50.500000000000007 74250.000000000015 13625.000000000002 6.5000000000000009 9874.0000000000018 73500.000000000015
decision_type=2 2 10 2 2 10 2 2 8 10 10 10 10 10 10 2 2 2 2 10 10
left_child=1 7 -2 -3 5 6 -4 18 9 -9 11 -5 13 14 16 -16 -12 -18 -1 -17 -21
right_child=2 3 4 10 -6 -7 -8 8 -10 -11 12 -13 -14 -15 15 19 17 -19 -20 20 -22
leaf_value=1.2097774489757362 -199.93875912039107 127.65916553653824 4.0695619631378337 0 13.691467252971179 20.160595141247516 -141.31366933769445 0 1.5692644427990583 -0.056923816451301422 0 3.3036095539047752 -186.24607267838289 12.838770996445552 100.3735415647408 -96.32688646813277 98.193442015106569 -0.16744406650870172 0 0.10217300938142787 -13.923798600615191
leaf_weight=76 111 169 119 13125 90 87 256 1137 88 550 5715 95 135 163 121 108 220 116 4356 235 252
leaf_count=76 111 169 119 13125 90 87 256 1137 88 550 5715 95 135 163 121 108 220 116 4356 235 252
internal_value=0.000195308 0.000341639 -0.0056752 -8.59858e-05 -0.00365405 -0.00567171 -0.00796402 0.00175216 -0.000213704 -0.000786968 -0.000157891 -0.000605838 0.000679083 0.000838487 0.000613437 -0.00269681 0.00100659 0.00548936 0.00254141 -0.00473009 -0.00312395
internal_weight=27324 26661 663 20454 552 462 375 6207 1775 1687 20285 13220 7065 6930 6767 716 6051 336 4432 595 487
internal_count=27324 26661 663 20454 552 462 375 6207 1775 1687 20285 13220 7065 6930 6767 716 6051 336 4432 595 487
is_linear=0
shrinkage=0.0215534


Tree=43
num_leaves=22
num_cat=0
split_feature=77 38 77 96 101 6 92 124 130 43 100 49 42 63 26 89 50 26 31 89 96
split_gain=47.9324 34.4523 56.0418 36.4807 31.8285 21.3298 18.8606 18.6448 24.3469 25.937 20.4481 19.646 19.5393 18.7632 17.6602 22.0641 22.8754 19.8988 40.9301 37.7275 48.5781
threshold=25500.000000000004 14250.000000000005 54500.000000000007 76307.649874171955 -6564.1561741017822 59000.000000000007 17375.000000000004 21.500000000000004 0.25000000000000011 0.68333333333333346 -9108.5550632354443 28416.666666666668 0.16951587590520351 425.00000000000006 2.5000000000000004 17500.000000000004 31583.333333333339 15.500000000000002 77500.000000000015 12500.000000000002 27999.756570090543
decision_type=10 2 10 2 2 10 10 2 2 2 2 10 10 10 2 10 10 2 2 10 2
left_child=4 7 3 -3 -1 -6 -5 10 9 -9 -2 -11 -10 14 15 16 -12 19 -19 20 -16
right_child=1 2 -4 6 5 -7 -8 8 12 11 13 -13 -14 -15 17 -17 -18 18 -20 -21 -22
leaf_value=94.63724203551061 4.4655830858193095 -119.24736844011676 -227.61033688613693 11.232632117922096 0 -112.01118645163253 3.6587262084680328 0 0 0 -1.2101676039060514 1.883415693088169e-11 -8.7383794544705307e-10 0 21.543269191610538 -2.4481348939509893 0.0010632274666216911 0 -103.09528907841386 0.58211925829556777 -8.7383794544705307e-10
leaf_weight=122 400 92 285 78 6772 87 87 746 410 106 232 392 290 6161 104 215 169 7003 498 1537 1538
leaf_count=122 400 92 285 78 6772 87 87 746 410 106 232 392 290 6161 104 215 169 7003 498 1537 1538
internal_value=0.000180321 -0.00034815 -0.00570941 0.00155931 0.00172153 0.0015259 0.0076501 -0.000200936 0.00180268 0.00361389 -0.000419551 0.00742534 -0.00140386 -0.000530405 -0.00105247 -0.00460385 -0.00159059 -0.00084679 -0.00145277 0.000580345 -0.00168794
internal_weight=27324 20343 542 257 6981 6859 165 19801 1944 1244 17857 498 700 17457 11296 616 401 10680 7501 3179 1642
internal_count=27324 20343 542 257 6981 6859 165 19801 1944 1244 17857 498 700 17457 11296 616 401 10680 7501 3179 1642
is_linear=0
shrinkage=0.0215534


Tree=44
num_leaves=22
num_cat=0
split_feature=29 50 20 54 38 77 51 101 18 15 37 43 127 49 35 28 74 50 0 35 107
split_gain=47.0986 36.5738 35.9554 34.2853 32.4024 56.5272 24.0124 31.303 23.6233 21.6456 21.5839 18.5803 17.9158 24.4061 24.4185 27.3852 25.0863 23.6412 32.3044 20.5143 20.4475
threshold=32333.333333333339 34750.000000000007 32750.000000000004 4881.9347305341489 15083.333333333334 54500.000000000007 16583.333333333339 2363.4784594694506 79000.000000000015 34464.285714285717 -16749.999999999996 0.68333333333333346 74.500000000000014 53583.333333333343 0.14915550527871721 108750.00000000001 127500.00000000001 66750.000000000015 33.000000000000007 0.12529220931189497 -19499.999999999996
decision_type=2 10 8 10 2 10 10 2 10 10 2 2 2 10 2 2 8 10 2 2 8
left_child=2 11 6 -4 10 8 -1 -8 -6 -5 -3 -2 13 20 15 16 -15 -14 19 -19 -12
right_child=1 4 3 9 5 -7 7 -9 -10 -11 12 -13 17 14 -16 -17 -18 18 -20 -21 -22
leaf_value=0 -0.0027052256269709547 92.476581713113291 1.883415693088169e-11 6.847465102621695e-06 -114.17994307056431 -236.81955265323097 0 -0.055685255326394761 7.5762120054977071 -4.0593964721410925e-13 -0.055334148268153541 -4.0593964721410925e-13 0 73.748423254432751 -0.038816260164993815 -266.76052569270695 -0.46826517847244631 1.7467101511116188 -99.645900184875018 -49.788866395922732 0
leaf_weight=2327 416 375 233 80 85 242 8620 422 146 132 144 225 9300 860 708 83 113 518 483 489 1323
leaf_count=2327 416 375 233 80 85 242 8620 422 146 132 144 225 9300 860 708 83 113 518 483 489 1323
internal_value=0.000254469 -0.000526116 0.00127998 0.00729261 -0.000308173 -0.00585874 0.00104382 0.00054014 0.00173474 0.00097557 -0.000125164 -0.00556737 -0.000262248 0.00114468 0.00285408 0.00493069 0.00594928 -0.000684349 -0.00320531 -0.000997312 -0.000904979
internal_weight=27324 15510 11814 445 14869 473 11369 9042 231 212 14396 641 14021 3231 1764 1056 973 10790 1490 1007 1467
internal_count=27324 15510 11814 445 14869 473 11369 9042 231 212 14396 641 14021 3231 1764 1056 973 10790 1490 1007 1467
is_linear=0
shrinkage=0.0215534


Tree=45
num_leaves=22
num_cat=0
split_feature=31 20 100 54 62 127 91 77 124 127 49 34 51 15 6 127 4 100 131 92 53
split_gain=45.8524 41.8147 31.5566 28.9887 26.1312 30.6911 30.0333 26.8794 24.3175 23.9651 38.2276 27.8387 23.8506 22.3519 23.5378 24.0036 32.2312 22.2145 20.1517 25.6984 20.0783
threshold=35004.000000000007 32250.000000000004 -3204.8405244779892 4881.9347305341489 -1.0000000180025095e-35 352.50000000000006 3622.0000000000005 71000.000000000015 13.500000000000002 217.50000000000003 34750.000000000007 16750.000000000004 16583.333333333339 34178.571428571442 42500.000000000007 302.50000000000006 50004.000000000007 240.8796414930512 -0.5 2251.0000000000005 4464.6699308926954
decision_type=2 8 2 10 10 2 10 10 2 2 10 2 10 10 8 2 8 2 2 10 10
left_child=1 12 -2 -3 7 9 -7 -4 -5 10 -6 20 -1 -11 -15 16 -16 -14 19 -19 -12
right_child=2 3 4 8 5 6 -8 -9 -10 13 11 -13 17 14 15 -17 -18 18 -20 -21 -22
leaf_value=0 0.25197191288985155 1.8428217283667577e-11 -0.00021041647417018196 4.2898506448264114e-06 -0.0019631642477986998 -0.0067025524094724877 175.79848230595866 -184.6185608415982 -3.9719027776874159e-13 0.89141385347670299 0.012951562728196477 -16.442303053147459 0 -0.052458053409161647 0 1.8428217283667577e-11 -2.6470318208384698 0 0 -43.56989279723642 3.7668313861763379e-11
leaf_weight=2321 2391 264 4193 101 232 88 146 212 81 171 546 514 7188 726 573 782 309 425 1218 121 4722
leaf_count=2321 2391 264 4193 101 232 88 146 212 81 171 546 514 7188 726 573 782 309 425 1218 121 4722
internal_value=0.000313629 0.00133266 -0.000451092 0.00780773 -0.000863825 -0.000184973 0.00751286 -0.00221939 0.00113629 -0.000396126 0.000346197 0.000691844 0.00107565 -0.00214263 -0.00268369 -0.00126412 -0.00370423 0.000569647 -0.00159564 -0.0050361 0.00116029
internal_weight=27324 11719 15605 446 13214 8809 234 4405 182 8575 6014 5782 11273 2561 2390 1664 882 8952 1764 546 5268
internal_count=27324 11719 15605 446 13214 8809 234 4405 182 8575 6014 5782 11273 2561 2390 1664 882 8952 1764 546 5268
is_linear=0
shrinkage=0.0215534


Tree=46
num_leaves=22
num_cat=0
split_feature=38 112 51 101 1 127 1 62 95 49 44 127 103 130 89 130 93 121 11 99 16
split_gain=45.1707 34.7646 32.6941 23.0724 37.2958 30.2256 23.5698 49.4044 33.6735 24.6461 39.1663 23.6453 23.5519 22.6907 21.8862 26.2931 20.136 20.0468 17.7629 27.3462 24.8093
threshold=10833.333333333332 -0.063508064516129017 16583.333333333339 3521.4437642948437 11.000000000000002 352.50000000000006 9.0000000000000018 8000.0000000000009 0.11514285910541039 73500.000000000015 53750.000000000007 251.50000000000003 -6499.9999999999991 0.68301270189221941 24500.000000000004 0.68301270189221941 0.07059730918442382 1.0000000180025095e-35 30500.000000000004 82176.426856497696 30133.466666666671
decision_type=2 10 8 2 2 2 2 8 10 10 10 2 10 2 10 2 10 10 10 2 8
left_child=2 -2 -1 12 5 6 7 11 -8 10 -10 13 -4 -5 15 -6 -17 -11 19 20 -14
right_child=1 -3 3 4 14 -7 8 -9 9 17 -12 -13 18 -15 -16 16 -18 -19 -20 -21 -22
leaf_value=0 -108.02261087059283 -36.838812186421535 3.2579582041858539 -60.524155511585548 -0.70456179411466913 210.73714994571907 -1.8461089220227906 -101.01269159550226 -1.4322593622728943 5.5334972555989248 108.53296008462917 0.40981282894274529 0 0.45154265314436209 -2.0458710794492574 0.88027809795283718 -1.2178997284441222 -0.9393826655248444 -3.8862948676407783e-13 -186.60282048713501 4.0561809226395838e-08
leaf_weight=2184 254 965 711 333 568 93 291 211 115 185 228 258 7367 151 142 157 153 409 10899 81 1569
leaf_count=2184 254 965 711 333 568 93 291 211 115 185 228 258 7367 151 142 157 153 409 10899 81 1569
internal_value=0.000330983 -0.00372336 0.000520648 0.000289768 -0.00138451 0.000147856 -0.00036168 -0.00290816 0.0016076 0.00360182 0.00820424 -0.000278829 0.000557562 -0.00309878 -0.00480889 -0.00352474 0.00150132 0.000928754 0.000419464 0.00112726 0.00124119
internal_weight=27324 1219 26105 23921 3294 2274 2181 953 1228 937 343 742 20627 484 1020 878 310 594 19916 9017 8936
internal_count=27324 1219 26105 23921 3294 2274 2181 953 1228 937 343 742 20627 484 1020 878 310 594 19916 9017 8936
is_linear=0
shrinkage=0.0215534


Tree=47
num_leaves=22
num_cat=0
split_feature=38 107 99 39 86 89 89 45 121 106 20 19 63 79 65 121 39 45 61 36 23
split_gain=43.9407 32.0304 30.5991 25.6798 24.0983 20.0168 32.3497 19.0138 16.8701 15.6508 16.559 15.092 13.9878 17.1999 15.9924 18.2886 13.8988 18.752 13.4913 13.042 15.2866
threshold=12666.666666666666 -1.0000000180025095e-35 28637.351617731951 0.68660714285714297 28875.000000000004 44500.000000000007 58500.000000000007 33000.000000000007 0.13392857142857145 5500.0000000000009 10250.000000000002 11750.000000000002 2250.0000000000005 120004.00000000001 1.0000000180025095e-35 0.38750000000000007 1.2262799856784821 48750.000000000007 425.00000000000006 0.41666666666666669 1349.3293353266729
decision_type=2 10 2 2 10 10 10 8 10 10 10 10 10 10 2 10 2 10 10 2 10
left_child=2 -2 7 -4 -5 8 -7 9 16 10 -1 -12 13 14 15 18 -3 -18 -6 -14 -21
right_child=1 5 3 4 12 6 -8 -9 -10 -11 11 -13 19 -15 -16 -17 17 -19 -20 20 -22
leaf_value=0.00060030643963380483 -123.84915631447637 21.630693597289181 125.36472987060716 -0.0076218816142934196 1.7633463635750537e-11 17.21214207039186 -92.358227346207713 2.1042620893908315 -136.65518066692292 -21.784065168584721 -9.2988398906550612e-05 0 -107.7499850168017 6.3911367769698888 -8.7796012696649539e-06 -8.4754014205306962 4.9632984881440949 -155.61940236965091 -0.00085230578844130859 -8.7383794544705307e-10 0.002015778441626162
leaf_weight=573 139 81 173 110 6671 108 119 76 76 152 151 7363 109 90 4896 115 81 184 725 387 4945
leaf_count=573 139 81 173 110 6671 108 119 76 76 152 151 7363 109 90 4896 115 81 184 725 387 4945
internal_value=0.000375944 -0.00463832 0.000525187 3.02821e-05 -4.84856e-05 -0.00260992 0.00252455 0.00160864 -0.00539219 0.00150838 0.001638 0.00136708 1.27367e-05 -0.000383912 -0.00045271 0.000171025 -0.00333796 -0.00574 0.000304821 0.000925341 0.00107765
internal_weight=27324 788 26536 18221 18048 649 227 8315 422 8239 8087 7514 17938 12497 12407 7511 346 265 7396 5441 5332
internal_count=27324 788 26536 18221 18048 649 227 8315 422 8239 8087 7514 17938 12497 12407 7511 346 265 7396 5441 5332
is_linear=0
shrinkage=0.0215534


Tree=48
num_leaves=22
num_cat=0
split_feature=38 77 32 86 8 127 80 32 80 119 23 125 5 108 62 101 39 42 56 47 2
split_gain=38.8197 22.8526 46.9558 27.3579 29.7213 22.5865 20.6318 26.705 22.4273 20.4693 19.5333 21.8268 19.0758 23.7259 23.4289 21.0285 20.3185 32.4705 26.8724 31.9183 26.5311
threshold=5833.3333333333312 54500.000000000007 13723.324886684846 86875.000000000015 97500.000000000015 351.50000000000006 29500.000000000004 865.54360876699582 10500.000000000002 1.0000000180025095e-35 262.61286571785223 14.500000000000002 63500.000000000007 0.024725274725274728 12000.000000000002 6345.6975217776426 1.0325224748810156 0.57209284945381345 8500.0000000000018 29250.000000000004 30500.000000000004
decision_type=2 10 2 10 8 2 8 2 10 10 10 2 8 8 10 2 2 10 10 10 2
left_child=6 3 -3 5 -5 9 8 10 -1 -2 -8 -12 16 14 15 -14 17 18 20 -20 -9
right_child=1 2 -4 4 -6 -7 7 12 -10 -11 11 -13 13 -15 -16 -17 -18 -19 19 -21 -22
leaf_value=-1.2938629810699833e-05 -1.5895033189359641e-12 -0.072533432411064386 -235.84322303809219 9.1810967934571792 -137.72731513306198 91.857335195117003 4.0542197445440446e-08 1.8837503476152869e-07 0 -1.8903984855695262 -0.00013995760794455992 0 0.56294814923806091 -5.420487026922876 98.433605664133225 -2.4027538700855837 3.6476185378336878e-11 -4.3542361026723759e-05 -0.46299571759564606 -8.7502150911877487e-10 -8.5558681899413787e-10
leaf_weight=265 1388 935 265 133 85 84 106 641 7033 794 655 829 1952 298 314 338 2646 694 223 7110 536
leaf_count=265 1388 935 265 133 85 84 106 641 7033 794 655 829 1952 298 314 338 2646 694 223 7110 536
internal_value=0.000269456 -0.00178788 -0.0042313 -0.000603889 0.00668048 -0.00130875 0.000590436 0.000164334 0.00154339 -0.00173447 -0.00248865 -0.00313113 0.000450877 0.00201713 0.00267834 0.00191619 6.65699e-05 -0.000411206 -4.45759e-05 -0.000530819 0.0029773
internal_weight=27324 3684 1200 2484 218 2266 23640 16342 7298 2182 1590 1484 14752 2902 2604 2290 11850 9204 8510 7333 1177
internal_count=27324 3684 1200 2484 218 2266 23640 16342 7298 2182 1590 1484 14752 2902 2604 2290 11850 9204 8510 7333 1177
is_linear=0
shrinkage=0.0215534


Tree=49
num_leaves=22
num_cat=0
split_feature=38 77 78 0 101 42 4 109 77 120 117 40 34 16 0 39 6 55 20 96 131
split_gain=35.8744 36.1642 30.3994 23.5873 28.4663 32.1195 24.6736 24.473 23.7432 22.7183 21.5163 21.4705 19.9759 19.1843 18.1518 25.2842 22.4966 15.4071 15.9417 20.0772 15.7332
threshold=13416.66666666667 51000.000000000007 79000.000000000015 10.000000000000002 -4138.4488313118591 0.74181541372435411 61000.000000000007 -0.36038961038961032 54500.000000000007 0.13392857142857145 -83.333333333333329 10504.000000000002 1250.0000000000002 28650.000000000004 21.000000000000004 0.85584415584415596 75500.000000000015 10254.964136156201 106250.00000000001 49997.559189832864 0.93301270189221952
decision_type=2 8 10 2 2 8 8 8 10 10 10 2 2 10 2 2 8 10 10 2 2
left_child=3 2 -2 4 5 6 -1 -5 -7 -4 -6 12 13 -9 15 -14 -17 -13 19 -19 -21
right_child=1 -3 9 7 10 8 -8 11 -10 -11 -12 17 14 -15 -16 16 -18 18 -20 20 -22
leaf_value=-0.012225619367555503 -111.55450312060493 -139.72013427789278 14.770296882554161 204.58124751979716 4.3866387917606731e-06 0.0029573966956722418 1.243836600671903 0 -0.039914421507303698 -101.45298381761725 0 -6.6788967660504273e-06 105.44192661471466 -4.9155016147635964e-09 0 0 1.8826788300839079 0.053318461493908204 5.2640813620163875 -99.477140351066154 0.0066835199096592123
leaf_weight=383 111 317 131 93 865 176 112 1919 104 104 2666 2874 96 2155 9685 4281 295 120 99 588 150
leaf_count=383 111 317 131 93 865 176 112 1919 104 104 2666 2874 96 2155 9685 4281 295 120 99 588 150
internal_value=0.000380677 -0.00457006 0.000224208 0.000504131 0.00196509 -0.00176855 -0.005076 0.00022233 0.00404753 0.0046389 0.00278703 0.000175819 0.000481326 -0.00084963 0.000859607 0.00196338 0.00173139 -0.00129171 -0.00366167 -0.00461159 -0.00594536
internal_weight=27324 663 346 26661 4306 775 495 22355 280 235 3531 22262 18431 4074 14357 4672 4576 3831 957 858 738
internal_count=27324 663 346 26661 4306 775 495 22355 280 235 3531 22262 18431 4074 14357 4672 4576 3831 957 858 738
is_linear=0
shrinkage=0.0215534


Tree=50
num_leaves=22
num_cat=0
split_feature=37 112 89 108 103 32 62 61 37 0 80 99 1 89 63 112 62 26 124 37 26
split_gain=34.5159 25.4511 25.1686 18.9665 17.4622 22.5086 18.6348 29.4548 16.6881 15.7445 15.6607 17.4294 14.7705 13.6707 18.008 13.5186 16.1913 14.9304 15.6156 13.1486 13.0399
threshold=11750.000000000002 0.11324786324786326 38500.000000000007 -0.3923076923076923 2500.0000000000005 11636.742756881415 12000.000000000002 14500.000000000002 14998.000000000002 13.000000000000002 10500.000000000002 10826.82724826559 9.0000000000000018 504.00000000000006 -2749.9999999999995 0.2031746031746032 2250.0000000000005 12.500000000000002 4.5000000000000009 -5251.9999999999991 51.500000000000007
decision_type=2 10 10 10 10 2 10 10 2 2 8 2 2 10 8 10 10 2 2 2 2
left_child=3 2 8 -1 6 9 10 12 -2 -6 -5 -12 -8 14 -13 -3 17 18 -17 -11 -15
right_child=1 15 -4 4 5 -7 7 -9 -10 19 11 13 -14 20 -16 16 -18 -19 -20 -21 -22
leaf_value=112.44952849454256 -90.265062514474366 3.9195680196619276 2.9298291768461198 -1.2659758670352827e-05 0.46453938372598313 -102.06558581769465 -0.17477565325455038 -8.213251989593445 -137.03409471957696 1.023405327001063 0.88944619244780676 0.028842053944634512 184.04918488672513 0 0 -208.50848593372618 5.1645413308253083 -197.34541731531084 7.4212138171772475 -20.50066696931874 -9.454687088559228e-08
leaf_weight=71 113 141 98 265 295 215 93 108 153 152 160 84 363 21516 1664 76 258 121 71 1054 253
leaf_count=71 113 141 98 265 295 215 93 108 153 152 160 84 363 21516 1664 76 258 121 71 1054 253
internal_value=0.000426428 -0.00344069 -0.00802703 0.000578405 0.000547915 -0.00155236 0.000695341 0.00456974 -0.0114692 -0.000611671 0.000603694 0.000662338 0.00697497 0.000613687 0.00244866 -0.000924048 -0.00252365 -0.00623852 -0.00155317 -0.00170841 0.000465937
internal_weight=27324 1031 364 26293 26222 1716 24506 564 266 1501 23942 23677 456 23517 1748 667 526 268 147 1206 21769
internal_count=27324 1031 364 26293 26222 1716 24506 564 266 1501 23942 23677 456 23517 1748 667 526 268 147 1206 21769
is_linear=0
shrinkage=0.0215534


Tree=51
num_leaves=22
num_cat=0
split_feature=38 77 57 80 7 17 38 28 18 50 122 77 40 7 121 50 123 41 93 61 62
split_gain=36.5562 31.5251 22.8206 15.4008 15.1762 22.5513 15.1327 19.3468 25.9445 18.1019 20.2388 18.404 18.2903 18.7071 17.8807 23.0892 22.842 20.5289 20.2468 18.6544 16.7204
threshold=12666.666666666666 55500.000000000007 21500.000000000004 10500.000000000002 92500.000000000015 87500.000000000015 -20583.333333333328 112500.00000000001 96250.000000000015 75083.333333333358 2250.0000000000005 66500.000000000015 14500.000000000002 75500.000000000015 0.27922077922077926 49333.333333333336 3750.0000000000005 1746.0000000000002 0.10391642542049463 14500.000000000002 14500.000000000002
decision_type=2 8 10 8 8 10 2 2 10 8 10 10 2 10 10 10 10 2 10 10 8
left_child=3 2 -2 -1 5 -4 -5 8 9 11 12 14 13 -11 19 17 -17 -16 -18 20 -8
right_child=1 -3 4 6 -6 -7 7 -9 -10 10 -12 -13 -14 -15 15 16 18 -19 -20 -21 -22
leaf_value=-1.2386898144271493e-05 -105.11393546462381 -124.55233738991978 -12.316871364209836 188.98880610844353 -144.33807038476718 16.245893125036119 0 -196.35087496536923 6.8699863685694904 -0.49527093399972871 -100.18328719095922 3.6148666914425043 -60.625151409447305 5.6323513485487275 -3.3962054622027258e-06 0.96445617586221444 -98.710757046308743 2.1784373171271763 1.6649161385184019 -16.724675014721598 97.59845479860283
leaf_weight=265 128 345 139 133 76 100 21827 143 301 343 256 335 438 239 164 593 154 876 126 74 269
leaf_count=265 128 345 139 133 76 100 21827 143 301 343 256 335 438 239 164 593 154 876 126 74 269
internal_value=0.000427217 -0.00414604 -0.000321053 0.000563362 0.00277713 0.00546273 0.000615809 0.000578537 0.000622347 0.00054827 -0.00195249 0.000679311 -0.000583158 0.0019106 0.000609109 0.00260926 1.48188e-05 0.00477859 -0.00504786 0.000436121 0.000472698
internal_weight=27324 788 443 26536 315 239 26271 26138 25995 25694 1276 24418 1020 582 24083 1913 873 1040 280 22170 22096
internal_count=27324 788 443 26536 315 239 26271 26138 25995 25694 1276 24418 1020 582 24083 1913 873 1040 280 22170 22096
is_linear=0
shrinkage=0.0215534


Tree=52
num_leaves=22
num_cat=0
split_feature=37 77 131 35 42 1 44 12 82 85 15 97 93 35 131 42 15 95 127 100 127
split_gain=33.446 22.8013 33.0763 24.6181 18.8274 17.2723 30.1446 28.5202 18.6567 23.5309 20.7479 26.5169 19.9931 18.6461 24.6507 20.5364 21.9641 18.9391 22.2479 19.5953 18.4044
threshold=10250.000000000002 51000.000000000007 1.0000000180025095e-35 0.14500812947681371 1.575397763858102 11.000000000000002 30750.000000000004 34500.000000000007 44500.000000000007 52250.000000000007 62145.000000000007 59998.258397736616 0.031310940475162273 0.15924975039880129 -0.9330127018922193 -1.3789922346811434 30178.571428571431 0.22682627201318775 133.50000000000003 1193.5513386618788 300.50000000000006
decision_type=2 8 2 2 8 2 8 10 10 10 10 2 8 2 2 10 10 10 2 2 2
left_child=4 2 -2 -3 5 13 7 20 -8 -10 11 12 -11 -1 -15 -16 -17 19 -19 -18 -7
right_child=1 3 -4 -5 -6 6 8 -9 9 10 -12 -13 -14 14 15 16 17 18 -20 -21 -22
leaf_value=0.016348428933902936 -91.713885636547317 5.7644061267133697 3.0699411748410697 -154.44825886335462 1.2320762136254597e-10 0 -3.0933593492863568e-05 4.3875980337417206e-06 1.2403644170288685e-10 0.00055347160509199782 1.1541596850803495 -100.5351725450118 -0.008738210776276692 2.1843712784289653 81.767291402627123 0.009935574875083503 -0.00042368162698988777 -0.013194959144356609 87.179334236182257 -89.49801119228546 0
leaf_weight=6112 246 128 346 326 711 8349 3420 103 1456 230 170 150 570 353 233 133 2196 328 155 421 1188
leaf_count=6112 246 128 346 326 711 8349 3420 103 1456 230 170 150 570 353 233 133 2196 328 155 421 1188
internal_value=0.000407497 -0.00337075 -0.000567875 -0.00700569 0.00055823 0.000461634 1.46118e-05 0.000761516 -0.00118477 0.000197456 -0.00214745 -0.00339374 -0.00182104 0.00116458 -1.46749e-05 -0.000569601 -0.00101731 -0.00138772 0.00252521 -0.00211326 0.000638663
internal_weight=27324 1046 592 454 26278 25567 15636 9640 5996 2576 1120 950 800 9931 3819 3466 3233 3100 483 2617 9537
internal_count=27324 1046 592 454 26278 25567 15636 9640 5996 2576 1120 950 800 9931 3819 3466 3233 3100 483 2617 9537
is_linear=0
shrinkage=0.0215534


Tree=53
num_leaves=22
num_cat=0
split_feature=38 23 34 79 112 131 99 54 127 11 95 49 125 112 54 54 45 112 45 28 30
split_gain=32.0601 24.7965 36.8456 23.9198 22.5995 22.0614 15.8873 30.1988 39.5792 40.0079 28.764 21.8361 25.2945 21.4834 27.105 18.4905 17.6556 17.43 17.667 17.6385 21.3462
threshold=12666.666666666666 11290.317283753191 14875.000000000002 97500.000000000015 0.15415384615384617 -0.5 28917.298766782831 4881.9347305341489 114.50000000000001 37500.000000000007 0.023445566757834196 29916.666666666668 3.5000000000000004 0.067816091954023008 1516.5750888103105 826.10312969235281 30750.000000000004 -0.27744444444444438 42000.000000000007 112500.00000000001 73500.000000000015
decision_type=2 10 2 10 10 2 2 10 2 10 10 10 2 10 10 10 8 8 10 2 2
left_child=5 4 -3 -4 -2 -1 16 8 11 10 15 -8 -13 -12 -15 -10 -7 18 -9 20 -19
right_child=1 2 3 -5 -6 6 7 17 9 -11 13 12 -14 14 -16 -17 -18 19 -20 -21 -22
leaf_value=0 -146.33073119618601 17.131065457020188 10.197633328428388 -198.55776697932868 -96.127145547249341 0 -0.00013929058013537727 -0.05802096970275069 3.966837626041561e-08 -0.00059833928864035611 6.6674021392845979e-07 1.604770678721036e-06 -0.0002769525585322516 -9.9444877438203162e-06 0.014508866473921442 -0.00013867901482240649 0.00712387370749372 1.6447780353187657e-05 -0.00034778243211259298 -184.46031577462492 6.2208979439860812
leaf_weight=9233 155 141 106 153 233 4915 501 95 211 528 447 148 1524 163 192 224 177 6350 1114 150 564
leaf_count=9233 155 141 106 153 233 4915 501 95 211 528 447 148 1524 163 192 224 177 6350 1114 150 564
internal_value=0.000301008 -0.00398195 -0.000193948 -0.00504106 -0.00786386 0.000428532 0.000882658 0.000459976 -0.00109242 0.00130168 0.00342527 -0.00304094 -0.00185101 0.00584718 0.00185733 -0.00102047 0.00189456 0.00119997 -0.00118721 0.00160977 0.00176938
internal_weight=27324 788 400 259 388 26536 17303 12211 3938 1765 1237 2173 1672 802 355 435 5092 8273 1209 7064 6914
internal_count=27324 788 400 259 388 26536 17303 12211 3938 1765 1237 2173 1672 802 355 435 5092 8273 1209 7064 6914
is_linear=0
shrinkage=0.0215534


Tree=54
num_leaves=22
num_cat=0
split_feature=38 77 53 26 40 109 51 95 62 127 53 52 29 107 124 32 49 47 31 127 97
split_gain=29.7654 27.8181 23.3644 18.2494 17.0855 21.944 17.3582 17.2544 15.8544 24.3419 16.6213 18.3694 14.8268 14.792 21.723 19.4295 19.383 47.2651 36.8724 31.7611 20.8232
threshold=12666.666666666666 55500.000000000007 9543.5900982241274 16.500000000000004 1250.0000000000002 -0.36038961038961032 10750.000000000002 0.012403600675980104 5250.0000000000009 52.500000000000007 19168.105903464166 16795.222137667613 93416.666666666672 13500.000000000002 2.5000000000000004 14860.038829034884 32333.333333333339 32250.000000000004 42504.000000000007 200.50000000000003 34998.282634637551
decision_type=2 8 10 2 2 8 10 10 10 2 10 10 2 8 2 2 10 10 2 2 2
left_child=4 2 -2 -4 5 -1 -7 -8 10 -10 11 -9 -3 16 15 -15 17 -6 19 -18 -21
right_child=1 12 3 -5 13 6 7 8 9 -11 -12 -13 -14 14 -16 -17 18 -19 -20 20 -22
leaf_value=201.81492897960644 -96.401161348895656 -143.80599174912683 12.601363059325942 -43.896969197402221 0 -0.00010482344581555294 0 0 205.76027491455494 2.8463150596944211 6.6810530220869042 -8.7939991528286807 -16.137007941421434 0.11629310765379711 0.041114511795061384 -85.657303394489972 -0.0019496673981457574 6.6882778491681888e-07 -3.5451022702664442e-07 -0.054228081903947692 3.6557406196313301e-06
leaf_weight=72 159 269 169 115 5930 205 883 7493 74 371 79 88 76 1206 964 208 302 383 8091 98 89
leaf_count=72 159 269 169 115 5930 205 883 7493 74 371 79 88 76 1206 964 208 302 383 8091 98 89
internal_value=0.000308896 -0.00381786 -0.000223768 0.00345948 0.000431781 0.0011785 0.00108457 0.00122681 0.000913714 0.00487143 0.000682609 0.000578844 -0.00840652 3.06998e-05 0.00160964 -8.53583e-05 -0.000220844 0.000684864 -0.000888251 -0.00663656 0.000299546
internal_weight=27324 788 443 284 26536 9265 9193 8988 8105 445 7660 7581 345 17271 2378 1414 14893 6313 8580 489 187
internal_count=27324 788 443 284 26536 9265 9193 8988 8105 445 7660 7581 345 17271 2378 1414 14893 6313 8580 489 187
is_linear=0
shrinkage=0.0215534


Tree=55
num_leaves=22
num_cat=0
split_feature=12 97 51 131 77 29 33 127 101 91 127 63 23 109 11 51 101 44 101 11 39
split_gain=28.865 24.8216 22.0002 20.6562 23.1627 46.3302 32.8762 28.3127 37.5092 27.3439 31.0475 42.0253 27.1982 24.3715 24.0159 22.9269 31.7674 22.334 30.1919 22.1143 21.4477
threshold=112500.00000000001 26195.774980100741 26416.666666666668 -0.5 31500.000000000004 51916.666666666672 29500.000000000004 50.500000000000007 7236.7400875599169 3375.0000000000005 326.50000000000006 9500.0000000000018 11061.478883515394 0.051315789473684217 32500.000000000004 66250.000000000015 -10489.992236838925 51250.000000000007 446.98701355962663 69000.000000000015 1.0990196078431376
decision_type=8 2 8 2 10 2 2 2 2 10 2 10 10 10 10 10 2 10 2 10 2
left_child=3 2 -2 15 9 -6 7 -7 -9 14 11 -11 20 -14 -5 17 -17 18 -1 -10 -8
right_child=1 -3 -4 4 5 6 12 8 19 10 -12 -13 13 -15 -16 16 -18 -19 -20 -21 -22
leaf_value=0 0 -0.00094763438089083378 20.101205325134096 0 -3.07083590645453e-05 94.742245208713086 -0.37835865337742836 1.9539402139702242 -6.0929232963268838 0.013934730299055948 101.86457365180627 -85.389103212587585 4.4675790667023492 -46.39094767444702 -0.00022085263247864265 2.083328714155515 -103.22728923252849 0.48694558423173029 -0.00023417074238893143 1.055800011192916 -197.90388587912528
leaf_weight=5846 296 1995 106 6378 3819 488 755 1346 345 858 192 123 682 227 375 144 377 1001 1609 146 216
leaf_count=5846 296 1995 106 6378 3819 488 755 1346 345 858 192 123 682 227 375 144 377 1001 1609 146 216
internal_value=0.000256835 -0.0020015 0.00287308 0.000474351 0.000939965 0.000122486 0.00168425 0.00339834 0.00216578 0.00176645 0.00480638 0.00324257 -0.000431048 0.00224283 0.00123708 -0.000351977 -0.00474002 -8.05446e-05 -0.000487439 -0.00292295 -0.00294304
internal_weight=27324 2397 402 24927 15950 8024 4205 2325 1837 7926 1173 981 1880 909 6753 8977 521 8456 7455 491 971
internal_count=27324 2397 402 24927 15950 8024 4205 2325 1837 7926 1173 981 1880 909 6753 8977 521 8456 7455 491 971
is_linear=0
shrinkage=0.0215534


Tree=56
num_leaves=22
num_cat=0
split_feature=40 84 122 74 54 18 64 28 100 52 5 102 23 95 95 112 55 8 102 110 112
split_gain=28.7916 27.2165 23.9513 22.8709 32.7337 29.8815 32.1171 31.79 26.9004 28.5314 25.8763 23.3668 22.2879 27.5058 24.2533 30.6947 24.0424 20.7768 26.6445 28.5373 21.8539
threshold=15504.000000000002 88750.000000000015 34.000000000000007 62500.000000000007 19168.105903464166 53500.000000000007 0.063164893617021281 26250.000000000004 0.0093720930199197045 15069.278091589991 10500.000000000002 33.332224808542385 1069.9661612439484 0.028400163996539832 0.11315005831002992 0.063508064516129045 3339.1531779639195 112500.00000000001 -445.04931914825823 -0.20156249999999998 1.2111111111111115
decision_type=2 10 10 8 10 10 8 2 2 10 10 2 10 10 8 10 10 8 2 10 8
left_child=1 3 17 4 10 7 8 -5 9 -7 -1 -9 -12 -14 15 16 -15 18 19 -2 -20
right_child=2 -3 -4 5 -6 6 -8 11 -10 -11 12 -13 13 14 -16 -17 -18 -19 20 -21 -22
leaf_value=-1.2119918683432558e-05 3.2544389671241789 4.4966488786220751 -103.64173833674245 2.1898374595120194 98.263341761077896 1.370185628006789 8.209916740556201 -0.0041952030704514864 -4.4119911650921555 -101.93417622013519 0 -21.547301084668106 1.3760214371847627e-05 1.9032490354464144e-07 0.0010934744928894203 -0.00021214869983460791 0 -96.388704741473049 0.029818113146440169 -81.397235015710535 10.000191502919566
leaf_weight=1516 81 518 266 160 96 849 287 1168 253 75 6015 114 90 1233 4688 2719 4532 338 1422 733 171
leaf_count=1516 81 518 266 160 96 849 287 1168 253 75 6015 114 90 1233 4688 2719 4532 338 1422 733 171
internal_value=0.000422484 0.000668947 -0.00156474 0.000562134 0.000811614 -0.00122819 0.000936275 -0.00343157 -0.000633551 0.00106356 0.000753168 -0.00456587 0.000966694 0.000472279 0.000390419 -0.000296216 0.000592942 -0.000962606 -0.000256089 -0.00343118 0.00136104
internal_weight=27324 24313 3011 23795 20889 2906 1464 1442 1177 924 20793 1282 19277 13262 13172 8484 5765 2745 2407 814 1593
internal_count=27324 24313 3011 23795 20889 2906 1464 1442 1177 924 20793 1282 19277 13262 13172 8484 5765 2745 2407 814 1593
is_linear=0
shrinkage=0.0215534


Tree=57
num_leaves=22
num_cat=0
split_feature=95 100 131 47 28 110 23 59 131 15 112 32 44 123 124 23 39 16 22 42 125
split_gain=32.3902 28.2362 27.1714 25.7818 27.3111 25.6638 24.203 28.9468 27.3434 30.9208 21.5884 20.1253 32.1362 32.6615 28.2981 21.5839 24.4467 23.77 19.92 18.31 17.7605
threshold=0.031169044175335028 -9108.5550632354443 -0.5 69500.000000000015 59500.000000000007 -0.056349206349206336 912.87092917540861 2250.0000000000005 0.6830127018922193 30500.285714285717 0.067816091954023008 11094.276934668602 64500.000000000007 3750.0000000000005 14.500000000000002 11061.478883515394 1.1779788838612371 55666.80000000001 10220.373270786064 1.575397763858102 28.500000000000004
decision_type=8 2 2 10 2 10 10 8 2 10 8 2 10 8 2 8 2 8 10 10 2
left_child=6 -2 3 4 20 -5 7 8 9 -1 -8 12 -4 -14 15 16 18 -17 -13 -9 -3
right_child=1 2 11 5 -6 -7 10 19 -10 -11 -12 14 13 -15 -16 17 -18 -19 -20 -21 -22
leaf_value=0 6.3131357705543598 -9.8649014904276225e-08 0 -3.6910836665062168 0.89408053292008494 -190.30518893492334 3.0002751296417297e-06 0 4.1287738354308723e-06 3.8846601970881556e-06 -0.0059592453937307712 -0.17072657271468483 2.8635460622179338 -93.07680199253015 7.5439180958703833 4.4603227153995855 -197.55820200294667 -0.2173298204077255 -103.01214865915583 -4.856883164223208e-06 6.021582061609195e-05
leaf_weight=1823 432 6074 10194 276 528 201 308 2223 611 213 102 740 1369 165 107 200 159 891 119 97 492
leaf_count=1823 432 6074 10194 276 528 201 308 2223 611 213 102 740 1369 165 107 200 159 891 119 97 492
internal_value=0.0003791 1.13922e-05 -9.77739e-05 -0.00113758 -0.000809988 -0.00599032 0.00187832 0.00146059 0.00300124 0.00179532 0.00691643 0.000466183 0.00082258 0.00373156 -0.00141608 -0.00196823 -0.00422558 0.000130381 -0.00277477 -0.000293562 -0.00119024
internal_weight=27324 21947 21515 7571 7094 477 5377 4967 2647 2036 410 13944 11728 1534 2216 2109 1018 1091 859 2320 6566
internal_count=27324 21947 21515 7571 7094 477 5377 4967 2647 2036 410 13944 11728 1534 2216 2109 1018 1091 859 2320 6566
is_linear=0
shrinkage=0.0215534


Tree=58
num_leaves=22
num_cat=0
split_feature=23 6 28 39 41 112 82 54 43 0 80 31 32 120 64 94 39 117 44 112 17
split_gain=33.647 31.8336 29.8938 29.2788 28.8757 29.2577 31.1765 22.5907 26.3648 24.9523 23.5254 76.4812 22.7138 21.1679 20.8465 20.2442 25.4179 21.28 19.4325 24.2886 19.8841
threshold=1268.5406585121434 11250.000000000002 14750.000000000002 1.1978260869565218 5004.0000000000009 -0.18019480519480516 18375.000000000004 1549.193338482967 0.54166666666666685 33.000000000000007 37500.000000000007 42504.000000000007 2747.7112689719384 0.13392857142857145 -0.10300618921308576 0.12152297423642304 1.1112000000000004 -983.33333333333314 106250.00000000001 1.1339285714285716 47500.000000000007
decision_type=8 8 2 2 2 8 10 10 2 2 10 2 2 10 10 10 2 10 10 10 10
left_child=1 -1 -3 -4 5 6 -2 8 13 10 14 -12 -11 -7 -9 16 -6 -17 19 20 -13
right_child=4 2 3 -5 15 7 -8 9 -10 12 11 18 -14 -15 -16 17 -18 -19 -20 -21 -22
leaf_value=-1.1856567311819432e-05 -2.3660486454148488e-05 2.1262192119998776e-09 0 -0.02607452580391615 2.4680685882962922e-06 6.0057216458660747e-06 -0.00025091185752430193 -0.046953974272754204 -7.8754152421715581e-06 0.001262393788038162 -0.0017925291580390581 0.0067364151851573677 -41.8920787294524 -0.011518712119846333 4.5725204841309107e-06 -0.21264562928894165 -164.15934034785863 1.8020374164259905 -211.43963345030758 18.352736232430871 -5.5995610730144676e-06
leaf_weight=421 257 277 6822 340 6893 221 1308 95 585 249 362 562 679 100 1485 523 133 2303 74 101 3534
leaf_count=421 257 277 6822 340 6893 221 1308 95 585 249 362 562 679 100 1485 523 133 2303 74 101 3534
internal_value=0.000442993 0.00163321 0.00196032 0.00169006 -3.72069e-05 -0.000878092 -0.00357502 -0.000352479 -0.00355854 5.31215e-05 0.000546719 -0.000226091 -0.00324195 0.00138276 0.00281813 0.00078232 0.000161357 0.00232305 0.000578311 0.000773378 0.000513565
internal_weight=27324 7860 7439 7162 19464 9612 1565 8047 906 7141 6213 4633 928 321 1580 9852 7026 2826 4271 4197 4096
internal_count=27324 7860 7439 7162 19464 9612 1565 8047 906 7141 6213 4633 928 321 1580 9852 7026 2826 4271 4197 4096
is_linear=0
shrinkage=0.0215534


Tree=59
num_leaves=22
num_cat=0
split_feature=23 122 75 18 39 78 125 73 64 130 38 15 12 105 130 12 101 23 16 47 26
split_gain=31.9907 26.1754 25.6503 29.1701 33.0089 24.9582 30.8183 24.1404 21.7349 26.9133 35.295 30.1611 30.7971 25.3903 24.8878 40.2243 28.0854 27.4757 24.1256 23.6325 23.2011
threshold=1675.5509540623298 280.00000000000006 11750.000000000002 13500.000000000002 1.3536417773705911 15004.000000000002 13.500000000000002 14500.000000000002 0.06030303030303031 0.68301270189221941 9083.3333333333339 85857.14285714287 97500.000000000015 -2995.9999999999995 0.68301270189221941 71000.000000000015 10348.239225114407 3457.4590364176138 83839.743589743608 68250.000000000015 50.500000000000007
decision_type=8 10 10 10 2 8 2 8 10 2 2 10 10 8 2 10 2 10 10 8 2
left_child=1 2 -1 -4 7 6 -2 -5 9 10 13 -11 -13 -7 15 17 -16 -10 -15 20 -19
right_child=5 -3 3 4 -6 8 -8 -9 14 11 -12 12 -14 18 16 -17 -18 19 -20 -21 -22
leaf_value=-1.1601018270288482e-05 3.9643411556273083e-05 -0.00059120204090527015 0.025086618806747136 -5.2842561292264783e-05 -4.5827200016788132e-11 0.0004330722775579012 -0.00011792845185648228 0 -0.0001886295280393309 3.6574198181394127e-06 -93.615375971887403 19.889812024976958 -2.6671307508669262 -4.8341375793953095e-05 0.0012236020051587314 215.37957766988836 -100.07994228909129 0.92903547390503383 -188.65896743635392 -6.806858235210985 206.41885732376926
leaf_weight=608 219 426 245 124 177 3023 303 8109 741 3392 819 324 186 5398 891 122 301 1545 82 167 122
leaf_count=608 219 426 245 124 177 3023 303 8109 741 3392 819 324 186 5398 891 122 301 1545 82 167 122
internal_value=0.000498998 0.00149397 0.00173486 0.00203603 0.00182112 -4.71767e-05 -0.00468965 0.00201997 9.39566e-05 -0.00032206 -0.00095165 0.00117983 0.00606757 -0.000538892 0.00151075 0.00265791 -0.00107758 0.00208076 -0.00141432 0.00349724 0.00427422
internal_weight=27324 9689 9263 8655 8410 17635 522 8233 17113 13224 9322 3902 510 8503 3889 2697 1192 2575 5480 1834 1667
internal_count=27324 9689 9263 8655 8410 17635 522 8233 17113 13224 9322 3902 510 8503 3889 2697 1192 2575 5480 1834 1667
is_linear=0
shrinkage=0.0215534


Tree=60
num_leaves=22
num_cat=0
split_feature=95 100 29 49 99 127 127 121 38 95 1 100 59 39 0 38 1 94 58 76 110
split_gain=32.5079 26.9822 22.1581 48.5755 29.8962 20.0853 21.3275 18.6389 34.0337 29.4167 25.5274 32.0251 28.9518 20.1197 32.6942 20.0981 19.8286 27.4816 25.0818 23.2962 22.7932
threshold=0.050539558381163412 -9108.5550632354443 33916.666666666679 39250.000000000007 34596.11799848012 157.50000000000003 58.500000000000007 1.0000000180025095e-35 10833.333333333332 0.055348441838050752 9.0000000000000018 -22.20548106627211 19500.000000000004 1.3334400000000002 10.000000000000002 -1.0000000180025095e-35 11.000000000000002 0.02567631956776183 5500.0000000000009 13500.000000000002 0.036038961038961044
decision_type=8 2 2 10 2 2 2 8 2 10 2 2 10 2 2 2 2 10 10 8 10
left_child=2 -2 4 -4 -1 6 -5 9 16 -3 11 -11 -13 14 15 -12 17 -9 19 -18 -21
right_child=1 7 3 5 -6 -7 -8 8 -10 10 13 12 -14 -15 -16 -17 18 -19 -20 20 -22
leaf_value=0 6.1932524649506968 -3.7200648380797142e-05 -0.0018732141918085009 4.3958386767979865e-07 9.4353287340752351e-07 -0.00027246649090730658 1.5039228580462791 -0.03450675203174252 -81.996668698814403 -0.020499941524434361 13.350492456475093 -0.019387141964376197 2.0407766777101726 -4.4839469189446314e-11 4.4739672354232976e-06 4.0236877015576216e-05 -8.8213155950116255e-05 0.0092494336773904472 -2.0181686475940039e-05 1.0827338159536283e-05 -0.0066099623034631873
leaf_weight=6089 432 261 326 397 144 927 263 182 750 149 91 357 369 139 1604 627 182 7204 6087 589 155
leaf_count=6089 432 261 326 397 144 927 263 182 750 149 91 357 369 139 1604 627 182 7204 6087 589 155
internal_value=0.000427217 -5.68673e-05 0.00156793 -0.000457411 0.00219092 0.00109458 0.00397045 -0.000180052 -0.000511621 0.00121396 0.00176118 -0.00139404 0.000463075 0.00288651 0.0033656 0.00719147 -0.000277817 0.000500747 -0.00109901 0.00220166 0.00389879
internal_weight=27324 19178 8146 1913 6233 1587 660 18746 15149 3597 3336 875 726 2461 2322 718 14399 7386 7013 926 744
internal_count=27324 19178 8146 1913 6233 1587 660 18746 15149 3597 3336 875 726 2461 2322 718 14399 7386 7013 926 744
is_linear=0
shrinkage=0.0215534


Tree=61
num_leaves=22
num_cat=0
split_feature=29 31 5 101 33 87 126 63 22 23 131 125 100 51 30 35 46 9 37 51 130
split_gain=40.3867 58.8598 54.7728 45.562 39.2829 35.5466 33.0713 32.8633 25.6556 24.271 23.5694 24.2446 23.2355 23.1649 26.6655 36.5546 25.2549 27.1104 26.19 25.1414 28.8774
threshold=32333.333333333339 40004.000000000007 15004.000000000002 1276.2038973582223 3004.0000000000005 1.0000000180025095e-35 3.5000000000000004 3250.0000000000005 1561.9092289759772 2771.0531610617404 -0.9330127018922193 18.500000000000004 -9108.5550632354443 40916.666666666679 49000.000000000007 0.18567447453794247 71250.000000000015 81000.000000000015 14998.000000000002 57333.333333333336 0.68301270189221941
decision_type=2 2 8 2 2 10 2 8 10 10 2 2 2 8 2 2 8 10 2 8 2
left_child=2 6 7 4 9 -6 -2 8 -1 -4 -5 -12 -3 -14 16 19 17 18 -15 20 -16
right_child=1 12 3 10 5 -7 -8 -9 -10 -11 11 -13 13 14 15 -17 -18 -19 -20 -21 -22
leaf_value=0 -0.0018671249168274106 5.8746125487078853 0 -42.874470754036842 1.2834333433255258e-06 4.3498345682762338e-07 3.9646387388940939e-06 21.553255069983649 -0.023438964517088403 -4.5366781054847893e-05 1.9514836239870342e-05 -0.009835043688436974 0.37061032305810304 -0.000198836324366096 10.236050907834889 -95.682142208474261 -97.97072726827804 4.6465657765113688 -94.619461125884328 0.38042586845418491 -0.052437271694707847
leaf_weight=1873 699 425 4357 86 1666 1918 108 97 463 76 776 502 1068 8224 749 445 216 74 204 3070 228
leaf_count=1873 699 425 4357 86 1666 1918 108 97 463 76 776 502 1068 8224 749 445 216 74 204 3070 228
internal_value=0.000445359 -0.000277372 0.00139492 0.00214268 0.00276263 0.00444165 -0.00594448 -0.00148467 -0.0019984 0.00140315 -0.00149473 -0.000752122 3.31299e-05 -0.000114122 -0.000361559 0.000986483 -0.00105714 -0.000871049 -0.000986105 0.00163284 0.00464553
internal_weight=27324 15510 11814 9381 8017 3584 807 2433 2336 4433 1364 1278 14703 14278 13210 4492 8718 8502 8428 4047 977
internal_count=27324 15510 11814 9381 8017 3584 807 2433 2336 4433 1364 1278 14703 14278 13210 4492 8718 8502 8428 4047 977
is_linear=0
shrinkage=0.0215534


Tree=62
num_leaves=22
num_cat=0
split_feature=29 49 73 83 0 97 26 21 100 1 79 28 38 89 0 46 22 42 5 21 30
split_gain=29.4888 59.0501 38.8499 27.9541 23.701 26.127 26.108 25.4499 23.5795 23.1088 22.1886 34.3455 32.8554 62.1887 36.1232 25.7443 23.3688 22.5573 22.5043 21.2669 20.417
threshold=32333.333333333339 37583.333333333336 33500.000000000007 31125.000000000004 10.000000000000002 34999.999983238777 9.5000000000000018 1889.8223650481571 -15938.001122913729 11.000000000000002 15504.000000000002 16750.000000000004 2249.9999999999986 2004.0000000000002 13.000000000000002 21250.000000000004 3099.982275738208 -0.42911169027153556 22400.000000000004 487.95003647324467 49000.000000000007
decision_type=2 10 10 10 2 2 2 8 2 2 8 2 2 8 2 10 10 10 8 10 2
left_child=2 4 10 -3 6 -6 -2 -7 -5 -4 -1 19 16 18 15 -15 17 -13 -14 -12 -10
right_child=1 3 9 8 5 7 -8 -9 20 -11 11 12 13 14 -16 -17 -18 -19 -20 -21 -22
leaf_value=-4.3873027295029135e-11 -0.0016090626281715862 4.5478837890831008 6.25623479944965e-06 183.25710694283686 -0.017912589269117391 -0.0020703747859447501 5.2347668523816172e-05 -0.0019606574781460585 -0.00024762137717021922 6.3211802890016616e-06 0.00048171334983573068 1.2477980656629158e-10 -2.7662320141239213e-08 4.9981285793930234e-06 -0.00016971741779450765 -3.1517897115764396e-05 -0.011269636443843956 0 -2.545721790745155e-07 1.2742399290718446e-05 0.65707082372763848
leaf_weight=1823 77 313 148 108 465 265 99 151 9356 278 367 2761 193 371 321 213 254 4455 90 540 4676
leaf_count=1823 77 313 148 108 465 265 99 151 9356 278 367 2761 193 371 321 213 254 4455 90 540 4676
internal_value=0.000262357 -0.000355191 0.00107383 3.87772e-06 -0.00527264 -0.00671724 0.00190936 -0.0106498 -0.000136575 0.00746605 0.00083389 0.0012497 0.000830461 -0.00249621 0.000252427 0.00345386 0.0013607 0.00158781 -0.0113134 0.00524163 -0.000214427
internal_weight=27324 15510 11814 14453 1057 881 176 416 14140 426 11388 9565 8658 1188 905 584 7470 7216 283 907 14032
internal_count=27324 15510 11814 14453 1057 881 176 416 14140 426 11388 9565 8658 1188 905 584 7470 7216 283 907 14032
is_linear=0
shrinkage=0.0215534


Tree=63
num_leaves=22
num_cat=0
split_feature=131 16 0 95 38 58 77 32 112 95 16 127 102 39 95 98 43 32 41 38 21
split_gain=31.2633 29.1708 72.3777 33.0161 37.6086 31.2333 44.1061 30.5208 27.4538 26.3101 73.6848 50.975 29.5279 30.3819 26.1469 32.8417 25.4487 50.2001 33.6598 24.1489 23.3326
threshold=1.0000000180025095e-35 19383.333333333339 21.000000000000004 0.12242282657740901 12666.666666666666 2250.0000000000005 45500.000000000007 12662.273100947275 -0.29705882352941171 0.025958415047643069 28000.133333333335 134.50000000000003 25.206317199343179 1.0172465060957481 0.073364326797926413 49637.907087593623 0.45833333333333343 1190.0526680445048 2350.0000000000005 10833.333333333332 3779.6447300929908
decision_type=2 8 2 10 2 8 10 2 10 10 10 2 2 2 8 2 2 2 2 2 10
left_child=9 2 -2 4 5 -3 14 -8 20 10 16 -12 -13 -14 -7 -16 18 -18 -1 -11 -5
right_child=1 3 -4 8 -6 6 7 -9 -10 19 11 12 13 -15 15 -17 17 -19 -20 -21 -22
leaf_value=-2.6894259638407906e-12 0.00022067693528440158 6.196247892098685e-07 9.4561180984730052e-13 -0.15293077475305961 -145.8519612189489 -0.00013397930405712564 0.14679252145038968 -104.99195167696502 1.2668640218422729 -2.6894259638407906e-12 -0.03239155274084915 0 0 4.6808290470084352e-07 0.00021778267453871866 -0.57284227917308617 0 -2.7066103781756392e-08 4.2285150217541001e-05 -83.269477738011773 1.9427955404854755
leaf_weight=431 559 1806 1184 495 179 2888 1408 238 2821 11045 126 605 178 218 1342 261 352 231 86 435 436
leaf_count=431 559 1806 1184 495 179 2888 1408 238 2821 11045 126 605 178 218 1342 261 352 231 86 435 436
internal_value=9.93917e-06 0.000741708 0.00334596 0.000358676 -0.000412912 -0.000191572 -0.000925759 0.00208974 0.0020312 -0.000716397 -0.00286075 0.00100587 0.00263955 0.0072153 -0.00203291 0.000169409 -0.00682984 -0.00371853 -0.0103203 -0.000299642 -0.00117131
internal_weight=27324 13617 1743 11874 8122 7943 6137 1646 3752 13707 2227 1127 1001 396 4491 1603 1100 583 517 11480 931
internal_count=27324 13617 1743 11874 8122 7943 6137 1646 3752 13707 2227 1127 1001 396 4491 1603 1100 583 517 11480 931
is_linear=0
shrinkage=0.0215534


Tree=64
num_leaves=22
num_cat=0
split_feature=108 131 31 48 95 31 34 89 21 112 25 47 55 31 80 50 55 98 16 102 35
split_gain=28.4381 24.6988 29.2265 64.8632 42.1094 39.0963 50.7678 37.1923 32.816 31.6481 25.5357 25.3826 26.9758 24.3301 26.8185 26.6498 38.4189 38.1809 47.4551 27.0145 23.9011
threshold=-0.030076888285843508 -0.5 35004.000000000007 37583.333333333336 0.10837394973668592 72500.000000000015 14625.000000000002 13500.000000000002 1133.8934190278128 -0.12973352033660587 1.5000000000000002 69500.000000000015 590.08904476942109 30500.000000000004 31004.000000000004 26916.666666666668 1953.5871887841511 28004.604273630222 28450.000000000004 -75.445459483429644 0.26438869387130698
decision_type=8 2 2 10 10 2 2 10 10 10 2 10 10 2 10 10 10 2 10 2 2
left_child=-1 11 7 4 -4 8 -7 9 -5 -3 -8 12 -2 15 -15 16 -11 -17 19 -19 -18
right_child=1 2 3 5 -6 6 10 -9 -10 13 -12 -13 -14 14 -16 17 20 18 -20 -21 -22
leaf_value=0.00066855448741268164 -2.6314597574968316e-12 0.0096523139394800797 -0.0019237895140215146 -0.0010123592924226594 0.8321296545396959 2.4018138784412963 3.4655250450089969 -0.46668589690770784 1.8821730837186991e-05 2.8877061831084253e-06 -25.310998329597641 -96.075360828712647 -2.6314597574968316e-12 4.6130762972173747e-06 5.5412943578247449e-07 -2.6314597574968316e-12 1.4049862404404818e-07 3.619462948557133e-06 -1.1198825567753323e-07 0 -4.75633179529029e-06
leaf_weight=2870 437 880 568 2257 114 1934 342 155 2830 117 982 411 7510 962 1189 578 2099 104 537 102 346
leaf_count=2870 437 880 568 2257 114 1934 342 155 2830 117 982 411 7510 962 1189 578 2099 104 537 102 346
internal_value=-0.000117217 -0.000355726 0.000137386 -0.000674745 -0.00706544 -0.00015135 0.00169088 0.00117568 -0.00133292 0.00141089 -0.00155616 -0.00130639 -0.00103494 0.000852263 0.00269129 -0.000164298 0.00111548 -0.00265278 0.0005685 0.00937014 0.000534187
internal_weight=27324 24454 16096 9027 682 8345 3258 7069 5087 6914 1324 8358 7947 6034 2151 3883 2562 1321 743 206 2445
internal_count=27324 24454 16096 9027 682 8345 3258 7069 5087 6914 1324 8358 7947 6034 2151 3883 2562 1321 743 206 2445
is_linear=0
shrinkage=0.0215534


Tree=65
num_leaves=22
num_cat=0
split_feature=124 42 31 6 26 131 30 125 62 127 38 127 91 9 35 36 52 18 127 92 35
split_gain=35.0858 29.9656 78.6402 29.9594 35.3961 35.0558 29.5284 27.5157 31.2627 31.0492 26.2284 24.77 28.0881 24.2275 23.7793 23.0666 22.8142 25.7201 23.1362 23.6565 23.0597
threshold=27.500000000000004 -0.50912832745114067 30500.000000000004 26500.000000000004 16.500000000000004 0.25000000000000017 27500.000000000004 11.500000000000002 2750.0000000000005 311.50000000000006 10833.333333333332 106.50000000000001 4874.0000000000009 97500.000000000015 0.29848295807774611 0.91666666666666685 4083.1366504134785 55500.000000000007 277.50000000000006 4375.0000000000009 0.083925831900231104
decision_type=2 10 2 10 2 2 2 2 10 2 2 2 10 10 2 2 8 10 2 10 2
left_child=7 2 -2 4 -3 6 -5 9 10 13 14 12 -12 16 -9 -10 18 -18 19 -1 -20
right_child=1 3 -4 5 -6 -7 -8 8 15 -11 11 -13 -14 -15 -16 -17 17 -19 20 -21 -22
leaf_value=5.6716838961072767e-14 -2.5747429185357585e-12 2.8576118597951114e-06 1.7231252936280991e-06 1.8890873769842762e-11 -3.0107173788092965e-08 -1.0233454242971003e-07 -1.0071447689378741e-08 -1.3357638152694571e-08 -0.45135289579034404 0.00058867212449912937 11.505291588295865 -138.66469927640674 -142.70835960941045 19.035822931524102 0.45670015471883807 1.3820584676195593 -0.000477624749499769 1.4192721283161518 2.8254663688427295e-06 2.1135860797703221 1.0247213337771548e-07
leaf_weight=2496 255 82 266 211 262 380 203 13047 575 773 92 292 129 160 437 1725 3572 1711 165 273 218
leaf_count=2496 255 82 266 211 262 380 203 13047 575 773 92 292 129 160 437 1725 3572 1711 165 273 218
internal_value=-0.000230804 -0.00326854 -0.00755258 -0.00129915 -0.00661448 0.000993401 0.00534021 -3.40958e-05 -0.000569481 0.000896361 -0.000952549 -0.00573805 -0.000253483 0.000523093 -0.000769804 0.00175793 0.000364372 -0.00050017 0.00181612 0.0011255 0.00678502
internal_weight=27324 1659 521 1138 344 794 414 25665 16297 9368 13997 513 221 8595 13484 2300 8435 5283 3152 2769 383
internal_count=27324 1659 521 1138 344 794 414 25665 16297 9368 13997 513 221 8595 13484 2300 8435 5283 3152 2769 383
is_linear=0
shrinkage=0.0215534


Tree=66
num_leaves=22
num_cat=0
split_feature=124 5 29 37 54 127 96 89 37 127 52 87 102 42 4 125 42 34 127 64 89
split_gain=70.689 52.843 39.2388 35.7451 35.1814 28.8248 32.3565 26.3988 24.6285 36.4118 25.8626 25.4243 24.5644 24.489 22.0374 21.4725 20.9183 20.6618 19.8499 19.3615 24.1803
threshold=27.500000000000004 28004.000000000004 34750.000000000007 2250.0000000000005 938.80963562504564 310.50000000000006 28271.492003759719 1254.0000000000002 -1.0000000180025095e-35 219.50000000000003 2105.3100959880271 3250.0000000000005 -445.04931914825823 1.1177699901545941 34500.000000000007 22.500000000000004 0.27300411529289109 1625.0000000000002 210.50000000000003 0.016530054644808747 1850.0000000000002
decision_type=2 8 2 2 8 2 2 10 2 2 10 10 2 10 10 2 10 2 2 10 10
left_child=4 3 13 -2 5 7 -7 12 9 -6 -11 14 -1 -3 -12 17 18 -9 -14 -10 -21
right_child=1 2 -4 -5 8 6 -8 15 19 10 11 -13 16 -15 -16 -17 -18 -19 -20 20 -22
leaf_value=-9.4222236575217889e-07 -2.5192485188738509e-12 1.68598612799578e-06 -0.0020829518019118845 1.0586800859982313e-07 0.00041257943833420264 -1.306704654245894e-08 -3.259484886889138e-08 -1.0300213777275224e-08 -1.4418980882585655e-05 2.7645653432081134e-06 -1.1452271799643173e-05 0.00028301175552292542 4.0830553909921355e-08 -1.5549351869004092e-07 -0.43521907967457124 7.1284357957595142e-08 2.8795890111075365e-10 0.00023841512434657087 2.8532744135325684e-10 2.8836935836216626e-06 1.0247213215527618e-07
leaf_weight=74 659 254 512 135 6319 72 264 1190 9169 184 859 1310 337 99 482 566 282 102 132 84 4239
leaf_count=74 659 254 512 135 6319 72 264 1190 9169 184 859 1310 337 99 482 566 282 102 132 84 4239
internal_value=-0.000346759 -0.00465858 -0.0009617 -0.00867455 -6.76876e-05 0.00211743 -0.00382204 0.00286457 -0.00035938 0.000502923 -0.00152503 -0.00206989 0.00607601 0.00455363 -0.00415607 0.00143372 0.00724855 -9.34178e-05 0.0100439 -0.00094507 0.000242303
internal_weight=27324 1659 865 794 25665 3019 336 2683 22646 9154 2835 2651 825 353 1341 1858 751 1292 469 13492 4323
internal_count=27324 1659 865 794 25665 3019 336 2683 22646 9154 2835 2651 825 353 1341 1858 751 1292 469 13492 4323
is_linear=0
shrinkage=0.0215534


Tree=67
num_leaves=22
num_cat=0
split_feature=124 5 63 40 31 100 48 61 48 19 127 2 89 106 56 11 28 0 91 121 42
split_gain=65.1188 52.2768 38.2263 35.8667 34.4356 33.7734 20.6509 20.33 19.3982 18.073 39.6311 24.842 17.5214 18.0414 20.3242 34.7075 30.412 17.2159 17.1306 20.3091 17.0222
threshold=27.500000000000004 28004.000000000004 1.0000000180025095e-35 7004.0000000000009 36504.000000000007 -2572.4295829718571 30750.000000000004 750.00000000000011 28916.666666666668 85500.000000000015 98.500000000000014 79000.000000000015 1004.0000000000001 -5003.9999999999991 20004.000000000004 47000.000000000007 48750.000000000007 10.000000000000002 2125.0000000000005 0.27922077922077926 -0.50912832745114067
decision_type=2 8 8 2 2 2 10 10 10 10 2 2 8 8 8 10 2 2 10 10 10
left_child=2 3 5 20 6 -1 8 12 -3 11 -11 -7 -4 -14 15 18 -16 -18 -15 -20 -2
right_child=1 4 7 -5 -6 9 -8 -9 -10 10 -12 -13 13 14 16 -17 17 -19 19 -21 -22
leaf_value=0.041028985370403115 -2.4649502108184743e-12 2.2490494484469757e-07 3.6397273735879626e-06 2.7937388668750068e-06 -0.0017206683561538007 -8.9079435827476741e-07 3.2849086803054009e-06 0.33835817924116818 -1.5214210857103431e-07 11.523483670379397 -193.20511780295462 -155.94019287417913 5.8582740282028176 2.6335510235153653e-09 7.6639587468606436 0.73210648934034439 1.2478358483564087 -38.366300856657546 -0.022942670947528335 4.5898967876211634 -1.1149239659579829e-08
leaf_weight=2498 277 81 393 96 554 13240 143 3623 87 209 107 230 165 2326 118 754 153 733 1015 101 421
leaf_count=2498 277 81 393 96 554 13240 143 3623 87 209 107 230 165 2326 118 754 153 733 1015 101 421
internal_value=-0.00064966 -0.00478849 -0.00038177 -0.00878312 -0.00111119 -0.00101334 0.00461414 0.000713614 -0.00046162 -0.00143146 0.00365475 -0.00155145 -8.08529e-05 -0.000404145 -0.000628353 2.8766e-05 -0.00338295 -0.00475775 -0.000886658 -0.00308209 -0.0104849
internal_weight=27324 1659 25665 794 865 16284 311 9381 168 13786 316 13470 5758 5365 5200 4196 1004 886 3442 1116 698
internal_count=27324 1659 25665 794 865 16284 311 9381 168 13786 316 13470 5758 5365 5200 4196 1004 886 3442 1116 698
is_linear=0
shrinkage=0.0215534


Tree=68
num_leaves=22
num_cat=0
split_feature=54 124 44 40 131 40 121 0 99 95 125 127 125 25 95 51 120 124 1 101 51
split_gain=53.0531 76.8623 43.1886 40.2644 35.3072 32.9744 32.1029 26.4523 39.3773 29.5126 33.7775 25.638 37.2052 24.8623 32.712 37.6759 29.3211 24.7361 23.9802 32.7436 23.6774
threshold=938.80963562504564 27.500000000000004 53750.000000000007 1.0000000180025095e-35 1.0000000180025095e-35 37500.000000000007 0.22649572649572652 21.000000000000004 28637.351617731951 0.018556318056835532 12.500000000000002 74.500000000000014 8.5000000000000018 2.5000000000000004 0.19554635791780381 29916.666666666668 1.0000000180025095e-35 51.500000000000007 11.000000000000002 87.075055036278187 49000.000000000007
decision_type=8 2 10 2 2 2 10 2 2 10 2 2 2 2 10 10 10 2 2 2 10
left_child=1 7 6 -3 -5 11 13 8 9 -1 -11 -4 -13 14 15 -2 -17 -15 19 -18 -14
right_child=2 3 5 4 -6 -7 -8 -9 -10 10 -12 12 20 17 -16 16 18 -19 -20 -21 -22
leaf_value=1.8607547516350965e-08 4.3219917335552402e-08 -2.411822214558694e-12 2.660907381229944 2.4000759645208581e-10 -1.0911591456254811e-08 -188.34343091158843 0.83784699289532749 1.6821911254416188e-07 -1.8941799827592134e-06 -1.2553268859930045e-07 1.7948533797657839e-08 2.1147740817752263 3.6001746747302317 -7.6941276364295453e-06 -0.48318849030483296 -0.0020534052984673462 107.60496011369791 -2.55934119315512e-08 -0.0018737165640287088 -1.1103671410874534 -0.11717681272504876
leaf_weight=372 1083 240 2059 130 138 274 1304 1521 634 168 324 842 374 13598 118 593 73 193 557 110 2619
leaf_count=372 1083 240 2059 130 138 274 1304 1521 634 168 324 842 374 13598 118 593 73 193 557 110 2619
internal_value=-0.00029943 0.00216689 -0.000665338 -0.00558242 0.000128652 0.000886163 -0.00120866 0.00347384 0.00143296 0.00442991 0.000946066 0.00122721 0.000183215 -0.00146892 -0.00343276 -0.00288675 -0.00531276 -0.00110743 -0.00243463 0.00430835 -0.000940455
internal_weight=27324 3527 23797 508 268 6168 17629 3019 1498 864 492 5894 3835 16325 2534 2416 1333 13791 740 183 2993
internal_count=27324 3527 23797 508 268 6168 17629 3019 1498 864 492 5894 3835 16325 2534 2416 1333 13791 740 183 2993
is_linear=0
shrinkage=0.0215534


Tree=69
num_leaves=22
num_cat=0
split_feature=59 29 127 45 42 42 41 32 98 51 23 40 74 112 127 95 127 40 42 9 77
split_gain=63.0961 37.3461 36.6109 47.4441 36.2109 47.6518 35.9631 34.9763 34.255 33.9621 41.333 51.1306 33.7014 33.4466 33.3682 53.6884 32.4454 32.5935 29.2461 29.1111 32.7996
threshold=3504.0000000000005 56500.000000000007 58.500000000000007 53750.000000000007 0.84757937952601281 0.87250287177823171 750.00000000000011 16795.222137667613 20250.112572776932 28250.000000000004 1.0000000180025095e-35 1.0000000180025095e-35 45004.000000000007 0.036038961038961044 112.50000000000001 0.10906798530655995 38.500000000000007 2250.0000000000005 -0.3227486121839504 15004.000000000002 33500.000000000007
decision_type=10 2 2 10 8 10 2 2 2 8 10 2 8 10 2 10 2 2 10 8 10
left_child=9 2 3 12 6 -6 -4 -3 -7 10 11 -1 16 -12 15 -10 -2 -18 -15 -8 -21
right_child=1 7 4 -5 5 8 19 -9 14 -11 13 -13 -14 18 -16 -17 17 -19 -20 20 -22
leaf_value=-2.3598393059255081e-12 1.340383106558649e-06 1.2904856736014889 -0.00082441812618974793 9.8146453187612988 3.2557755699905458e-06 5.7681887155964502e-07 -1.0483835601898858e-05 -98.575613462005506 -0.0031383495260247102 2.3280801682238937e-09 1.8206550033034005e-08 2.3483462272196277e-10 -0.0030842127322656984 20.579503969798456 -0.00031559039070939732 2.4696206964944292 0.00064562765340523342 -0.0019368112791150758 -6.4358726649944857e-08 3.3531152908880525e-06 -0.0015986465472191144
leaf_weight=132 956 4807 1199 141 300 450 1731 470 229 3089 1239 198 630 100 1989 170 256 475 286 3840 4637
leaf_count=132 956 4807 1199 141 300 450 1731 470 229 3089 1239 198 630 100 1989 170 256 475 286 3840 4637
internal_value=-5.01682e-05 -0.000543282 -0.00103513 -0.00346874 -0.000623258 0.00142586 -0.00118772 0.00103987 0.000558942 0.00212624 0.00435014 -0.00258564 -0.00421003 0.00576402 -0.000465709 0.00521689 -0.00261385 -0.00603177 0.00020098 -0.000771928 -0.000250695
internal_weight=27324 22280 17003 2458 14545 3138 11407 5277 2838 5044 1955 330 2317 1625 2388 399 1687 731 386 10208 8477
internal_count=27324 22280 17003 2458 14545 3138 11407 5277 2838 5044 1955 330 2317 1625 2388 399 1687 731 386 10208 8477
is_linear=0
shrinkage=0.0215534


Tree=70
num_leaves=22
num_cat=0
split_feature=55 12 23 28 44 0 112 12 12 101 121 53 0 80 4 100 112 101 124 55 76
split_gain=49.7148 34.2589 33.3126 31.3776 30.0839 21.9219 24.2479 21.7898 23.639 22.579 21.5522 24.4854 33.1224 53.7877 27.2782 27.3333 29.2893 30.186 28.5522 27.0584 22.0585
threshold=1217.9025065152932 112500.00000000001 182.57418583494601 63750.000000000007 28002.000000000004 33.000000000000007 -0.27149877149877144 26500.000000000004 29500.000000000004 -39.801126687520075 0.27922077922077926 4035.2607187858589 21.000000000000004 29500.000000000004 13500.000000000002 8.2495936046689184 -0.10912698412698411 -2356.250605295681 45.500000000000007 2572.2698549879774 17500.000000000004
decision_type=10 8 10 2 8 2 10 8 10 2 10 10 2 10 8 2 10 2 2 10 10
left_child=4 3 -3 10 7 6 -5 9 -9 -1 11 12 13 14 -2 16 17 -16 -18 -15 -13
right_child=1 2 -4 5 -6 -7 -8 8 -10 -11 -12 20 -14 19 15 -17 18 -19 -20 -21 -22
leaf_value=-1.3357372386580452e-08 -0.00053496994354487769 -0.00030563347408966556 -0.0072765294840726131 9.8180316409779174 8.6544968982078978e-10 -0.32532533671464692 2.1362624551126284 1.5691514893773059e-08 -1.294014748752841e-08 7.4145135576931968e-09 1.1112557530344294 -0.00020806976221992806 -8.4335579816527634e-06 -0.0076214639482470696 0.00047401932550708077 5.7401467149561813e-07 4.0555736169482582e-06 -8.5847257936433639e-06 -9.5214739315191828e-08 5.7262555164092081e-06 -0.00039347079633736967
leaf_weight=119 170 120 1574 89 2437 1117 1964 1866 398 150 1514 689 2359 276 86 502 563 210 72 570 10479
leaf_count=119 170 120 1574 89 2437 1117 1964 1866 398 150 1514 689 2359 276 86 502 563 210 72 570 10479
internal_value=5.17458e-05 -0.00038143 -0.00332824 -0.000139377 0.00200178 0.001833 0.00315569 0.00364683 0.00433714 -0.00213053 -0.000497364 -0.000730674 0.000554066 0.00231102 0.00463308 0.00560379 0.00779172 0.00215463 0.0104051 -0.00207867 -0.00128455
internal_weight=27324 22354 1694 20660 4970 3170 2053 2533 2264 269 17490 15976 4808 2449 1603 1433 931 296 635 846 11168
internal_count=27324 22354 1694 20660 4970 3170 2053 2533 2264 269 17490 15976 4808 2449 1603 1433 931 296 635 846 11168
is_linear=0
shrinkage=0.0215534


Tree=71
num_leaves=22
num_cat=0
split_feature=40 41 1 96 80 54 100 23 95 80 23 130 38 0 42 1 48 62 80 31 92
split_gain=47.5601 27.2853 48.2646 31.5187 43.6199 53.359 61.6141 38.7713 38.0975 35.2035 32.134 28.7059 24.2196 35.0031 26.4258 23.7267 26.6455 33.843 23.974 23.6797 29.1038
threshold=8004.0000000000009 3750.0000000000005 11.000000000000002 27252.513291450447 28004.000000000004 938.80963562504564 0.0093720930199197045 1.0000000180025095e-35 0.095136281731151115 29500.000000000004 520.83045976219603 -0.93301270189221919 -166.66666666666967 39.500000000000007 0.95382706882336776 9.0000000000000018 44000.000000000007 7000.0000000000009 112500.00000000001 72500.000000000015 1062.5000000000002
decision_type=2 2 2 2 8 8 2 10 10 8 10 2 2 2 8 2 8 10 10 2 10
left_child=1 3 15 8 5 6 -5 -7 -1 10 -6 -11 -13 -14 -15 -3 -17 18 -18 -2 -21
right_child=19 2 -4 4 9 7 -8 -9 -10 11 -12 12 13 14 -16 16 17 -19 -20 20 -22
leaf_value=6.2109380361710338e-08 -0.00050018424759397297 0.0033282142136450334 -8.715427646219579e-06 -1.5354846706817385e-10 1.8488331023372891e-08 1.6573115928892615e-07 1.7473242901795217e-08 -0.44355727069700879 -1.2459640331642299e-05 7.1777736152038984e-06 9.804488594344298e-09 4.4118171324914508e-06 -1.7525128568770047e-05 1.7954997359957671e-05 -3.2977922819175737e-09 105.40082918582628 0.00022976791645690681 105.03567338591446 9.9710363981844203 3.8746742655858872 -0.16900409976935851
leaf_weight=2125 6950 2295 5966 313 396 93 173 75 410 238 272 790 1548 279 313 317 1268 366 155 473 2509
leaf_count=2125 6950 2295 5966 313 396 93 173 75 410 238 272 790 1548 279 313 317 1268 366 155 473 2509
internal_value=0.000174799 0.000854596 0.000150937 0.00189176 0.000804515 -0.00433639 -0.00796336 0.00610319 0.00381399 0.00168332 0.00618116 0.000732032 0.000144177 -0.00104338 0.0034072 0.0018639 0.00351633 0.00248892 0.000978395 -0.00101473 0.000589773
internal_weight=27324 17392 10367 7025 4490 654 486 168 2535 3836 668 3168 2930 2140 592 4401 2106 1789 1423 9932 2982
internal_count=27324 17392 10367 7025 4490 654 486 168 2535 3836 668 3168 2930 2140 592 4401 2106 1789 1423 9932 2982
is_linear=0
shrinkage=0.0215534


Tree=72
num_leaves=22
num_cat=0
split_feature=31 49 92 74 92 9 59 130 102 42 80 26 102 26 64 26 26 59 125 71 37
split_gain=47.3367 53.2066 41.9305 37.8962 36.2668 31.6086 31.1078 29.6344 33.6734 49.8385 28.3229 24.2296 23.1994 22.3801 22.2872 29.9158 35.5214 29.5587 29.5271 29.2686 21.6896
threshold=35004.000000000007 49333.333333333336 2625.0000000000005 61000.000000000007 1562.5000000000002 14500.000000000002 24500.000000000004 -0.6830127018922193 265.08601384871696 -1.5496013786096265 39500.000000000007 11.500000000000002 3738.8614880298887 40.500000000000007 -0.040408163265306114 42.500000000000007 31.500000000000004 19500.000000000004 8.5000000000000018 59000.000000000007 -11749.999999999998
decision_type=2 10 10 8 10 8 10 2 2 10 10 2 2 2 10 2 2 10 2 10 2
left_child=2 3 5 4 6 -1 -2 8 9 -7 -9 -3 20 -10 18 16 -16 -17 19 -13 -6
right_child=1 11 -4 -5 12 7 -8 10 13 -11 -12 14 -14 -15 15 17 -18 -19 -20 -21 -22
leaf_value=-9.7880102683223152e-06 -0.0027416840980103527 1.9356427558876061 -1.7613363438975379e-05 -0.02742642097158764 83.494528122215385 -1.0530792868868439e-09 0.034280092882317384 1.8550680532199737e-08 -7.0593576806329135e-06 4.9374254527418297e-07 -0.0074060451855295899 -0.041566535766824786 2.1416180250122205 9.3427811276509072e-08 0.026320219933858094 90.264464898993879 -0.23919661814311144 0.54323359956425143 -0.14174997274824924 5.0075831669815063 -0.00048940358893452291
leaf_weight=980 2160 2412 2533 794 161 95 186 6401 142 1144 72 242 283 352 2493 286 446 327 1650 325 3840
leaf_count=980 2160 2412 2533 794 161 95 186 6401 142 1144 72 242 283 352 2493 286 446 327 1650 325 3840
internal_value=0.000102229 -0.000674843 0.00113771 -0.00199622 -0.00146158 0.0018151 -0.00361596 0.00225249 0.00475814 0.00665509 0.00158027 0.000523219 -0.000279726 0 -0.000233875 0.000822793 -7.77354e-05 0.00515369 -0.00193068 0.00230319 -0.000703526
internal_weight=27324 15605 11719 7424 6630 9186 2346 8206 1733 1239 6473 8181 4284 494 5769 3552 2939 613 2217 567 4001
internal_count=27324 15605 11719 7424 6630 9186 2346 8206 1733 1239 6473 8181 4284 494 5769 3552 2939 613 2217 567 4001
is_linear=0
shrinkage=0.0215534


Tree=73
num_leaves=22
num_cat=0
split_feature=124 89 5 49 124 124 54 29 95 100 99 127 99 58 131 111 61 131 130 16 15
split_gain=43.514 51.6626 44.2909 37.0976 41.44 38.7285 59.3311 32.9184 29.0403 28.9258 26.967 26.4425 25.8326 24.3251 24.062 23.7089 23.6975 33.5023 23.9829 31.4783 31.5911
threshold=49.500000000000007 4500.0000000000009 14500.000000000002 26916.666666666668 3.5000000000000004 27.500000000000004 764.22220229521076 34750.000000000007 0.053282965162061199 -4233.5640637622701 10826.82724826559 324.50000000000006 29183.018588738349 2250.0000000000005 -0.5 0.078461538461538485 5265.0000000000009 0.6830127018922193 0.68301270189221941 81273.148148148161 81547.619047619068
decision_type=2 8 10 10 2 2 10 2 10 2 2 2 2 8 2 10 10 2 2 10 10
left_child=1 2 12 4 15 13 11 -8 -6 -3 -11 -7 -1 -5 -2 -4 18 -18 19 20 -12
right_child=14 9 3 5 8 6 7 -9 -10 10 16 -13 -14 -15 -16 -17 17 -19 -20 -21 -22
leaf_value=-7.8529748076228299e-06 -7.8726321549261798e-10 2.0539154290581876 4.8488513843793603e-07 1.6696805770909562e-08 2.5035068782211963e-06 -7.370343680861726e-10 2.7959165445847387e-06 -0.0015683513985949853 4.7011919716348289e-07 0.87150187239146548 -0.00037992579131245391 -1.438544528388374e-08 -0.012126507382326153 -3.4222536229366799e-06 -2.1658185163277145e-08 -19.696707375210817 -0.03905933536381262 104.84566064655554 1.8545113859138639e-05 -100.33499666172342 11.775050544971352
leaf_weight=965 201 1728 560 2572 854 136 249 319 217 75 11383 86 179 1159 272 124 680 410 4648 364 143
leaf_count=965 201 1728 560 2572 854 136 249 319 217 75 11383 86 179 1159 272 124 680 410 4648 364 143
internal_value=7.38323e-05 0.000188314 0.00171844 0.00243004 0.00509147 0.00139491 -0.00293526 0.000743623 0.00773918 -0.000395548 -0.000655741 -0.0123828 -0.00217776 0.00231414 -0.00640543 0.000932592 -0.000711106 0.00236473 -0.000914365 -0.0014277 -0.00122969
internal_weight=27324 26851 7420 6276 1755 4521 790 568 1071 19431 17703 222 1144 3731 473 684 17628 1090 16538 11890 11526
internal_count=27324 26851 7420 6276 1755 4521 790 568 1071 19431 17703 222 1144 3731 473 684 17628 1090 16538 11890 11526
is_linear=0
shrinkage=0.0215534


Tree=74
num_leaves=22
num_cat=0
split_feature=31 48 16 16 55 89 95 40 92 35 77 80 0 14 77 124 0 38 43 34 124
split_gain=47.9626 43.3127 34.8638 74.8546 48.994 42.0665 36.9773 32.9735 30.0334 32.998 31.9083 29.0984 28.2976 32.741 27.975 39.0575 27.8705 47.5653 30.4289 27.3959 26.352
threshold=35004.000000000007 51916.666666666672 28000.133333333335 27966.800000000007 1001.9064032049168 1004.0000000000001 0.051427323993745992 37500.000000000007 1562.5000000000002 0.14149429829818252 45500.000000000007 71500.000000000015 21.000000000000004 28214.285714285717 25500.000000000004 18.500000000000004 33.000000000000007 1083.3333333333323 0.45833333333333343 2375.0000000000005 15.500000000000002
decision_type=2 10 8 10 8 10 10 2 10 2 8 10 2 10 10 2 2 2 2 2 2
left_child=2 8 3 6 -5 -4 14 16 9 10 -2 -10 19 -14 -1 -16 17 -3 -18 -7 -21
right_child=1 7 5 4 -6 12 -8 -9 11 -11 -12 -13 13 -15 15 -17 18 -19 -20 20 -22
leaf_value=2.344004633291432e-06 -0.0016290088475573287 3.6310056362979468 3.9522533719953534e-07 -7.2114878996002869e-10 9.4263277098640137e-08 -8.6353932800216058e-06 -2.8687766534779568e-06 -185.01397471454646 -0.00011964282645525267 -4.3826495686508356e-05 -0.0030273936414798035 -0.093516750293028486 1.1153974587947138e-05 2.8457916157215811e-06 1.3435286589088458e-08 -1.4075390387081716e-08 0.16905865862638103 0.035910356785436325 -98.805778130359911 2.1182194331118835e-05 4.2626053190337973e-05
leaf_weight=1486 1455 1600 1028 341 90 1156 4526 294 5203 983 398 736 305 1267 838 193 1757 2634 545 386 103
leaf_count=1486 1455 1600 1028 341 90 1156 4526 294 5203 983 398 736 305 1267 838 193 1757 2634 545 386 103
internal_value=0.000132204 -0.000649981 0.00117449 0.000287222 -0.00842937 0.0027346 0.000821974 0.000636179 -0.00165204 -0.0034776 -0.00517114 -0.000778798 0.00151814 0.00358652 0.00291649 0.000179774 0.000954983 0.00199341 -0.000951231 -0.000453318 0.00381625
internal_weight=27324 15605 11719 7474 431 4245 7043 6830 8775 2836 1853 5939 3217 1572 2517 1031 6536 4234 2302 1645 489
internal_count=27324 15605 11719 7474 431 4245 7043 6830 8775 2836 1853 5939 3217 1572 2517 1031 6536 4234 2302 1645 489
is_linear=0
shrinkage=0.0215534


Tree=75
num_leaves=22
num_cat=0
split_feature=124 29 48 20 23 38 51 29 29 112 120 101 80 42 38 28 48 124 25 37 38
split_gain=39.6156 41.4023 36.7318 35.7729 41.7465 30.2922 27.4901 37.5073 30.881 26.3514 25.3338 30.1374 26.5982 23.1027 24.1486 26.5275 28.316 25.6674 25.663 24.7902 22.0148
threshold=49.500000000000007 32333.333333333339 51916.666666666672 33250.000000000007 5317.5052486066243 15833.333333333334 26916.666666666668 29667.333333333339 34750.000000000007 1.1690476190476193 0.080128205128205135 1276.2038973582223 37500.000000000007 1.575397763858102 -8249.9999999999982 48750.000000000007 38416.666666666679 1.5000000000000002 9.5000000000000018 4750.0000000000009 -2833.3333333333326
decision_type=2 2 10 8 10 2 10 2 2 8 10 2 10 8 2 2 10 2 2 2 2
left_child=1 3 13 4 10 -4 -2 -8 -9 -7 11 20 -12 14 17 16 18 -3 19 -16 -1
right_child=6 2 5 -5 -6 9 7 8 -10 -11 12 -13 -14 -15 15 -17 -18 -19 -20 -21 -22
leaf_value=-7.0012434214139779e-06 9.0041177862079573e-08 33.426300125517841 0.63666229998252433 3.8439038596141104e-05 -0.91762683080349128 -176.21117095445447 -2.5647923345605214e-09 6.7383893402732643e-06 -0.0028508258252232105 18.9867958296377 -3.5825171175498824e-08 -0.0091442810010222645 -0.016972116723153786 1.7981053755237217 -0.0073443028482555782 -0.015637636623508373 -0.00018177509398490193 -0.036218709092367504 0.00031079395710472584 9.8905278101179403e-05 2.0458114136295354e-07
leaf_weight=882 102 404 6443 384 72 291 165 83 123 71 3466 488 139 316 737 1926 4404 503 138 143 6044
leaf_count=882 102 404 6443 384 72 291 165 83 123 71 3466 488 139 316 737 1926 4404 503 138 143 6044
internal_value=5.01682e-05 0.000159416 -0.000571352 0.00113936 0.000914519 0.000610011 -0.00613208 -0.00886297 -0.00267721 -0.00545235 0.00102221 0.00174309 -0.000457961 -0.0015103 -0.00172999 -0.00214006 -0.00136584 0.00158247 -0.00460664 -0.00596569 0.00210863
internal_weight=27324 26851 15376 11475 11091 6805 473 371 206 362 11019 7414 3605 8571 8255 7348 5422 907 1018 880 6926
internal_count=27324 26851 15376 11475 11091 6805 473 371 206 362 11019 7414 3605 8571 8255 7348 5422 907 1018 880 6926
is_linear=0
shrinkage=0.0215534


Tree=76
num_leaves=22
num_cat=0
split_feature=29 1 16 77 55 127 16 46 43 125 101 127 130 55 42 127 42 29 112 118 112
split_gain=37.1525 45.3967 41.1585 72.193 53.1461 31.1988 29.0156 32.7206 28.8255 32.659 26.5614 40.9015 26.5888 23.7733 23.3341 24.7958 23.0856 26.4462 31.6585 29.3223 27.6413
threshold=32333.333333333339 11.000000000000002 28000.133333333335 27500.000000000004 1001.9064032049168 74.500000000000014 28450.000000000004 31750.000000000004 0.27500000000000008 15.500000000000002 1381.2635519776306 204.50000000000003 1.0000000180025095e-35 4059.9541878469477 0.10403129732206043 220.50000000000003 -1.1419832184327781 48500.000000000007 -0.29289215686274506 0.15476190476190479 0.55777777777777793
decision_type=2 2 8 10 8 2 10 10 2 2 2 2 2 10 10 2 10 2 10 8 8
left_child=2 5 3 8 -5 16 -4 -8 9 -1 11 -10 -12 -7 -13 -16 -2 18 -18 -19 -21
right_child=1 -3 6 4 -6 13 7 -9 10 -11 12 14 -14 -15 15 -17 17 19 -20 20 -22
leaf_value=9.7637669691257174e-07 97.93760015434124 -0.0023045142594209545 7.5057111133210657e-07 -4.8641033804137615e-09 1.9579671548779941e-07 2.9739567285227149 2.0576946836042694e-07 1.8799885270904428e-05 5.877617378097859e-06 -7.4136375275809068e-05 0.0016613965368033228 -2.6793492871485808e-08 -19.677485749421994 -0.00052945019371570916 -0.007888271514448153 9.6839496862866327e-07 -1.9065985959011194 2.7606610045128566 0.26861408461927361 4.1392079986306518 -101.55316166942045
leaf_weight=777 331 5011 630 332 84 235 3101 594 2571 772 482 1014 526 7686 160 771 91 1420 148 336 252
leaf_count=777 331 5011 630 332 84 235 3101 594 2571 772 482 1014 526 7686 160 771 91 1420 148 336 252
internal_value=9.90741e-05 -0.000594208 0.00100998 4.20191e-05 -0.00868145 0.000210626 0.00268402 0.00195171 0.000556425 -0.00203972 0.001286 0.00199302 -0.00187291 -0.000458763 -0.000361239 0.00209724 0.00227063 0.00148287 -0.00528245 0.00229262 -0.00174451
internal_weight=27324 15510 11814 7489 416 10499 4325 3695 7073 1549 5524 4516 1008 7921 1945 931 2578 2247 239 2008 588
internal_count=27324 15510 11814 7489 416 10499 4325 3695 7073 1549 5524 4516 1008 7921 1945 931 2578 2247 239 2008 588
is_linear=0
shrinkage=0.0215534


Tree=77
num_leaves=22
num_cat=0
split_feature=77 96 58 107 31 39 48 0 54 26 97 41 40 48 26 77 0 42 101 39 48
split_gain=34.9099 59.505 57.7297 53.4866 42.8466 40.1465 38.4228 32.804 62.3545 33.187 33.3719 30.7393 29.5502 29.2721 29.0842 26.6606 25.541 26.1359 24.1498 22.8745 23.5018
threshold=25500.000000000004 28000.000000211065 2750.0000000000005 -2499.9999999999995 35004.000000000007 0.96490147783251246 51916.666666666672 21.000000000000004 1866.3636829447485 16.500000000000004 26195.774980100741 1746.0000000000002 37500.000000000007 26916.666666666668 10.500000000000002 49000.000000000007 33.000000000000007 0.28455694568981665 -4817.9718885437278 1.0517395182872438 30750.000000000004
decision_type=10 2 10 10 2 2 8 2 8 2 2 2 2 10 2 10 2 10 2 2 10
left_child=7 2 3 -2 11 -5 -6 9 -9 -1 -11 19 14 -4 -8 -14 17 -16 -10 -3 -21
right_child=1 4 13 5 6 -7 12 8 18 10 -12 -13 15 -15 16 -17 -18 -19 -20 20 -22
leaf_value=0.00057185001762302332 0.025099738014675174 -4.6893050424340233e-09 4.271464530352424e-07 -2.8763580322273599e-09 -0.0014256588210801117 -2.101571721103499e-08 3.0051324468511162 9.3083848692876979e-06 65.28026886367185 1.1780058255009133e-06 -0.020081960248328212 1.7446395158757436e-05 27.007723580235869 -2.8763580322273599e-09 2.1036461546621177 -272.42438727665763 -1.0546015952701233 -0.060235901827057577 -9.0192737200755136e-06 3.5598319736676881e-07 1.841918975656986e-05
leaf_weight=938 198 2400 89 231 8296 788 1915 290 150 1841 317 1044 73 167 1287 209 1564 1608 3445 311 163
leaf_count=938 198 2400 89 231 8296 788 1915 290 150 1841 317 1044 73 167 1287 209 1564 1608 3445 311 163
internal_value=2.01936e-05 -0.00043079 -0.00460301 -0.00656288 -0.000104626 -0.00855706 -0.000630799 0.00133561 1.44256e-05 0.00299064 0.00151406 0.00190114 0.000588047 0.00467932 0.000891338 -0.00623453 -6.09044e-05 0.00113608 -0.000758995 0.00074692 0.00507353
internal_weight=27324 20343 1473 1217 18870 1019 14952 6981 3885 3096 2158 3918 6656 256 6374 282 4459 2895 3595 2874 474
internal_count=27324 20343 1473 1217 18870 1019 14952 6981 3885 3096 2158 3918 6656 256 6374 282 4459 2895 3595 2874 474
is_linear=0
shrinkage=0.0215534


Tree=78
num_leaves=22
num_cat=0
split_feature=77 52 0 127 16 54 127 89 102 42 41 74 42 107 124 23 51 31 127 31 111
split_gain=24.5249 48.9101 34.3572 33.2242 39.3063 55.9699 37.5209 32.5709 32.7559 30.1492 29.3016 36.2429 27.8254 35.0446 34.4116 27.1694 31.1735 27.0168 41.0018 25.9881 24.9643
threshold=25500.000000000004 2105.3100959880271 21.000000000000004 74.500000000000014 28000.133333333335 865.54360876699582 339.50000000000006 2900.0000000000005 57.357300216766824 -0.84654553446549896 8500.0000000000018 26500.000000000004 0.14271181499259711 504.00000000000006 11.500000000000002 1.0000000180025095e-35 15916.66666666667 35004.000000000007 184.50000000000003 122500.00000000001 0.070197044334975381
decision_type=10 8 2 2 10 10 2 8 2 8 2 10 8 8 2 8 10 2 2 2 10
left_child=1 7 10 12 5 6 9 -1 -9 -5 11 15 -2 14 -14 16 -3 18 -6 -15 -20
right_child=3 2 -4 4 17 -7 -8 8 -10 -11 -12 -13 13 19 -16 -17 -18 -19 20 -21 -22
leaf_value=0.00043278320939327931 0.00023275407720763802 2.3100067580161056e-06 -8.1561802455869559e-06 -6.3854880879994033e-09 -1.6198975674917802e-08 7.7690619121790472e-08 21.553374899417218 8.1089266950466143e-06 -0.020241081484604059 -2.5763043037935702e-08 42.82130736936589 -0.0093581687091514616 -0.0010879252617455747 0.00022161786760073682 -0.0019609195207771647 9.1252284118864354e-06 -2.8576637341729038e-07 -0.0028485029142902079 2.8032243784961989e-06 -317.49171815010561 -0.00032548459541683483
leaf_weight=138 2712 98 3513 241 1418 266 72 362 224 595 122 254 592 1306 318 2139 131 11246 1368 71 138
leaf_count=138 2712 98 3513 241 1418 266 72 362 224 595 122 254 592 1306 318 2139 131 11246 1368 71 138
internal_value=1.0728e-05 0.00111331 0.000498094 -0.000367221 -0.000864714 -0.00465543 -0.00720582 0.0064175 0.00417756 -0.00849659 0.00230607 0.00182153 0.00115806 -0.000589938 -0.00387445 0.00265401 -0.00438408 -0.000550011 0.00129434 0.00157452 0.00377231
internal_weight=27324 6981 6257 20343 15344 1174 908 724 586 836 2744 2622 4999 2287 910 2368 229 14170 2924 1377 1506
internal_count=27324 6981 6257 20343 15344 1174 908 724 586 836 2744 2622 4999 2287 910 2368 229 14170 2924 1377 1506
is_linear=0
shrinkage=0.0215534


Tree=79
num_leaves=22
num_cat=0
split_feature=95 12 35 89 29 42 48 92 94 48 127 127 63 101 47 99 125 41 127 62 2
split_gain=26.6173 55.4114 44.9516 36.3174 32.5445 47.2128 39.5564 35.4091 33.9723 32.6328 29.1072 27.1688 31.1648 29.5068 26.5571 26.3193 25.1043 24.1346 30.4098 29.9644 23.9317
threshold=0.022901761780917896 28004.000000000004 0.030147913548188826 1004.0000000000001 32333.333333333339 -0.9121275484464263 37583.333333333336 550.00000000000011 0.14626692953424825 22916.666666666668 74.500000000000014 18.500000000000004 35002.000000000007 19882.052199859587 36250.000000000007 26937.446203525829 10.500000000000002 5504.0000000000009 304.50000000000006 425.00000000000006 33500.000000000007
decision_type=8 8 2 10 2 8 8 10 10 10 2 2 10 2 10 2 2 2 2 10 2
left_child=1 2 15 -3 5 8 -6 9 -2 -7 11 12 -8 -13 -12 -1 -17 18 19 -4 -16
right_child=4 3 17 -5 6 7 10 -9 -10 -11 14 13 -14 -15 20 16 -18 -19 -20 -21 -22
leaf_value=5.4470494707723572e-09 -2.0206428715861527e-06 6.3759824541781576e-07 -9.0421596462751812e-08 -0.00010029487290632512 -0.0016485761559921538 8.9437031846779534e-06 -0.049473096026887958 1.3474439995056014e-06 -0.49748516476985655 3.2412507943458074e-05 2.2826202073523492 1.6799738666566415 71.581411151021683 -93.931085232572983 67.319828982467214 -1.5497943793578262e-08 -2.0007477049170122e-08 4.773821077700697e-06 3.1583425045125002e-06 3.4725287146851423e-08 -0.003203496521773987
leaf_weight=106 1628 1643 401 600 841 990 748 5121 158 788 153 2180 72 157 181 241 525 73 104 245 10369
leaf_count=106 1628 1643 401 600 841 990 748 5121 158 788 153 2180 72 157 181 241 525 73 104 245 10369
internal_value=-5.4901e-05 -0.00169445 -0.00463593 0.00052464 0.000220823 0.00126713 -0.000396729 0.00207627 -0.00185354 0.00469833 -0.000120674 0.00169718 -0.0016715 0.00288289 -0.000657692 -0.00804699 -0.00944174 -0.00101077 -0.0021723 -0.00392305 -0.000787764
internal_weight=27324 3938 1695 2243 23386 8685 14701 6899 1786 1778 13860 3157 820 2337 10703 872 766 823 750 646 10550
internal_count=27324 3938 1695 2243 23386 8685 14701 6899 1786 1778 13860 3157 820 2337 10703 872 766 823 750 646 10550
is_linear=0
shrinkage=0.0215534


Tree=80
num_leaves=22
num_cat=0
split_feature=77 35 80 54 12 100 124 112 28 28 31 130 89 92 42 5 0 51 42 0 42
split_gain=22.3909 47.9022 35.957 36.2954 35.6867 21.8281 28.4163 21.7817 25.55 31.5188 22.6201 46.8093 33.8146 30.5201 25.292 21.9096 21.8765 20.7438 20.514 29.4845 22.9859
threshold=25500.000000000004 0.023424278964210215 28504.000000000004 865.54360876699582 26500.000000000004 -37.584376178837367 49.500000000000007 1.4000800000000002 112500.00000000001 93750.000000000015 35004.000000000007 -0.6830127018922193 8500.0000000000018 550.00000000000011 0.40716826095252967 27350.000000000004 10.000000000000002 46500.000000000007 -1.1419832184327781 33.000000000000007 0.27534502837876557
decision_type=10 2 10 10 10 2 2 10 2 2 2 2 10 10 10 10 2 10 10 2 10
left_child=1 -1 3 4 -2 -6 -7 8 9 10 11 13 16 -4 -15 -13 -12 -18 -14 20 -20
right_child=2 -3 7 -5 5 6 -8 -9 -10 -11 12 15 18 14 -16 -17 17 -19 19 -21 -22
leaf_value=0.0004234086635269091 4.7366992333845535e-09 2.4673091453790791e-06 1.5270387242138764e-05 1.9297987944328999e-08 3.3089247819625871e-10 -2.4776533854373518e-08 -4.3294101012075814e-10 20.612932786164272 -349.64805321461 13.085443967159909 4.7803046304820353e-05 -9.1583608182704346e-05 0.44461493408734848 2.7950133701999618e-05 -4.9887453950190004e-06 9.7915664100385448e-08 -0.0097352340297722322 -0.00022727531431590011 0.0033629343264823561 -0.47736509804523752 -0.0017911189450191853
leaf_weight=148 265 6833 413 289 102 456 117 142 122 405 520 354 1373 230 179 2982 1209 456 3163 2762 4804
leaf_count=148 265 6833 413 289 102 456 117 142 122 405 520 354 1373 230 179 2982 1209 456 3163 2762 4804
internal_value=-0.000143247 0.000909546 -0.000504955 -0.00407885 -0.00613519 -0.00876694 -0.0104025 -0.000274688 -0.000338091 -0.000273961 -0.000405008 0.000993154 -0.000812527 0.00560006 0.00140143 -0.000139552 -0.0032807 -0.00448646 -0.000366166 -0.000684222 -1.78558e-05
internal_weight=27324 6981 20343 1229 940 675 573 19114 18972 18850 18445 4158 14287 822 409 3336 2185 1665 12102 10729 7967
internal_count=27324 6981 20343 1229 940 675 573 19114 18972 18850 18445 4158 14287 822 409 3336 2185 1665 12102 10729 7967
is_linear=0
shrinkage=0.0215534


Tree=81
num_leaves=22
num_cat=0
split_feature=95 5 43 38 127 29 89 43 74 12 47 127 42 108 22 101 5 48 51 127 49
split_gain=26.605 52.7574 38.7829 37.7215 35.3078 34.0944 43.9366 33.0049 30.9079 28.755 27.5528 25.6705 20.3386 20.2724 19.1397 22.6805 21.0663 19.0578 23.4297 19.4369 37.6818
threshold=0.018556318056835532 29500.000000000004 0.95833333333333337 -1666.6666666666695 340.50000000000006 32333.333333333339 8500.0000000000018 0.27500000000000008 29500.000000000004 7500.0000000000009 34250.000000000007 82.500000000000014 1.3258610570414522 -0.19523809523809521 1770.2887369110038 -1565.0950255619061 25500.000000000004 34750.000000000007 33500.000000000007 74.500000000000014 54833.333333333336
decision_type=8 8 2 2 2 2 10 2 10 10 10 2 8 10 10 2 8 10 8 2 10
left_child=1 3 8 -1 9 7 11 14 -3 -5 -9 -7 -11 -8 15 -2 -16 -15 -19 20 -20
right_child=5 2 -4 4 -6 6 13 10 -10 12 -12 -13 -14 17 16 -17 -18 18 19 -21 -22
leaf_value=4.6177502825503867e-06 0.4375274357252501 6.5201437690339824e-06 -0.046463891982765515 2.4141303061181043e-06 0.00057355163945137352 -0.013285786646808517 96.732935349736806 2.7602764607892558e-06 9.5340297203521977e-07 -2.618462139293036e-08 0.0011787461750506433 -0.0066871932885750086 7.6747183103640392e-08 -0.077243102054610574 -0.075491558969336764 -5.4021812513154634e-06 0.0010331890833302803 2.1106756341555775 -0.014466134219489722 -0.0029585275600641217 2.9962982869263568
leaf_weight=75 297 233 194 151 75 583 322 7279 1073 1421 119 959 110 243 324 1082 80 105 923 9686 1990
leaf_count=75 297 233 194 151 75 583 322 7279 1073 1421 119 959 110 243 324 1082 80 105 923 9686 1990
internal_value=-0.000159023 -0.00196381 0.00102875 -0.00441867 -0.00506114 9.12729e-05 -0.000548035 0.00112355 0.0023697 -0.00570964 0.00175851 -0.00399173 -0.00659651 -0.000147165 -0.00150612 -0.000290696 -0.00563237 -0.000280673 -0.000165586 -0.00025079 0.00129183
internal_weight=27324 3332 1500 1832 1757 23992 14811 9181 1306 1682 7398 1542 1531 13269 1783 1379 404 12947 12704 12599 2913
internal_count=27324 3332 1500 1832 1757 23992 14811 9181 1306 1682 7398 1542 1531 13269 1783 1379 404 12947 12704 12599 2913
is_linear=0
shrinkage=0.0215534


Tree=82
num_leaves=22
num_cat=0
split_feature=0 100 112 107 40 37 100 127 99 127 31 64 131 55 1 17 12 127 100 88 100
split_gain=18.9282 31.5063 31.2171 25.6707 27.045 24.6102 24.8574 20.889 28.8918 24.8629 19.7007 18.6696 25.9586 25.024 23.3746 18.43 28.1181 26.3397 23.2551 18.6446 17.7189
threshold=10.000000000000002 -306.60779510012065 -0.19991999999999996 40500.000000000007 37500.000000000007 3250.0000000000005 -2047.8839626692895 219.50000000000003 36832.040241727598 56.500000000000007 77500.000000000015 0.25462962962962971 0.6830127018922193 5484.8222964065126 9.0000000000000018 47500.000000000007 30500.000000000004 54.500000000000007 107.11131060083063 3750.0000000000005 -15938.001122913729
decision_type=2 2 8 8 2 2 2 2 2 2 2 8 2 8 2 10 8 2 2 10 2
left_child=3 20 -3 4 5 6 -1 9 -9 -7 15 -4 14 -14 -13 16 18 -18 -8 -20 -2
right_child=1 2 11 -5 -6 7 10 8 -10 -11 -12 12 13 -15 -16 -17 17 -19 19 -21 -22
leaf_value=-0.058680274353969705 196.211957462653 -0.050553996279308996 -9.3177901507886607e-08 1.1667511274279354 -176.79423686758639 -0.0013865577741577677 -4.4937195076539505e-09 1.8528398333550558e-05 -0.17185076144946063 0.90159076269284799 4.1865057728630086 -104.7037492898565 207.44111581030299 2.1321610039081573 0.82559627768795341 -0.0066018732400308297 -0.00014205257240344993 3.8138369494245753e-05 0.00041424084964142353 -0.0077193668257461972 1.4804587912793333e-05
leaf_weight=292 89 1117 13199 217 95 171 989 138 269 749 169 73 78 283 178 590 115 549 95 95 7774
leaf_count=292 89 1117 13199 217 95 171 989 138 269 749 169 73 78 283 178 590 115 549 95 95 7774
internal_value=-0.00010854 -0.000361822 -0.000943676 0.00116299 0.000796998 0.00105492 -5.6602e-05 0.00348531 -0.000561218 0.00528469 0.000609636 -0.000662624 0.00301417 0.00672089 -0.00228326 0.000111618 0.00117643 0.00472546 -0.000815272 0.00607715 0.000741737
internal_weight=27324 22791 14928 4533 4316 4221 2894 1327 407 920 2602 13811 612 361 251 2433 1843 664 1179 190 7863
internal_count=27324 22791 14928 4533 4316 4221 2894 1327 407 920 2602 13811 612 361 251 2433 1843 664 1179 190 7863
is_linear=0
shrinkage=0.0215534


Tree=83
num_leaves=22
num_cat=0
split_feature=95 38 6 131 127 52 127 0 125 37 0 39 100 75 35 35 83 28 127 117 86
split_gain=32.9137 30.177 45.2119 49.3564 30.2741 28.0028 40.7616 32.9019 30.2066 24.6285 23.32 34.3121 33.7488 29.8263 42.6053 25.8615 27.4112 25.4519 26.7396 34.145 32.5111
threshold=0.021640324583646165 -333.33333333333479 29500.000000000004 1.0000000180025095e-35 46.500000000000007 826.10312969235281 275.50000000000006 21.000000000000004 16.500000000000004 -1.0000000180025095e-35 21.000000000000004 0.85584415584415596 -2980.8342714621353 20500.000000000004 0.2785435572613531 0.033817946741251777 79375.000000000015 63750.000000000007 58.500000000000007 -1083.3333333333333 60375.000000000007
decision_type=8 2 10 2 2 8 2 2 2 2 2 2 2 10 2 2 10 2 2 10 10
left_child=1 4 -3 -4 -1 6 7 8 -2 -10 11 -7 -12 14 -13 -15 17 18 19 -17 -20
right_child=5 2 3 -5 -6 10 -8 -9 9 -11 12 13 -14 15 -16 16 -18 -19 20 -21 -22
leaf_value=0.00039389932108271181 -0.00013603017925676526 -2.8499893667114126e-08 1.6776344697923843e-05 -0.00012927064643951632 -1.900900754898431e-09 172.26658284713648 0.0001550638849013147 6.2223711949634409e-06 -1.1655376714755661e-06 6.9859003186171058e-06 2.366172882374602 1.9729756348872158e-05 -0.00014034358953253175 -0.00013953667197762299 -0.00847659711973822 0.074925391142824982 -63.874096882016801 2.1203444963476272 4.7699348966375956e-05 -0.014611134418454868 -0.090981513039293804
leaf_weight=184 277 1599 306 702 945 150 260 596 155 136 1430 1490 9935 311 277 172 662 1169 4780 736 1052
leaf_count=184 277 1599 306 702 945 150 260 596 155 136 1430 1490 9935 311 277 172 662 1169 4780 736 1052
internal_value=-0.000206352 -0.00208605 -0.00336144 0.000205256 0.000851374 9.10087e-05 0.0030209 0.00128865 -0.00241296 0.00241376 -9.68558e-05 0.000619911 -0.000778684 0.000474822 0.00303219 -3.30026e-05 0.000187594 0.000541213 3.06996e-05 -0.00340829 0.000567652
internal_weight=27324 3736 2607 1008 1129 23588 1424 1164 568 291 22164 10799 11365 10649 1767 8882 8571 7909 6740 908 5832
internal_count=27324 3736 2607 1008 1129 23588 1424 1164 568 291 22164 10799 11365 10649 1767 8882 8571 7909 6740 908 5832
is_linear=0
shrinkage=0.0215534


Tree=84
num_leaves=22
num_cat=0
split_feature=95 12 29 89 127 125 31 47 127 92 127 120 38 95 29 99 80 127 109 29 29
split_gain=30.3086 52.975 33.0796 39.5797 44.6001 32.6378 31.704 30.8918 24.5764 24.9937 28.2987 23.0236 22.6138 27.988 21.7029 20.2996 25.8105 31.0286 29.176 28.5551 27.3198
threshold=0.021640324583646165 28004.000000000004 32333.333333333339 8500.0000000000018 82.500000000000014 17.500000000000004 36504.000000000007 32250.000000000004 183.50000000000003 550.00000000000011 78.500000000000014 1.0000000180025095e-35 -4583.9999999999991 0.11760860526202169 28750.000000000004 72293.934372925301 97500.000000000015 98.500000000000014 -0.063508064516129017 109583.33333333336 92583.333333333358
decision_type=8 8 2 10 2 2 2 8 2 10 2 8 2 10 2 2 10 2 10 2 2
left_child=1 5 7 4 -4 14 8 12 9 -3 -11 -9 13 -2 -1 -5 -17 19 -19 20 -18
right_child=2 6 3 15 -6 -7 -8 11 -10 10 -12 -13 -14 -15 -16 16 17 18 -20 -21 -22
leaf_value=-2.5482428780186173e-08 0.00092869424571159363 -0.00012800216745572729 -0.035081945062787452 -0.002046230664573735 -0.0053822471088462937 -2.105558181563717e-08 -0.0026381384351518819 5.8269180887489368e-05 2.2630364368288846e-06 0.0010526745795470269 -2.0518857772891281e-08 0.0015589360682701477 3.2252765811322679e-06 -0.074329542289499437 3.753908088078839e-09 4.3191826257576897 0.67898431019294536 4.1173578809328246 -173.18114384358501 -181.09967253882252 46.819398857583899
leaf_weight=823 305 454 550 11010 926 653 762 165 587 168 149 396 7694 285 140 763 492 171 322 180 329
leaf_count=823 305 454 550 11010 926 653 762 165 587 168 149 396 7694 285 140 763 492 171 322 180 329
internal_value=-0.000132204 -0.00193606 0.000153143 -0.000471619 -0.00381977 -0.00487589 0.000300923 0.00119547 0.00227897 -0.000240391 0.0043909 0.00609227 0.00086275 -0.0031996 -0.00234087 -9.84496e-05 0.00176277 0.000109639 -0.00430981 0.00229507 0.00400566
internal_weight=27324 3736 23588 14743 1476 1616 2120 8845 1358 771 317 561 8284 590 963 13267 2257 1494 493 1001 821
internal_count=27324 3736 23588 14743 1476 1616 2120 8845 1358 771 317 561 8284 590 963 13267 2257 1494 493 1001 821
is_linear=0
shrinkage=0.0215534


Tree=85
num_leaves=22
num_cat=0
split_feature=95 29 29 53 42 101 0 40 127 125 93 29 127 26 51 75 35 39 95 41 75
split_gain=28.2691 35.1128 28.7329 28.1918 26.6913 25.6447 25.2974 31.2405 28.1496 24.2287 23.2855 22.8169 22.3364 31.4106 22.2015 33.8326 26.8552 29.574 26.5277 22.8183 24.6235
threshold=0.021640324583646165 28416.666666666668 34750.000000000007 632.45553203367592 -0.78958489369386708 -656.64726287773908 33.000000000000007 9500.0000000000018 332.50000000000006 23.500000000000004 0.25629923597152077 27366.666666666668 209.50000000000003 35.500000000000007 17583.333333333339 17500.000000000004 0.20787396771634256 0.88255578093306297 0.036273017053319874 11500.000000000002 20500.000000000004
decision_type=8 2 2 8 10 2 2 2 2 2 10 2 2 2 10 10 2 2 10 2 10
left_child=1 4 -3 11 5 -1 10 12 -9 -6 14 -2 -8 -14 16 -16 18 -18 -5 20 -17
right_child=3 2 -4 6 9 -7 7 8 -10 -11 -12 -13 13 -15 15 19 17 -19 -20 -21 -22
leaf_value=-1.6142990734174437e-05 0.00039260239629351312 1.2662484692973842e-07 -0.0028281959770712017 -1.8357459510017169e-06 -1.8144691871572867e-08 1.5940001144083721e-06 8.1066852381612419e-06 -97.96451588937208 12.216864716288134 -8.2959762923156969e-08 8.2879364117812884 2.6468800390746517e-06 -0.12360133900666452 -3.1951238881690563e-06 -0.00029509876134434877 8.2999642110213808e-06 35.9041515760712 -4.7515115622566051e-07 0.0010894307541296066 1.9092416518493789 -1.0871916743892902e-06
leaf_weight=71 135 1285 703 129 1183 165 4564 948 117 329 147 525 717 1785 364 448 86 1122 585 1747 10169
leaf_count=71 135 1285 703 129 1183 165 4564 948 117 329 147 525 717 1785 364 448 86 1122 585 1747 10169
internal_value=-4.38578e-05 -0.00178607 0.000169126 0.000231725 -0.00401452 0.00270218 0.000104909 -0.000860429 -0.00430218 -0.0050687 0.00063595 0.00462349 -0.000340409 -0.0019778 0.000549645 0.000222848 0.00270917 0.000742179 0.00602445 0.00041419 3.77598e-05
internal_weight=27324 3736 1988 23588 1748 236 22928 8131 1065 1512 14797 660 7066 2502 14650 12728 1922 1208 714 12364 10617
internal_count=27324 3736 1988 23588 1748 236 22928 8131 1065 1512 14797 660 7066 2502 14650 12728 1922 1208 714 12364 10617
is_linear=0
shrinkage=0.0215534


Tree=86
num_leaves=22
num_cat=0
split_feature=23 12 5 127 37 127 111 77 0 31 39 37 40 16 0 26 94 0 13 47 79
split_gain=25.6593 67.4099 37.7793 30.0683 36.5732 23.2325 22.7313 22.6147 29.6819 38.5157 33.7586 29.6092 28.4704 27.2713 43.9535 23.824 26.125 23.5703 40.1292 22.3882 21.9762
threshold=563.24184797489386 28004.000000000004 7500.0000000000009 155.50000000000003 1004.0000000000001 339.50000000000006 -0.032795698924731172 30500.000000000004 33.000000000000007 72500.000000000015 0.95380241648898367 -10749.999999999998 13500.000000000002 83027.777777777796 21.000000000000004 6.5000000000000009 0.059023904859133954 21.000000000000004 36166.666666666679 93750.000000000015 46004.000000000007
decision_type=8 8 10 2 2 2 8 10 2 2 2 2 2 10 2 2 10 2 10 10 10
left_child=1 2 -1 4 6 -4 -3 11 9 15 -10 -2 -11 -14 19 16 -9 20 -19 -15 -17
right_child=7 3 5 -5 -6 -7 -8 8 10 12 -12 -13 13 14 -16 17 -18 18 -20 -21 -22
leaf_value=3.6198225972735232e-06 90.081708501809374 -0.00012865996088387408 -4.832862684652109e-08 2.4131081241860661e-06 -0.012021504429641052 0.00055227248468968208 9.778182869049002e-06 -0.034476915226931554 -0.029140305866005242 4.2953282329882505 -97.41598329477938 2.6246954603395358e-06 2.0136555208949019 -171.29440414210563 7.9860224030333011 0.000245762312188896 0.00027974328964827492 -0.1680544781182946 -0.01554938213652743 0.17898932767662307 -0.00011214711213254608
leaf_weight=72 211 71 1770 929 256 89 601 339 2803 968 920 10303 1122 360 192 561 272 111 1252 213 3909
leaf_count=72 211 71 1770 929 256 89 601 339 2803 968 920 10303 1122 360 192 561 272 111 1252 213 3909
internal_value=-0.000160601 -0.00180707 -0.00462743 0.00112114 -0.00161634 -0.00522401 0.00101338 0.00010403 -0.00049588 0.000154366 -0.00212228 0.00084786 0.00223906 0.000692142 -0.00243959 -0.000767937 -0.00481786 -0.000342159 -0.00282403 -0.00543818 0.000412737
internal_weight=27324 3788 1931 1857 928 1859 672 23536 13022 9299 3723 10514 2855 1887 765 6444 611 5833 1363 573 4470
internal_count=27324 3788 1931 1857 928 1859 672 23536 13022 9299 3723 10514 2855 1887 765 6444 611 5833 1363 573 4470
is_linear=0
shrinkage=0.0215534


Tree=87
num_leaves=22
num_cat=0
split_feature=109 64 131 21 103 33 23 12 5 29 111 29 42 78 127 127 124 16 94 99 59
split_gain=21.2775 18.4023 33.4019 30.1747 16.8653 20.7377 18.2956 58.8788 34.9552 30.8597 33.4698 25.5051 24.3819 21.5874 20.8065 19.2423 18.0802 16.8081 26.4059 24.7975 23.6054
threshold=-0.28285714285714281 0.25462962962962971 0.6830127018922193 9063.2696717496601 3250.0000000000005 32500.000000000004 563.24184797489386 28004.000000000004 7500.0000000000009 34750.000000000007 -0.031009615384615382 38416.666666666679 -0.6454972243679038 9500.0000000000018 340.50000000000006 224.50000000000003 22.500000000000004 27966.800000000007 0.015777166425813834 26937.446203525829 5500.0000000000009
decision_type=8 10 2 10 10 2 8 8 10 2 10 2 10 8 2 2 2 10 10 2 10
left_child=-1 4 3 -3 6 -6 7 8 -2 10 -9 -11 -12 -8 17 -14 -17 18 19 20 -10
right_child=1 2 -4 -5 5 -7 13 9 14 11 12 -13 15 -15 -16 16 -18 -19 -20 -21 -22
leaf_value=62.384694656506255 3.5418032033867967e-06 2.7951873234916533 175.72908040119694 -116.88636207541902 -2.2008816740646511 -120.68704849984776 0.35476193800309452 -1.4915876422783175e-05 9.8034982013990107e-09 -0.024487475801103536 0.00028016898788758501 -0.00033906909161869175 2.4446963203254147e-06 1.6397285067661191e-06 0.00054045851680732649 1.2047411667642619e-06 1.6698635202008104e-05 -1.6567879686523095e-09 -1.088615404711639e-07 -1.0755997043159484e-07 -4.8919628103990306e-07
leaf_weight=334 72 238 271 115 1432 187 105 295 151 116 113 465 550 20869 81 122 186 578 446 273 325
leaf_count=334 72 238 271 115 1432 187 105 295 151 116 113 465 550 20869 81 122 186 578 446 273 325
internal_value=-1.23056e-05 -7.95374e-05 0.00357785 -0.000769127 -0.000166436 -0.00229765 -2.66512e-05 -0.00140867 -0.00404637 0.00133724 0.00322765 -0.00276697 0.00516252 0.000221555 -0.00462199 0.0039083 0.00822681 -0.00511271 -0.00657549 -0.00905179 -0.00604817
internal_weight=27324 26990 624 353 26366 1619 24747 3773 1926 1847 1266 581 971 20974 1854 858 308 1773 1195 749 476
internal_count=27324 26990 624 353 26366 1619 24747 3773 1926 1847 1266 581 971 20974 1854 858 308 1773 1195 749 476
is_linear=0
shrinkage=0.0215534


Tree=88
num_leaves=22
num_cat=0
split_feature=95 98 103 64 1 127 29 23 50 102 125 43 38 43 124 34 21 64 111 40 50
split_gain=24.727 23.5986 20.6372 24.4215 20.8572 19.4175 18.2042 25.8413 25.7551 20.1442 19.4971 19.044 18.4901 19.8824 33.1122 17.6897 17.2128 16.9897 17.1396 16.8473 16.8695
threshold=0.021640324583646165 28000.461272207995 1250.0000000000002 0.20344827586206901 9.0000000000000018 340.50000000000006 34750.000000000007 379.04902178907679 41667.333333333336 402.53507513176015 6.5000000000000009 0.87500000000000011 -500.666666666666 0.87500000000000011 34.500000000000007 20625.000000000004 18126.539343499408 0.016807909604519777 0.12034482758620692 2250.0000000000005 44250.000000000007
decision_type=8 2 10 10 2 2 2 10 8 2 2 2 2 2 2 2 10 10 10 2 10
left_child=1 5 3 16 -5 -1 7 10 -8 -9 -3 -10 -12 -14 -15 17 -2 -4 -19 -6 -21
right_child=2 6 15 4 19 -7 8 9 11 -11 12 -13 13 14 -16 -17 -18 18 -20 20 -22
leaf_value=-5.1292869789377184e-08 1.9372280823026629e-06 8.9792094168039882e-06 -40.874274767961438 -1.9370909369248273 95.184095856720475 0.00053718283992572411 -0.023401352339393208 -1.5789364797469536e-07 0.00049647540269209063 4.9686614397680293e-06 -3.581572010490366e-09 -0.0022750710289609587 1.5826561471911999e-06 -21.233661462950511 0.001000460644979051 -197.4177837970602 18.456233963975041 0.53494148863284152 -2.2004895504850039 -0.026831061247747055 124.16764498688087
leaf_weight=1318 20475 150 1136 171 158 80 228 818 355 95 108 120 302 81 81 80 119 362 669 167 251
leaf_count=1318 20475 150 1136 171 158 80 228 818 355 95 108 120 302 81 81 80 119 362 669 167 251
internal_value=-6.43667e-05 -0.00169377 0.000193348 0.000400545 0.00422933 -0.00390955 -0.000365048 0.000877904 -0.00326781 -0.00152486 0.00392803 -0.00039016 0.00209469 0.00397538 -0.00207427 -0.00177062 0.000261227 -0.00139837 0.00059784 0.00619553 0.00389725
internal_weight=27324 3736 23588 21341 747 1398 2338 1635 703 913 722 475 572 464 162 2247 20594 2167 1031 576 418
internal_count=27324 3736 23588 21341 747 1398 2338 1635 703 913 722 475 572 464 162 2247 20594 2167 1031 576 418
is_linear=0
shrinkage=0.0215534


Tree=89
num_leaves=22
num_cat=0
split_feature=95 12 9 31 6 31 127 57 12 35 34 58 56 101 103 33 130 63 23 69 91
split_gain=33.4918 74.8902 44.9038 26.7801 24.7597 25.6538 22.7717 21.3736 17.6205 17.6003 32.6889 32.8381 17.3064 16.962 16.8225 16.9982 18.2571 16.5886 16.6377 16.062 15.2048
threshold=0.021640324583646165 28004.000000000004 28004.000000000004 30500.000000000004 29500.000000000004 36504.000000000007 339.50000000000006 9500.0000000000018 38500.000000000007 0.030147913548188826 2375.0000000000005 2750.0000000000005 14500.000000000002 -13.224138062085329 3250.0000000000005 32500.000000000004 1.0000000180025095e-35 23250.000000000004 15554.871358790213 6250.0000000000009 875.00000000000011
decision_type=8 8 8 2 10 2 2 10 10 2 2 10 10 2 10 2 2 10 10 10 10
left_child=1 3 -3 6 -4 7 9 -6 -7 20 11 13 -10 -11 17 19 -17 -2 -19 -16 -1
right_child=14 2 4 -5 5 8 -8 -9 12 10 -12 -13 -14 -15 15 16 -18 18 -20 -21 -22
leaf_value=-3.7644103470512177e-08 2.4626572509338274e-06 8.0024483833628118e-06 -0.00019267866723729458 0.0010442750223749451 1.4654074661353071e-06 -0.023306369856961457 0.000517231708525918 2.7475264131521383e-05 0.00055553474660631594 -8.2144337958261677e-08 -3.3227970747442326e-07 2.685284416075525e-06 -0.0024948556101190263 1.1131532547783614e-10 -2.8290214961394518 12.679856513517656 -178.46170447015743 153.90278258341971 -0.17419277363359029 19.928261249976877 -2.7695881668272511e-08
leaf_weight=687 21399 277 394 87 641 284 77 106 156 124 293 105 262 131 1453 76 169 224 185 82 112
leaf_count=687 21399 277 394 87 641 284 77 106 156 124 293 105 262 131 1453 76 169 224 185 82 112
internal_value=-9.74965e-05 -0.00199375 0.000666906 -0.00548937 -0.000544948 0.00075261 -0.00615408 0.00353694 -0.00219802 -0.00676243 -0.00411201 0.000215491 0.000598004 -0.00393725 0.000202485 -0.00181135 -0.00708775 0.00036726 0.00466789 -0.000963173 -0.00891697
internal_weight=27324 3736 2120 1616 1843 1449 1529 747 702 1452 653 360 418 255 23588 1780 245 21808 409 1535 799
internal_count=27324 3736 2120 1616 1843 1449 1529 747 702 1452 653 360 418 255 23588 1780 245 21808 409 1535 799
is_linear=0
shrinkage=0.0215534


Tree=90
num_leaves=22
num_cat=0
split_feature=95 12 9 42 127 32 10 89 46 109 38 127 108 61 28 0 96 16 38 9 127
split_gain=20.5437 71.8227 38.896 27.7321 27.6627 17.4648 17.3226 20.8242 20.0955 17.2964 22.1138 16.7098 15.7365 20.7818 20.2246 25.76 23.0634 22.7292 22.3152 19.7539 22.6431
threshold=0.021640324583646165 28004.000000000004 28004.000000000004 -0.66774054435614028 249.50000000000003 938.80963562504564 75500.000000000015 2004.0000000000002 28750.000000000004 -0.32575757575757569 -10833.333333333332 171.50000000000003 0.17914438502673799 5265.0000000000009 43750.000000000007 39.500000000000007 50000.757770165401 57333.466666666674 -2833.3333333333298 15004.000000000002 34.500000000000007
decision_type=8 8 8 10 2 2 8 8 10 8 2 2 10 10 2 2 2 8 2 8 2
left_child=1 3 -3 5 -5 -1 7 11 -8 10 -2 -4 13 14 16 18 19 -17 -16 -11 -21
right_child=9 2 6 4 -6 -7 8 -9 -10 12 -12 -13 -14 -15 15 17 -18 -19 -20 20 -22
leaf_value=-5.0272674131288628e-09 235.48464202665659 7.8299686124066203e-06 -1.8646449470883185e-05 -1.0701594761554263e-07 -6.9218676942412925e-09 2.4124333257508671e-05 1.3821486266066147e-05 -0.42784975355667748 -0.051794284442519899 -6.0701588958825249e-06 0.45032932143209559 3.9148202346265694e-06 -38.918306082034057 4.2148774680745467 0.078572280496588445 -0.059564192292719365 1.3836670586729936 -91.905014845948742 -0.0062905949039867544 -0.00012183788454067124 4.9768168559713945e-06
leaf_weight=241 91 277 725 802 418 155 114 113 143 2089 124 748 804 970 2273 1288 198 465 6014 1042 8230
leaf_count=241 91 277 725 802 418 155 114 113 143 2089 124 748 804 970 2273 1288 198 465 6014 1042 8230
internal_value=-4.7013e-05 -0.00153223 0.00107355 -0.00495591 -0.00656441 0 -5.37962e-05 0.000782725 -0.00524794 0.000187865 0.00627265 0.00147191 0.000131498 0.000237412 9.83916e-05 -0.000608813 0.000713406 -0.00298263 -0.000105595 0.000585452 0.00101257
internal_weight=27324 3736 2120 1616 1220 396 1843 1586 257 23588 215 1473 23373 22569 21599 10040 11559 1753 8287 11361 9272
internal_count=27324 3736 2120 1616 1220 396 1843 1586 257 23588 215 1473 23373 22569 21599 10040 11559 1753 8287 11361 9272
is_linear=0
shrinkage=0.0215534


Tree=91
num_leaves=22
num_cat=0
split_feature=95 74 29 54 26 42 10 101 100 37 42 48 1 131 32 95 121 9 29 26 23
split_gain=21.8708 68.7862 27.4465 28.1962 21.8427 17.9175 17.0642 31.7343 16.0351 15.6796 23.029 16.3561 21.8738 28.462 24.6008 38.9816 23.6759 21.1892 20.3589 19.0157 25.9095
threshold=0.021640324583646165 28004.000000000004 34750.000000000007 3143.7758041738607 41.500000000000007 0.98852072981338868 38500.000000000007 -20.429531480216607 0.0010814341567311205 -16749.999999999996 -1.4652984190954839 43500.000000000007 11.000000000000002 0.25000000000000017 14096.03448516398 0.14123987869679658 0.30384615384615393 15004.000000000002 48500.000000000007 40.500000000000007 3037.1265912101694
decision_type=8 8 2 10 2 10 10 2 2 2 10 10 2 2 2 10 8 8 2 2 10
left_child=1 4 -3 -4 -1 6 7 -5 -6 10 -2 17 13 19 16 -16 18 -11 -15 20 -13
right_child=9 2 3 5 8 -7 -8 -9 -10 11 -12 12 -14 14 15 -17 -18 -19 -20 -21 -22
leaf_value=-9.6747708051681451e-08 167.57012251184594 3.5067409975646569e-06 0.00073337443289495411 -0.42610247646818955 -1.3213193054288664e-08 -0.018851746573005829 0.00031549554931606616 0.0014392727387764149 1.4391358900619487e-06 -5.9434252335113954e-06 -1.7942794914493241 0.53760214032155618 -0.015113866916159695 -0.034060335004213106 -193.38915441172281 1.3112618815611579 -12.410277792931524 4.4036613196170041e-06 3.8556964005999306 -0.13749107983187572 -0.019612955506483287
leaf_weight=1255 184 1339 71 99 306 142 285 106 133 2254 190 266 3036 316 205 467 251 9608 2276 381 4154
leaf_count=1255 184 1339 71 99 306 142 285 106 133 2254 190 266 3036 316 205 467 251 9608 2276 381 4154
internal_value=-3.43921e-05 -0.00156685 0.00109345 -0.00234816 -0.00477862 -0.00380535 -0.00182948 -0.00657848 -0.000618489 0.000207967 0.00458608 0.000137041 -0.000447316 0.000123369 0.00159791 -0.00210372 0.00247594 0.000697 0.00308987 -0.000954417 -0.00055394
internal_weight=27324 3736 2042 703 1694 632 490 205 439 23588 374 23214 11352 8316 3515 672 2843 11862 2592 4801 4420
internal_count=27324 3736 2042 703 1694 632 490 205 439 23588 374 23214 11352 8316 3515 672 2843 11862 2592 4801 4420
is_linear=0
shrinkage=0.0215534


Tree=92
num_leaves=22
num_cat=0
split_feature=38 127 127 34 51 62 100 124 101 42 44 112 62 51 63 1 69 58 55 0 55
split_gain=17.8115 15.9293 35.2593 39.536 42.4139 37.2062 25.6978 24.5636 26.274 25.2569 24.6063 24.3778 31.389 21.2562 33.1669 24.1642 21.0587 20.972 20.9135 29.8985 20.1087
threshold=-20583.333333333328 78.500000000000014 44.500000000000007 18625.000000000004 82666.666666666672 14500.000000000002 3285.4091915223185 10.500000000000002 495.16026887639606 -0.70533859053221737 81250.000000000015 0.2031746031746032 3750.0000000000005 53583.333333333343 13750.000000000002 9.0000000000000018 -333.99999999999994 35500.000000000007 590.08904476942109 21.000000000000004 7354.1349751447042
decision_type=2 2 2 2 10 10 2 2 2 10 10 10 10 10 10 2 10 8 10 2 10
left_child=-1 2 5 4 11 7 -5 10 9 -9 -2 12 -4 14 18 -16 -10 -12 19 -3 -17
right_child=1 13 3 6 -6 -7 -8 8 16 -11 17 -13 -14 -15 15 20 -18 -19 -20 -21 -22
leaf_value=178.6452400400446 3.5791813488974333e-05 -1.8791893352842232e-07 4.3497679876113707e-05 1.2212821454456646 105.89206564294591 155.99790830045757 -384.49825559090021 2.6402290237801738e-05 2.4613452685953492 -0.001316044536035644 0.66750634278594545 -0.59950514554643985 184.34485165199365 -0.096703527895217439 -0.28340430089430174 212.02480661505152 -1.1731461277277902e-05 -193.81405598858717 5.3680186992595369e-10 8.3811780507835439e-09 7.0986416566219077
leaf_weight=133 2611 365 1782 94 261 106 81 120 74 601 81 465 170 4137 143 178 132 91 15233 354 112
leaf_count=133 2611 365 1782 94 261 106 81 120 74 601 81 465 170 4137 143 178 132 91 15233 354 112
internal_value=4.41754e-06 -3.37677e-05 0.000880997 0.00269389 0.00334475 -0.000472175 -0.00721321 -0.000834228 -0.00387315 -0.00581652 0.000175025 0.00244862 0.00350666 -0.00033146 1.65747e-05 0.00590218 0.00288636 -0.00771466 -0.00014268 -0.00373461 0.00948023
internal_weight=27324 27191 6669 2853 2678 3816 175 3710 927 721 2783 2417 1952 20522 16385 433 206 172 15952 719 290
internal_count=27324 27191 6669 2853 2678 3816 175 3710 927 721 2783 2417 1952 20522 16385 433 206 172 15952 719 290
is_linear=0
shrinkage=0.0215534


Tree=93
num_leaves=22
num_cat=0
split_feature=131 12 23 29 64 96 1 42 39 74 34 29 92 0 26 89 120 101 0 32 64
split_gain=24.1016 31.1522 50.1825 45.5979 32.5106 28.1686 49.9093 31.7632 26.2216 23.2113 33.27 35.036 26.2332 27.1627 26.7989 26.1613 23.8739 22.9204 24.9167 40.7407 22.5986
threshold=1.0000000180025095e-35 28004.000000000004 507.41626340523311 44000.000000000007 0.016807909604519777 30625.052507750861 11.000000000000002 -1.4652984190954839 1.218451749734889 54500.000000000007 13625.000000000002 49000.000000000007 4875.0000000000009 10.000000000000002 50.500000000000007 44500.000000000007 0.24038461538461542 3290.3210497718105 10.000000000000002 3196.3425179021388 0.031754032258064523
decision_type=2 8 10 2 10 2 2 10 2 8 2 2 10 2 2 10 10 2 2 2 10
left_child=1 2 4 -3 -1 -2 7 -7 -5 12 11 -11 -9 -14 -15 16 -12 18 19 -4 -8
right_child=5 3 17 8 -6 6 20 9 -10 10 15 -13 13 14 -16 -17 -18 -19 -20 -21 -22
leaf_value=-9.5777085872197888e-08 6.7550136791692015e-06 6.3737795480256446e-06 -2.2897495763432674e-05 -0.0099732468065555427 1.1320965731474711e-09 103.16546782526795 -3.0284832596737652e-05 -0.0024606266479425217 -97.311102285843205 -0.057940912302543154 -25.286605722654294 1.5862668461446847 10.282013046305007 2.0187918207732705 194.673378332087 2.5175166768351449 -193.28558110279542 -82.086569790127612 2.217161498711924e-06 1.2929889481762441e-05 -0.016530400101346439
leaf_weight=941 4806 3522 271 5488 293 230 2556 424 309 212 714 1805 181 1007 147 467 104 87 2634 162 964
leaf_count=941 4806 3522 271 5488 293 230 2556 424 309 212 714 1805 181 1007 147 467 104 87 2634 162 964
internal_value=6.43667e-05 -0.000573306 -0.00207081 0.000130906 -0.00575642 0.000706886 -1.61454e-05 0.00130597 -0.00104326 0.000947973 -0.00011488 0.00160921 0.00294796 0.00443305 0.00320472 -0.00282772 -0.00515322 -0.000625946 -0.000313419 -0.00510594 -0.00200588
internal_weight=27324 13707 4388 9319 1234 13617 8811 5291 5797 5061 3302 2017 1759 1335 1154 1285 818 3154 3067 433 3520
internal_count=27324 13707 4388 9319 1234 13617 8811 5291 5797 5061 3302 2017 1759 1335 1154 1285 818 3154 3067 433 3520
is_linear=0
shrinkage=0.0215534


Tree=94
num_leaves=22
num_cat=0
split_feature=127 127 111 127 80 49 124 47 77 23 53 106 86 125 63 124 100 99 30 1 23
split_gain=24.5682 23.4151 33.3077 34.4975 27.264 51.3324 34.5665 28.1861 24.8256 24.1139 39.0259 22.1372 21.9371 33.6047 32.2035 29.0423 26.5038 24.4743 21.7484 28.3917 28.5288
threshold=74.500000000000014 36.500000000000007 0.324561403508772 50.500000000000007 31004.000000000004 53166.666666666679 29.500000000000004 62515.000000000007 66500.000000000015 4068.3810217253763 4083.1366504134785 2100.0000000000005 62125.000000000007 8.5000000000000018 17000.000000000004 15.500000000000002 -306.60779510012065 60834.829294325929 53500.000000000007 9.0000000000000018 11061.478883515394
decision_type=2 2 10 2 10 10 2 8 10 10 10 10 10 2 10 2 2 2 2 2 10
left_child=1 4 9 -4 6 -6 -1 -7 -5 10 11 -3 14 17 16 -15 -2 -14 19 -9 -21
right_child=12 2 3 8 5 7 -8 18 -10 -11 -12 -13 13 15 -16 -17 -18 -19 -20 20 -22
leaf_value=3.8155647885800567e-05 0.00013583880106078313 0.0001327769310266032 87.161208986741784 -73.280677678090356 -0.033316505744151362 94.054449555112157 2.4276465195989958e-05 11.637136625906281 23.923065779716072 9.6598027248503993 -0.023382608702813171 -0.0073904107727033874 -0.37182264439211649 -1.449293664896584 80.923448778159738 5.1768542311247012 -9.2865263028994063e-08 3.4808542285334467 -2.4787116049319198 -107.42925684396303 2.8077012429201282
leaf_weight=936 5156 1103 94 243 1110 231 89 105 71 1005 614 183 194 2407 331 87 12056 642 480 71 116
leaf_count=936 5156 1103 94 243 1110 231 89 105 71 1005 614 183 194 2407 331 87 12056 642 480 71 116
internal_value=7.54099e-05 0.00123819 0.00250202 -0.00325335 -9.34107e-05 -0.00149531 0.002788 0.00203265 -0.00669728 0.00331339 0.00187845 0.00401539 -0.00028355 -0.00188732 2.0395e-05 -0.00314214 -0.000107191 0.00184575 4.46726e-05 0.00469291 -0.000299546
internal_weight=27324 6451 3313 408 3138 2113 1025 1003 314 2905 1900 1286 20873 3330 17543 2494 17212 836 772 292 187
internal_count=27324 6451 3313 408 3138 2113 1025 1003 314 2905 1900 1286 20873 3330 17543 2494 17212 836 772 292 187
is_linear=0
shrinkage=0.0215534


Tree=95
num_leaves=22
num_cat=0
split_feature=103 61 33 130 25 51 31 23 54 23 13 130 101 40 102 101 28 25 122 16 95
split_gain=16.1844 20.7293 16.4782 18.2571 16.0153 22.9028 26.2642 41.8263 28.7136 28.0367 25.8408 22.9748 22.1303 26.451 25.9287 21.493 21.1312 20.5027 19.6055 23.1989 18.9274
threshold=3250.0000000000005 5265.0000000000009 32500.000000000004 1.0000000180025095e-35 5.5000000000000009 64333.333333333336 28500.000000000004 507.41626340523311 938.80963562504564 449.7764451091478 18500.000000000004 -0.6830127018922193 960.79443359857771 4400.0000000000009 159.45155453822375 -8979.1347527726775 14750.000000000002 7.5000000000000009 4500.0000000000009 46366.666666666679 0.11670496730816417
decision_type=10 8 2 2 2 10 2 10 10 10 10 2 2 2 2 2 2 2 10 10 10
left_child=1 4 -2 -4 -1 6 7 8 -6 -8 12 -12 13 16 -15 17 -9 -7 -11 -20 -18
right_child=2 -3 3 -5 5 15 9 10 -10 18 11 -13 -14 14 -16 -17 20 -19 19 -21 -22
leaf_value=7.7222402892884277e-06 -1.8736660142129267 3.3521356740915547 13.288419333327875 -172.20356121601623 -1.3848524429163744e-07 3.9203349311031777 1.2590972800683239e-07 0.00068499064372470029 -2.0757448512315696e-07 -9.5404627363180368e-08 1.0052755902638495e-05 1.4747209795784204e-06 0.41507226210321935 -0.00022130157407882186 1.3442288087642281e-05 -71.29322309406426 -4.3478410010151569e-06 -2.6775012323062564 100.53642961089594 -0.0053557462159328963 -0.11900000686491331
leaf_weight=11305 1540 909 76 169 464 125 967 484 510 7079 327 973 271 315 83 606 313 164 198 211 235
leaf_count=11305 1540 909 76 169 464 125 967 484 510 7079 327 973 271 315 83 606 313 164 198 211 235
internal_value=9.27636e-05 0.000231745 -0.0018908 -0.00708775 0.000113411 -0.000392406 -0.000151896 -0.00159735 -0.00547851 0.000526657 -0.000334675 0.00194961 -0.00208553 -0.00315894 -0.00788288 -0.00372266 -0.00132817 0.0010885 7.94433e-05 0.00466789 -0.00423125
internal_weight=27324 25539 1785 245 24630 13325 12430 3975 974 8455 3001 1300 1701 1430 398 895 1032 289 7488 409 548
internal_count=27324 25539 1785 245 24630 13325 12430 3975 974 8455 3001 1300 1701 1430 398 895 1032 289 7488 409 548
is_linear=0
shrinkage=0.0215534


Tree=96
num_leaves=22
num_cat=0
split_feature=26 59 45 52 31 26 124 31 95 12 120 30 11 53 94 32 85 80 63 25 101
split_gain=22.6611 23.639 27.2655 31.6481 28.2109 33.4115 22.6998 21.8585 61.8956 41.8221 32.4362 54.7672 27.9446 27.6863 21.2326 21.1922 21.1762 35.624 21.6339 21.0802 20.4051
threshold=11.500000000000002 9500.0000000000018 51250.000000000007 8779.6793942693203 49000.000000000007 10.500000000000002 38.500000000000007 29500.000000000004 0.019367701464532337 28004.000000000004 1.0000000180025095e-35 27500.000000000004 28500.000000000004 5904.7760209362777 0.015777166425813834 648.51779997311962 15250.000000000002 29500.000000000004 2750.0000000000005 5.5000000000000009 2197.7180641209002
decision_type=2 8 10 10 2 2 2 2 10 8 10 2 10 10 10 2 10 10 10 2 2
left_child=1 -1 4 -4 6 -6 -3 8 9 19 11 13 -11 -9 -12 -13 18 20 -10 -2 -18
right_child=7 2 3 -5 5 -7 -8 10 16 12 14 15 -14 -15 -16 -17 17 -19 -20 -21 -22
leaf_value=4.3072849954229906e-05 -2.7767263370056766e-07 1.762466975372295e-05 77.665940254214576 0.68874756151388128 -0.033850067596502491 8.8480027461620168 0.00033394244781909728 0.00010853796311182814 -1.2882230911919539e-05 2.0758439656930083e-06 -0.00062181076412471444 0.00016120181895748519 -9.8834658034823972e-07 -0.0081197898854904089 -1.057177278691323e-05 6.0281376339995033e-09 6.2371660515436706e-06 -4.3897192841372436e-06 21.042109403478104 -9.3164602584300082e-08 -0.094819558354970607
leaf_weight=1794 103 1573 657 1597 931 77 75 510 1567 145 493 115 100 102 10188 3443 2140 471 81 911 251
leaf_count=1794 103 1573 657 1597 931 77 75 510 1567 145 493 115 100 102 10188 3443 2140 471 81 911 251
internal_value=8.01428e-05 0.00116896 0.000393309 0.00213803 -0.00108412 -0.00392541 0.000648658 -0.00027344 -0.00139951 -0.00562501 0.000163417 0.00177592 0.00233915 0.0077326 -0.000465328 0.000748715 -0.00021792 0.000900664 -0.00216567 -0.00755782 0.00197046
internal_weight=27324 6704 4910 2254 2656 1008 1648 20620 5769 1259 14851 4170 245 612 10681 3558 4510 2862 1648 1014 2391
internal_count=27324 6704 4910 2254 2656 1008 1648 20620 5769 1259 14851 4170 245 612 10681 3558 4510 2862 1648 1014 2391
is_linear=0
shrinkage=0.0215534


Tree=97
num_leaves=22
num_cat=0
split_feature=31 47 112 108 56 10 95 120 131 110 76 54 107 39 10 101 23 64 101 41 44
split_gain=17.9821 20.4359 18.323 18.2204 17.0375 22.7189 21.6674 21.9539 18.9714 21.5997 25.3048 17.7823 20.9528 19.6999 19.687 29.5779 21.9644 18.6351 17.4332 17.0887 23.5543
threshold=17500.000000000004 11750.000000000002 -0.25007498500299935 -0.28174603174603169 15004.000000000002 52500.000000000007 0.2004017044174376 0.13392857142857145 -0.68301270189221952 0.12853773584905662 14500.000000000002 865.54360876699582 -3749.9999999999995 1.1011811023622051 27350.000000000004 1.0000000180025095e-35 610.25715325920453 -0.053342816500711231 -1614.5776147847316 15504.000000000002 62515.000000000007
decision_type=2 8 10 8 10 10 10 10 2 10 10 10 8 2 10 2 10 10 2 2 10
left_child=2 -2 -1 -3 5 6 8 -8 9 10 -5 14 17 -14 16 -16 -12 -13 -10 20 -6
right_child=1 3 -4 4 19 -7 7 -9 18 -11 11 12 13 -15 15 -17 -18 -19 -20 -21 -22
leaf_value=0.0015700533807699966 41.137982806352056 138.55583857483717 -7.7246867902226363e-06 -0.093093259431801217 -0.040262805606308738 0.029681407564134826 -0.48025255551399249 -0.0084902936040034023 0.0012533273995447498 -53.916418594375202 -9.9716633703104008e-07 0.00016891313477597518 1.3597916524896471e-05 -3.0749257440607276e-07 -4.7285158743363116e-08 3.6867863900509045e-08 -1.8569111434475079e-06 -0.011096519419445507 1.3088222494402871e-06 0.14065093247548419 0.92521914413528727
leaf_weight=101 71 142 798 260 3743 1599 188 283 1798 307 124 446 1353 383 424 290 116 642 9466 2973 1817
leaf_count=101 71 142 798 260 3743 1599 188 283 1798 307 124 446 1353 383 424 290 116 642 9466 2973 1817
internal_value=5.80562e-05 0.000160355 -0.00293899 0.000128891 8.68318e-05 0.000468883 0.000224647 -0.00432807 0.000362604 -0.000846243 -0.000424867 2.0539e-05 0.000882255 0.00235385 -0.00252108 -0.000712317 -0.00786372 -0.00145789 0.000829676 -0.000703704 -0.00140947
internal_weight=27324 26425 899 26354 26212 17679 16080 471 15609 4345 4038 3778 2824 1736 954 714 240 1088 11264 8533 5560
internal_count=27324 26425 899 26354 26212 17679 16080 471 15609 4345 4038 3778 2824 1736 954 714 240 1088 11264 8533 5560
is_linear=0
shrinkage=0.0215534


Tree=98
num_leaves=22
num_cat=0
split_feature=39 77 127 95 12 64 23 95 59 49 95 30 111 92 0 28 127 14 38 40 38
split_gain=18.9927 18.4445 18.3298 25.0661 100.727 34.7627 27.8536 21.9387 31.5107 31.4028 22.9289 29.1531 25.1451 23.2799 20.8725 19.818 19.6453 18.622 18.4517 37.3303 17.3136
threshold=0.63914893617021284 82500.000000000015 74.500000000000014 0.022901761780917896 28004.000000000004 0.016807909604519777 406.83810217253949 0.02759032563495583 15004.000000000002 54833.333333333336 0.21964124522129419 28500.000000000004 0.22474747474747478 2775.0000000000005 13.000000000000002 57000.000000000007 34.500000000000007 32214.285714285717 10833.333333333332 43000.000000000007 -666.66666666666686
decision_type=2 10 2 10 8 10 10 8 8 10 10 2 10 8 2 2 2 10 2 2 2
left_child=-1 2 7 4 5 -4 20 8 -2 10 11 12 -9 14 -13 -11 -15 -8 -5 -20 -6
right_child=1 -3 3 18 6 -7 17 9 -10 15 -12 13 -14 16 -16 -17 -18 -19 19 -21 -22
leaf_value=39.392231635820366 6.9035748148939995e-05 -97.88445669740949 -1.661878384106083e-07 1.5784575773490305e-06 -2.8880702044719577e-06 7.185638403087038e-10 4.2020825899367935e-07 0.00049059244491610459 -0.033699559299646395 101.08110267325529 -0.92665708058496443 -0.039259037554071084 -39.266742166706983 -0.031876397631427959 -0.00025124302273080151 2.5429591938672025 0.00073571971273202132 -0.4165985578693574 -79.868356191530722 10.250903832964639 1.3651186004253195e-05
leaf_weight=245 876 175 1155 16811 220 303 588 1387 233 109 110 211 101 434 504 1853 495 114 677 105 618
leaf_count=245 876 175 1155 16811 220 303 588 1387 233 109 110 211 101 434 504 1853 495 114 677 105 618
internal_value=5.96339e-05 5.25345e-06 5.09514e-05 -0.000260218 -0.00208194 -0.00614333 0.00175775 0.00106724 0.00382057 0.000478772 -0.000821691 -0.000478951 0.0017033 -0.00245935 -0.00538308 0.00263197 -0.000199511 -0.00139986 4.97396e-05 -0.00318575 0.00441303
internal_weight=27324 27079 26904 20591 2998 1458 1540 6313 1109 5204 3242 3132 1488 1644 715 1962 929 702 17593 782 838
internal_count=27324 27079 26904 20591 2998 1458 1540 6313 1109 5204 3242 3132 1488 1644 715 1962 929 702 17593 782 838
is_linear=0
shrinkage=0.0215534


Tree=99
num_leaves=22
num_cat=0
split_feature=127 55 95 12 64 23 112 56 77 5 100 64 38 14 0 1 29 23 42 52 80
split_gain=25.066 28.5428 22.8816 99.7349 33.1979 24.7165 22.4347 20.3191 26.7023 25.0146 24.8942 19.3103 20.0849 18.9018 18.8984 18.385 34.5706 32.004 21.9657 22.6927 21.5714
threshold=74.500000000000014 3339.1531779639195 0.021640324583646165 28004.000000000004 0.016807909604519777 406.83810217253949 0.10172413793103451 19500.000000000004 66500.000000000015 15004.000000000002 570.20450465510123 0.37171052631578955 4082.6666666666665 32214.285714285717 21.000000000000004 11.000000000000002 34750.000000000007 5099.5830345661489 -1.1419832184327781 5144.5397099759548 75500.000000000015
decision_type=2 8 10 8 10 10 10 10 10 10 2 10 2 10 2 2 2 10 10 10 8
left_child=1 6 3 4 -2 -5 -1 8 9 -4 -11 12 14 -7 -9 18 17 -17 20 -20 -3
right_child=2 15 7 5 -6 13 -8 11 -10 10 -12 -13 -14 -15 -16 16 -18 -19 19 -21 -22
leaf_value=0.00023304056817841117 -1.62108395163485e-07 130.35391053204731 -7.7530521918760246e-06 1.3164689143398776e-05 8.0117632971599137e-10 2.8788015003190124e-07 -1.6295546623943181e-05 0.0047175095435443223 5.8317949151946422 7.6524825017612801e-06 -0.01682872763624417 57.596443302362253 -3.5102419434952248 -0.40765796709368474 -0.088618307758729878 0.00017860558867459947 -0.031118612042204483 -2.8455479373772636 104.09771206797699 0.089403609440457832 11.406261240325374
leaf_weight=1216 1114 148 2292 859 287 525 367 1371 106 7511 2285 132 1864 88 2439 1285 972 73 167 2043 180
leaf_count=1216 1114 148 2292 859 287 525 367 1371 106 7511 2285 132 1864 88 2439 1285 972 73 167 2043 180
internal_value=0.000103807 0.00127828 -0.000258768 -0.00204499 -0.00616251 0.00186823 0.00379305 2.58643e-05 0.000526016 0.000430779 0.000905603 -0.00102308 -0.00121402 -0.00142729 -0.000314526 0.000458687 -0.0009213 0.00129502 0.00172896 0.000951819 0.00693703
internal_weight=27324 6451 20873 2873 1401 1472 1583 18000 12194 12088 9796 5806 5674 613 3810 4868 2330 1358 2538 2210 328
internal_count=27324 6451 20873 2873 1401 1472 1583 18000 12194 12088 9796 5806 5674 613 3810 4868 2330 1358 2538 2210 328
is_linear=0
shrinkage=0.0215534


Tree=100
num_leaves=22
num_cat=0
split_feature=103 62 1 13 32 12 95 26 62 57 95 95 102 125 35 9 22 41 107 62 35
split_gain=20.1338 22.7723 20.5382 19.5638 18.6748 17.9814 55.5139 92.7008 33.2699 26.2401 33.8484 24.3524 24.9599 21.7144 20.0833 22.8627 23.8583 20.1548 27.41 19.1688 19.1115
threshold=3250.0000000000005 12000.000000000002 9.0000000000000018 109166.66666666667 11636.742756881415 28004.000000000004 0.019367701464532337 7.5000000000000009 425.00000000000006 15004.000000000002 0.25501224204123213 0.039601025991558729 114.26702080869838 8.5000000000000018 0.029339133496338186 15004.000000000002 2567.762955064482 2350.0000000000005 1996.0000000000002 425.00000000000006 0.027476916470145444
decision_type=8 10 2 10 2 8 10 2 10 10 10 10 2 2 2 8 10 2 10 10 2
left_child=1 5 -3 -4 -2 6 7 -1 13 10 -7 12 20 -9 19 16 17 18 -16 -13 -8
right_child=4 2 3 -5 -6 9 11 8 -10 -11 -12 14 -14 -15 15 -17 -18 -19 -20 -21 -22
leaf_value=1.4002889699332976e-05 -1.6252979196624162 -2.81186869711085 153.20583422323227 -20.283068767669207 -90.437411650646212 1.2081432246419916e-05 -1.2722693670961889e-06 -8.0368737878369072e-08 7.3485829317649093e-10 -0.007686909769917467 -2.0456247172641402 -1.6055814809777458e-05 0.00038873554605077065 -1.5911194657600897e-07 -0.00022664537062811428 7.1240834534367041e-06 -2.4385569246401295 -4.3493738607646377e-06 3.9134915766721381e-07 5.7543112182503761e-06 2.3714714915973642e-06
leaf_weight=164 1519 157 391 74 296 10051 106 288 292 7133 79 142 501 781 141 2828 104 1561 101 84 531
leaf_count=164 1519 157 391 74 296 10051 106 288 292 7133 79 142 501 781 141 2828 104 1561 101 84 531
internal_value=0.000190575 0.000346928 0.00442086 0.00670097 -0.00200204 0.000244745 -0.000626465 -0.00430474 -0.00615359 0.000630005 0.00133532 0.000291898 0.00313614 -0.00791494 -0.000358855 -5.73544e-05 -0.00188286 -0.00129815 -0.00708655 -0.00663476 0.000290952
internal_weight=27324 25509 622 465 1815 24887 7624 1525 1361 17263 10130 6099 1138 1069 4961 4735 1907 1803 242 226 637
internal_count=27324 25509 622 465 1815 24887 7624 1525 1361 17263 10130 6099 1138 1069 4961 4735 1907 1803 242 226 637
is_linear=0
shrinkage=0.0215534


Tree=101
num_leaves=22
num_cat=0
split_feature=103 50 39 77 127 95 28 11 111 110 5 95 80 99 127 95 125 34 118 127 102
split_gain=19.5569 18.2895 18.3854 17.8132 18.5517 26.3005 27.1711 26.7266 26.3175 32.1143 25.0719 54.9981 27.7771 34.1814 26.2998 25.5025 24.8778 23.546 22.8511 22.5542 21.8226
threshold=3250.0000000000005 74250.000000000015 1.2869249394673126 82500.000000000015 74.500000000000014 0.030210750161316215 64500.000000000007 28500.000000000004 0.324561403508772 0.17028985507246377 29500.000000000004 0.021156224471974194 28504.000000000004 28917.298766782831 340.50000000000006 0.012403600675980104 6.5000000000000009 8878.0000000000018 0.22500000000000003 210.50000000000003 159.45155453822375
decision_type=8 8 2 10 2 10 2 8 10 8 10 10 10 2 2 10 2 2 10 2 2
left_child=3 2 -2 4 5 7 8 -1 9 -7 11 12 14 19 16 -12 -6 -8 -19 -14 -18
right_child=1 -3 -4 -5 10 6 17 -9 -10 -11 15 -13 13 -15 -16 -17 20 18 -20 -21 -22
leaf_value=3.075900168881068e-05 -0.71470518473677414 -73.306416793375803 -95.784454757025614 -106.9668790144373 -1.8431330675782182e-08 -1.5598844803201734e-05 66.503415198065937 0.00043428828787798736 -4.8527280658711076 1.3323066172425069 4.2740811563033709e-05 4.318535349112121e-07 2.0862030845845597e-06 -0.018199616721968664 0.00051427095305126914 1.1430513249658937e-05 -1.5366589815502566e-07 3.24631673399479 -21.290072999047599 -1.3143823783076579e-06 -2.8939209676700443e-07
leaf_weight=392 1434 280 101 166 233 2999 333 866 150 240 630 5937 311 199 78 11050 784 653 264 118 106
leaf_count=392 1434 280 101 166 233 2999 333 866 150 240 630 5937 311 199 78 11050 784 653 264 118 106
internal_value=0.000182687 -0.00197829 -0.00104742 0.000336789 0.000383219 0.00144223 0.000690401 0.00420755 -0.000309079 9.71522e-05 6.16254e-05 -0.000886992 -0.0041549 -0.000466697 -0.00607608 0.000693098 -0.00692027 0.00340689 0.00161222 0.00294345 -0.00856227
internal_weight=27324 1815 1535 25509 25343 5897 4639 1258 3389 3239 19446 7766 1829 628 1201 11680 1123 1250 917 429 890
internal_count=27324 1815 1535 25509 25343 5897 4639 1258 3389 3239 19446 7766 1829 628 1201 11680 1123 1250 917 429 890
is_linear=0
shrinkage=0.0215534


Tree=102
num_leaves=22
num_cat=0
split_feature=110 28 28 26 77 20 11 82 39 74 127 61 100 127 95 124 93 42 124 53 55
split_gain=16.6225 16.9063 17.7051 27.6294 21.8419 16.4676 24.6694 18.3055 22.0164 21.595 20.3671 15.4343 15.4783 25.868 23.822 23.0028 13.1988 12.4509 27.3913 14.3172 11.8514
threshold=-0.44097222222222215 112500.00000000001 93750.000000000015 14.500000000000002 82500.000000000015 106250.00000000001 97500.000000000015 89375.000000000015 1.3536417773705911 13500.000000000002 148.50000000000003 -11249.999999999998 -10.639446943787332 54.500000000000007 0.030477886395142352 62.500000000000007 0.12596295751794526 -0.98698466465786716 1.5000000000000002 5120.2190213748117 10696.566276344542
decision_type=8 2 2 2 10 10 10 10 2 10 2 8 2 2 8 2 10 8 2 8 10
left_child=-1 2 4 -4 5 6 7 8 11 -10 -9 16 17 14 -14 -15 -2 18 -13 -19 -3
right_child=1 20 3 -5 -6 -7 -8 10 9 -11 -12 12 13 15 -16 -17 -18 19 -20 -21 -22
leaf_value=138.10308794384028 -0.036016371142410075 -383.3090530331819 33.402740864438449 -267.79110300301534 -174.46819875675848 8.6192609335841119 -84.794547334936752 10.634796463486882 0.00018253646297178956 -0.029173044548206715 -130.18212074761382 0.4640799775744871 5.157181392538408e-05 -1.3208491177062174e-07 1.559849930409193e-05 -2.8574619158439913e-07 -90.430102457933145 1.1105405456962971e-05 -0.00011679296082642328 0.00029034127032995742 -6.2091469485667181
leaf_weight=74 100 85 361 74 77 107 261 166 73 380 79 1417 848 10774 1586 165 93 4234 1672 4605 93
leaf_count=74 100 85 361 74 77 107 261 166 73 380 79 1417 848 10774 1586 165 93 4234 1672 4605 93
internal_value=0.000159023 0.000130981 0.000174834 0.00448803 0.000104057 0.00013763 0.000103151 0.000169188 0.000113469 -0.00459515 0.0060325 0.000197492 0.000244148 -0.000258839 0.0017497 -0.000706552 -0.00587112 0.000808787 -0.000367005 0.00122067 -0.00648661
internal_weight=27324 27250 27072 435 26637 26560 26453 26192 25947 453 245 25494 25301 13373 2434 10939 193 11928 3089 8839 178
internal_count=27324 27250 27072 435 26637 26560 26453 26192 25947 453 245 25494 25301 13373 2434 10939 193 11928 3089 8839 178
is_linear=0
shrinkage=0.0215534


Tree=103
num_leaves=22
num_cat=0
split_feature=53 130 48 55 80 26 77 112 100 0 131 38 92 80 64 120 75 23 22 10 48
split_gain=17.1992 27.68 40.8444 33.3108 32.4403 37.4304 30.1259 28.0839 19.2894 27.8008 21.7162 20.1414 20.223 25.715 21.533 23.2589 18.6254 16.0743 15.9504 19.594 26.2859
threshold=764.22220229521076 0.68301270189221941 27583.333333333339 532.06016849974446 27350.000000000004 44.500000000000007 25500.000000000004 0.03509852216748769 183.10625036118657 10.000000000000002 0.93301270189221952 3333.3333333333335 128.00000000000003 58500.000000000007 0.065591397849462371 0.20714285714285716 31500.000000000004 1322.8754950240727 13847.680013570993 50504.000000000007 44000.000000000007
decision_type=10 2 10 10 10 2 10 10 2 2 2 2 10 10 10 10 10 10 10 8 10
left_child=1 2 4 -4 6 -6 -1 -3 -2 10 18 12 13 16 -14 -16 17 -11 19 20 -10
right_child=8 7 3 -5 5 -7 -8 -9 9 11 -12 -13 14 -15 15 -17 -18 -19 -20 -21 -22
leaf_value=0.00039290721319059019 4.5780859944667305e-06 -1.232148790737253e-06 -1.6747853021724971e-07 6.7868201289965437e-06 -1.9587318258732081e-06 -1.5977235308446636e-07 -5.6846651655573177e-08 -8.9845958382698341e-06 0.003076569380843509 4.0957604891277444e-06 2.7681514693311708 -2.0315681243969848 -0.026924344604841784 7.1148894473857487 -0.067041983841749295 1.8072114425359338 -0.44501316191757562 0.0040430433042438754 -80.280502303283129 3.9704382937886016 -0.033416473544302758
leaf_weight=89 16844 328 372 862 296 95 137 120 287 282 103 2471 2489 147 564 727 294 230 73 254 260
leaf_count=89 16844 328 372 862 296 95 137 120 287 282 103 2471 2489 147 564 727 294 230 73 254 260
internal_value=0.000165334 -0.00161808 -0.000449444 0.00180936 -0.00498058 -0.0087404 0.00148712 -0.0064261 0.000329522 -0.000528488 0.00288085 -0.000992089 -0.000166669 0.00263679 -0.000875798 0.00137891 0.0011123 0.00360276 0.0017655 0.00265281 0.000338814
internal_weight=27324 2299 1851 1234 617 391 226 448 25025 8181 977 7204 4733 953 3780 1291 806 512 874 801 547
internal_count=27324 2299 1851 1234 617 391 226 448 25025 8181 977 7204 4733 953 3780 1291 806 512 874 801 547
is_linear=0
shrinkage=0.0215534


Tree=104
num_leaves=22
num_cat=0
split_feature=12 95 26 29 124 64 56 124 124 112 95 111 32 98 48 76 57 38 83 120 38
split_gain=25.8305 77.0897 100.506 41.4601 30.9713 27.5793 25.6061 22.4455 20.261 19.8631 18.6285 29.4506 18.6515 23.526 19.4747 17.9842 29.588 19.3938 19.3711 17.4343 17.673
threshold=28004.000000000004 0.019367701464532337 19.500000000000004 15583.333333333334 14.500000000000002 0.016807909604519777 15004.000000000002 28.500000000000004 38.500000000000007 1.4000800000000002 0.039601025991558729 0.037185185185185189 5734.368005975547 29298.891352814968 30834.000000000004 17500.000000000004 13500.000000000002 5583.333333333333 19125.000000000004 0.41428571428571431 -20583.333333333328
decision_type=8 10 2 2 2 10 8 2 2 10 10 10 2 2 10 10 10 2 10 10 2
left_child=1 2 4 -4 -1 -5 7 -2 -7 19 11 -3 13 15 -15 16 18 -17 -12 20 -8
right_child=6 10 3 5 -6 8 9 -9 -10 -11 12 -13 -14 14 -16 17 -18 -19 -20 -21 -22
leaf_value=-4.1824401042402081e-06 1.085811557513532e-05 1.1525637453430315e-06 0.00050319779222381567 -1.866240260063738e-07 1.3073658785136093e-05 4.7159195573626806e-06 167.82547873167934 0.00015463899883051094 -2.7673110639906735e-07 23.635535178967817 -4.6791426289665119e-06 0.00049494512319664028 0.81186249894324458 -0.0092249407745085884 -0.0069395002304460341 7.098938210172806e-06 -1.7532716946875644 -40.087596211576965 -0.039306435492737546 -102.67031363657564 -0.014334609315361202
leaf_weight=79 10386 849 91 966 176 123 128 647 90 134 2544 291 307 191 183 1594 85 116 89 120 8135
leaf_count=79 10386 849 91 966 176 123 128 647 90 134 2544 291 307 191 183 1594 85 116 89 120 8135
internal_value=0.00021424 -0.000836174 -0.00518095 -0.00766358 0.00714786 -0.00874858 0.000632376 0.00131784 -0.00167899 -0.000254579 0.000222809 0.00271474 -0.000331585 -0.000662478 -0.00585359 -0.000221955 -0.00131314 0.00150739 -0.000905324 -0.000387201 -0.000267621
internal_weight=27324 7774 1525 1270 255 1179 19550 11033 213 8517 6249 1140 5109 4802 374 4428 2718 1710 2633 8383 8263
internal_count=27324 7774 1525 1270 255 1179 19550 11033 213 8517 6249 1140 5109 4802 374 4428 2718 1710 2633 8383 8263
is_linear=0
shrinkage=0.0215534


Tree=105
num_leaves=22
num_cat=0
split_feature=12 95 131 5 114 94 125 95 51 39 130 54 125 93 42 106 112 23 69 77 121
split_gain=21.1251 83.1614 108.788 33.6198 23.0148 22.2068 21.8791 20.7889 19.7889 23.9245 18.1083 23.3065 21.7906 20.8674 18.3528 17.0214 16.8257 21.0334 16.8538 16.4685 25.8312
threshold=28004.000000000004 0.019367701464532337 0.6830127018922193 15004.000000000002 833.33333333333337 0.016937791273429224 14.500000000000002 0.051427323993745992 76083.333333333343 1.2869249394673126 0.68301270189221941 1372.3324886684848 16.500000000000004 0.026724760717818014 -1.0000000180025095e-35 1004.0000000000001 1.1937500000000003 15958.368914335811 7166.666666666667 77500.000000000015 0.07417582417582419
decision_type=8 10 2 10 8 10 2 10 10 2 2 10 2 10 10 10 10 10 10 10 10
left_child=1 2 3 -1 19 -5 -7 10 9 16 13 14 -13 15 -12 -3 17 18 -6 -2 -21
right_child=4 7 -4 5 8 6 -8 -9 -10 -11 11 12 -14 -15 -16 -17 -18 -19 -20 20 -22
leaf_value=0.00018202939858099547 1.7961177845315941e-05 9.094682614406382e-06 1.1979407189530109e-05 -1.5961600392679285e-07 -0.020229990499190251 3.7241251458601515e-06 -3.0992276504524859e-06 -4.3626446514769548e-06 -92.916685531170828 -93.144290924968146 3.4515482284574499e-07 0.00070859810559913551 -2.099123039743587e-05 -2.3216909281427918e-06 -9.258895135215161e-06 0.0011645255026112881 51.13798239260381 -98.166029189596145 94.566122205558969 -175.41475817472377 1.4974468052995613
leaf_weight=116 15968 808 295 918 2484 106 90 4532 325 153 73 118 85 428 94 111 83 72 78 167 220
leaf_count=116 15968 808 295 918 2484 106 90 4532 325 153 73 118 85 428 94 111 83 72 78 167 220
internal_value=0.000196886 -0.000753001 -0.00526575 -0.00808799 0.000575048 -0.00923965 -0.00259391 0.000346974 -0.00109686 -0.000522672 0.00236735 -0.00184029 0.00303512 0.00352957 -0.00781651 0.00536079 -5.23568e-05 -0.000356757 -3.0287e-05 0.000902192 -0.00348553
internal_weight=27324 7774 1525 1230 19550 1114 196 6249 3195 2870 1717 370 203 1347 167 919 2717 2634 2562 16355 387
internal_count=27324 7774 1525 1230 19550 1114 196 6249 3195 2870 1717 370 203 1347 167 919 2717 2634 2562 16355 387
is_linear=0
shrinkage=0.0215534


Tree=106
num_leaves=22
num_cat=0
split_feature=12 77 26 96 64 35 34 7 38 38 37 2 26 14 107 10 108 25 26 73 131
split_gain=23.6273 67.1796 84.8437 47.9353 31.3792 27.1626 22.5908 26.0282 21.6123 21.4135 21.7071 32.7544 28.1152 27.7296 22.3 20.5783 17.2469 19.1413 17.0088 17.9649 16.6572
threshold=28004.000000000004 25500.000000000004 8.5000000000000018 28000.917196273691 0.019049346879535561 0.023424278964210215 11375.000000000002 87500.000000000015 20333.333333333336 -13333.33333333333 1004.0000000000001 54500.000000000007 46.500000000000007 54357.142857142862 2896.0000000000005 28004.000000000004 -0.053812741312741309 1.5000000000000002 4.5000000000000009 43500.000000000007 -0.9330127018922193
decision_type=8 10 2 2 10 2 2 10 2 2 2 2 2 8 10 10 10 2 2 8 2
left_child=1 5 15 4 -4 -1 7 9 16 -2 -11 12 18 -13 -14 -3 -8 -18 19 -12 -5
right_child=6 2 3 20 -6 -7 8 -9 -10 10 11 13 14 -15 -16 -17 17 -19 -20 -21 -22
leaf_value=0.00038351265424321095 92.996862960893395 0.00050210461635601415 -1.8626547364981816e-07 1.2566012314854656e-05 1.7521554598702705e-06 1.1070996476048296e-06 4.0986860078837584 10.674361907196724 -270.88409925603111 4.9329978463551438e-07 -1.8823579122654885 -98.035901557622537 0.00077103156906160647 0.10764236282310159 -0.042522942195703309 -0.0097017658487255284 2.3657653882027234 -0.30784142011996629 0.00076433318090581362 0.0023845968726002682 -3.3511611174035554e-06
leaf_weight=100 216 182 1038 97 77 5524 597 396 143 10595 89 333 105 1358 154 93 401 2682 2262 219 663
leaf_count=100 216 182 1038 97 77 5524 597 396 143 10595 89 333 105 1358 154 93 401 2682 2262 219 663
internal_value=0.000179532 -0.000825085 -0.00406588 -0.00570818 -0.00855486 0.000412359 0.000579458 0.000940959 -0.000905411 0.000799372 0.000702423 0.00195311 0.00337193 -0.000415497 -0.00337735 0.00709829 -0.000583333 -0.00123458 0.00405557 -0.000671595 -0.00151989
internal_weight=27324 7774 2150 1875 1115 5624 19550 15727 3823 15331 15115 4520 2829 1691 259 275 3680 3083 2570 308 760
internal_count=27324 7774 2150 1875 1115 5624 19550 15727 3823 15331 15115 4520 2829 1691 259 275 3680 3083 2570 308 760
is_linear=0
shrinkage=0.0215534


Tree=107
num_leaves=22
num_cat=0
split_feature=95 80 26 127 12 35 0 38 16 23 106 39 8 12 23 26 41 127 77 101 127
split_gain=28.6218 83.6858 84.8672 39.5204 35.672 28.5506 24.3082 30.9691 34.7023 27.6341 27.2337 42.3639 38.7603 26.0665 23.5212 21.3959 21.6975 27.1437 26.3721 25.6376 20.2736
threshold=0.018556318056835532 28504.000000000004 19.500000000000004 339.50000000000006 16500.000000000004 0.029339133496338186 21.000000000000004 -5749.9999999999991 83027.777777777796 18514.128513903324 2100.0000000000005 1.1779788838612371 87500.000000000015 61000.000000000007 16261.158760480854 2.5000000000000004 3004.0000000000005 159.50000000000003 51000.000000000007 -6035.4434233390848 354.50000000000006
decision_type=8 10 2 2 10 2 2 2 10 10 8 2 10 8 10 2 2 2 10 2 2
left_child=1 2 5 4 -4 -1 7 -2 9 -9 12 20 14 -10 15 -8 -17 -18 19 -19 -12
right_child=6 -3 3 -5 -6 -7 10 8 13 -11 11 -13 -14 -15 -16 16 17 18 -20 -21 -22
leaf_value=-3.8869471273715861e-06 99.795475532164417 1.7961695870146259e-06 1.6059682506410382e-07 0.00049202619427048361 -1.8492404291752577e-07 1.4827470433980667e-05 -0.16907512614293665 3.1897732797002003e-05 -200.97404755275966 20.838284123834725 -0.2086880763326513 -168.40221648788247 13.505135368127865 -13.821680567597669 -25.253937508555161 9.0984838924906013e-06 0.00073365755830823176 2.3329355034302992 -99.833959440064262 -0.0061441597835363258 67.842027729165224
leaf_weight=108 405 1945 127 82 870 200 275 10450 92 140 2919 203 249 630 141 1957 2806 593 111 2947 74
leaf_count=108 405 1945 127 82 870 200 275 10450 92 140 2919 203 249 630 141 1957 2806 593 111 2947 74
internal_value=0.000127471 -0.00174388 -0.00578963 -0.00864053 -0.00982667 0.00416938 0.000387729 0.00109008 0.000879505 0.00119184 -0.000281992 -0.00199342 0.000319535 -0.00368924 8.20149e-05 0.000224735 0.000419075 -0.000182252 -0.00140852 -0.00108129 -0.00134371
internal_weight=27324 3332 1387 1079 997 308 23992 11717 11312 10590 12275 3196 9079 722 8830 8689 8414 6457 3651 3540 2993
internal_count=27324 3332 1387 1079 997 308 23992 11717 11312 10590 12275 3196 9079 722 8830 8689 8414 6457 3651 3540 2993
is_linear=0
shrinkage=0.0215534


Tree=108
num_leaves=22
num_cat=0
split_feature=32 127 124 127 112 89 97 80 110 5 113 32 74 12 101 96 52 110 130 23 49
split_gain=34.6407 56.8727 50.6721 42.4634 36.0888 34.6728 29.3938 27.8925 24.8399 21.2778 21.2406 19.9809 19.8782 19.709 17.5092 39.5079 17.2829 18.8803 16.9059 16.1429 25.6976
threshold=1217.9025065152932 62.500000000000007 49.500000000000007 183.50000000000003 0.036038961038961044 1850.0000000000002 28211.687891927333 27850.000000000004 0.072751322751322761 30500.000000000004 3250.0000000000005 11503.620336937516 30500.000000000004 9500.0000000000018 -257.37262803015977 28000.060067279381 865.54360876699582 -1.0000000180025095e-35 1.0000000180025095e-35 1.0000000180025095e-35 26916.666666666668
decision_type=2 2 2 2 10 10 2 10 8 10 10 2 8 8 2 2 10 10 2 10 10
left_child=1 8 3 4 9 6 19 -7 12 -3 13 -12 -1 -2 15 -9 17 -14 -13 -5 -21
right_child=10 2 -4 5 -6 7 -8 14 -10 -11 11 18 16 -15 -16 -17 -18 -19 -20 20 -22
leaf_value=0.00071072984128652851 0.34723163809530755 -4.4591247912283639e-07 -3.5226722382297642e-07 -4.0158386400100002e-08 -0.018117181981346219 0.00037522871536351161 2.7183050132001803e-06 -9.2648194678393883e-07 -0.024823890056884075 1.3127911481967238e-05 -1.2508108903557433 13.537209161563323 -0.00014516341046659772 5.6324848894526509e-05 -2.3045439139744215e-07 0.001853048777207076 -0.01613814954505886 0.00075565254926795371 -152.49541821130322 9.4997660707452527e-09 -3.5824221460478565e-07
leaf_weight=432 233 1205 191 174 252 79 342 202 77 142 1474 90 130 20684 648 142 94 213 210 90 220
leaf_count=432 233 1205 191 174 252 79 342 202 77 142 1474 90 130 20684 648 142 94 213 210 90 220
internal_value=0.000122738 -0.00157518 -0.00278602 -0.00219227 -0.00477946 -6.82006e-06 -0.00332916 0.00254753 0.00313471 -0.00336957 0.000469801 -0.00179318 0.00418123 0.000662147 0.00155552 0.00548701 0.000917179 0.00317868 -0.00686607 -0.00674963 -0.00970285
internal_weight=27324 4633 3687 3496 1599 1897 826 1071 946 1347 22691 1774 869 20917 992 344 437 343 300 484 310
internal_count=27324 4633 3687 3496 1599 1897 826 1071 946 1347 22691 1774 869 20917 992 344 437 343 300 484 310
is_linear=0
shrinkage=0.0215534


Tree=109
num_leaves=22
num_cat=0
split_feature=5 95 38 127 80 127 35 12 11 34 39 99 127 127 57 61 55 47 103 54 91
split_gain=27.9166 66.4798 66.8592 30.5369 27.4312 36.2107 39.9137 26.4149 25.9608 23.643 27.1445 21.0345 26.2528 28.6982 25.8883 21.801 23.241 21.2934 20.5385 20.0608 18.9278
threshold=29500.000000000004 0.017278467139375597 -1833.3333333333328 340.50000000000006 28504.000000000004 130.50000000000003 0.036239680011024268 16500.000000000004 28500.000000000004 13875.000000000002 0.69883720930232573 72293.934372925301 44.500000000000007 130.50000000000003 16500.000000000004 5750.0000000000009 8025.9843075042463 81250.000000000015 1250.0000000000002 532.06016849974446 3622.0000000000005
decision_type=10 8 2 2 10 2 2 10 8 2 2 2 2 2 8 10 10 10 10 10 10
left_child=1 2 -1 4 5 6 -4 -7 -6 10 -2 14 -13 20 -12 -16 -17 -15 -11 -9 -14
right_child=9 -3 3 -5 8 7 -8 19 -10 18 11 12 13 17 15 16 -18 -19 -20 -21 -22
leaf_value=0.0004113282421538158 84.453545712464688 -1.208814117116713e-07 -4.5061166277389767e-05 0.00048025130745038504 1.6113081555381566e-06 -7.284025127468859e-07 1.5876357930921185e-05 -8.4513693471995315e-08 -0.00023262538450663845 -0.59155743629682478 0.00014812696209967317 -1.2426406095582405 20.477588468821999 3.2307310062205685 -0.024416424346458465 101.56539862581327 -3.4170463682802152 -81.021722541062559 -95.070674566662831 -2.5003021245417742e-07 16.614812559031918
leaf_weight=85 98 8337 112 79 156 112 93 103 267 2009 8877 336 158 196 4499 216 164 130 256 664 377
leaf_count=85 98 8337 112 79 156 112 93 103 267 2009 8877 336 158 196 4499 216 164 130 256 664 377
internal_value=7.54099e-05 -0.000830426 -0.0047541 -0.00575627 -0.00644413 -0.00826269 -6.3083e-05 -0.010165 -0.00176259 0.000599449 0.000908756 0.000833994 0.00357573 0.00557169 0.000594766 -0.000665275 0.00428687 0.000502336 -0.00145206 -0.0115929 0.00864391
internal_weight=27324 10008 1671 1586 1507 1084 205 879 423 17316 15051 14953 1197 861 13756 4879 380 326 2265 767 535
internal_count=27324 10008 1671 1586 1507 1084 205 879 423 17316 15051 14953 1197 861 13756 4879 380 326 2265 767 535
is_linear=0
shrinkage=0.0215534


Tree=110
num_leaves=22
num_cat=0
split_feature=23 97 99 42 26 35 35 30 103 32 130 131 112 1 102 0 83 93 42 99 42
split_gain=27.2185 83.7361 44.8345 30.5445 33.8563 18.2859 18.5378 17.8044 16.8184 20.1391 16.9059 15.7522 15.1814 14.6619 28.6093 19.5756 43.7225 35.1597 22.8668 22.5278 30.1686
threshold=449.77644510808091 28000.033770091057 26937.446203525829 1.1070186069251193 18.500000000000004 0.036239680011024268 0.023005988268420752 25500.000000000004 3250.0000000000005 11503.620336937516 1.0000000180025095e-35 -0.9330127018922193 -0.03390804597701149 11.000000000000002 5441.4677364024765 13.000000000000002 79375.000000000015 0.025439916452561773 -1.4999556252403243 77791.512962842433 1.2199917524605832
decision_type=8 2 2 10 2 2 2 2 10 2 2 2 10 2 2 2 10 10 10 2 10
left_child=1 2 3 4 -1 6 -4 -6 13 -10 -11 -3 -13 15 -15 16 17 -2 -17 20 -20
right_child=8 11 5 -5 7 -7 -8 -9 9 10 -12 12 -14 14 -16 18 -18 -19 19 -21 -22
leaf_value=6.8117461035069522e-06 0.0008956202831610111 0.00053844226915603218 -1.1183468999937978e-07 0.00057312337926987585 -1.7567099748195624e-06 -5.1966559884114799e-08 -1.4031596341096535e-07 1.3167798858779764e-06 -1.0667673212770223 14.886647914408444 -147.44490508464906 0.00041390560165161108 -1.2250541611633452e-07 2.8853041967568532e-07 -1.7086644239800994 51.843733244689503 -69.839229687893422 1.9442571142661769 -0.00092900072887686113 4.8354752491985211 -105.280201268357
leaf_weight=122 1384 100 142 82 283 99 409 72 1485 90 210 190 1068 13246 315 415 434 1438 4754 794 192
leaf_count=122 1384 100 142 82 283 99 409 72 1485 90 210 190 1068 13246 315 415 434 1438 4754 794 192
internal_value=2.49265e-05 -0.00208725 -0.00621414 -0.00171935 -0.00382188 -0.0100655 -0.0116 -0.00719863 0.000244289 -0.00177006 -0.00686607 0.00158068 0.000918263 0.000401192 -5.18134e-05 0.00105487 0.00240681 0.00338793 0.000338266 -1.35187e-05 -0.000556037
internal_weight=27324 2567 1209 559 477 650 551 355 24757 1785 300 1358 1258 22972 13561 9411 3256 2822 6155 5740 4946
internal_count=27324 2567 1209 559 477 650 551 355 24757 1785 300 1358 1258 22972 13561 9411 3256 2822 6155 5740 4946
is_linear=0
shrinkage=0.0215534


Tree=111
num_leaves=22
num_cat=0
split_feature=23 96 39 126 64 80 5 98 102 100 28 29 107 31 124 40 37 47 28 59 121
split_gain=42.0588 79.2422 61.4509 35.3566 31.7492 28.0817 19.6145 26.8243 25.5599 17.8863 16.1404 19.9185 16.3517 17.1929 23.5454 22.9514 27.1064 17.9535 27.2557 26.1237 16.3288
threshold=449.77644510808091 28000.000455040412 1.2535714285714288 1.5000000000000002 0.036038961038961044 21500.000000000004 38500.000000000007 35001.619553226934 297.75908680561594 -9108.5550632354443 112500.00000000001 102916.66666666667 51000.000000000007 92500.000000000015 2.5000000000000004 43000.000000000007 18000.000000000004 86250.000000000015 69500.000000000015 27500.000000000004 0.30384615384615393
decision_type=8 2 2 2 10 10 10 2 2 2 2 2 10 2 2 2 2 10 2 10 10
left_child=1 2 3 5 -5 -1 7 -3 -8 -2 11 12 13 15 -15 16 17 18 -11 20 -20
right_child=9 6 -4 4 -6 -7 8 -9 -10 10 -12 -13 -14 14 -16 -17 -18 -19 19 -21 -22
leaf_value=7.2501602229436967e-06 7.2094200349317852 4.3758985852724797e-06 0.00060003078720104609 -2.6751960789723257e-07 1.5963345564296687e-05 -1.5155357488118431e-05 0.0013108966771959161 -0.044218199468643658 -0.78738206595598392 -3.8586298658191989e-08 -167.8626492387379 13.794974982759427 26.491069608376591 -45.528548658730379 5.4224873760707784 14.042728344833842 -146.2027758553692 -75.779367607004716 4.941801687500738 -2.0715987915832432 -36.031721732136148
leaf_weight=114 432 766 71 899 81 132 348 85 71 21192 175 193 86 500 263 93 129 245 966 408 75
leaf_count=114 432 766 71 899 81 132 348 85 71 21192 175 193 86 500 263 93 129 245 966 408 75
internal_value=-0.000149558 -0.00277572 -0.00652368 -0.00765733 -0.00949132 -0.000315312 0.00104535 -0.000825574 0.00486508 0.000122406 4.48346e-05 9.24607e-05 3.65267e-05 2.34782e-06 -0.00318034 0.000107823 6.42434e-05 0.00012017 0.000183347 0.00304315 0.00485681
internal_weight=27324 2567 1297 1226 980 246 1270 851 419 24757 24325 24150 23957 23871 763 23108 23015 22886 22641 1449 1041
internal_count=27324 2567 1297 1226 980 246 1270 851 419 24757 24325 24150 23957 23871 763 23108 23015 22886 22641 1449 1041
is_linear=0
shrinkage=0.0215534


Tree=112
num_leaves=22
num_cat=0
split_feature=23 31 101 127 35 49 34 101 63 42 127 35 127 83 9 55 101 93 46 125 101
split_gain=30.7998 94.784 54.248 30.3648 42.1992 27.0347 21.9322 20.7443 21.0276 16.9392 16.3907 24.6311 31.3518 24.7741 18.6889 18.2718 17.9237 17.5012 18.4966 27.7231 29.1489
threshold=449.77644510808091 31254.000000000004 25.040001037423284 128.50000000000003 0.036239680011024268 16916.666666666668 962.50000000000011 11.369812247299707 2250.0000000000005 0.84757937952601281 74.500000000000014 0.11909899211981551 22.500000000000004 58875.000000000007 71000.000000000015 13967.18498869283 9824.4512636078271 0.25629923597152077 71250.000000000015 8.5000000000000018 -4575.7439072590705
decision_type=8 2 2 2 2 10 2 2 8 10 2 2 2 10 8 10 2 10 10 2 2
left_child=1 2 3 4 -1 -4 -7 8 -3 -9 11 12 13 -2 15 16 -13 18 -12 20 -20
right_child=10 7 5 -5 -6 6 -8 9 -10 -11 17 14 -14 -15 -16 -17 -18 -19 19 -21 -22
leaf_value=-4.4094265410565868e-05 0.00016128277342862998 0.00093920422630054906 0.0005779428707371443 -2.7761884086231553e-07 1.3747238126585452e-05 0.0003903391404150217 -1.8370372164087748e-06 2.4005430762895146e-05 -0.00051803088759610745 -0.0020862002935980459 -1.6043623345617001e-07 -6.1429268778337664e-05 0.00082400937186275695 -189.23096927336499 2.0230379702817793 2.6349332204066216 -86.795177820721293 11.973068290435011 60.762365509329356 -71.419317523698126 -55.695025934692836
leaf_weight=165 417 401 99 916 117 102 210 278 186 93 17503 2348 1804 72 936 144 140 131 72 1043 147
leaf_count=165 417 401 99 916 117 102 210 278 186 93 17503 2348 1804 72 936 144 140 131 72 1043 147
internal_value=-0.00010854 -0.00235592 -0.00555344 -0.00787227 -0.00165033 0.0011849 -0.00190605 0.00300547 0.00552877 -0.000964139 0.000124147 0.00112012 0.00286301 -0.00196542 0 -0.000930234 -0.00136523 -0.000184325 -0.000239596 -0.00275971 0.00419069
internal_weight=27324 2567 1609 1198 282 411 312 958 587 371 24757 5861 2293 489 3568 2632 2488 18896 18765 1262 219
internal_count=27324 2567 1609 1198 282 411 312 958 587 371 24757 5861 2293 489 3568 2632 2488 18896 18765 1262 219
is_linear=0
shrinkage=0.0215534


Tree=113
num_leaves=22
num_cat=0
split_feature=23 55 5 96 62 56 63 23 108 41 46 40 124 28 30 124 31 111 44 123 63
split_gain=37.7553 109.857 32.9999 31.5278 21.9234 19.8559 21.3266 18.1362 17.8177 17.204 28.9975 21.3852 16.4244 14.4881 25.2087 29.2049 20.6907 20.4729 19.7788 25.1731 20.0909
threshold=449.77644510808091 3154.3521023394173 27350.000000000004 28000.000000211065 750.00000000000011 15504.000000000002 1750.0000000000002 379.04902178907679 -0.28174603174603169 6500.0000000000009 17750.000000000004 6500.0000000000009 60.500000000000007 112500.00000000001 73500.000000000015 2.5000000000000004 97500.000000000015 -0.046031746031746028 62515.000000000007 2250.0000000000005 -11999.999999999998
decision_type=8 8 10 2 10 10 8 10 10 2 8 2 2 2 2 2 2 8 10 8 8
left_child=1 3 9 4 12 6 -4 -5 -2 10 11 -3 -1 14 16 -16 18 -18 -10 20 -20
right_child=8 2 5 7 -6 -7 -8 -9 13 -11 -12 -13 -14 -15 15 -17 17 -19 19 -21 -22
leaf_value=-1.2554210741735771e-07 96.98642002280684 -1.4041336811991031e-05 0.00091916159738805769 -2.3424350134735554e-07 1.7214375966237019e-06 -0.023345663282164256 8.0843803802221409e-05 -8.9523844268315425e-06 -2.7068225563204647e-07 0.00088867937959114754 -0.0077968284802827342 1.7413816769929377e-05 -3.8803304556024252e-07 -161.1051679458219 1.2497003912821614 24.294646269320818 1.9154055626715678 -150.15343917357629 -54.069699915339328 -34.360203621600967 2.5112352372704176
leaf_weight=672 180 78 362 450 85 160 183 161 20895 74 135 106 101 176 465 270 211 281 270 400 1609
leaf_count=672 180 78 362 450 85 160 183 161 20895 74 135 106 101 176 465 270 211 281 270 400 1609
internal_value=-0.000119583 -0.0026078 0.00254378 -0.00646411 -0.00913275 0.00533715 0.00729913 -0.00270168 0.000138076 -0.0024454 -0.00463355 0.000889798 -0.0102763 8.82234e-05 0.000133025 0.00406381 1.05647e-05 -0.00436237 0.000103795 0.00201055 0.00305792
internal_weight=27324 2567 1098 1469 858 705 545 611 24757 393 319 184 773 24577 24401 735 23666 492 23174 2279 1879
internal_count=27324 2567 1098 1469 858 705 545 611 24757 393 319 184 773 24577 24401 735 23666 492 23174 2279 1879
is_linear=0
shrinkage=0.0215534


Tree=114
num_leaves=22
num_cat=0
split_feature=54 23 96 80 0 64 39 54 23 23 48 26 80 41 0 0 99 39 29 63 95
split_gain=39.1001 70.2165 38.5064 35.4246 28.9343 28.5292 25.8418 25.5479 24.2632 26.7032 24.2375 23.3327 32.3718 25.056 29.1806 29.1054 23.2565 27.0573 25.1975 20.7849 21.0063
threshold=1549.193338482967 449.77644510808091 28000.000000211065 27350.000000000004 13.000000000000002 0.017700501253132835 0.96490147783251246 1866.3636829447485 507.41626340492411 1728.7295182098392 44000.000000000007 11.500000000000002 31750.000000000004 1254.0000000000002 39.500000000000007 33.000000000000007 77791.512962842433 1.2922201138519926 109583.33333333336 7750.0000000000009 0.19554635791780381
decision_type=10 8 2 8 2 8 2 10 10 10 10 2 8 2 2 2 2 2 2 8 10
left_child=1 2 6 -3 8 -4 -1 -6 -2 -10 -11 12 -5 14 -13 -15 17 -9 -18 20 -12
right_child=4 3 5 11 7 -7 -8 16 9 10 19 13 -14 15 -16 -17 18 -19 -20 -21 -22
leaf_value=-4.7829463849962778e-08 0.00033167995091403402 0.00036681300198418117 -5.9119695426946714e-06 0.00080300816354820148 0.0011827912828743239 0.44753285536847853 -1.5745605641076613e-07 -2.1957086502517717e-05 -8.3892475454675064e-06 0.00091717082927028734 -0.0079466161151029585 -5.6151673252385135e-06 -0.0066137571990842262 -3.5655682394217457e-07 2.4838495731720624e-06 0.0070494185982599312 6.839085856139925 -73.288503448409259 -176.06732425655733 3.2260119623744532 2.3253465682739032
leaf_weight=140 694 180 496 560 153 89 605 13466 1175 1836 2603 1327 575 672 475 115 787 165 127 678 406
leaf_count=140 694 180 496 560 153 89 605 13466 1175 1836 2603 1327 575 672 475 115 787 165 127 678 406
internal_value=-6.90995e-05 -0.00174433 -0.00602153 -0.00028487 0.000327446 -0.00186397 -0.00927394 -0.00022524 0.00142754 0.00102842 0.00165696 -0.000738492 0.00183425 -0.00186972 -0.0032723 0.00133083 -0.000318001 -0.000541717 0.00300866 0.000646527 -0.000118903
internal_weight=27324 5234 1330 3904 22090 585 745 14698 7392 6698 5523 3724 1135 2589 1802 787 14545 13631 914 3687 3009
internal_count=27324 5234 1330 3904 22090 585 745 14698 7392 6698 5523 3724 1135 2589 1802 787 14545 13631 914 3687 3009
is_linear=0
shrinkage=0.0215534


Tree=115
num_leaves=22
num_cat=0
split_feature=52 124 102 26 115 77 31 112 92 35 42 16 48 35 39 12 89 131 100 62 42
split_gain=36.0954 56.0716 32.9513 26.021 33.0717 29.1276 34.3115 23.336 22.2184 21.7198 21.1785 21.1355 33.6016 20.023 18.7788 18.4587 17.7919 17.2396 17.2136 16.7388 19.6952
threshold=1516.5750888103105 15.500000000000002 25.206317199343179 11.500000000000002 357.14285714285717 25500.000000000004 28500.000000000004 -0.063508064516129017 751.00000000000011 0.06933547297035246 0.27534502837876557 28550.000000000004 31416.666666666668 0.036239680011024268 1.0325224748810156 26500.000000000004 1004.0000000000001 0.6830127018922193 -9108.5550632354443 5750.0000000000009 -0.84757937952601192
decision_type=10 2 2 2 8 10 2 8 10 2 10 10 10 2 2 10 8 2 2 10 8
left_child=1 3 7 4 11 -5 8 -3 -7 19 -8 -1 -13 15 -12 -9 -11 -17 -18 20 -2
right_child=9 2 -4 5 -6 6 10 13 -10 16 14 12 -14 -15 -16 17 18 -19 -20 -21 -22
leaf_value=0.43999319439829548 -0.0082565407277651569 6.5797199113564664e-07 -1.8518685179750089e-06 0.00032369539231996149 -0.032016345207904182 -3.0488716651194852e-06 1.9181257990066983e-06 -4.6798577479367744e-08 -1.0178784919379393e-06 0.00015934808578049026 -0.0014480786954230674 -3.9307212837878251e-05 0.0004989007456424454 -2.8322395243385574e-08 -1.7528924555981277e-06 -1.983708751470033e-07 7.0305262704763436 -4.658371922121065e-07 -4.3492574833761318e-06 86.421470280389727 0.00080677686098778849
leaf_weight=275 160 80 373 410 99 240 1139 75 277 1292 294 518 110 121 387 499 424 126 19648 148 629
leaf_count=275 160 80 373 410 99 240 1139 75 277 1292 294 518 110 121 387 499 424 126 19648 148 629
internal_value=-0.000119583 -0.00177041 -0.0056772 -0.000440371 0.00252937 -0.00152681 -0.00245866 -0.00790761 -0.00736092 0.000251863 -0.00106103 0.00383288 0.00163341 -0.00899305 -0.00406955 -0.0103934 0.000110571 -0.0116059 -4.68179e-05 0.00346382 0.00220151
internal_weight=27324 5023 1274 3749 1002 2747 2337 901 517 22301 1820 903 628 821 681 700 21364 625 20072 937 789
internal_count=27324 5023 1274 3749 1002 2747 2337 901 517 22301 1820 903 628 821 681 700 21364 625 20072 937 789
is_linear=0
shrinkage=0.0215534


Tree=116
num_leaves=22
num_cat=0
split_feature=52 23 48 12 38 130 0 48 131 35 59 80 0 23 22 38 131 100 29 101 95
split_gain=32.3818 93.4251 24.8635 24.7135 23.899 29.9452 22.9017 35.5656 21.8917 21.7723 21.3585 20.7897 20.7338 24.3753 22.9645 28.3583 21.717 19.7474 18.6932 17.8231 26.8602
threshold=1516.5750888103105 449.77644510808091 31750.000000000004 28004.000000000004 683.33333333333405 0.68301270189221941 39.500000000000007 28750.000000000004 0.6830127018922193 0.06933547297035246 1750.0000000000002 31004.000000000004 13.000000000000002 507.41626340492411 1081.8177620693023 20333.333333333336 -0.5 -4233.5640637622701 28250.000000000004 -4463.1801576224234 0.19554635791780381
decision_type=10 10 10 8 2 2 2 10 2 2 10 10 2 10 10 2 2 2 2 2 10
left_child=1 3 4 8 5 6 10 -8 -1 -2 18 -6 13 -11 16 19 -15 -14 -3 20 -16
right_child=9 2 -4 -5 11 -7 7 -9 -10 12 -12 -13 17 14 15 -17 -18 -19 -20 -21 -22
leaf_value=-1.151669800050467e-07 0.0010030703109086857 -1.4900378953320419e-05 0.00045379323096015966 -7.9761733243398179e-06 -6.008025092379967e-07 -2.5682121167504938e-06 2.6472719512490269e-06 0.010908175962197545 -4.3770744856225928e-07 0.00041252460674669162 1.7633762843267852e-05 -0.0070707321391178706 3.3803189336393009 -3.8398631924046884e-05 -0.018857095480042982 -202.01737500318984 7.2976849713379971e-07 -4.0544176747812563e-05 2.1090306446557705e-07 0.0023728157452094232 2.1295698069567206
leaf_weight=650 937 183 92 541 354 889 184 108 122 671 1368 304 1199 568 1103 88 1203 13009 228 3251 272
leaf_count=650 937 183 92 541 354 889 184 108 122 671 1368 304 1199 568 1103 88 1203 13009 228 3251 272
internal_value=-0.000103807 -0.00166743 7.90092e-05 -0.00660833 -0.00020016 0.000623281 0.00204597 0.00764442 -0.00908922 0.000247997 0.00112183 -0.00391702 0.000106536 0.00105296 0.000646758 0.00143381 -0.0014433 -0.000369536 -0.00317718 0.00166609 -0.000385586
internal_weight=27324 5023 3710 1313 3618 2960 2071 292 772 22301 1779 658 21364 7156 6485 4714 1771 14208 411 4626 1375
internal_count=27324 5023 3710 1313 3618 2960 2071 292 772 22301 1779 658 21364 7156 6485 4714 1771 14208 411 4626 1375
is_linear=0
shrinkage=0.0215534


Tree=117
num_leaves=22
num_cat=0
split_feature=95 55 80 62 59 99 42 100 131 93 95 48 22 127 69 28 54 102 12 123 52
split_gain=37.3301 91.9992 39.6622 20.3194 18.6078 25.7311 17.2844 16.5355 16.3108 21.3625 23.177 24.3747 27.3162 21.8417 18.1983 18.9237 34.2648 41.0847 26.7257 19.5804 18.1646
threshold=0.016842620975267401 3154.3521023394173 28504.000000000004 750.00000000000011 27500.000000000004 15066.531491062484 1.5505847767289238 -9108.5550632354443 -0.5 0.066973534418046418 0.15641741131877315 67333.333333333358 2310.9866595598955 221.50000000000003 -5749.9999999999991 63015.000000000007 9331.8184147237425 742.1084924855187 97500.000000000015 3250.0000000000005 7005.8867426102979
decision_type=10 8 10 10 8 2 8 2 2 10 10 10 10 2 10 2 8 2 10 10 10
left_child=1 2 3 -1 5 -3 -4 -2 9 10 11 12 20 -12 -10 -16 17 -17 -18 -19 -9
right_child=7 4 6 -5 -6 -7 -8 8 14 -11 13 -13 -14 -15 15 16 18 19 -20 -21 -22
leaf_value=-1.6348430994912026e-07 6.8631012276287562 -2.1702877534645406e-05 -6.973908098745122e-06 2.8205656044355849e-06 -0.11659256536778284 0.00040363330919913253 0.00094288193022620348 2.1542775064818901e-07 -89.578332424957665 -0.039643365328125672 -0.024389627148874247 -99.580023668746534 0.0039224692495642101 -0.86635416292218925 4.8668856961827242e-06 79.129985058843118 1.3629096574481565 1.4571457355810424 -112.81927895311719 -83.851441631536204 -0.047849841807102375
leaf_weight=807 432 88 782 87 223 815 84 2913 213 2786 357 157 1640 222 12641 352 1270 796 237 103 319
leaf_count=807 432 88 782 87 223 815 84 2913 213 2786 357 157 1640 222 12641 352 1270 796 237 103 319
internal_value=-8.3298e-05 -0.00240171 -0.00548111 -0.0086686 0.00240397 0.00378515 -0.00217998 0.00019015 0.000114563 -0.000651165 0.000113762 0.000585432 0.000856456 -0.00396753 0.00052682 0.000613888 0.00223184 0.00486851 3.71874e-05 0.00241161 -0.00029075
internal_weight=27324 2886 1760 894 1126 903 866 24438 24006 8394 5608 5029 4872 579 15612 15399 2758 1251 1507 899 3232
internal_count=27324 2886 1760 894 1126 903 866 24438 24006 8394 5608 5029 4872 579 15612 15399 2758 1251 1507 899 3232
is_linear=0
shrinkage=0.0215534


Tree=118
num_leaves=22
num_cat=0
split_feature=95 55 96 64 51 56 42 103 62 93 32 21 28 30 112 53 34 112 102 95 94
split_gain=44.5656 82.4508 43.8857 22.3292 20.1114 25.4294 23.3925 15.6542 23.6008 23.6871 18.8054 15.2427 13.9775 15.3651 18.7077 14.8361 24.3609 14.0499 14.837 17.1374 23.4208
threshold=0.016842620975267401 3154.3521023394173 28000.000455040412 0.018350168350168353 18250.000000000004 15504.000000000002 1.144344270542659 3250.0000000000005 12000.000000000002 0.17677669529663095 11503.620336937516 18126.539343499408 112500.00000000001 73500.000000000015 0.80909090909090919 4035.2607187858589 8125.0000000000009 -0.26234817813765177 114.26702080869838 0.14332321750311999 0.073281712417322856
decision_type=10 8 2 10 10 10 10 10 10 10 2 10 2 2 8 8 2 8 2 10 10
left_child=1 2 3 -1 6 -6 -3 8 11 -10 -9 12 13 15 -15 16 17 -2 19 20 -19
right_child=7 4 -4 -5 5 -7 -8 10 9 -11 -12 -13 -14 14 -16 -17 -18 18 -20 -21 -22
leaf_value=-2.3716965156269389e-07 0.0067467357522593531 -2.2016109093567087e-05 -4.4721443126111111e-06 9.3007110002858014e-09 0.00046632421917103132 -0.053285442070868425 0.00052366190370528782 -0.99881850168113806 79.910809073441683 -6.1227487885703873 -76.847689060921525 13.745091985503112 -290.6822840493686 7.6910092682984565 -92.098826719264437 -4.1724000466237538e-05 18.938293455834877 -6.5768821731451583e-07 0.00015775401984005331 -0.16846009071478571 0.0005970077974486569
leaf_weight=815 241 291 825 120 581 180 74 1479 487 126 298 116 71 353 89 13774 100 3352 3046 154 752
leaf_count=815 241 291 825 120 581 180 74 1479 487 126 298 116 71 353 89 13774 100 3352 3046 154 752
internal_value=-3.28145e-05 -0.002566 -0.00548111 -0.00868036 0.00198289 0.00398162 -0.00216067 0.000265999 0.000419063 0.00459122 -0.001681 0.000302653 0.000261014 0.000292425 0.00427071 0.000209908 0.000971511 0.00083013 0.000659813 -0.000159952 0.000102934
internal_weight=27324 2886 1760 935 1126 761 365 24438 22661 613 1777 22048 21932 21861 442 21419 7645 7545 7304 4258 4104
internal_count=27324 2886 1760 935 1126 761 365 24438 22661 613 1777 22048 21932 21861 442 21419 7645 7545 7304 4258 4104
is_linear=0
shrinkage=0.0215534


Tree=119
num_leaves=22
num_cat=0
split_feature=95 59 80 5 62 38 41 59 100 35 77 80 127 127 39 21 62 50 125 54 107
split_gain=42.9823 64.5203 35.1217 23.3565 17.3298 17.0868 16.0269 15.3719 15.286 14.5496 23.1942 21.0261 23.7424 29.9273 22.1863 18.7865 21.2199 18.4767 17.3619 17.1654 16.2476
threshold=0.018196762707827271 9500.0000000000018 28004.000000000004 19500.000000000004 750.00000000000011 6583.3333333333294 6500.0000000000009 20004.000000000004 -9108.5550632354443 0.10552051707913418 66500.000000000015 27350.000000000004 62.500000000000007 30.500000000000004 1.0359294320137697 8164.9658092776326 17000.000000000004 79250.000000000015 16.500000000000004 19168.105903464166 2896.0000000000005
decision_type=10 8 10 10 10 2 2 8 2 2 10 10 2 2 2 10 10 8 2 10 10
left_child=1 2 4 6 -1 7 -3 -5 -2 10 11 -10 13 -13 -14 16 19 -12 -16 -11 -20
right_child=8 3 -4 5 -6 -7 -8 -9 9 15 17 12 14 -15 18 -17 -18 -19 20 -21 -22
leaf_value=-2.2669020819628452e-07 7.025350259366073 -0.009773460779366314 -3.0206801949960668e-06 0.00044092839629536544 2.1725425550031343e-06 -23.246563328872902 0.00085853384921419959 -0.015672697017748819 0.00035539653983528613 -4.0645861015916892e-06 103.57893510198991 -0.017430991507552028 -2.1956621502195079e-06 0.016511578612895744 0.00103948682522872 -6.9466605511067785 160.12735846022619 1.5526800023308145 0.00023289495600867135 3.2916176018130709 -0.16456769667269788
leaf_weight=977 432 110 1164 630 114 76 74 146 194 15707 137 473 3828 869 487 936 141 195 198 260 176
leaf_count=977 432 110 1164 630 114 76 74 146 194 15707 137 473 3828 869 487 936 141 195 198 260 176
internal_value=-6.43667e-05 -0.00237466 -0.00442135 0.00207193 -0.00720224 0.0035817 -0.00487032 0.00454341 0.000251648 0.000177716 0.00104067 0.000743018 0.000516759 0.00304487 -0.000205005 -0.000153771 1.81978e-05 0.00659388 0.00291851 -5.48048e-05 -0.00055311
internal_weight=27324 3291 2255 1036 1091 852 184 776 24033 23601 6557 6225 6031 1342 4689 17044 16108 332 861 15967 374
internal_count=27324 3291 2255 1036 1091 852 184 776 24033 23601 6557 6225 6031 1342 4689 17044 16108 332 861 15967 374
is_linear=0
shrinkage=0.0215534


Tree=120
num_leaves=22
num_cat=0
split_feature=95 59 96 56 47 100 42 125 38 103 24 30 72 0 42 31 82 56 32 0 89
split_gain=26.2582 92.2815 37.4018 28.5054 24.7885 15.0081 14.5636 14.0151 14.29 13.4107 17.4056 14.3986 24.9398 18.2027 20.0518 18.1656 17.7964 14.1042 18.9339 13.8903 21.5202
threshold=0.018196762707827271 9500.0000000000018 28000.000455040412 10504.000000000002 13250.000000000002 -9108.5550632354443 -1.1295025106376964 24.500000000000004 166.666666666667 3250.0000000000005 4.5000000000000009 69000.000000000015 112500.00000000001 33.000000000000007 -0.63883268814476368 92500.000000000015 89375.000000000015 12500.000000000002 4881.9347305341489 13.000000000000002 5034.0000000000009
decision_type=10 10 2 10 10 2 10 2 2 10 2 2 8 2 10 2 10 10 2 2 10
left_child=1 2 4 -3 -1 -2 -6 8 -8 11 -11 15 13 -13 -15 16 17 -7 -19 20 -20
right_child=5 3 -4 -5 6 9 7 -9 -10 10 -12 12 -14 14 -16 -17 -18 18 19 -21 -22
leaf_value=0.00054465548325614821 6.8739302506920188 0.000382745373177319 -2.3585296511852991e-06 4.6887810199484481e-05 -2.9786288934939961e-08 1.1508810378086263e-05 -2.9301023926933236e-07 -3.8802288913248994e-06 -9.144044713997599e-08 -0.71136862725147121 -92.477761178200041 13.988400919850811 -139.76754400616733 4.8153690633772568 -131.70628084932002 -126.03464668279557 8.5428640955285218 -0.0360746417379448 -0.0098793974363544351 -0.013809755064269975 0.0051304339572809162
leaf_weight=119 432 430 1185 440 147 10597 479 200 291 1391 378 640 132 231 121 206 122 620 409 6080 2674
leaf_count=119 432 430 1185 440 147 10597 479 200 291 1391 378 640 132 231 121 206 122 620 409 6080 2674
internal_value=-5.80562e-05 -0.00186384 -0.00402919 0.00415165 -0.00665381 0.000188871 -0.00765202 -0.00861158 -0.00726563 0.000115616 -0.0016886 0.000262209 0.00263833 0.00381492 -9.79599e-05 0.000132809 0.00019722 0.000147637 -0.000441947 -0.000194292 0.00098291
internal_weight=27324 3291 2421 870 1236 24033 1117 970 770 23601 1769 21832 1124 992 352 20708 20502 20380 9783 9163 3083
internal_count=27324 3291 2421 870 1236 24033 1117 970 770 23601 1769 21832 1124 992 352 20708 20502 20380 9783 9163 3083
is_linear=0
shrinkage=0.0215534


Tree=121
num_leaves=22
num_cat=0
split_feature=52 23 0 26 0 42 38 125 99 75 10 16 50 82 39 118 74 116 77 34 26
split_gain=22.9697 61.0334 29.7933 26.7782 24.9412 39.7969 25.2376 24.6452 25.3563 23.8725 23.5945 22.9665 24.6851 21.9958 44.1143 34.5146 21.9918 22.963 20.8054 20.7331 20.0604
threshold=1347.7101189765365 449.77644510808091 21.000000000000004 8.5000000000000018 21.000000000000004 -1.1295025106376964 15833.333333333334 12.500000000000002 29856.898025907652 26500.000000000004 59000.000000000007 18716.666666666668 14416.66666666667 73125.000000000015 1.1779788838612371 0.15476190476190479 71000.000000000015 -1178.5714285714282 29500.000000000004 4625.0000000000009 36.500000000000007
decision_type=10 10 2 2 2 8 2 2 2 10 10 10 8 10 2 10 8 10 10 2 2
left_child=1 -1 3 7 5 -2 11 -3 -9 -4 -8 12 -7 14 16 -15 17 -6 -11 -14 -5
right_child=4 2 9 20 13 6 10 8 -10 18 -12 -13 19 15 -16 -17 -18 -19 -20 -21 -22
leaf_value=-2.0884348263398287e-07 155.78513321560857 -0.00054553880583940869 0.0024949378605980802 -7.6411549241371043e-06 8.8556706634500557 3.1609691981337704e-06 16.465585269114232 0.42860938724320097 -4.8141191227548802e-05 1.6110247334564746e-08 -138.25208462254656 0.00014335305754510053 0.0044531810389983493 10.109371187931831 -100.5713289243801 -89.682202055117358 -2.2474523011351786 -4.018201266439992e-05 0.00016341864885676026 0.00016999114089150103 9.8820416581496543e-07
leaf_weight=1287 142 134 151 1002 284 489 95 168 73 1229 218 9914 227 558 226 180 820 9217 350 203 357
leaf_count=1287 142 134 151 1002 284 489 95 168 73 1229 218 9914 227 558 226 180 820 9217 350 203 357
internal_value=3.43921e-05 -0.00132738 0.000159283 -0.00183454 0.000321395 0.00103794 0.000892603 0.00325227 0.00738413 0.00216269 -0.00513538 0.00106761 0.00432897 -0.000394585 -0.000646984 0.00320045 -0.000439793 -0.000146547 0.00137311 0.00809819 -0.00324467
internal_weight=27324 4751 3464 1734 22573 11288 11146 375 241 1730 313 10833 919 11285 10547 738 10321 9501 1579 430 1359
internal_count=27324 4751 3464 1734 22573 11288 11146 375 241 1730 313 10833 919 11285 10547 738 10321 9501 1579 430 1359
is_linear=0
shrinkage=0.0215534


Tree=122
num_leaves=22
num_cat=0
split_feature=54 23 0 63 80 41 13 54 0 51 12 63 105 41 15 58 41 130 51 52 42
split_gain=26.1408 33.081 38.6718 28.0757 23.95 23.6356 22.743 22.4706 23.2692 25.8666 45.7333 27.8613 22.6973 19.4765 30.1997 19.1501 21.0331 18.4034 17.9411 17.6273 16.7211
threshold=1549.193338482967 449.77644510808091 21.000000000000004 -1.0000000180025095e-35 27350.000000000004 2350.0000000000005 26500.000000000004 1866.3636829447485 33.000000000000007 16583.333333333339 20004.000000000004 -1249.9999999999998 26000.000000000004 3750.0000000000005 15250.000000000002 2750.0000000000005 1254.0000000000002 0.93301270189221952 29083.333333333339 3237.772030877697 0.57209284945381345
decision_type=10 10 2 10 10 2 10 10 2 10 8 10 8 2 10 8 2 2 8 10 8
left_child=1 5 3 -3 -5 20 -4 -2 9 17 11 19 -10 -13 -15 16 18 -9 -8 -11 -1
right_child=7 2 6 4 -6 -7 15 8 12 10 -12 13 -14 14 -16 -17 -18 -19 -20 -21 -22
leaf_value=-2.2974842220876728e-07 0.00033734978962507282 -3.621376349091118e-05 2.7915516447880813 0.00034045054990188245 -5.9466156954777846e-07 2.1327347400117942 -4.9270043259695371e-07 0.00027164718863260153 -0.0067739882389668202 0.00072057293012465573 0.00042486066908893443 -2.4252015878671937e-05 -197.23898618614245 -4.8247563670937312e-05 0.00010746337376050544 -2.1694713675936076e-05 0.0005337411347126061 0.94530068743791951 0.00021858657206955947 -7.736775198545265e-06 -7.931074936897862e-08
leaf_weight=857 231 860 90 105 949 139 669 1468 7270 74 11759 479 71 99 288 501 224 93 446 258 394
leaf_count=857 231 860 90 105 949 139 669 1468 7270 74 11759 479 71 99 288 501 224 93 446 258 394
internal_value=-5.33234e-05 -0.00142314 -0.00039024 -0.00256285 -0.000196299 -0.00427316 0.00175992 0.000270855 0.000199767 0.000700131 0.00038359 -0.00362671 -0.000788607 -0.00566396 -0.00203787 0.00123691 0.00258493 0.00332185 0.00136461 0.00166146 -0.00521306
internal_weight=27324 5234 3844 1914 1054 1390 1930 22090 21859 14518 12957 1198 7341 866 387 1840 1339 1561 1115 332 1251
internal_count=27324 5234 3844 1914 1054 1390 1930 22090 21859 14518 12957 1198 7341 866 387 1840 1339 1561 1115 332 1251
is_linear=0
shrinkage=0.0215534


Tree=123
num_leaves=22
num_cat=0
split_feature=55 23 0 102 23 112 23 38 23 23 25 50 29 130 35 55 50 26 102 23 55
split_gain=28.5236 49.0893 29.3872 33.5838 25.5286 19.6173 25.5017 26.9491 19.3714 17.7189 15.444 15.3506 22.8214 15.3401 15.941 24.8421 20.4467 16.7263 15.3398 19.8266 15.3083
threshold=2585.2123592902849 449.77644510808091 21.000000000000004 1623.6050075645546 507.41626340523311 0.033908045977011504 994.81413963286775 249.33333333333397 563.24184797489386 490.13251785378037 11.500000000000002 17750.000000000004 17250.000000000004 -0.93301270189221919 0.029339133496338186 826.10312969235281 27750.000000000004 13.500000000000002 1.0000000180025095e-35 406.83810217253949 10016.638981097474
decision_type=8 10 2 2 8 8 10 2 10 10 2 8 2 2 2 10 10 2 2 10 8
left_child=1 18 5 -4 9 13 7 8 -7 10 11 12 -2 -3 -15 16 -16 -17 -1 -20 -13
right_child=4 2 3 -5 -6 6 -8 -9 -10 -11 -12 20 -14 14 15 17 -18 -19 19 -21 -22
leaf_value=-2.4135349905804501e-07 0.00013619460265190458 -1.1091458995333667e-05 3.7116989811941924e-05 -1.4686314055008489 2.433093809273322e-05 1.1875214348653165e-06 -0.0071560922824678019 -0.0094366132375176132 0.00033950004046618559 0.0014302363747885922 0.00036881610823273387 0.00038072498808468204 -2.3558589972659539e-05 -9.7156990763334062e-06 -3.6581415966310537e-05 -0.046563725440331265 -8.727361126949135e-07 9.6941513112246613e-05 8.7659179232023519e-10 -2.0591818587648068e-05 -0.028472297673926106
leaf_weight=871 239 96 2332 119 19734 135 530 113 174 90 135 657 116 615 114 89 137 391 393 74 170
leaf_count=871 239 96 2332 119 19734 135 530 113 174 90 135 657 116 615 114 89 137 391 393 74 170
internal_value=-0.00010854 -0.00139643 -0.00038524 0.00127152 0.000267721 -0.00208503 0.00030788 0.00426882 0.00757263 0.00307271 0.00243173 0.00163369 -0.00210012 -0.0036707 -0.00306785 -0.000902119 -0.00640337 0.00195737 -0.0050513 -0.00187342 0.00324695
internal_weight=27324 6183 4845 2451 21141 2394 952 422 309 1407 1317 1182 355 1442 1346 731 251 480 1338 467 827
internal_count=27324 6183 4845 2451 21141 2394 952 422 309 1407 1317 1182 355 1442 1346 731 251 480 1338 467 827
is_linear=0
shrinkage=0.0215534


Tree=124
num_leaves=22
num_cat=0
split_feature=56 23 112 30 0 43 0 38 28 28 77 82 38 0 39 39 77 82 28 91 94
split_gain=24.4375 37.0148 23.538 30.8269 29.7289 15.5633 17.797 15.5077 15.8806 24.3303 19.8251 17.4685 26.2306 17.7872 25.3478 21.8935 21.0878 31.7572 35.2435 30.5053 45.7657
threshold=3504.0000000000005 449.77644510808091 -0.031754032258064509 25500.000000000004 39.500000000000007 0.63333333333333341 13.000000000000002 -20583.333333333328 112500.00000000001 93750.000000000015 82500.000000000015 89375.000000000015 20333.333333333336 21.000000000000004 1.1779788838612371 0.85584415584415596 30500.000000000004 38250.000000000007 43750.000000000007 9875.0000000000018 0.15612945446272689
decision_type=10 10 8 2 2 2 2 2 2 2 10 10 2 2 2 2 8 10 2 10 10
left_child=1 -1 4 -4 5 6 -3 -2 9 10 11 12 13 15 16 -9 19 -18 -19 20 -15
right_child=7 2 3 -5 -6 -7 -8 8 -10 -11 -12 -13 -14 14 -16 -17 17 18 -20 -21 -22
leaf_value=-2.1147953420065529e-07 163.9892814042839 -6.0287605057276809e-06 -0.017332218695068694 1.9826497616088231e-05 0.00014281602514640358 -0.0098768631758759089 -1.1876571979963586e-08 96.56651829760736 -154.53058000176068 16.327093724738216 -159.49558496133454 8.2360899307945665 -302.46622038064754 0.00014352004542393551 -90.719756704755511 0.00015267733091654348 -0.39105622512289606 0.046815818390279082 -0.03677933458059017 11.53292020624588 -0.92165957738666138
leaf_weight=1288 133 449 91 1884 289 211 510 130 171 414 77 337 77 4245 251 10517 696 484 4271 394 405
leaf_count=1288 133 449 91 1884 289 211 510 130 171 414 77 337 77 4245 251 10517 696 484 4271 394 405
internal_value=-8.48756e-05 -0.00149529 -0.000323858 0.00120693 -0.00240188 -0.00393454 -0.00275513 0.000209411 0.000165566 0.000216132 0.000117793 0.000156755 7.9909e-05 0.000125534 -0.000492599 0.000750222 -0.000329819 -0.00125973 -0.000628232 0.000673424 0.000183549
internal_weight=27324 4722 3434 1975 1459 1170 959 22602 22469 22298 21884 21807 21470 21393 10746 10647 10495 5451 4755 5044 4650
internal_count=27324 4722 3434 1975 1459 1170 959 22602 22469 22298 21884 21807 21470 21393 10746 10647 10495 5451 4755 5044 4650
is_linear=0
shrinkage=0.0215534


Tree=125
num_leaves=22
num_cat=0
split_feature=5 95 127 89 39 11 38 47 127 0 35 121 111 0 30 28 127 55 61 2 104
split_gain=16.7761 36.7711 53.4076 24.9346 17.8904 18.2106 16.3133 24.3755 16.0923 23.5157 17.1791 14.7101 25.4613 15.278 14.2521 25.485 28.5011 24.8715 19.167 16.4696 15.1179
threshold=29500.000000000004 0.016842620975267401 329.50000000000006 1.0000000180025095e-35 0.68660714285714297 27350.000000000004 683.33333333333405 33000.000000000007 313.50000000000006 10.000000000000002 0.09938079899999068 0.30384615384615393 -0.14907407407407405 39.500000000000007 69000.000000000015 112500.00000000001 98.500000000000014 11779.099482878906 14500.000000000002 79000.000000000015 1.0000000180025095e-35
decision_type=10 10 2 10 2 8 2 8 2 2 2 10 8 2 2 2 2 10 8 2 8
left_child=1 2 -1 6 -5 -6 7 -2 9 -8 -11 14 13 -13 18 16 20 19 -7 -18 -16
right_child=3 -3 -4 4 5 11 8 -9 -10 10 -12 12 -14 -15 15 -17 17 -19 -20 -21 -22
leaf_value=-4.8294459434066929e-07 -2.5568793681533093e-05 -3.486315542884956e-07 7.3075121285504684e-05 84.595947920144766 0.011820934877456097 1.5690128105822415e-05 0.0013888357393988351 0.0039495746061021554 0.008431382752200076 0.00038477343971950347 -0.00032136045643449228 9.4175175380972416 -80.747303848124773 -3.5209626378944172 35.346964386703419 -142.4074589199023 15.291200841530868 -185.86711064211229 -96.20016431581503 -0.5114382952948795 10.003377047484619
leaf_weight=1502 109 8353 153 150 287 14115 173 270 71 95 75 153 346 175 363 153 103 83 71 276 248
leaf_count=1502 109 8353 153 150 287 14115 173 270 71 95 75 153 346 175 363 153 103 83 71 276 248
internal_value=6.12115e-05 -0.00064091 -0.00357595 0.00046751 0.00028776 0.000219311 0.00420143 0.000943793 0.00716192 0.00518891 -0.000456193 0.000122733 -0.00299273 0.00128757 0.000259557 0.00248916 0.00366755 -0.000354494 6.62433e-05 0.00196717 0.00672243
internal_weight=27324 10008 1655 17316 16523 16373 793 379 414 343 170 16086 674 328 15412 1226 1073 462 14186 379 611
internal_count=27324 10008 1655 17316 16523 16373 793 379 414 343 170 16086 674 328 15412 1226 1073 462 14186 379 611
is_linear=0
shrinkage=0.0215534


Tree=126
num_leaves=22
num_cat=0
split_feature=5 95 44 46 55 23 77 124 97 125 111 111 92 2 125 38 51 7 1 35 95
split_gain=21.035 49.0994 30.7004 24.661 24.8666 24.5693 22.6101 22.1198 20.5371 19.4723 19.8906 21.4644 16.799 17.3418 15.7588 15.7546 28.6951 18.3384 15.439 26.9495 21.2674
threshold=29500.000000000004 0.016842620975267401 15250.000000000002 17750.000000000004 3154.3521023394173 262.61286571785223 28500.000000000004 60.500000000000007 28000.000000058135 18.500000000000004 0.070197044334975381 0.3585714285714286 751.00000000000011 30500.000000000004 5.5000000000000009 683.33333333333405 31250.000000000004 50004.000000000007 11.000000000000002 0.18653079910432011 0.13730047838982656
decision_type=10 10 8 8 10 10 10 2 2 2 10 10 10 2 2 2 8 8 2 2 10
left_child=1 2 -1 -4 7 15 9 -5 -6 14 12 -12 -11 -14 -7 16 -2 -17 19 -8 -20
right_child=5 -3 3 4 8 6 18 -9 -10 10 11 -13 13 -15 -16 17 -18 -19 20 -21 -22
leaf_value=0.0001919756049098041 -1.6407367581649649e-05 -3.411173676607136e-07 -3.2772873924593957e-05 -2.046274021804065e-07 0.00011866728571333149 7.472366379563163e-05 0.016936060930732744 -1.5564866665221926e-06 -0.016526084019942624 -0.00019173910348705978 -0.015361146251362557 2.35827415566522 0.011024574981079669 2.8785417637806425e-06 0.0013399818005424781 0.00083898579748199775 0.0011003333088815557 -0.0012755757735278264 -1.0311182949293561e-05 -0.098233382218194068 -0.17152899492568502
leaf_weight=130 77 8353 121 1149 72 286 7283 110 73 104 192 74 154 143 676 351 351 86 4787 2290 462
leaf_count=130 77 8353 121 1149 72 286 7283 110 73 104 192 74 154 143 676 351 351 86 4787 2290 462
internal_value=5.4901e-05 -0.000731361 -0.0041229 -0.0049831 -0.00416915 0.00050983 0.000323083 -0.0051457 0.00424832 0.00273337 -8.4013e-05 -0.00466546 0.00293398 0.00555703 0.00469555 0.00405107 0.0010875 0.00693299 5.75843e-05 0.00057322 -0.000881172
internal_weight=27324 10008 1655 1525 1404 17316 16451 1259 145 1629 667 266 401 297 962 865 428 437 14822 9573 5249
internal_count=27324 10008 1655 1525 1404 17316 16451 1259 145 1629 667 266 401 297 962 865 428 437 14822 9573 5249
is_linear=0
shrinkage=0.0215534


Tree=127
num_leaves=22
num_cat=0
split_feature=32 23 0 16 112 23 15 40 56 23 108 131 112 112 44 37 14 109 62 61 89
split_gain=18.6567 39.3906 29.4461 20.7148 17.8003 35.0452 16.4322 19.3756 15.6169 17.642 15.4099 16.0215 18.5952 25.744 22.2349 19.2229 28.8384 17.0785 17.7878 17.3235 16.7627
threshold=1347.7101189765365 449.77644510808091 21.000000000000004 30766.800000000007 0.033908045977011504 1299.4251602637667 31678.571428571431 1.0000000180025095e-35 2750.0000000000005 563.24184797489386 -0.19523809523809521 -0.5 1.4000800000000002 1.5857142857142861 112500.00000000001 18000.000000000004 95785.714285714304 0.12034482758620692 6250.0000000000009 3250.0000000000005 1004.0000000000001
decision_type=2 10 2 10 8 10 10 2 10 10 8 2 10 10 8 2 10 10 10 10 8
left_child=1 -1 3 4 -3 8 7 -4 9 -6 -2 17 14 -14 15 16 20 18 19 -12 -13
right_child=10 2 6 -5 5 -7 -8 -9 -10 -11 11 12 13 -15 -16 -17 -18 -19 -20 -21 -22
leaf_value=-2.2523033272043501e-07 42.403896245608465 -1.9014088608632003e-06 0.00039626727308003515 -0.45248897697512291 6.7381448876176018e-07 -0.27564603851434877 0.00030483566031485584 -5.6302760373117167e-07 -0.007178656673395005 0.00032844699002381437 -9.5503503983827097e-06 0.00034130569976215883 38.079043523859227 -2.3434273273806232 -161.54159733720698 -71.712307588947169 16.692094367491588 -14.629357911208007 4.7726976673386163 -0.093494191154335313 0.00014219861914004339
leaf_weight=1267 484 978 413 163 147 149 139 1176 71 224 6098 1044 83 76 155 290 286 824 298 302 12657
leaf_count=1267 484 978 413 163 147 149 139 1176 71 224 6098 1044 83 76 155 290 286 824 298 302 12657
internal_value=1.54608e-05 -0.00121557 -2.24266e-05 -0.00201087 -0.0012445 0.00169919 0.00196564 0.00133734 0.00475823 0.00653979 0.000273363 0.000189675 0.000606522 0.00793861 0.000525091 0.000613823 0.000728252 -0.000617768 -0.000256141 -0.000497068 0.000586142
internal_weight=27324 4727 3460 1732 1569 591 1728 1589 442 371 22597 22113 14591 159 14432 14277 13987 7522 6698 6400 13701
internal_count=27324 4727 3460 1732 1569 591 1728 1589 442 371 22597 22113 14591 159 14432 14277 13987 7522 6698 6400 13701
is_linear=0
shrinkage=0.0215534


Tree=128
num_leaves=22
num_cat=0
split_feature=5 124 48 53 26 124 38 29 46 26 80 40 0 38 39 42 48 38 51 125 33
split_gain=19.4606 30.0891 29.9747 23.7639 22.3367 17.9876 17.6272 24.1371 20.6163 17.5467 24.068 21.724 19.5009 18.8029 17.4077 15.4869 14.952 14.2065 19.1409 13.3284 16.4154
threshold=29500.000000000004 15.500000000000002 16583.333333333339 2866.4595934800432 4.5000000000000009 32.500000000000007 -1166.6666666666667 28750.000000000004 17750.000000000004 44.500000000000007 27350.000000000004 1850.0000000000002 21.000000000000004 875.00000000000193 0.68660714285714297 1.8284676659377104 29667.333333333339 683.33333333333405 33500.000000000007 21.500000000000004 1750.0000000000002
decision_type=10 2 10 10 2 2 2 2 10 2 10 2 2 2 2 8 10 2 10 2 2
left_child=1 15 3 -3 -4 14 16 8 -8 11 -11 -10 13 -13 -2 19 -6 18 -7 20 -1
right_child=5 2 4 -5 6 17 7 -9 9 10 -12 12 -14 -15 -16 -17 -18 -19 -20 -21 -22
leaf_value=-4.5879718902445497e-06 82.774733926873864 -5.5302452424084484e-05 -4.1155345828590342e-05 0.00021014728607363138 -1.8451806430197281e-07 -6.2841600907422119e-05 -3.7434300259393339e-05 -0.00027253265200281689 -2.0008632696280488e-07 -1.174513519331767e-07 -1.6986355534354414e-07 1.8526693588841635e-07 0.00012669552957943515 -1.7053805553074635e-05 0.0001309831259460623 -0.0088961193501968586 43.060689289295603 0.00076463776800464369 0.0089376330572894288 -1.0466167045779128e-05 2.7730927662883718e-05
leaf_weight=366 150 81 95 262 155 97 71 183 406 103 86 72 91 159 16646 85 71 284 139 2434 5288
leaf_count=366 150 81 95 262 155 97 71 183 406 103 86 72 91 159 16646 85 71 284 139 2434 5288
internal_value=7.22547e-05 -0.000683982 -0.00317822 0.00255049 -0.00450106 0.00050983 -0.00380436 -0.0048698 -0.00352498 -0.00264629 -0.00850284 -0.00111305 0.00305135 -0.000242514 0.000387025 -0.00012289 0.00167778 0.00445904 0.000511246 -2.55831e-05 0.000547403
internal_weight=27324 10008 1835 343 1492 17316 1397 1171 988 917 189 728 322 231 16796 8173 226 520 236 8088 5654
internal_count=27324 10008 1835 343 1492 17316 1397 1171 988 917 189 728 322 231 16796 8173 226 520 236 8088 5654
is_linear=0
shrinkage=0.0215534


Tree=129
num_leaves=22
num_cat=0
split_feature=1 102 39 35 131 95 0 131 106 127 42 110 28 45 46 56 102 102 0 57 57
split_gain=15.6151 29.8574 21.3118 29.3247 27.3844 25.1056 22.5165 22.4444 21.4976 19.6114 18.834 24.0647 18.5838 18.4691 21.8502 21.1486 18.3486 19.1651 17.7444 18.524 19.5422
threshold=11.000000000000002 5441.4677364024765 0.7417989417989419 0.1440595597181259 -0.9330127018922193 0.22682627201318775 39.500000000000007 0.25000000000000017 14500.000000000002 352.50000000000006 -0.71543296795806577 -0.13984962406015036 44500.000000000007 106250.00000000001 98750.000000000015 20504.000000000004 -4740.6049794047676 2978.9156401478544 33.000000000000007 12500.000000000002 16500.000000000004
decision_type=2 2 2 2 2 8 2 2 10 2 10 8 2 8 10 10 2 2 2 10 10
left_child=2 -2 -1 7 16 6 8 12 -6 -7 11 -8 -4 14 15 -9 -5 -18 -14 -20 -21
right_child=1 -3 3 4 5 9 10 13 -10 -11 -12 -13 18 -15 -16 -17 17 -19 19 20 -22
leaf_value=71.430437162492268 -9.9429059421590174e-08 -2.004880163384549 0.30876860704194981 5.8281950688673225 -0.010674865691387007 0.30298016252202509 -87.049309934364331 12.212221019290924 -90.934972789686057 138.82218224280206 -89.18279933781524 0.021439800089897203 0.0017036115596024564 -135.32367747626375 37.054308858664996 -0.011434911787219395 -0.0069339429130389025 44.843433602268249 -4.2832069300793636 1.2560789858561754 -2.223152668022828
leaf_weight=500 16069 344 487 115 3269 548 95 1203 292 86 164 254 1760 117 151 613 311 75 181 265 425
leaf_count=500 16069 344 487 115 3269 548 95 1203 292 86 164 254 1760 117 151 613 311 75 181 265 425
internal_value=8.80308e-05 -0.00033171 0.000720218 0.000510519 -0.000631405 -0.00114265 -0.00176486 0.00165563 -0.0011536 0.00284161 -0.00599009 -0.00312405 0.000494926 0.00338798 0.00388533 0.00322334 0.00415498 0.00187568 -0.000217904 -0.00273655 -0.00111188
internal_weight=27324 16413 10911 10411 5209 4708 4074 5202 3561 634 513 349 3118 2084 1967 1816 501 386 2631 871 690
internal_count=27324 16413 10911 10411 5209 4708 4074 5202 3561 634 513 349 3118 2084 1967 1816 501 386 2631 871 690
is_linear=0
shrinkage=0.0215534


Tree=130
num_leaves=22
num_cat=0
split_feature=31 51 41 102 16 31 77 53 62 34 101 29 130 44 101 77 104 124 82 127 112
split_gain=21.3362 35.9247 28.1606 34.6974 30.0948 37.4856 21.8888 37.7849 25.7226 25.0206 20.886 23.7759 20.6508 19.1915 18.3488 17.9112 16.9337 16.5026 16.4095 15.9191 20.6911
threshold=29500.000000000004 17083.333333333339 4996.0000000000009 -12.119848433610967 21346.666666666668 21004.000000000004 25500.000000000004 4035.2607187858589 -749.99999999999989 1.0000000180025095e-35 -74.737482014326801 27366.666666666668 0.93301270189221952 22250.000000000004 -680.25684878634081 82500.000000000015 -37499.999999999993 2.5000000000000004 16125.000000000002 169.50000000000003 0.036038961038961044
decision_type=2 8 2 2 8 2 10 10 10 2 2 2 2 10 2 8 10 2 10 2 8
left_child=1 12 4 -4 5 -3 7 8 -6 -10 14 -12 -1 -2 -8 16 -15 -5 -14 20 -13
right_child=13 2 3 17 6 -7 10 -9 9 -11 11 19 18 15 -16 -17 -18 -19 -20 -21 -22
leaf_value=8.0568115159373226e-05 2.883924726303579 -1.1534229042477694e-05 -5.0243242758281555e-05 0.0006365628520527874 -6.2545962759687408e-05 -6.1994029123085985e-05 -1.3490109118757647e-05 -0.02783522592086846 0.00032465547690415584 0.00036235754585336614 -1.55739421710449e-06 -4.8790753096236328e-06 0.00053484401754328977 186.03727585766367 1.6198460447992981e-08 -80.524775831750318 5.3352136584423161e-05 0.00042095184195753719 0.92512906926060501 1.1014516460024266e-07 0.00038240110603297752
leaf_weight=2295 161 328 772 201 193 261 426 243 88 430 356 173 90 73 687 196 19741 229 96 145 140
leaf_count=2295 161 328 772 201 193 261 426 243 88 430 356 173 90 73 687 196 19741 229 96 145 140
internal_value=6.90995e-05 -0.000941912 -0.00205565 0.000781743 -0.00304099 -0.0074857 -0.00212908 0.000533137 0.00304918 0.00555788 -0.0034515 -0.00607869 0.0011519 0.000428052 -0.00152197 0.000367946 0.000432502 0.00569279 0.00806082 -0.00280416 -0.00554841
internal_weight=27324 7153 4672 1202 3470 589 2881 954 711 518 1927 814 2481 20171 1113 20010 19814 430 186 458 313
internal_count=27324 7153 4672 1202 3470 589 2881 954 711 518 1927 814 2481 20171 1113 20010 19814 430 186 458 313
is_linear=0
shrinkage=0.0215534


Tree=131
num_leaves=22
num_cat=0
split_feature=55 38 112 112 28 48 45 38 125 112 58 10 22 64 35 22 59 95 58 102 125
split_gain=16.4706 15.7269 14.6878 26.68 25.8365 25.0927 15.7943 14.8348 17.3789 30.5843 20.9357 26.1943 17.1738 16.3373 16.1197 14.3601 24.7889 39.2757 26.0141 28.5303 26.6478
threshold=590.08904476942109 -20583.333333333328 1.4000800000000002 1.6157894736842107 112500.00000000001 102916.66666666667 108750.00000000001 10833.333333333332 8.5000000000000018 -0.057189542483660122 34500.000000000007 81000.000000000015 3631.3651960121974 0.052177858439201454 0.19374506174177303 425.81531362627265 9500.0000000000018 0.021156224471974194 2250.0000000000005 25.206317199343179 7.5000000000000009
decision_type=8 2 10 10 2 8 10 2 2 8 10 10 10 10 2 10 10 10 10 2 2
left_child=-1 -2 4 -4 5 7 -7 15 12 -10 13 -12 -9 14 -11 16 18 -18 -3 20 -20
right_child=1 2 3 -5 -6 6 -8 8 9 10 11 -13 -14 -15 -16 -17 17 -19 19 -21 -22
leaf_value=-1.74995183709269e-06 158.91730181153758 -2.2722179419543215e-08 33.753489282375718 -10.446639205932012 -315.32641730503718 14.919199788870801 -2.137070540266425 -96.042987312001273 -167.59871824344796 -72.527473631934186 -39.989931362316518 34.772686520783985 9.4560978230946766 2.0334951794563998 -152.174599316491 0.00012711027961175003 0.00036817715324939789 -3.1515351193276207e-05 -2.5624046607188622e-07 -6.5410469061925393e-06 -2.2622358499577593e-05
leaf_weight=968 133 1578 94 75 122 149 73 71 135 172 74 72 244 196 111 18870 828 1963 223 533 640
leaf_count=968 133 1578 94 75 122 149 73 71 135 172 74 72 244 196 111 18870 828 1963 223 533 640
internal_value=5.33234e-05 0.00015505 0.000117206 0.00644947 7.57768e-05 0.000122677 0.00733651 6.00242e-05 -0.00241777 -0.00418535 -0.00215845 0.00495687 0.0018195 -0.00434578 -0.00765904 0.000168507 -0.000772395 0.000684187 -0.00214222 -0.00428567 -0.0067075
internal_weight=27324 26356 26223 169 26054 25932 222 25710 1075 760 625 146 315 479 283 24635 5765 2791 2974 1396 863
internal_count=27324 26356 26223 169 26054 25932 222 25710 1075 760 625 146 315 479 283 24635 5765 2791 2974 1396 863
is_linear=0
shrinkage=0.0215534


Tree=132
num_leaves=22
num_cat=0
split_feature=6 51 38 23 83 101 28 0 25 23 98 111 93 23 63 112 59 39 127 38 51
split_gain=17.0381 24.759 34.7228 29.7261 38.1942 28.1027 26.2453 25.4712 24.3466 22.3571 20.1604 21.158 22.484 20.0351 19.2669 22.7656 18.6526 18.0057 17.9404 17.4482 27.6767
threshold=29500.000000000004 16916.666666666668 -666.66666666666958 466.09159969929203 21125.000000000004 -656.64726287773908 16750.000000000004 33.000000000000007 1.5000000000000002 628.81022482980768 28427.511395848298 0.037185185185185189 0.077816215031341299 262.61286571785223 2250.0000000000005 -0.03390804597701149 5500.0000000000009 0.68660714285714297 136.50000000000003 683.33333333333405 31250.000000000004
decision_type=10 10 2 10 10 2 2 2 2 10 2 8 10 10 10 10 8 2 2 2 8
left_child=1 7 5 -4 6 9 -5 16 -7 -3 11 12 -6 19 15 18 -1 -15 -10 20 -2
right_child=13 2 3 4 10 8 -8 -9 14 -11 -12 -13 -14 17 -16 -17 -18 -19 -20 -21 -22
leaf_value=-2.1618828641974694e-05 -1.7022961534513859e-05 -0.010058067035777933 -1.5233373758603532e-06 6.667474166747317e-05 -1.280138830749299e-06 -5.6693391244110149e-05 -9.1312466210055135e-05 -0.0068390741244877011 0.83641513435725001 -8.0629796651768767e-05 -1.9915148645692941e-05 0.00053640833181601525 0.0018324453857520026 90.993585067023261 -0.016581581361330772 0.00048394936165634784 0.00048214192246572518 9.6975740380437472e-05 -1.0667505028303709e-05 0.00079210123722215633 0.0010768294296743409
leaf_weight=140 76 88 1061 196 1295 110 633 876 97 1237 1082 331 105 150 221 804 1580 16290 175 428 349
leaf_count=140 76 88 1061 196 1295 110 633 876 97 1237 1082 331 105 150 221 804 1580 16290 175 428 349
internal_value=2.17712e-05 -0.000684562 -0.00131783 -0.0024408 -0.0015126 0.000612184 -0.00557877 0.00112578 0.00273572 -0.00163631 -0.000311071 0.00112804 -2.46352e-05 0.000431988 0.00356592 0.00475893 0.00265142 0.000264303 -0.000602028 0.00365329 0.000537455
internal_weight=27324 10031 7435 4703 3642 2732 829 2596 1407 1325 2813 1731 1400 17293 1297 1076 1720 16440 272 853 425
internal_count=27324 10031 7435 4703 3642 2732 829 2596 1407 1325 2813 1731 1400 17293 1297 1076 1720 16440 272 853 425
is_linear=0
shrinkage=0.0215534


Tree=133
num_leaves=22
num_cat=0
split_feature=95 59 53 77 49 23 131 60 100 74 54 95 102 11 29 112 36 42 13 95 39
split_gain=21.2223 80.4742 21.2728 21.1669 26.0149 19.7448 15.7396 25.4819 20.0764 27.0067 17.488 25.5088 28.1248 27.0187 25.2725 25.006 21.2569 20.379 20.0351 18.1855 16.9572
threshold=0.018196762707827271 9500.0000000000018 5838.0889335476813 26500.000000000004 15250.000000000002 507.41626340523311 -0.5 -1249.9999999999998 -5225.3434313645002 65030.000000000007 826.10312969235281 0.067768580002927306 609.33919898425131 30500.000000000004 27366.666666666668 -0.14065934065934063 0.91666666666666685 -1.2909944487358058 31833.333333333339 0.042991287544507782 0.98275349390425226
decision_type=8 10 10 10 10 10 2 10 2 10 8 10 2 10 2 10 2 10 10 10 2
left_child=1 3 -3 4 -1 -2 7 -7 -9 -10 14 12 15 -14 -8 19 -16 -17 -18 -12 -19
right_child=5 2 -4 -5 -6 6 10 8 9 -11 11 -13 13 -15 16 17 18 20 -20 -21 -22
leaf_value=0.00049227173250005049 0.00037855040667281284 0.00036385994988345636 -0.018373862124284254 -1.6362977816530656e-06 -1.5090024878113744e-05 0.0068792128809867297 0.00028854259020983714 6.2253970226692052 -2.2574511549169934e-05 -2.9603504315359483 -0.034377404587229467 0.00094394389563017466 0.00045434699855729268 -0.011390631537710135 0.00050192943372729271 -0.33337715544858648 9.4764482959724231e-05 6.7468596391459464e-05 -0.01054755693881272 0.0034608051906686141 -4.7836769817790081e-05
leaf_weight=83 421 588 282 1978 300 1319 135 191 6116 476 94 10455 554 675 225 269 663 661 72 252 1515
leaf_count=83 421 588 282 1978 300 1319 135 191 6116 476 94 10455 554 675 225 269 663 661 72 252 1515
internal_value=-4.41754e-06 -0.00164497 0.00395348 -0.00371166 -0.00836031 0.000215238 0.000132569 -0.00063739 -0.00117123 -0.00137192 0.000533779 0.000334429 -0.00112375 0.00158876 0.00316088 -0.00232129 0.00192165 -0.00309052 0.000134882 0.00308886 -0.00239295
internal_weight=27324 3231 870 2361 383 24093 23672 8102 6783 6592 15570 14475 4020 1229 1095 2791 960 2445 735 346 2176
internal_count=27324 3231 870 2361 383 24093 23672 8102 6783 6592 15570 14475 4020 1229 1095 2791 960 2445 735 346 2176
is_linear=0
shrinkage=0.0215534


Tree=134
num_leaves=22
num_cat=0
split_feature=95 34 89 10 38 46 26 124 92 125 63 108 40 42 42 40 26 91 57 21 92
split_gain=20.4529 44.4557 21.188 20.2542 18.7541 23.3748 27.4548 20.1694 19.0718 19.4567 18.1801 18.0163 16.6643 16.9151 16.3978 13.8628 20.7709 23.6719 17.6464 31.9188 18.6228
threshold=0.023445566757834196 5875.0000000000009 1004.0000000000001 59000.000000000007 2833.3333333333335 17750.000000000004 11.500000000000002 63.500000000000007 550.00000000000011 9.5000000000000018 2250.0000000000005 -0.3923076923076923 4400.0000000000009 1.575397763858102 -0.68649986357138082 4400.0000000000009 5.5000000000000009 7875.0000000000009 9500.0000000000018 755.92894601840555 3625.0000000000005
decision_type=8 2 8 10 2 10 2 2 10 2 10 10 2 8 10 2 2 10 8 10 10
left_child=1 4 14 -3 5 -1 8 10 9 -7 12 -4 13 -8 -2 16 17 -13 19 20 -17
right_child=2 3 11 -5 -6 6 7 -9 -10 -11 -12 15 -14 -15 -16 18 -18 -19 -20 -21 -22
leaf_value=-4.7283368168020899e-05 0.92910050260782062 0.0012851870332175853 109.73395899849103 -1.4491178676555598 0.00032041312756421535 0.00038727832298579269 -2.5944087646889661e-06 -5.8897382559261341e-06 0.026963897743343245 -4.2842152963152819e-05 -0.38717284171759775 -0.027994566492337808 8.5394017344066398e-05 0.00016618929532726776 0.00046372952789465401 -4.1131867512086739e-05 0.00014349288576672936 19.07914993107952 4.7577086500377874e-05 0.00029459766390561669 9.8554257492864615e-05
leaf_weight=230 74 529 71 85 192 96 1998 120 205 223 80 829 142 139 82 540 8182 142 12568 625 172
leaf_count=230 74 529 71 85 192 96 1998 120 205 223 80 829 142 139 82 540 8182 142 12568 625 172
internal_value=6.75219e-05 -0.00134792 0.000313418 0.00398708 -0.00230693 -0.00269726 -0.00218613 -0.00313507 0.00228654 -0.000986165 -0.00269155 0.00025962 -0.00233209 -0.00280978 0.00822925 0.000225834 0.000877385 -0.00209963 -0.000202435 -0.00255656 -0.00567816
internal_weight=27324 4039 23285 614 3425 3233 3003 2479 524 319 2359 23129 2279 2137 156 23058 9153 971 13905 1337 712
internal_count=27324 4039 23285 614 3425 3233 3003 2479 524 319 2359 23129 2279 2137 156 23058 9153 971 13905 1337 712
is_linear=0
shrinkage=0.0215534


Tree=135
num_leaves=22
num_cat=0
split_feature=22 55 124 50 46 89 4 37 59 119 42 44 40 55 72 107 42 26 131 35 32
split_gain=29.3402 41.4935 30.4942 22.6514 29.9737 29.4892 29.9012 22.4237 21.4509 17.4416 16.8429 16.6399 19.9593 15.3653 22.0748 14.98 17.7236 19.7465 14.6967 21.5635 19.9008
threshold=518.87452166278979 3206.7626323478439 48.500000000000007 16583.333333333339 17750.000000000004 2900.0000000000005 61000.000000000007 18000.000000000004 27500.000000000004 1.0000000180025095e-35 0.40716826095252967 31750.000000000004 4400.0000000000009 7555.3009855711816 97500.000000000015 -3749.9999999999995 1.5505847767289238 25.500000000000004 0.6830127018922193 0.10722457412328122 7702.6917772327706
decision_type=10 8 2 8 8 8 8 2 8 10 8 10 2 8 10 10 8 2 2 2 2
left_child=1 2 11 -3 -5 8 9 -2 -6 10 18 15 -13 -9 -15 -1 -17 -18 19 -7 -21
right_child=7 3 -4 4 5 6 -8 13 -10 -11 -12 12 -14 14 -16 16 17 -19 -20 20 -22
leaf_value=0.00091295517108342837 0.00021147415169579575 0.00044674729389207029 -6.1049771934195843e-06 -4.8151758467054428e-05 0.00074292992083356524 -0.15631860291463448 1.4224761743597643 -287.78504784564865 -0.048690555740776076 -0.027381299755656074 0.00020292794994255977 0.00050202567622506945 -0.00076335823396518729 3.3352774283856119 -137.64241023341629 -4.9094056291058477e-06 -1.3148998642863901e-05 0.00044924334934853935 -0.031625138731369275 0.00058714233961597816 -0.11385166615881488
leaf_weight=133 19277 341 293 204 757 110 336 84 177 75 746 145 87 154 71 3321 111 126 252 380 144
leaf_count=133 19277 341 293 204 757 110 336 84 177 75 746 145 87 154 71 3321 111 126 252 380 144
internal_value=-2.80817e-05 -0.00115202 -0.00259493 0.000572784 4.06725e-06 0.000554565 -0.000892478 0.000415527 0.00372876 -0.00205295 -0.00157943 -0.002091 0.00349165 -0.00534129 -0.00235548 -0.00244433 -0.00271136 0.0029635 -0.00359021 -0.0018219 0
internal_weight=27324 7738 4216 3522 3181 2977 2043 19586 934 1707 1632 3923 232 309 225 3691 3558 237 886 634 524
internal_count=27324 7738 4216 3522 3181 2977 2043 19586 934 1707 1632 3923 232 309 225 3691 3558 237 886 634 524
is_linear=0
shrinkage=0.0215534


Tree=136
num_leaves=22
num_cat=0
split_feature=88 55 124 0 125 37 50 46 95 9 55 42 0 40 10 30 26 111 103 95 42
split_gain=26.7532 40.8894 31.1198 24.6539 31.2751 21.3194 21.3093 30.4867 26.5305 28.016 26.5048 19.6948 18.219 26.4123 25.9775 21.628 20.9376 24.5536 18.0095 16.9815 30.0697
threshold=1850.0000000000002 3206.7626323478439 48.500000000000007 21.000000000000004 10.500000000000002 18000.000000000004 16583.333333333339 17750.000000000004 0.021156224471974194 63500.000000000007 6508.9500405774552 -0.71283243564025034 33.000000000000007 2250.0000000000005 12500.000000000002 69000.000000000015 47.500000000000007 0.23205128205128209 4500.0000000000009 0.031169044175335028 -0.74415739257770797
decision_type=10 8 2 2 2 2 8 8 8 10 8 10 2 2 8 2 2 10 10 10 8
left_child=1 2 3 4 11 12 -3 -8 10 -10 -9 -1 14 -14 -2 -16 18 -18 -15 -5 -21
right_child=5 6 -4 19 -6 -7 7 8 9 -11 -12 -13 13 16 15 -17 17 -19 -20 20 -22
leaf_value=0.0012928075791342028 0.38785050930911691 0.00043711838193482476 -5.9733943305793881e-06 -1.346992231392308e-06 -9.9275972897768269e-06 -90.519573830423695 -4.7113925559715473e-05 0.00078856442561598848 -0.00015836026914558681 3.5064592661467766 -0.015906533491419642 -3.4347325915692642e-06 0.00035808118100241998 -0.46624074338845617 0.0002053449823232446 9.6089925439731907 -0.43171139205785375 135.37624249404254 -94.335539360097513 -0.0070765184098816776 0.00018522524401264019
leaf_weight=178 240 339 293 1296 1346 309 204 601 1872 201 303 518 4643 1963 10914 809 165 101 479 135 415
leaf_count=178 240 339 293 1296 1346 309 204 601 1872 201 303 518 4643 1963 10914 809 165 101 479 135 415
internal_value=-1.0728e-05 -0.00108759 -0.00252902 -0.00201559 -0.00364764 0.000411449 0.000622093 7.18217e-05 0.000626962 -0.000713216 0.00370945 4.95499e-05 0.000501727 -0.000341871 0.00102082 0.000876248 -0.00203429 0.0036935 -0.00266185 -0.000205485 0.00296208
internal_weight=27324 7701 4181 3888 2042 19623 3520 3181 2977 2073 904 696 19314 7351 11963 11723 2708 266 2442 1846 550
internal_count=27324 7701 4181 3888 2042 19623 3520 3181 2977 2073 904 696 19314 7351 11963 11723 2708 266 2442 1846 550
is_linear=0
shrinkage=0.0215534


Tree=137
num_leaves=22
num_cat=0
split_feature=6 95 127 125 131 101 112 23 23 83 51 112 125 112 22 89 92 91 12 20 99
split_gain=26.6418 37.0219 28.2409 24.5006 24.4503 26.2979 19.4405 18.6227 25.637 28.2818 20.3507 17.4289 16.4493 18.7062 22.5028 21.3219 24.9479 20.8534 15.8108 19.5202 15.5337
threshold=29500.000000000004 0.015806482466554278 339.50000000000006 24.500000000000004 -0.68301270189221952 2277.0982629290525 -0.1830143540669856 262.61286571785223 773.85436272779486 30125.000000000004 30416.666666666668 0.13484848484848486 12.500000000000002 0.033908045977011504 940.53994312585905 9500.0000000000018 751.00000000000011 875.00000000000011 112500.00000000001 106250.00000000001 102689.52229549925
decision_type=10 8 2 2 2 2 8 10 10 10 8 10 2 8 10 10 10 10 10 10 2
left_child=1 2 3 -1 5 11 -6 -2 -9 -10 -11 -3 -8 15 17 -14 -17 -15 19 -12 -21
right_child=7 4 -4 -5 6 -7 12 8 9 10 18 -13 13 14 -16 16 -18 -19 -20 20 -22
leaf_value=-3.2461859351316034e-06 0.0006934451744990876 -1.6425619176464999e-05 0.00029116235248300164 -8.0934698240745629e-06 0.00277787587058429 -93.372917029273012 0.00016830101873550971 -3.5229228887251394e-05 0.00034193066110411568 -0.031090429495806766 0.00029121104562978482 0.0072489072968426353 -2.3542308890669264e-05 0.00015833512310353936 -0.0091863883776078115 0.0023348071869857029 -1.0481518847566875 0.40391495484415513 -90.154844882862051 25.172695894432934 11.625664375288391
leaf_weight=1112 853 2356 88 267 598 133 2121 666 1875 80 13462 140 1611 387 803 135 89 191 177 77 103
leaf_count=1112 853 2356 88 267 598 133 2121 666 1875 80 13462 140 1611 387 803 135 89 191 177 77 103
internal_value=-1.54608e-05 -0.000899428 -0.00406357 -0.00482298 -0.000356367 -0.00208721 0.000408909 0.000496798 0.000335098 0.000510479 0.00017461 -0.00158536 -2.42422e-06 -0.000975771 0.000914513 -0.00240304 0.00380865 0.00416081 0.000238008 0.000321671 0.00737197
internal_weight=27324 10031 1467 1379 8564 2629 5935 17293 16440 15774 13899 2496 5337 3216 1381 1835 224 578 13819 13642 180
internal_count=27324 10031 1467 1379 8564 2629 5935 17293 16440 15774 13899 2496 5337 3216 1381 1835 224 578 13819 13642 180
is_linear=0
shrinkage=0.0215534


Tree=138
num_leaves=22
num_cat=0
split_feature=6 89 29 35 131 26 28 74 112 77 125 125 39 89 38 47 130 125 54 22 34
split_gain=27.372 30.6301 28.5775 33.3105 21.0801 20.6519 39.5238 24.5917 20.4661 19.0695 24.4875 21.9345 21.3888 19.3335 21.232 34.8679 17.4345 17.3816 17.6165 21.3069 23.7483
threshold=29500.000000000004 1.0000000180025095e-35 15583.333333333334 0.022587697572631283 -0.68301270189221952 25.500000000000004 18250.000000000004 28004.000000000004 -0.1830143540669856 28500.000000000004 18.500000000000004 5.5000000000000009 0.93771551724137947 1.0000000180025095e-35 683.33333333333405 33000.000000000007 0.68301270189221941 9.5000000000000018 764.22220229521076 425.81531362616676 3878.0000000000005
decision_type=10 8 2 2 2 2 2 8 8 10 2 2 2 10 2 8 2 2 10 10 2
left_child=1 2 -1 -4 -3 6 -5 -8 16 10 11 -2 -12 14 15 -11 -6 -10 -19 20 -20
right_child=9 4 3 5 8 -7 7 -9 17 13 12 -13 -14 -15 -16 -17 -18 18 19 -21 -22
leaf_value=0.00026797517615847073 -9.4337251177304655e-06 -1.2089079395526695e-05 4.3328912049775004e-07 -3.4683555392857186e-05 0.00059291779138435528 -5.4854376596766255e-06 1.7789307473288423e-05 -0.0077542722526133421 0.00013200182399599462 -9.7206094181898016e-05 20.592390295771271 0.0071720993674165134 -0.00025282335449845381 6.4615280997131695e-05 0.00076198105392327406 0.0036246820752525062 20.649094934458915 9.7292707641656318e-07 -2.7810854052363725e-05 -2.7711738409495048e-05 -2.7868542928283543e-05
leaf_weight=95 285 2847 112 108 391 390 118 99 1703 109 149 670 517 14888 406 269 207 641 345 2619 356
leaf_count=95 285 2847 112 108 391 390 118 99 1703 109 149 670 517 14888 406 269 207 641 345 2619 356
internal_value=-2.49265e-05 -0.000920914 -0.0046655 -0.00595709 -0.0005409 -0.00767374 -0.00361987 0.00164805 0.000156951 0.000494306 0.00272027 0.00493307 -0.000440072 0.000263502 0.00356246 -9.12237e-05 0.0039496 -0.000242016 -0.00102622 -0.0016593 -0.00499869
internal_weight=27324 10031 922 827 9109 715 325 217 6262 17293 1621 955 666 15672 784 378 598 5664 3961 3320 701
internal_count=27324 10031 922 827 9109 715 325 217 6262 17293 1621 955 666 15672 784 378 598 5664 3961 3320 701
is_linear=0
shrinkage=0.0215534


Tree=139
num_leaves=22
num_cat=0
split_feature=5 95 23 23 76 98 38 47 51 2 47 0 43 73 42 26 99 107 35 120 12
split_gain=30.0353 35.6861 17.5847 29.8001 23.8569 29.4312 19.6535 30.7572 20.3218 19.3154 17.7759 16.1425 27.6451 28.2544 21.6294 25.0902 19.8784 17.7496 16.9785 16.9145 16.5972
threshold=29500.000000000004 0.015806482466554278 1.0000000180025095e-35 773.85436272779486 33500.000000000007 40054.004493843669 683.33333333333405 33000.000000000007 54250.000000000007 54500.000000000007 36250.000000000007 33.000000000000007 0.45833333333333343 55500.000000000007 -0.87113573043497639 13.500000000000002 42216.797709552331 -17499.999999999996 0.06933547297035246 0.20714285714285716 112500.00000000001
decision_type=10 8 10 10 10 2 2 8 8 2 8 2 2 8 10 2 2 10 2 10 10
left_child=1 -1 6 -4 9 -6 7 -2 -8 -5 -7 14 17 19 15 -12 -16 -13 -18 -14 -20
right_child=2 -3 3 4 5 10 8 -9 -10 -11 11 12 13 -15 16 -17 18 -19 20 -21 -22
leaf_value=-3.0540419483397856e-06 -8.7861357187017558e-05 -5.3311434933915137e-06 -2.961105994169718e-05 0.00049972086295567355 -0.0057976226166429499 0.74604247669430734 0.00076647660120128167 0.0035439097136703511 -0.11785072977622478 -166.58655206225433 205.13872327170918 -1.0279549064715614 -92.867816901959301 -165.19210903497674 -0.029343801750969702 94.728446534488469 1.6817271374307963 0.013582504837605196 0.0014413523309180971 3.1255709692325788 -86.740528919375024
leaf_weight=1458 109 8550 732 2766 950 90 342 270 72 76 101 538 222 262 117 293 256 2025 7578 374 143
leaf_count=1458 109 8550 732 2766 950 90 342 270 72 76 101 538 222 262 117 293 256 2025 7578 374 143
internal_value=-7.54099e-05 -0.00101564 0.00046751 0.000316457 0.000514024 0.000120841 0.00360356 3.4129e-05 0.00684962 0.00230239 0.000410623 0.000337714 -0.000911001 -0.00425994 0.000842015 0.00577529 0.00060074 0.000206866 0.000731137 -0.00164878 0.000548808
internal_weight=27324 10008 17316 16523 15791 12949 793 379 414 2842 11999 11909 3421 858 8488 394 8094 2563 7977 596 7721
internal_count=27324 10008 17316 16523 15791 12949 793 379 414 2842 11999 11909 3421 858 8488 394 8094 2563 7977 596 7721
is_linear=0
shrinkage=0.0215534


Tree=140
num_leaves=22
num_cat=0
split_feature=6 124 48 34 37 74 80 78 127 101 54 93 127 57 101 39 30 87 64 101 35
split_gain=27.2399 35.314 20.5083 19.3458 26.4856 24.2152 25.6917 21.5843 20.8126 20.0662 23.2896 19.0492 18.3901 18.1891 16.4511 21.9343 25.4872 22.9782 21.0065 17.8851 17.2386
threshold=29500.000000000004 37.500000000000007 16583.333333333339 13875.000000000002 -16749.999999999996 52500.000000000007 127500.00000000001 81000.000000000015 146.50000000000003 -5371.3452196234712 10254.964136156201 0.055994266480660838 36.500000000000007 15004.000000000002 3776.4135152319727 1.0705214869636566 52500.000000000007 12500.000000000002 0.082207207207207214 697.82653171670802 0.10684091989537704
decision_type=10 2 10 2 2 10 10 10 2 2 10 10 2 10 2 2 2 10 10 2 2
left_child=1 -1 -3 4 -2 -5 9 13 12 10 -7 -11 -9 14 15 16 17 19 -16 20 -6
right_child=3 2 -4 5 7 6 -8 8 -10 11 -12 -13 -14 -15 18 -17 -18 -19 -20 -21 -22
leaf_value=-3.327931159702591e-06 123.84832649584685 0.00012522249099594236 -5.2507499502315633e-06 1.4248481272170834 -3.11959857474988e-05 4.3593476128866051 5.3789887905368987 -2.6972443423974104 -4.5817649432829812 -58.573301731376361 -48.584348181600063 -154.53798206156515 22.81078733986779 -0.014297529484423005 -0.43392089150996177 0.00080192883427029535 15.276038798797405 86.722989673901523 1.3440591449976078 0.00054791981752054584 0.0006342388635074967
leaf_weight=9481 161 73 477 937 2054 159 235 130 254 271 372 286 468 5126 659 1382 211 196 488 1329 2575
leaf_count=9481 161 73 477 937 2054 159 235 130 254 271 372 286 468 5126 659 1382 211 196 488 1329 2575
internal_value=-4.85906e-05 -0.000942401 -0.00625327 0.000469378 0.000749267 -0.00138851 -0.00326779 0.000654481 0.00398641 -0.00466683 -0.00164766 -0.00752879 0.00618386 0.000451357 0.00104106 0.0013983 0.000862122 0.000607997 -0.00136412 0.000367538 -0.000263534
internal_weight=27324 10031 550 17293 15033 2260 1323 14872 852 1088 531 557 598 14020 8894 7747 6365 6154 1147 5958 4629
internal_count=27324 10031 550 17293 15033 2260 1323 14872 852 1088 531 557 598 14020 8894 7747 6365 6154 1147 5958 4629
is_linear=0
shrinkage=0.0215534


Tree=141
num_leaves=22
num_cat=0
split_feature=5 124 41 0 41 32 39 26 47 0 51 124 34 38 47 51 97 31 77 102 38
split_gain=27.2567 36.5387 22.6732 37.0678 34.9514 20.28 16.8675 15.7467 20.3945 20.6763 15.9486 15.2843 14.7937 13.9845 20.515 13.8838 19.1539 20.2994 18.1844 19.2889 17.3066
threshold=29500.000000000004 37.500000000000007 1746.0000000000002 13.000000000000002 3750.0000000000005 2735.5664958908624 0.68660714285714297 43.500000000000007 13250.000000000002 10.000000000000002 29916.666666666668 32.500000000000007 3375.0000000000005 683.33333333333405 33000.000000000007 56500.000000000007 28573.478971341308 28500.000000000004 25500.000000000004 2137.0382802888166 -5833.3333333333339
decision_type=10 2 2 2 2 2 2 2 10 2 10 2 2 2 10 10 2 2 10 2 2
left_child=1 7 3 5 -4 -3 -2 15 -9 12 -11 -8 -10 14 -13 16 17 18 19 -1 -19
right_child=6 2 4 -5 -6 -7 11 8 9 10 -12 13 -14 -15 -16 -17 -18 20 -20 -21 -22
leaf_value=-2.0775342098067542e-05 74.839089303529335 6.5106868367020117e-07 -5.5319570469099878e-06 -1.0176953645407328e-05 -3.4759935179233429e-06 -1.1026921241456876e-05 7.9632121651865433e-05 38.961352243336208 0.00052256895614182137 -1.3497174844289293e-06 1.7052243938887455 -0.00017749975628551811 0.00015280245943075546 0.00065834483449839015 0.0077624186291944232 4.2982143157787736 -0.0074800598672529629 -0.73398063395482038 -7.0906448012824411e-06 -40.178998006568598 2.1839940671219086e-05
leaf_weight=4206 157 76 185 105 102 78 16646 108 74 703 122 83 80 284 146 219 1282 185 745 75 1663
leaf_count=4206 157 76 185 105 102 78 16646 108 74 703 122 83 80 284 146 219 1282 185 745 75 1663
internal_value=-5.96339e-05 -0.000955335 -0.00637801 -0.00171365 -0.0105552 0.00497927 0.000457553 -0.000641447 0.00179629 0.000805699 -0.000538124 0.000392654 0.00805632 0.00405781 5.64745e-05 -0.000958889 -0.00110355 -0.00065092 -0.00136196 -0.000818618 0.00127821
internal_weight=27324 10008 546 259 287 154 17316 9462 1087 979 825 17159 154 513 229 8375 8156 6874 5026 4281 1848
internal_count=27324 10008 546 259 287 154 17316 9462 1087 979 825 17159 154 513 229 8375 8156 6874 5026 4281 1848
is_linear=0
shrinkage=0.0215534


Tree=142
num_leaves=22
num_cat=0
split_feature=5 89 44 38 42 0 11 95 38 89 95 38 51 7 39 95 26 29 48 100 101
split_gain=25.2311 30.6699 20.2889 23.7482 34.5579 21.2632 16.0557 19.3657 20.3517 17.447 21.579 20.3698 28.3191 20.4967 15.6845 15.1904 14.6528 42.7125 30.0794 26.7541 24.1251
threshold=28004.000000000004 1.0000000180025095e-35 15250.000000000002 833.33333333333496 -0.04224524396622089 10.000000000000002 29500.000000000004 0.15641741131877315 833.33333333333042 1.0000000180025095e-35 0.024422908007541429 683.33333333333405 33500.000000000007 50004.000000000007 0.68660714285714297 0.072079806249244122 5.5000000000000009 49000.000000000007 43500.000000000007 -6.831001483164072 575.0755613792827
decision_type=10 8 10 2 10 2 8 10 2 10 10 2 8 8 2 10 2 2 10 2 2
left_child=1 2 -1 4 -4 -6 7 8 15 11 -11 12 -8 -13 -12 -2 17 -16 -18 -20 -21
right_child=6 -3 3 -5 5 -7 9 -9 -10 10 14 13 -14 -15 16 -17 18 -19 19 20 -22
leaf_value=0.00024421114760273075 0.0001600910218928824 -3.7397518994361049e-06 -5.3600066457383643e-06 -2.3827574389729736e-05 7.0009562142899506e-07 -8.0515650826017679e-07 -9.4261228202410687e-05 60.363356131365734 -0.00015805883463392736 -3.468164903776839e-05 72.285326671316554 0.00071879490807077908 0.0038287950302679586 -0.0022735121902405005 -0.033951675090535482 -0.027890567867191452 0.00038620285452629991 1.3719768337746301 0.0022085102839980108 -0.20590471145189318 -0.014473856352922348
leaf_weight=99 606 8463 358 256 92 97 124 73 324 886 149 331 255 83 805 110 3562 922 5052 1001 3676
leaf_count=99 606 8463 358 256 92 97 124 73 324 886 149 331 255 83 805 110 3562 922 5052 1001 3676
internal_value=1.23056e-05 -0.000894347 -0.00467337 -0.00581306 -0.00325409 0.00417165 0.000485576 0.00299358 0.00222974 0.000319346 0.000164607 0.0034405 -0.000147837 0.00674553 0.000356118 0.00426192 0.000286458 -0.00157991 0.000529628 -8.99439e-05 -0.00126543
internal_weight=27324 9365 902 803 547 189 17959 1113 1040 16846 16053 793 379 414 15167 716 15018 1727 13291 9729 4677
internal_count=27324 9365 902 803 547 189 17959 1113 1040 16846 16053 793 379 414 15167 716 15018 1727 13291 9729 4677
is_linear=0
shrinkage=0.0215534


Tree=143
num_leaves=22
num_cat=0
split_feature=5 23 0 38 38 49 62 125 42 95 23 38 51 51 26 49 127 112 73 32 50
split_gain=21.6377 25.0616 19.5321 31.8886 30.8863 33.1453 19.7612 17.3547 19.647 31.1941 16.3779 20.9407 25.9893 20.3218 16.1642 41.5423 29.526 28.4263 25.1911 24.8754 24.0205
threshold=28004.000000000004 182.57418583494601 13.000000000000002 -666.66666666666958 833.33333333333314 16916.666666666668 -1.0000000180025095e-35 21.500000000000004 -1.4652984190954839 0.12056513712740902 1.0000000180025095e-35 683.33333333333405 33500.000000000007 54250.000000000007 5.5000000000000009 53166.666666666679 74.500000000000014 -0.031754032258064509 97500.000000000015 12466.585813111045 65416.666666666672
decision_type=10 8 2 2 2 10 10 2 10 10 10 2 8 8 2 10 2 8 10 2 10
left_child=1 2 3 -1 -5 -6 -4 8 9 -3 11 12 -2 -13 15 17 18 -12 19 -16 -18
right_child=10 7 6 4 5 -7 -8 -9 -10 -11 14 13 -14 -15 16 -17 20 -19 -20 -21 -22
leaf_value=-7.6269048310524e-06 -9.2229580602633368e-05 0.0071795754567805115 6.1919224720193693e-06 4.4474808201537348e-07 0.00025744019156109051 -4.1411430267435803e-05 -8.9458294412163614e-06 -1.9845514224890991e-05 -5.069191821731026e-07 -0.79270054823882885 -0.038543466173335171 0.00071180037984848628 0.0037462715751674204 -0.099734722448462224 0.0016407084326324384 1.5757575454367918 0.0001063217489822619 -0.011748272626431267 121.38398664732755 -64.903147727636579 -2.0110242226428277
leaf_weight=90 135 252 88 167 94 115 439 2542 5500 78 491 342 255 72 2082 938 10924 519 122 251 1828
leaf_count=90 135 252 88 167 94 115 439 2542 5500 78 491 342 255 72 2082 938 10924 519 122 251 1828
internal_value=2.80817e-05 -0.000811494 -0.00404981 -0.000813872 0.00192555 -0.00356649 -0.00689414 -0.000426326 0.000220337 0.00532796 0.000466373 0.00347385 -8.84175e-05 0.00684962 0.000324901 -0.00152238 0.000562111 -0.00455777 0.00272677 0.00222269 0.00014468
internal_weight=27324 9365 993 466 376 209 527 8372 5830 330 17959 804 390 414 17155 1948 15207 1010 2455 2333 12752
internal_count=27324 9365 993 466 376 209 527 8372 5830 330 17959 804 390 414 17155 1948 15207 1010 2455 2333 12752
is_linear=0
shrinkage=0.0215534


Tree=144
num_leaves=22
num_cat=0
split_feature=5 124 38 5 38 29 124 23 38 46 47 12 36 131 101 23 37 131 21 93 62
split_gain=22.8952 20.3703 19.6791 35.5615 22.5375 29.5146 17.2921 16.4304 19.6726 22.9567 17.684 16.406 14.809 15.696 15.7737 14.3131 13.4702 12.7995 17.657 26.6686 15.8536
threshold=28004.000000000004 19.500000000000004 -666.66666666666958 11250.000000000002 833.33333333333314 16183.333333333334 31.500000000000004 1.0000000180025095e-35 683.33333333333405 34250.000000000007 51250.000000000007 22400.000000000004 0.41666666666666669 -0.68301270189221952 2448.8813530853081 504.00693299373989 179.00000000000003 -0.9330127018922193 3450.3277967121248 0.11579701075616212 3750.0000000000005
decision_type=10 2 2 10 2 2 2 10 2 8 8 8 2 2 2 10 2 2 10 10 10
left_child=1 12 3 -3 16 15 11 8 9 -2 -10 -7 -1 14 -14 -6 -4 18 20 -20 -9
right_child=7 2 4 -5 5 6 -8 17 10 -11 -12 -13 13 -15 -16 -17 -18 -19 19 -21 -22
leaf_value=-0.51058038453697097 -4.823195888354845e-05 0.91438972629967818 -5.3565853169390708e-08 -1.0325516494701263e-05 0.00029120415131741898 -4.0743608611210338e-05 -2.3442555640756479e-05 0.00048132763117647017 0.00068538713895063797 0.0031130264646902629 -0.020188703460880385 0.00016830159367392899 -1.074618349646903e-05 1.5130043211667513e-05 -77.170716470345027 -2.6011572527511076e-05 8.1384282416816681e-07 3.7919893998008469e-05 -0.55029149431571045 6.8770084011822883 97.180286650898253
leaf_weight=83 102 83 438 251 87 81 197 946 342 288 72 73 2358 5453 113 71 77 15468 373 244 124
leaf_count=83 102 83 438 251 87 81 197 946 342 288 72 73 2358 5453 113 71 77 15468 373 244 124
internal_value=1.0728e-05 -0.000852921 -0.00329467 -0.00784464 -0.00180156 -0.00502109 -0.00850841 0.000461573 0.00347385 0 0.00674553 -0.00302115 -0.000437685 -0.00034163 -0.00176712 0.00267205 0.0013641 0.000319875 0.00210283 -0.000789357 0.00377854
internal_weight=27324 9365 1358 334 1024 509 351 17959 804 390 414 154 8007 7924 2471 158 515 17155 1687 617 1070
internal_count=27324 9365 1358 334 1024 509 351 17959 804 390 414 154 8007 7924 2471 158 515 17155 1687 617 1070
is_linear=0
shrinkage=0.0215534


Tree=145
num_leaves=22
num_cat=0
split_feature=5 95 23 42 47 39 125 130 21 42 26 49 111 54 97 44 46 41 59 94 88
split_gain=22.6044 22.6133 16.8272 15.531 15.5717 15.2425 14.5583 16.6291 16.1409 15.5293 13.8843 14.6341 13.8688 14.2616 23.9656 17.7188 20.0464 29.4987 13.1689 20.1108 19.5388
threshold=28004.000000000004 0.016842620975267401 1.0000000180025095e-35 0.6454972243679008 33000.000000000007 0.68660714285714297 12.500000000000002 0.93301270189221952 1069.0449676495343 -1.4301938838683881 36.500000000000007 11083.333333333334 -0.035098522167487677 826.10312969235281 26999.671503231093 15250.000000000002 17750.000000000004 2350.0000000000005 13500.000000000002 0.05446769904684113 8500.0000000000018
decision_type=10 8 10 10 8 2 2 2 10 10 2 10 8 8 2 10 8 2 8 10 10
left_child=1 12 3 4 -2 -4 7 9 -9 -3 18 -12 -1 14 -14 -15 -17 -18 -11 -20 -21
right_child=2 6 5 -5 -6 -7 -8 8 -10 10 11 -13 13 15 -16 16 17 -19 19 20 -22
leaf_value=-2.2034326799837753e-05 -2.6196124471815672e-05 0.016132118202682937 71.180714346295005 0.00060579323968855967 0.0030459302378996441 6.3491934558323828e-05 -1.657835266129586e-05 0.00046100519738401165 1.7278402392842664 -4.0446102558722581e-05 -0.0070118712940310827 0.00030985688609354642 -8.8467385484457528e-06 0.0001068627400040376 1.3936985953036621e-07 -4.1225047299534013e-05 -7.8103154866377091e-06 6.3583420586849356e-05 -0.049184425843042598 1.2179748752850312 -0.030130679279634889
leaf_weight=76 120 186 150 316 368 17005 4678 190 116 1659 74 533 79 130 562 121 394 86 161 161 159
leaf_count=76 120 186 150 316 368 17005 4678 190 116 1659 74 533 79 130 562 121 394 86 161 161 159
internal_value=-2.17712e-05 -0.000880538 0.000425569 0.00347385 0.00104213 0.000282184 -0.000426326 0.000682715 0.00546405 0.000180771 -0.000224394 0.00264847 -0.00335781 -0.00285263 -0.000490852 -0.0049115 -0.0064757 -0.0044714 -0.00104338 0.0020877 0.00522508
internal_weight=27324 9365 17959 804 488 17155 7917 3239 306 2933 2747 607 1448 1372 641 731 601 480 2140 481 320
internal_count=27324 9365 17959 804 488 17155 7917 3239 306 2933 2747 607 1448 1372 641 731 601 480 2140 481 320
is_linear=0
shrinkage=0.0215534


Tree=146
num_leaves=22
num_cat=0
split_feature=5 58 75 53 112 53 0 39 92 42 93 119 0 112 108 34 69 98 39 42 77
split_gain=24.7668 31.1958 19.5667 20.5349 15.8082 14.3603 14.1743 22.6306 23.6586 20.1613 18.0256 16.3722 14.2036 17.8879 13.3973 18.975 14.5051 16.0422 14.6119 13.3122 24.0168
threshold=26500.000000000004 4500.0000000000009 21500.000000000004 408.24829046386327 0.15075757575757578 1866.3636829447485 21.000000000000004 0.94641148325358859 2625.0000000000005 0.4296113867741973 0.018802298426000005 1.0000000180025095e-35 39.500000000000007 0.23443223443223446 0.036038961038961044 20625.000000000004 2750.0000000000005 60003.259552760595 0.87609649122807032 1.5860645438769614 54500.000000000007
decision_type=10 8 10 10 8 10 2 2 8 10 10 8 2 10 10 2 10 2 2 10 10
left_child=1 -1 -2 -4 5 -3 9 8 12 -6 -11 -9 13 -8 19 16 17 18 -16 -5 -21
right_child=2 4 3 14 6 -7 7 11 -10 10 -12 -13 -14 -15 15 -17 -18 -19 -20 20 -22
leaf_value=-3.4844520219781959e-05 3.0615731930122867 0.72695905883677003 -2.0875159636115202e-05 1.612174849100256e-06 2.0201259238733993 -3.3833868962892317e-05 -0.022710134585554986 -42.057490953122041 -0.45008095144928389 -5.7703236786091927e-05 0.80462142186039709 -0.035760976484474627 0.85354194335702849 1.2343997597872658 5.3040427513189687 -182.37523784600043 3.7689743834944665 -70.008561612393322 -2.5222618999861113 0.0010586651109849175 -63.122920878878162
leaf_weight=566 108 79 307 17722 186 4825 84 161 205 205 220 205 74 95 142 74 334 284 926 426 96
leaf_count=566 108 79 307 17722 186 4825 84 161 205 205 220 205 74 95 142 74 334 284 926 426 96
internal_value=-3.43921e-05 -0.00115054 0.000342632 0.000293518 -0.000716055 -0.00129915 0.00127059 -0.00056493 0.00261596 0.00375977 0.00114588 -0.00456855 0.00703403 0.00368252 0.000378831 -0.00141559 -0.000940831 -0.00193839 -0.000718384 0.000552418 0.00394658
internal_weight=27324 6905 20419 20311 6339 4904 1435 824 458 611 425 366 253 179 20004 1760 1686 1352 1068 18244 522
internal_count=27324 6905 20419 20311 6339 4904 1435 824 458 611 425 366 253 179 20004 1760 1686 1352 1068 18244 522
is_linear=0
shrinkage=0.0215534


Tree=147
num_leaves=22
num_cat=0
split_feature=96 63 97 23 80 102 127 30 32 39 77 39 82 111 100 0 16 107 127 62 121
split_gain=34.9573 19.5611 25.1533 22.2966 19.0563 17.8584 17.6627 18.5706 17.5322 17.4461 15.9346 15.462 14.7543 17.7849 14.3884 21.3783 28.3242 26.1124 25.5788 19.5699 17.789
threshold=28000.000455040412 3250.0000000000005 26195.774980100741 1451.3166154024464 29500.000000000004 2452.6637959905061 210.50000000000003 27500.000000000004 6055.7415019990885 0.68660714285714297 82500.000000000015 0.9294019933554819 27625.000000000004 0.11324786324786326 -369.35752054759718 10.000000000000002 29166.800000000007 -14499.999999999998 10.500000000000002 -2249.9999999999995 1.0000000180025095e-35
decision_type=2 8 2 10 8 2 2 2 2 2 8 2 10 8 2 2 10 8 2 10 10
left_child=1 5 3 -3 6 8 7 -2 -1 -6 12 -5 13 -11 -14 16 -16 19 -18 -17 -20
right_child=4 2 -4 11 9 -7 -8 -9 -10 10 -12 -13 14 -15 15 17 18 -19 20 -21 -22
leaf_value=-7.9220025803618764e-06 4.2233566376862409e-06 50.233345836810606 -0.43111443359046631 -0.52919229002376655 80.078090945167773 -20.537445133463311 -6.1677446047027517e-06 0.00015851162323289207 41.745693171500932 0.58951276242099515 -42.406228840626056 1.1887003677972385 0.0012379323533898022 0.050637192704134144 -0.00013708509938407013 -94.241707705156372 1.7606290787551784 -2.302238622140744e-05 0.00057259990719158598 -0.057402520871796626 -0.0061290172053936748
leaf_weight=7036 161 91 88 102 166 83 123 222 108 77 210 164 6498 152 76 263 75 9207 1388 390 644
leaf_count=7036 161 91 88 102 166 83 123 222 108 77 210 164 6498 152 76 263 75 9207 1388 390 644
internal_value=-0.000113273 -0.00134735 0.00303133 0.00558904 0.000368068 -0.0016182 0.00449722 0.00678502 -0.00150123 0.000258468 0.000197137 0.00239754 0.000263646 0.00570118 0.000195992 -0.000244472 0.00168431 -0.000672389 0.00215422 -0.00483805 0.00169279
internal_weight=27324 7672 445 357 19652 7227 506 383 7144 19146 18980 266 18770 229 18541 12043 2183 9860 2107 653 2032
internal_count=27324 7672 445 357 19652 7227 506 383 7144 19146 18980 266 18770 229 18541 12043 2183 9860 2107 653 2032
is_linear=0
shrinkage=0.0215534


Tree=148
num_leaves=22
num_cat=0
split_feature=96 51 73 30 38 102 89 118 102 105 23 58 127 0 48 97 102 49 23 131 102
split_gain=29.9774 27.5963 20.7546 18.3343 18.2894 25.8235 30.4807 18.2327 18.181 22.7568 21.4065 17.221 17.1931 16.4609 15.8621 15.7092 18.7355 33.3606 15.6928 15.0767 18.3707
threshold=28000.000000000018 16583.333333333339 17500.000000000004 12500.000000000002 666.66666666666708 -22.189417183079964 7750.0000000000009 1.0000000180025095e-35 114.26702080869838 -2995.9999999999995 1222.8664272317981 5500.0000000000009 204.50000000000003 10.000000000000002 16916.666666666668 27437.453428065426 -1855.2135387111782 27916.666666666668 563.24184797489386 -0.9330127018922193 -7275.1803697685782
decision_type=2 10 10 2 2 2 10 10 2 10 10 10 2 2 10 2 2 10 10 2 2
left_child=1 2 -1 7 8 11 12 13 9 -3 18 -6 -7 -4 -13 16 -11 -18 -10 20 -2
right_child=19 4 3 -5 5 6 -8 -9 10 15 -12 14 -14 -15 -16 -17 17 -19 -20 -21 -22
leaf_value=-1.2657930632293969e-05 4.6417197309858418 0.011030867932953966 0.00010747997537972713 0.90555644437401595 1.4644632643383546e-05 -4.2561630286878931e-05 0.00019631953354099817 -0.088639754250270347 1.0081480514715422e-06 -1.2777260185407313 -0.024797936147062397 0.00039266616581767275 -0.050176933075156284 0.84265369182945338 -3.2933889004904744e-05 -9.0435788026069627e-06 -6.9918049330656481e-06 0.016642681777737929 0.00032066221260081872 2.1106682842422282e-06 0.00029847625902446566
leaf_weight=1925 86 401 100 99 167 486 187 134 212 190 490 155 172 76 387 437 1443 166 238 17968 1805
leaf_count=1925 86 401 100 99 167 486 187 134 212 190 490 155 172 76 387 437 1443 166 238 17968 1805
internal_value=-9.59189e-05 -0.00126056 0.000679634 0.00508937 -0.0021448 -0.0040996 -0.00664633 0.00247438 -0.00129305 -0.00221165 0.00127473 -0.00105169 -0.00882965 0.00704985 -0.00292628 -0.00306129 -0.00216361 -0.00140109 0.00467366 0.00034144 0.00217232
internal_weight=27324 7465 2334 409 5131 1554 845 310 3577 2637 940 709 658 176 542 2236 1799 1609 450 19859 1891
internal_count=27324 7465 2334 409 5131 1554 845 310 3577 2637 940 709 658 176 542 2236 1799 1609 450 19859 1891
is_linear=0
shrinkage=0.0215534


Tree=149
num_leaves=22
num_cat=0
split_feature=74 28 127 112 125 44 23 112 18 98 28 44 127 39 100 63 1 42 80 76 0
split_gain=28.7007 27.5017 31.9992 28.4004 21.2602 21.1532 23.0467 20.3001 20.2682 28.6038 18.4594 24.3597 26.1506 18.2592 19.2479 23.5966 21.0195 32.5781 20.1935 19.8776 24.0236
threshold=31750.000000000004 43750.000000000007 34.500000000000007 -0.092329545454545442 22.500000000000004 29750.000000000004 6814.4538746102526 1.4000800000000002 31250.000000000004 30998.354487392669 112500.00000000001 93750.000000000015 96.500000000000014 1.218451749734889 10.697989968353797 -5014.9999999999991 11.000000000000002 1.4145197915353338 92500.000000000015 32500.000000000004 39.500000000000007
decision_type=8 2 2 8 2 10 10 10 10 2 2 8 2 2 2 10 2 10 10 10 2
left_child=4 2 3 -2 8 -4 -7 10 9 -1 11 13 -13 14 19 -16 18 -18 -17 -3 -21
right_child=1 7 5 -5 -6 6 -8 -9 -10 -11 -12 12 -14 -15 15 16 17 -19 -20 20 -22
leaf_value=-2.8178166319751753e-06 -0.10593364578207615 44.057966176324115 0.00036693220875923986 0.0015428005128735802 -2.054316474132054e-05 0.00057811413109701282 2.5915731119220857 23.522061883585312 0.00054330247527934817 -0.0093093598888227096 -261.88085551537148 30.036622532987408 -218.21569253950153 -76.231137628713583 -88.034626656368047 0.060132059663147538 -0.39520907868157906 4.6932752439078707 -66.406849807055352 0.0018181329392393999 -0.93153423281393499
leaf_weight=7307 267 129 201 745 2976 2871 406 114 639 142 130 351 81 632 419 2709 946 86 166 5030 977
leaf_count=7307 267 129 201 745 2976 2871 406 114 639 142 130 351 81 632 419 2709 946 86 166 5030 977
internal_value=-8.3298e-05 0.00049257 0.00192776 -0.0014396 -0.000930387 0.00291006 0.00249004 -5.4204e-05 -0.000356021 -0.00067301 -0.000143491 -5.16115e-05 0.00496811 -0.000247899 -3.21388e-05 -0.00113394 -0.000610122 -0.0032494 0.000334349 0.000743257 0.000561879
internal_weight=27324 16260 4490 1012 11064 3478 3277 11770 8088 7449 11656 11526 432 11094 10462 4326 3907 1032 2875 6136 6007
internal_count=27324 16260 4490 1012 11064 3478 3277 11770 8088 7449 11656 11526 432 11094 10462 4326 3907 1032 2875 6136 6007
is_linear=0
shrinkage=0.0215534


Tree=150
num_leaves=22
num_cat=0
split_feature=5 55 51 61 95 127 124 39 42 101 42 127 25 26 62 26 127 83 53 111 127
split_gain=38.5691 36.0457 24.1787 19.5802 20.3343 28.8441 19.4101 19.0417 25.072 18.9388 24.0899 20.7361 26.7669 17.9457 14.6138 17.5539 33.2533 30.9302 24.593 23.5671 24.5163
threshold=26500.000000000004 1549.193338482967 56000.000000000007 18750.000000000004 0.011259357071210929 318.50000000000006 60.500000000000007 0.77533206831119561 -1.7712297710801908 102.94286792572167 -0.22140372138502537 189.50000000000003 2.5000000000000004 47.500000000000007 18750.000000000004 5.5000000000000009 74.500000000000014 27125.000000000004 12127.779608940544 0.324561403508772 50.500000000000007
decision_type=10 8 8 8 10 2 2 2 10 2 8 2 2 2 10 2 2 10 10 10 2
left_child=1 -1 -3 4 5 6 9 8 -6 10 11 12 -2 -7 15 18 17 -17 -9 -19 -21
right_child=3 2 -4 -5 7 13 -8 14 -10 -11 -12 -13 -14 -15 -16 16 -18 19 -20 20 -22
leaf_value=-4.6167435303090916e-05 -4.0626801201597207e-05 -3.7042543031199518e-05 2.9131806404132474 -96.306504251827775 140.13512793914754 0.0010694726930581973 -3.9535889030609015e-06 -0.028439131756213015 22.475100066350443 -0.00033981044850323695 7.3147864488010253e-05 -8.6738374083891473e-06 6.6615501164808506e-07 0.00055009920386753989 74.060901995289683 21.071942709676485 -1.3626729456588247e-06 0.0020087257543717815 2.5129455598188706 73.126382042566092 -6.9199318209721934
leaf_weight=573 87 5953 379 75 74 72 120 1556 690 188 562 119 154 218 278 79 13516 2018 350 79 184
leaf_count=573 87 5953 379 75 74 72 120 1556 690 188 562 119 154 218 278 79 13516 2018 350 79 184
internal_value=4.41754e-06 -0.00138776 -0.000917673 0.000475631 0.000516584 0.00291519 0.00146481 0.000322429 0.0036557 0.00236096 0.00363704 -0.000694322 0.00291433 0.00903445 0.000180924 0.000103755 0.000338857 0.00269954 -0.00184992 0.00223556 -0.00381753
internal_weight=27324 6905 6332 20419 20344 1520 1230 18824 764 1110 922 360 241 290 18060 17782 15876 2360 1906 2281 263
internal_count=27324 6905 6332 20419 20344 1520 1230 18824 764 1110 922 360 241 290 18060 17782 15876 2360 1906 2281 263
is_linear=0
shrinkage=0.0215534


Tree=151
num_leaves=22
num_cat=0
split_feature=51 39 112 42 127 86 100 101 35 38 51 11 49 0 35 125 88 131 127 77 112
split_gain=43.2466 24.4246 20.2802 21.6079 49.1342 19.0913 17.9244 41.6618 28.9864 27.6961 21.179 22.9485 17.5978 17.5369 16.642 18.8057 19.1052 27.5892 20.3031 16.5532 18.0657
threshold=29083.333333333339 0.64611005692599632 0.60357142857142865 1.1870494985328313 219.50000000000003 22875.000000000004 -2.2230621618018627 1.0000000180025095e-35 0.24776127459830632 683.33333333333405 16183.333333333334 27350.000000000004 27366.666666666668 39.500000000000007 0.21847642666040459 28.500000000000004 3004.0000000000005 -0.68301270189221952 296.50000000000006 82500.000000000015 0.045983086680761107
decision_type=8 2 10 8 2 10 2 2 2 2 10 10 10 2 2 2 10 2 2 10 10
left_child=2 -2 3 6 5 -5 -1 8 13 14 -11 -12 -13 -8 15 16 18 -18 -9 -3 -21
right_child=1 19 -4 4 -6 -7 7 9 -10 10 11 12 -14 -15 -16 -17 17 -19 -20 20 -22
leaf_value=-5.6807342511518073e-06 146.66544928867461 0.00013151518540765808 0.4809711654599117 -0.028658178989083839 0.00045663446871301906 -1.7673577858643465e-05 -9.7684556079184634e-06 5.9632174619781452e-05 0.00021862786447048252 0.0004332556471616363 -0.034510466399696897 0.43816041730689764 -3.8101597565330307e-05 -8.9732136826120815e-06 -0.019228274363052706 -0.017906588384938658 -17.930394171341721 0.0055083146989718286 0.61938734614289426 -164.9861452814483 7.1751406200325283
leaf_weight=3698 105 18285 124 122 361 516 887 936 155 233 502 72 149 137 403 89 80 183 112 88 87
leaf_count=3698 105 18285 124 122 361 516 887 936 155 233 502 72 149 137 403 89 80 183 112 88 87
internal_value=-0.000165334 0.000423287 -0.00141391 -0.00153905 0.00143675 -0.00214825 -0.0019295 -0.00294231 -0.00633568 -0.00148892 -0.0044545 -0.00627734 -0.000448447 -0.00765239 7.88967e-05 0.00119459 0.00185105 -0.00332601 0.00315867 0.000363814 -0.00622847
internal_weight=27324 18565 8759 8635 999 638 7636 3938 1179 2759 956 723 221 1024 1803 1400 1311 263 1048 18460 175
internal_count=27324 18565 8759 8635 999 638 7636 3938 1179 2759 956 723 221 1024 1803 1400 1311 263 1048 18460 175
is_linear=0
shrinkage=0.0215534


Tree=152
num_leaves=22
num_cat=0
split_feature=51 102 23 23 39 127 0 39 95 112 127 42 50 57 23 112 39 91 127 23 79
split_gain=33.6868 26.8706 64.5193 56.5253 24.6343 24.5554 27.7581 24.4908 21.5921 20.7268 17.2292 36.0434 18.8865 18.4694 17.0799 16.9244 18.3377 18.3389 19.7211 19.5638 18.2753
threshold=29083.333333333339 9.114432329934063 1.0000000180025095e-35 305.128576629728 1.0350245531426547 96.500000000000014 13.000000000000002 0.64611005692599632 0.093752960259185641 -0.14065934065934063 168.50000000000003 0.81649658092772637 28416.666666666668 12500.000000000002 2724.6216141529899 0.60357142857142865 1.4775828460038987 2125.0000000000005 203.50000000000003 2436.8362569331407 27850.000000000004
decision_type=8 2 10 10 2 2 2 2 10 10 2 8 10 10 10 10 2 10 2 10 10
left_child=1 3 -3 4 -1 9 8 -2 -7 -5 13 12 14 -8 -12 16 17 18 -4 -19 -21
right_child=7 2 15 5 -6 6 10 -9 -10 -11 11 -13 -14 -15 -16 -17 -18 19 -20 20 -22
leaf_value=-6.2221635601085442e-06 143.50431386003632 0.00067932824873725745 0.00013748266731473745 20.029076225241404 -2.9735424855320712e-07 -3.1713172379274821e-05 -1.0999684941937338e-05 0.00011122514576042503 0.00019923424162788259 -6.4470767739549287e-05 -6.9988675247293982e-06 0.00036035852743192726 0.00039208741242327251 -1.7238373641084872 -2.8922316740661764 0.47060461356467825 0.00061498571857348183 -0.46142540289643041 -6.3505361298643302e-05 0.33284680363292629 -0.52512704597284765
leaf_weight=597 105 246 1719 284 164 830 618 18460 224 513 1254 200 89 77 114 124 103 408 972 122 101
leaf_count=597 105 246 1719 284 164 830 618 18460 224 513 1254 200 89 77 114 124 103 408 972 122 101
internal_value=-0.000110117 -0.00121213 0.00015107 -0.00225603 -0.00766305 -0.00127482 -0.00207301 0.000409356 -0.00498094 0.00212533 -0.000766068 0.000424022 -0.000748478 -0.00361549 -0.00138008 -0.000586645 -0.00087218 -0.00115225 -0.000373228 -0.00446027 0.000637644
internal_weight=27324 8759 3795 4964 761 4203 3406 18565 1054 797 2352 1657 1457 695 1368 3549 3425 3322 2691 631 223
internal_count=27324 8759 3795 4964 761 4203 3406 18565 1054 797 2352 1657 1457 695 1368 3549 3425 3322 2691 631 223
is_linear=0
shrinkage=0.0215534


Tree=153
num_leaves=22
num_cat=0
split_feature=97 47 45 42 23 102 131 64 22 76 0 39 77 112 96 98 125 38 102 125 92
split_gain=37.199 39.1305 29.9476 29.7348 39.8084 28.4903 19.8042 17.8848 17.647 22.3129 19.4229 17.4117 16.2772 18.0657 16.1999 30.9853 23.5193 21.5357 18.0297 21.4101 17.6884
threshold=28000.033770091057 20250.000000000004 18750.000000000004 1.5441788914646144 305.128576629728 -12.119848433610967 -0.68301270189221952 0.20344827586206901 646.20617265883845 17500.000000000004 39.500000000000007 0.6708333333333335 82500.000000000015 0.045983086680761107 20000.001930284099 19339.534975242674 13.500000000000002 -3833.3333333333344 1.0000000180025095e-35 11.500000000000002 751.00000000000011
decision_type=2 10 8 10 10 2 2 8 10 10 2 2 10 10 2 2 2 2 2 2 10
left_child=1 2 7 4 5 -3 -7 14 -4 10 -10 -2 -13 -14 15 16 17 -1 -17 -20 -16
right_child=11 3 8 -5 -6 6 -8 -9 9 -11 -12 12 13 -15 20 18 -18 -19 19 -21 -22
leaf_value=1.4490308423444969 79.456095901949979 -8.6293335630903128e-06 -5.9336527288923573e-05 0.0010463229111094621 -1.8997610560221845e-05 -3.428041539511007e-06 2.096840162902152e-05 1.2669053043038938 -0.00024573096188975588 0.42832375349373364 2.8999634487920951 8.0881527208513689e-05 -161.43013941902211 7.0204897262657786 -7.3729765343555836e-05 3.7743476045981653e-06 -0.00024217063992486247 -3.1325398426907442e-05 0.00068050871815779769 0.00068891846645037784 -0.00011337988271789124
leaf_weight=188 167 317 228 78 2484 94 110 107 209 225 74 19422 88 87 188 203 1559 1022 93 116 265
leaf_count=188 167 317 228 78 2484 94 110 107 209 225 74 19422 88 87 188 203 1559 1022 93 116 265
internal_value=-0.000121161 -0.00140722 -0.000118429 -0.0032759 -0.00361913 -0.00904159 -0.00270344 -0.000902212 0.00385332 0.00609146 0.00202517 0.000370345 0.000310811 -0.00622847 -0.00116008 -0.000613857 -0.00143684 0.000812197 0.00489542 0.00933878 -0.0049757
internal_weight=27324 7560 4477 3083 3005 521 204 3741 736 508 283 19764 19597 175 3634 3181 2769 1210 412 209 453
internal_count=27324 7560 4477 3083 3005 521 204 3741 736 508 283 19764 19597 175 3634 3181 2769 1210 412 209 453
is_linear=0
shrinkage=0.0215534


Tree=154
num_leaves=22
num_cat=0
split_feature=5 55 0 26 89 15 0 51 63 26 51 35 100 86 0 89 42 51 48 51 39
split_gain=48.4313 25.3698 39.9486 26.9716 21.2111 20.115 21.7504 18.4329 18.1593 17.8308 17.412 14.4183 14.4053 14.289 14.0221 13.923 18.0384 19.3935 13.3543 13.2143 13.0846
threshold=28004.000000000004 938.80963562504564 21.000000000000004 17.500000000000004 504.00000000000006 28232.142857142859 33.000000000000007 56000.000000000007 425.00000000000006 22.500000000000004 27916.666666666668 0.018225803982152563 -0.21247336244232426 28250.000000000004 39.500000000000007 1.0000000180025095e-35 0.6454972243679028 33500.000000000007 27750.000000000004 40916.666666666679 0.6708333333333335
decision_type=10 8 2 2 10 10 2 8 10 2 10 2 2 10 2 10 10 8 10 8 2
left_child=1 2 3 13 18 6 -6 -3 10 -8 -5 -12 14 -1 -11 16 17 -2 -4 -19 -17
right_child=15 7 4 8 5 -7 9 -9 -10 12 11 -13 -14 -15 -16 20 -18 19 -20 -21 -22
leaf_value=0.45829261939912136 -0.00025615733819137553 -2.255066893535397e-05 -2.4748969363253425e-06 -2.1830294825854756e-05 0.00036974134015723109 -6.491064283582808e-05 10.742779526809342 1.4108726233129731 -7.0799152835257398e-07 -6.9280797736755901e-06 -7.632794349611876e-06 -2.9650745560905883e-06 -0.028627318664537924 -0.00056496689411630018 0.00031545776612865124 65.597422194622979 0.00059934598088924867 0.0072960271507371563 -7.5315418963694048e-06 0.00033126137391394745 7.8726068655523288e-05
leaf_weight=85 136 6973 92 372 174 158 84 435 149 103 102 287 84 72 73 146 309 90 122 269 17009
leaf_count=85 136 6973 92 372 174 158 84 435 149 103 102 287 84 72 73 146 309 90 122 269 17009
internal_value=-0.000222128 -0.00147892 -0.0036629 -0.00647551 -0.000280896 0.00158121 0.00364424 -0.000900761 -0.00790046 0.000476059 -0.0092489 -0.00601568 -0.00228712 0.0017287 0.00117501 0.00043277 0.00320581 0.0006356 -0.00620127 0.00327714 0.000302286
internal_weight=27324 9365 1957 1067 890 676 518 7408 910 344 761 389 260 157 176 17959 804 495 214 359 17155
internal_count=27324 9365 1957 1067 890 676 518 7408 910 344 761 389 260 157 176 17959 804 495 214 359 17155
is_linear=0
shrinkage=0.0215534


Tree=155
num_leaves=22
num_cat=0
split_feature=18 77 15 23 127 42 124 131 15 131 14 14 82 102 38 93 102 83 83 76 39
split_gain=48.0324 21.7677 46.5731 27.4392 31.8354 28.5975 24.0691 36.9469 18.9712 16.9557 21.6947 25.0917 18.719 17.2842 18.3119 23.3976 23.8949 16.1 19.6458 25.1584 15.9625
threshold=28500.000000000004 22500.000000000004 26873.015873015876 466.09159969929203 52.500000000000007 1.2909944487358052 33.500000000000007 0.6830127018922193 25392.857142857149 -0.9330127018922193 29642.857142857149 32071.428571428576 66000.000000000015 -6644.1344189111142 -9166.6666666666679 0.066973534418046418 4955.8673109122583 21125.000000000004 18750.000000000004 19500.000000000004 0.63914893617021284
decision_type=8 10 10 10 2 8 2 2 10 2 10 10 10 2 2 10 2 10 10 10 2
left_child=1 2 6 5 -5 -3 8 -8 17 10 -2 -12 13 -13 -15 -16 -17 18 19 -1 -11
right_child=9 3 -4 4 -6 -7 7 -9 -10 20 11 12 -14 14 15 16 -18 -19 -20 -21 -22
leaf_value=-0.0001046363545488641 0.00014387067499852842 -4.6585927302782091e-06 0.01215491859975697 0.010583024546646985 -1.5443056063124616e-05 0.001000553055895096 0.00069304938255103973 -4.8403105924226275e-06 -0.38729252150144705 189.66412141673595 -0.00012051913665740355 4.0373062274439819 -43.897017106389541 105.92171152197399 0.023005698465785381 -0.48122745634960945 64.839221887641443 0.00088624639556226213 -0.0001233105880016776 0.020770819876743771 4.1136998769118158e-05
leaf_weight=3403 113 919 147 311 1765 74 101 113 86 81 72 86 123 81 796 428 75 434 988 105 17023
leaf_count=3403 113 919 147 311 1765 74 101 113 86 81 72 86 123 81 796 428 75 434 988 105 17023
internal_value=-0.000209507 -0.00156073 -0.000731928 -0.00300993 -0.00159463 -0.00595968 -0.00106982 0.00599993 -0.00137327 0.000394576 0.00240063 0.00177244 0.00234102 0.00302256 0.00243005 0.00180179 -0.00182504 -0.00119612 -0.00158004 -0.000820825 0.000185995
internal_weight=27324 8446 5377 3069 2076 993 5230 214 5016 18878 1774 1661 1589 1466 1380 1299 503 4930 4496 3508 17104
internal_count=27324 8446 5377 3069 2076 993 5230 214 5016 18878 1774 1661 1589 1466 1380 1299 503 4930 4496 3508 17104
is_linear=0
shrinkage=0.0215534


Tree=156
num_leaves=22
num_cat=0
split_feature=18 77 15 23 127 63 42 22 95 42 29 23 50 16 77 54 23 2 35 108 35
split_gain=46.8276 19.3768 36.3618 26.0769 30.2604 24.4036 23.1585 18.2996 16.0925 40.5311 15.8411 15.4562 17.1522 19.421 15.0456 17.5108 14.7479 14.673 15.5443 13.8124 13.2935
threshold=28500.000000000004 22500.000000000004 26873.015873015876 466.09159969929203 52.500000000000007 3250.0000000000005 1.2909944487358052 468.80723093836559 0.031980016601158338 0.80043198894670808 23750.000000000004 1322.8754950240727 26916.666666666668 27339.080459770117 82500.000000000015 12662.273100947275 1578.956442805061 26500.000000000004 0.036239680011024268 -0.24764150943396224 0.33681315534982331
decision_type=8 10 10 10 2 8 8 10 10 10 2 10 10 10 10 8 10 2 2 8 2
left_child=1 2 5 6 -5 8 17 11 9 -1 -2 12 -6 -14 19 -16 -7 -3 -19 -12 -21
right_child=10 3 -4 4 7 16 -8 -9 -10 -11 14 -13 13 -15 15 -17 -18 18 -20 20 -22
leaf_value=-1.5456128458081353e-05 0.72480809704715599 -3.3839361607343284e-05 0.011892939081034198 0.010354924649917333 0.00031487012139509512 39.685348476248919 0.00097898776067006357 -4.7477127312668606e-05 -0.00026123978060495966 0.00045616562197733668 99.001978284510912 8.1213055933144397e-05 -0.0098746986494730338 -1.9152623726884688e-06 0.87596299505078323 -171.63254325606931 0.31823608423818001 -4.4384328272130469e-06 2.6892206584503985e-07 6.9794957934713259e-05 2.0818962729198018
leaf_weight=288 79 89 147 311 109 73 74 1201 4339 277 186 91 85 279 89 86 253 700 130 18078 360
leaf_count=288 79 89 147 311 109 73 74 1201 4339 277 186 91 85 279 89 86 253 700 130 18078 360
internal_value=-0.000252102 -0.00158624 -0.000804079 -0.00295375 -0.00157386 -0.00110279 -0.00582946 -0.0026693 -0.00148374 0.00192994 0.000344341 0.000519646 -0.00102962 -0.00329133 0.000303367 -0.00598229 0.00460018 -0.00676783 -0.00585766 0.000362925 0.000303462
internal_weight=27324 8446 5377 3069 2076 5230 993 1765 4904 565 18878 564 473 364 18799 175 326 919 830 18624 18438
internal_count=27324 8446 5377 3069 2076 5230 993 1765 4904 565 18878 564 473 364 18799 175 326 919 830 18624 18438
is_linear=0
shrinkage=0.0215534


Tree=157
num_leaves=22
num_cat=0
split_feature=96 101 95 23 42 34 76 63 121 111 101 101 112 23 112 38 28 30 55 45 122
split_gain=38.6666 23.7072 43.5983 32.6929 29.8083 21.5405 27.6355 21.9389 19.4502 18.2224 15.7503 15.5556 14.3375 13.8272 18.2368 12.291 12.6564 18.7556 16.868 16.4046 20.3514
threshold=28000.000455040412 1.0000000180025095e-35 0.012403600675980104 1.0000000180025095e-35 0.1425664871280504 6375.0000000000009 26500.000000000004 3250.0000000000005 0.19090909090909094 0.036038961038961044 -13.224138062085329 -5862.7696112852746 -0.061935920577617321 4301.8306715207355 0.30217391304347835 -22333.333333333332 112500.00000000001 79000.000000000015 10696.566276344542 83750.000000000015 1500.0000000000002
decision_type=2 2 8 10 10 2 10 10 10 10 2 2 8 10 8 2 2 2 10 8 10
left_child=1 2 10 4 -3 6 7 8 12 -7 -1 -4 -5 14 -13 -2 17 19 -18 -17 -21
right_child=15 3 11 5 -6 9 -8 -9 -10 -11 -12 13 -14 -15 -16 16 18 -19 -20 20 -22
leaf_value=-8.4404145366224294e-06 195.13444382918931 -5.6455590712488156e-07 70.853115559857841 -0.035960894681973075 0.00065686616726637239 0.00025537957365952691 -1.2822688773914738e-05 1.7248520379121801 0.32065221186277565 -0.77248730470352167 -3.131998501370503e-06 -1.956068538504754e-05 -2.8203581843143138e-05 -0.79891464776409404 20.147688761090791 6.624873724243265e-05 -352.0921582839606 14.887608257690843 2.9919764831349758 -1.0962049616544693 -133.64666605957945
leaf_weight=514 86 75 77 117 147 178 265 186 267 284 237 3607 1521 91 106 18362 80 510 93 407 114
leaf_count=514 86 75 77 117 147 178 265 186 267 284 237 3607 1521 91 106 18362 80 510 93 407 114
internal_value=-0.000223705 -0.00152153 -0.00249217 -3.97044e-05 0.00791877 -0.000669984 0.000161006 0.000995678 0.000300943 -0.00492543 -0.00724855 -0.0015694 -0.000573673 -0.00176547 -0.00155914 0.000282522 0.000246311 0.000298521 -0.00555335 0.000187877 -0.0035819
internal_weight=27324 7672 4632 3040 222 2818 2356 2091 1905 462 751 3881 1638 3804 3713 19652 19566 19393 173 18883 521
internal_count=27324 7672 4632 3040 222 2818 2356 2091 1905 462 751 3881 1638 3804 3713 19652 19566 19393 173 18883 521
is_linear=0
shrinkage=0.0215534


Tree=158
num_leaves=22
num_cat=0
split_feature=80 101 124 23 28 45 42 77 117 11 42 64 124 26 131 101 101 50 35 11 50
split_gain=35.7293 29.6342 37.3834 33.4554 25.0998 21.0889 17.6309 14.7799 16.8106 14.7774 18.9697 14.1153 14.5296 13.973 13.4456 15.7095 17.2003 15.6554 14.9121 16.6154 16.2066
threshold=31750.000000000004 11.369812247299707 34.500000000000007 466.09159969929203 29250.000000000004 29250.000000000004 0.80043198894670808 82500.000000000015 149.8666666666667 30500.000000000004 -1.5496013786096265 0.01709526592635886 2.5000000000000004 23.500000000000004 -0.68301270189221952 2277.0982629290525 143.60196273044497 30250.000000000004 0.20787396771634256 21500.000000000004 17083.333333333339
decision_type=8 2 2 10 2 8 10 10 10 8 10 10 2 2 2 2 2 10 2 10 8
left_child=1 3 14 9 -5 11 -4 -7 -9 10 -1 12 -2 -14 15 16 -3 18 20 -20 -16
right_child=5 2 6 4 -6 7 -8 8 -10 -11 -12 -13 13 -15 17 -17 -18 -19 19 -21 -22
leaf_value=-1.3846686985417249e-05 -0.00010468645760060332 -1.7457561242956222e-05 2.9464834623688414e-05 -1.8939457214685176e-05 0.0034401999692308437 0.00017854611140740668 0.0005958518560332264 -154.84596179726603 6.5294137324192443 -0.0076217420376439218 -3.4899522069008429e-06 -0.00020325974206055316 0.00018237528127725195 0.0011033658550094899 0.57152890553398983 -51.154551031048499 -1.7635337904780113e-06 -9.6706044070921871e-05 -0.0067523821972337063 0.42876074512901147 0.0001482507354796587
leaf_weight=108 86 166 71 3793 284 17015 136 88 87 156 1079 109 147 106 346 83 722 312 1029 150 1251
leaf_count=108 86 166 71 3793 284 17015 136 88 87 156 1079 109 147 106 346 83 722 312 1029 150 1251
internal_value=-0.000211084 -0.00126302 7.88165e-05 -0.00232072 -0.00134593 0.000366105 0.00901268 0.000245249 -0.00598229 -0.00527321 -0.00444104 0.00498312 0.00715693 0.00975907 -0.00037488 -0.00258792 -0.00173767 0.000318267 0.000835398 -0.000998067 0.00219434
internal_weight=27324 9686 4266 5420 4077 17638 207 17190 175 1343 1187 448 339 253 4059 971 888 3088 2776 1179 1597
internal_count=27324 9686 4266 5420 4077 17638 207 17190 175 1343 1187 448 339 253 4059 971 888 3088 2776 1179 1597
is_linear=0
shrinkage=0.0215534


Tree=159
num_leaves=22
num_cat=0
split_feature=18 39 124 95 38 130 52 39 45 40 130 38 39 96 50 53 118 89 95 107 93
split_gain=30.6238 18.1471 38.2522 23.9448 22.6321 19.0485 16.5813 16.5121 20.9361 16.5621 16.436 20.8565 16.1924 15.9108 19.2512 21.2185 16.9915 15.2495 14.302 13.6849 15.3298
threshold=28500.000000000004 1.0166712975826619 36.500000000000007 0.017278467139375597 375.00000000000188 1.0000000180025095e-35 764.22220229521076 1.2535714285714288 16750.000000000004 9500.0000000000018 0.25000000000000011 -500.666666666666 0.63914893617021284 28000.000000211065 18416.666666666668 3175.3993692266063 0.15476190476190479 8500.0000000000018 0.11760860526202169 3250.0000000000005 0.0249599180289343
decision_type=8 2 2 10 2 2 10 2 10 2 2 2 2 2 10 8 10 10 10 8 10
left_child=1 3 5 6 19 13 -1 8 18 -9 11 -8 -2 14 15 -3 -17 -10 -7 20 -5
right_child=12 2 -4 4 -6 7 10 9 17 -11 -12 -13 -14 -15 -16 16 -18 -19 -20 -21 -22
leaf_value=-5.7676767132374576e-06 187.73282676625075 -2.7094707625682133e-05 0.00018795850574349768 1.2107191002121569e-06 -0.017099293173604087 1.7022754699909497 -7.1174798572440278e-06 -0.027277695487077109 -2.3772588795462143e-05 -20.159662950238772 3.6177331753581322e-06 9.8558341128175098e-08 8.7882968295789873e-05 0.00097646535196392072 -0.00054015230286855707 0.00057168154507731075 -0.025260303830428234 0.38589303968449246 -0.0046491317122691628 0.099284369062254393 -0.0097694139604766542
leaf_weight=483 82 355 203 1844 330 84 149 72 899 171 154 152 18796 78 295 325 99 107 80 460 2106
leaf_count=483 82 355 203 1844 330 84 149 72 899 171 154 152 18796 78 295 325 99 107 80 460 2106
internal_value=-0.000165334 -0.00124429 0.00018376 -0.00194197 -0.00131682 -0.000526002 -0.00509139 -0.00220552 -0.00113468 -0.00732338 -0.00211225 -0.00505371 0.00031694 0.00152657 0.00083477 0.00261706 0.00587497 -0.00230509 0.00598927 -0.00090708 -0.00131827
internal_weight=27324 8446 2768 5678 4740 2565 938 1413 1170 243 455 301 18878 1152 1074 779 424 1006 164 4410 3950
internal_count=27324 8446 2768 5678 4740 2565 938 1413 1170 243 455 301 18878 1152 1074 779 424 1006 164 4410 3950
is_linear=0
shrinkage=0.0215534


Tree=160
num_leaves=22
num_cat=0
split_feature=31 51 95 101 96 0 55 26 98 88 52 74 18 95 83 41 102 23 23 101 29
split_gain=25.996 24.9842 25.5841 22.0288 19.4743 24.2315 28.6695 23.4989 22.5141 23.5823 18.9858 17.9615 24.8119 23.3265 18.9167 18.7773 18.2653 17.3442 28.6483 17.3803 16.3448
threshold=29500.000000000004 16583.333333333339 0.063573852288479699 2760.2848693006531 11999.880785130305 21.000000000000004 632.45553203367592 45.500000000000007 20003.233867600622 4500.0000000000009 4627.8113059790512 26500.000000000004 13500.000000000002 0.034602283272384966 12875.000000000002 750.00000000000011 -128.44554178223459 466.09159969929203 647.71925236559707 -1198.6321640487402 27916.666666666668
decision_type=2 8 10 2 2 2 10 2 2 10 10 10 10 10 10 2 2 10 10 2 2
left_child=1 2 -1 -4 -3 6 -6 8 9 -8 17 12 14 -13 -7 16 -15 -10 -19 -20 -21
right_child=-2 4 3 -5 5 11 7 -9 10 -11 -12 13 -14 15 -16 -17 -18 18 19 20 -22
leaf_value=0.00035253284626482988 6.3922671211714155e-05 -1.2640592778394464 -0.0033651639220239793 0.97301779398191102 -9.7754299181644539e-06 -0.0038912778532439116 0.00051271749634618246 -0.0078042751329336088 -6.563944424620462e-06 -0.40374821283954548 -31.433264761139959 -6.2329377732884689e-07 -0.0073893822351006151 0.0031703662693841205 1.3088289504933848 0.011616706114522363 -0.00031814493464340149 0.00035118468513791005 0.00019571243036814405 -2.6717377880642771e-05 -0.00075377891260371621
leaf_weight=619 20171 82 1384 170 439 104 296 127 239 73 126 730 1137 86 82 146 89 247 285 606 86
leaf_count=619 20171 82 1384 170 439 104 296 127 239 73 126 730 1137 86 82 146 89 247 285 606 86
internal_value=-0.00010854 -0.00122515 0.000700232 -0.000771105 -0.00206701 -0.00189039 -0.00336097 -0.00230099 -0.00171274 0.00307156 -0.0028293 -0.000323199 -0.00199717 0.00177579 0.00528124 0.0066184 0.00179717 -0.00213015 -0.00108463 -0.0027485 -0.00459657
internal_weight=27324 7153 2173 1554 4980 4898 2524 2085 1958 369 1589 2374 1323 1051 186 321 175 1463 1224 977 692
internal_count=27324 7153 2173 1554 4980 4898 2524 2085 1958 369 1589 2374 1323 1051 186 321 175 1463 1224 977 692
is_linear=0
shrinkage=0.0215534


Tree=161
num_leaves=22
num_cat=0
split_feature=52 0 112 89 102 130 48 124 130 22 63 22 48 99 89 38 94 64 1 130 29
split_gain=21.5783 26.2106 23.7513 21.6699 21.406 19.0194 19.7254 24.4958 18.4861 22.8273 23.6628 16.4693 16.1471 15.9009 19.5541 19.1595 15.9661 15.1515 14.7834 24.6856 22.0897
threshold=1347.7101189765365 13.000000000000002 -0.092329545454545442 504.00000000000006 57.357300216766824 0.25000000000000011 28250.000000000004 8.5000000000000018 0.68301270189221941 267.26124191192321 -749.99999999999989 474.63114654917405 35583.333333333336 30475.563088961546 2900.0000000000005 -666.66666666666958 0.027862135726769963 0.033615819209039555 11.000000000000002 -0.93301270189221919 45666.666666666679
decision_type=8 2 8 10 2 2 10 2 2 8 8 10 10 2 10 2 10 8 2 2 2
left_child=1 4 -3 12 5 11 -7 -8 9 10 -4 -1 -2 15 -15 -11 17 -17 -5 20 -20
right_child=3 2 8 18 -6 6 7 -9 -10 13 -12 -13 -14 14 -16 16 -18 -19 19 -21 -22
leaf_value=-1.4322398352281067e-05 0.00028176199929835235 0.0009882446850897164 0.00029481855928802461 0.01089644448524572 -1.3363380857785978e-06 -7.251982269693256e-06 -0.00012137282669758424 0.00039618257873315512 -5.2242754127959426e-05 18.32637494478605 -9.0425507169220394e-06 -1.2088715582032806e-05 0.00024738720650499969 0.0019138079351381451 6.265981909460628e-05 -7.7624500339890896e-07 0.00050396656516662639 -0.21538214933747962 0.00040585582730346504 -0.00011690237165151887 -0.34195644849798201
leaf_weight=373 609 192 105 10650 571 206 170 94 700 155 653 174 558 139 122 767 223 82 513 10162 106
leaf_count=373 609 192 105 10650 571 206 170 94 700 155 653 174 558 139 122 767 223 82 513 10162 106
internal_value=-2.33488e-05 -0.00134808 -0.000203303 0.000253321 -0.00360467 -0.00548 -0.0022741 0.00159959 -0.00068477 0.00026485 -0.00277485 -0.00821795 0.00311362 0.00181917 0.00665342 0.000783381 -0.000233211 -0.00158903 9.71514e-05 -0.00046501 0.00371119
internal_weight=27324 4726 3138 22598 1588 1017 470 264 2946 2246 758 547 1167 1488 261 1227 1072 849 21431 10781 619
internal_count=27324 4726 3138 22598 1588 1017 470 264 2946 2246 758 547 1167 1488 261 1227 1072 849 21431 10781 619
is_linear=0
shrinkage=0.0215534


Tree=162
num_leaves=22
num_cat=0
split_feature=52 0 107 95 28 107 48 93 12 111 92 127 35 106 54 50 127 48 44 44 0
split_gain=28.8793 23.89 22.7612 22.6676 20.3132 16.0064 15.918 14.8429 14.1947 24.9796 16.3738 17.706 17.9609 31.2873 38.9705 17.4643 17.0618 16.0931 16.8545 25.3923 15.9328
threshold=1347.7101189765365 13.000000000000002 -2499.9999999999995 0.010137162014269745 27750.000000000004 504.00000000000006 35583.333333333336 0.28906851031943287 112500.00000000001 -0.13188405797101446 14125.000000000002 14.500000000000002 0.20787396771634256 6500.0000000000009 19168.105903464166 43166.666666666679 34.500000000000007 50166.666666666679 106250.00000000001 93750.000000000015 10.000000000000002
decision_type=8 2 8 10 2 8 10 10 8 10 10 2 2 10 10 10 2 10 10 10 2
left_child=1 4 -3 6 -1 -6 -2 8 10 -10 11 -5 -13 14 16 -12 -14 -17 19 -19 -15
right_child=3 2 -4 7 5 -7 -8 -9 9 -11 15 12 13 20 -16 17 -18 18 -20 -21 -22
leaf_value=-1.4409307555455667e-05 0.00033315423753267935 0.00088860972587615124 -5.2365594725646494e-06 -0.035890119449604352 -6.365597683756634e-06 9.7260781942337785e-05 0.00024205518668910189 13.712411798510882 0.089921011421664074 -0.094423815439803785 3.9490785999595026 0.00020364032500551205 0.029063954326542393 0.33248152460669256 25.267436916650922 -0.064251076787495795 -0.0068425095165051486 1.1038947659440059 -120.75342622380867 82.397275770753225 -126.05235351836113
leaf_weight=398 624 226 2912 405 794 396 559 126 713 1050 124 12437 137 71 112 427 3391 1854 148 198 222
leaf_count=398 624 226 2912 405 794 396 559 126 713 1050 124 12437 137 71 112 427 3391 1854 148 198 222
internal_value=-8.01428e-05 -0.00161259 -0.000519245 0.000239969 -0.00376754 -0.00234713 0.00314438 7.91078e-05 3.50298e-05 -0.00181659 0.000202662 -4.95953e-05 6.00387e-05 -0.00120889 -0.000660796 0.00174395 -0.00106053 0.00136683 0.00211214 0.00262157 -0.00798602
internal_weight=27324 4726 3138 22598 1588 1190 1183 21415 21289 1763 19526 16775 16370 3933 3640 2751 3528 2627 2200 2052 293
internal_count=27324 4726 3138 22598 1588 1190 1183 21415 21289 1763 19526 16775 16370 3933 3640 2751 3528 2627 2200 2052 293
is_linear=0
shrinkage=0.0215534


Tree=163
num_leaves=22
num_cat=0
split_feature=52 0 125 112 102 112 95 125 42 77 127 23 42 5 130 9 101 16 42 112 28
split_gain=28.1746 23.1027 24.9551 33.3745 28.7209 24.1781 22.8099 19.4065 20.7539 16.8671 16.7558 15.5602 15.9584 15.2751 21.4554 18.0828 15.6332 18.3916 15.0943 13.7532 18.8022
threshold=1347.7101189765365 13.000000000000002 10.500000000000002 0.033908045977011504 -774.1466587630747 -0.092329545454545442 0.012403600675980104 11.500000000000002 0.95382706882336776 30500.000000000004 38.500000000000007 999.42512211421752 0.23802849579108123 28004.000000000004 0.68301270189221941 29500.000000000004 -405.40372239958737 28650.000000000004 1.1185554249647573 1.1937500000000003 112500.00000000001
decision_type=8 2 2 8 2 8 10 2 10 10 2 10 10 10 2 8 2 10 10 10 2
left_child=1 2 10 4 -4 -3 7 18 -9 -6 -1 12 -12 15 16 -7 -15 -18 -2 20 -8
right_child=6 5 3 -5 9 13 19 8 -10 -11 11 -13 -14 14 -16 -17 17 -19 -20 -21 -22
leaf_value=-0.036611933878713483 9.3224728564852735e-05 0.00094779213814239404 0.00012848755915592243 2.4099874791474408e-05 -1.0536587293214074e-05 -4.2130371950285032e-06 3.1017620026868177e-05 0.00050135004265661187 0.0005722104108146067 -2.2372014220162982e-05 8.9011917156695837e-07 -0.013722149715796106 0.00014243614274727121 0.0029128036501934402 -8.5472787091145933e-05 -0.011066686019411088 0.00015457321359338595 -1.7480571501563781e-05 -0.025235602331071735 15.308906440737703 -247.07618758648175
leaf_weight=77 478 192 102 323 559 1424 20983 543 125 80 267 105 75 215 427 183 150 547 80 277 112
leaf_count=77 478 192 102 323 559 1424 20983 543 125 80 267 105 75 215 427 183 150 547 80 277 112
internal_value=-5.33234e-05 -0.00156699 -0.0036861 -0.00558229 -0.00810252 -0.000491771 0.000262859 0.003122 0.00560047 -0.00980037 0.00014806 0.00176439 0.00400702 -0.000977406 0.00071786 -0.00239527 0.00258991 0.00100796 0.00013904 9.84281e-05 3.5352e-05
internal_weight=27324 4726 1588 1064 741 3138 22598 1226 668 639 524 447 342 2946 1339 1607 912 697 558 21372 21095
internal_count=27324 4726 1588 1064 741 3138 22598 1226 668 639 524 447 342 2946 1339 1607 912 697 558 21372 21095
is_linear=0
shrinkage=0.0215534


Tree=164
num_leaves=22
num_cat=0
split_feature=56 0 102 23 100 102 127 0 64 55 55 130 124 12 127 54 106 117 102 55 130
split_gain=20.9571 29.7711 24.7123 24.5789 21.674 21.2846 21.6628 15.661 26.0992 15.395 14.9909 14.8325 18.1477 14.7675 18.4613 22.9031 17.0324 15.2337 17.8299 14.7405 14.7326
threshold=3504.0000000000005 13.000000000000002 57.357300216766824 647.71925236559707 -1.5527959680457568 -747.10768275942416 112.50000000000001 10.000000000000002 0.031754032258064523 1001.9064032049168 6639.5251299182155 0.25000000000000011 7.5000000000000009 20004.000000000004 292.50000000000006 3717.0716204151099 7500.0000000000009 316.53333333333336 517.3774760948819 3206.7626323478439 0.93301270189221952
decision_type=8 2 2 10 2 2 2 2 10 10 10 2 2 10 2 10 10 10 2 8 2
left_child=1 2 4 7 11 6 -3 8 -2 -6 19 -1 -13 14 16 -16 20 18 -17 -9 -5
right_child=3 5 -4 13 9 -7 -8 10 -10 -11 -12 12 -14 -15 15 17 -18 -19 -20 -21 -22
leaf_value=-5.3827942187133337e-05 0.00060691335811105811 -8.3630560058339627e-05 -9.2081615506867149e-07 -0.0069333672421983033 -3.8865397222289503e-06 -3.8067320438512666e-06 0.00079795748943155861 -3.5678646724547409e-05 -4.858319502512221e-05 -6.0832007380000773e-07 -1.6060474063312864 -0.00010466987912282149 0.00026819476743647898 0.00033466602461901848 0.002102650144220983 -6.9070586972928556e-05 -80.963088751627126 1.6859430795735391 -0.26077455346283412 0.00048628627480194411 0.009652100042164562
leaf_weight=285 377 129 563 3445 331 2809 181 423 156 80 108 193 126 15888 484 166 167 72 105 772 464
leaf_count=285 377 129 563 3445 331 2809 181 423 156 80 108 193 126 15888 484 166 167 72 105 772 464
internal_value=-1.38832e-05 -0.00132429 -0.00373678 0.000257759 -0.00574559 -0.00010089 0.00525456 0.00264825 0.00576537 -0.00957346 0.00136622 -0.00312544 4.05463e-05 4.62355e-05 -0.000987313 0.00194401 -0.00158421 -0.00229921 -0.00465892 0.00206679 -0.0012935
internal_weight=27324 4697 1578 22627 1015 3119 310 1836 533 411 1303 604 319 20791 4903 827 4076 343 271 1195 3909
internal_count=27324 4697 1578 22627 1015 3119 310 1836 533 411 1303 604 319 20791 4903 827 4076 343 271 1195 3909
is_linear=0
shrinkage=0.0215534


Tree=165
num_leaves=22
num_cat=0
split_feature=52 0 95 95 112 102 55 100 130 29 91 42 23 124 112 89 29 120 130 43 34
split_gain=25.0261 27.6999 26.1585 25.8696 19.5156 15.527 15.2688 14.6539 15.35 18.2167 17.0863 20.2615 35.848 23.4697 15.5555 14.5767 18.2473 14.4304 13.6297 13.1873 12.9719
threshold=1347.7101189765365 13.000000000000002 0.016842620975267401 0.012403600675980104 -0.092329545454545442 57.357300216766824 8999.8285240682908 -404.15152001934251 0.68301270189221941 27916.666666666668 1375.0000000000002 1.2909944487358052 773.85436272779486 35.500000000000007 -0.035098522167487677 1254.0000000000002 28250.000000000004 1.0000000180025095e-35 -0.93301270189221919 0.63333333333333341 1250.0000000000002
decision_type=8 2 10 10 8 2 10 2 2 2 10 8 10 2 10 10 2 10 2 2 2
left_child=1 2 5 6 -3 -1 -2 17 10 -10 11 13 -13 18 -11 -4 -17 -6 -9 -16 -21
right_child=3 4 15 -5 7 -7 -8 8 9 14 -12 12 -14 -15 19 16 -18 -19 -20 20 -22
leaf_value=-3.8697064167772738e-06 0.00042797187861013411 0.00092744606668651748 0.00015789054651657873 0.000114575617732565 0.00073554492863627517 -1.1009664012085604e-06 -2.0967813336229035 2.0062960869535687e-05 0.0002072702196435153 -0.010843395232999067 0.0044131732078559359 0.00035315188277719467 -0.00018246516764867897 -8.4384437660256906e-06 2.664065293284539e-05 -7.9868240811370548e-05 3.4949837122173239e-06 -9.5148775247038492e-06 -7.6030891973124736e-06 -21.535620379631833 6.0770647992979041e-05
leaf_weight=409 1155 192 90 21372 143 143 71 137 100 140 140 239 100 136 168 394 552 166 1273 133 71
leaf_count=409 1155 192 90 21372 143 143 71 137 100 140 140 239 100 136 168 394 552 166 1273 133 71
internal_value=5.96339e-05 -0.00136633 -0.0036861 0.000358236 -0.000189567 -0.00747986 0.00340326 -0.000626243 -0.00114915 -0.00414096 -0.000240538 -0.000784344 0.0039789 -0.00183457 -0.00579135 -0.00165588 -0.00245127 0.00380725 -0.0010027 -0.00345226 -0.00713872
internal_weight=27324 4726 1588 22598 3138 552 1226 2946 2637 612 2025 1885 339 1546 512 1036 946 309 1410 372 204
internal_count=27324 4726 1588 22598 3138 552 1226 2946 2637 612 2025 1885 339 1546 512 1036 946 309 1410 372 204
is_linear=0
shrinkage=0.0215534


Tree=166
num_leaves=22
num_cat=0
split_feature=55 95 42 127 127 124 89 0 100 95 101 130 93 102 102 127 64 39 12 50 83
split_gain=14.277 40.668 58.686 30.6846 31.988 28.0034 24.9206 24.783 41.8774 27.7988 23.5802 21.076 21.8346 19.6312 18.3313 54.5209 19.6434 17.4705 16.4616 15.7527 21.4504
threshold=1001.9064032049168 0.016842620975267401 1.5441788914646144 338.50000000000006 311.50000000000006 35.500000000000007 1004.0000000000001 39.500000000000007 -3.0759797504961166 0.064151335098073844 -614.28292333723937 -0.93301270189221919 0.049453295533926599 635.67002748645257 71.59327473892337 302.50000000000006 0.032522474881015347 0.98437118437118454 28004.000000000004 28416.666666666668 29625.000000000004
decision_type=10 8 10 2 2 2 10 2 2 10 2 2 10 2 2 2 10 2 8 8 10
left_child=1 2 3 4 5 10 14 9 -9 11 -1 -3 19 -10 16 -16 -2 -12 -11 -13 -21
right_child=6 7 -4 -5 -6 -7 -8 8 13 18 17 12 -14 -15 15 -17 -18 -19 -20 20 -22
leaf_value=-0.045764848792160098 0.0003069992732526826 0.00025301171796729199 0.0006136818400885567 0.0010033591212641896 -1.9066913596572902e-05 -3.4522480502352009e-06 6.0750731993301604e-05 0.0026296094215633122 -0.00021039892754486127 -0.28770798123522384 8.8691526469271168e-05 -1.5129709798024681e-05 1.9418069026756113 0.0044874770004180884 -0.00043923849337471922 0.0081152723846742957 -4.5962336739367318e-05 -4.9205752481372811e-06 -0.09016170863021121 0.00022009647737791162 -0.00019508456938535223
leaf_weight=91 869 72 116 97 128 265 21476 249 195 141 156 859 92 123 365 117 217 582 160 593 361
leaf_count=91 869 72 116 97 128 265 21476 249 195 141 156 859 92 123 365 117 217 582 160 593 361
internal_value=0.000127471 -0.0010152 -0.00397396 -0.00527111 -0.00620094 -0.00499583 0.000340079 0.000474236 0.00450756 -0.000526041 -0.00303115 0.000398998 -2.94184e-05 -0.000650483 0.0029634 -0.000518617 0.00451667 -0.0017404 -0.00662852 -0.000553965 0.00134639
internal_weight=27324 4280 1435 1319 1222 1094 23044 2845 567 2278 829 1977 1905 318 1568 482 1086 738 301 1813 954
internal_count=27324 4280 1435 1319 1222 1094 23044 2845 567 2278 829 1977 1905 318 1568 482 1086 738 301 1813 954
is_linear=0
shrinkage=0.0215534


Tree=167
num_leaves=22
num_cat=0
split_feature=131 34 63 50 110 100 101 43 69 93 111 48 15 12 0 31 33 38 29 112 77
split_gain=19.3009 23.6846 25.628 23.1829 24.8724 21.4741 27.134 21.4344 20.9042 20.8223 20.76 20.6161 28.3787 19.4162 17.6105 24.3915 16.9133 15.9924 14.8137 14.7017 15.0349
threshold=-0.5 3878.0000000000005 9500.0000000000018 65416.666666666672 -0.05217785843920144 -18.654462892338412 -487.71803677316433 0.54166666666666685 -2666.6666666666665 0.064530519782070847 0.14907407407407411 14750.000000000002 14321.428571428574 17500.000000000004 10.000000000000002 28500.000000000004 1750.0000000000002 -9083.3333333333303 73500.000000000015 1.1937500000000003 82500.000000000015
decision_type=2 2 10 10 10 2 2 2 10 10 10 10 10 10 2 2 2 2 2 10 10
left_child=1 2 5 8 18 6 -1 -7 -3 -10 14 12 -2 -14 15 -9 -16 -11 -5 20 -13
right_child=11 3 -4 4 -6 7 -8 10 9 17 -12 19 13 -15 16 -17 -18 -19 -20 -21 -22
leaf_value=-4.5628971270266096e-05 9.327834295943037e-05 3.1674157520431478 6.9896233220854578 -15.508513016172236 -92.895569620838273 -8.1910468867724831e-06 0.00038357122081307765 -7.7706991308046749e-05 0.00034153871678349699 83.512840462457518 -93.02209555349387 7.6096889896412484e-05 0.00050441280366117296 -4.1542031354904861e-05 0.00013447379880078447 4.3535919629459123e-07 -7.5687732268306517e-06 -0.06889857218751104 16.980971210913967 17.073653164683279 -65.233470341531202
leaf_weight=1134 339 192 110 208 252 701 314 90 3291 185 158 16885 228 72 119 101 783 1651 94 256 161
leaf_count=1134 339 192 110 208 252 701 314 90 3291 185 158 16885 228 72 119 101 783 1651 94 256 161
internal_value=0.000119583 -0.000672115 -0.002073 0.000163676 -0.00402984 -0.0024063 -0.0004108 -0.00388206 0.000602139 0.000338829 -0.00218101 0.000534116 0.00433699 0.00916433 -0.00111603 -0.00706042 0.000133805 -0.00149786 0.000114173 0.000393146 0.000315599
internal_weight=27324 9383 3510 5873 554 3400 1448 1952 5319 5127 1251 17941 639 300 1093 191 902 1836 302 17302 17046
internal_count=27324 9383 3510 5873 554 3400 1448 1952 5319 5127 1251 17941 639 300 1093 191 902 1836 302 17302 17046
is_linear=0
shrinkage=0.0215534


Tree=168
num_leaves=22
num_cat=0
split_feature=42 77 114 32 95 102 130 95 38 130 77 42 82 42 110 101 62 130 110 1 107
split_gain=16.9789 35.8036 31.2008 26.3549 41.7544 22.9775 25.5964 25.9244 21.7662 18.7705 18.3841 26.2103 19.7923 17.8554 14.6947 13.609 12.3935 38.1567 21.1873 21.1086 15.2015
threshold=1.575397763858102 54500.000000000007 2500.0000000000005 826.10312969235281 0.017278467139375597 -747.10768275942416 -0.6830127018922193 0.027117327392219229 166.666666666667 -0.6830127018922193 29500.000000000004 1.6329931618554521 28125.000000000004 -0.81751819648706914 -0.44097222222222215 332.45046502620613 10750.000000000002 0.68301270189221941 0.2752525252525253 9.0000000000000018 37500.000000000007
decision_type=8 10 10 2 10 2 2 10 2 2 10 10 8 10 8 2 10 2 10 2 10
left_child=3 2 10 4 9 13 7 -7 -8 -1 11 12 -2 -6 -5 -9 -16 19 -19 -18 -21
right_child=1 -3 -4 14 5 6 8 15 -10 -11 -12 -13 -14 -15 16 -17 17 18 -20 20 -22
leaf_value=-1.1065509022905542e-05 0.00096734087281370067 -73.493197148540489 -55.770422776425526 113.52814642445836 -2.8082944023814815e-05 0.00025218228796312334 -7.656469642593841e-05 0.00050868481369803931 0.00011692985589124769 -5.3203909842331681e-06 0.75164685840655354 -0.013084958657554338 -0.006879751316813754 0.00061269624985200164 7.8730158200760204e-06 -0.00011200700756345615 -1.7647698167945509 32.815349289822514 -107.34955472579024 169.89603172549681 28.067683597848095
leaf_weight=264 184 138 125 74 74 174 648 71 413 697 379 126 88 176 22766 114 109 132 125 248 199
leaf_count=264 184 138 125 74 74 174 648 71 413 697 379 126 88 176 22766 114 109 132 125 248 199
internal_value=6.75219e-05 0.00276852 0.00433887 -3.9033e-05 -0.00208563 -2.06525e-05 -0.0010867 0.00387734 -0.00277466 -0.00566475 0.00595208 0.00268539 0.00646365 0.00599808 0.00018826 -0.00170008 0.000157772 0.00277271 -0.00407429 0.00595325 0.00803131
internal_weight=27324 1040 902 26284 2631 1670 1420 359 1061 961 777 398 272 250 23653 185 23579 813 257 556 447
internal_count=27324 1040 902 26284 2631 1670 1420 359 1061 961 777 398 272 250 23653 185 23579 813 257 556 447
is_linear=0
shrinkage=0.0215534


Tree=169
num_leaves=22
num_cat=0
split_feature=52 95 0 102 112 89 10 14 100 83 102 47 50 39 37 94 92 0 125 119 101
split_gain=27.6069 46.4351 25.4898 21.9726 24.713 19.9041 29.1457 22.4799 19.7998 19.5388 18.6524 21.3752 16.8945 16.734 18.9176 16.4545 16.3815 17.3802 22.7788 15.4701 15.3365
threshold=1347.7101189765365 0.016842620975267401 10.000000000000002 -747.10768275942416 -0.031754032258064509 3750.0000000000005 14500.000000000002 18342.857142857149 -1.5527959680457568 25875.000000000004 -196.9632227456768 28750.000000000004 27083.333333333339 1.1978260869565218 2519.0000000000005 0.094340822120495091 1812.5000000000002 13.000000000000002 10.500000000000002 1.0000000180025095e-35 71.050508040802029
decision_type=8 10 2 2 8 10 8 8 2 10 2 10 8 2 2 10 10 2 2 10 2
left_child=1 2 -1 -3 8 6 15 -8 16 -6 11 -4 -11 14 19 -2 17 18 -5 -9 -15
right_child=5 3 10 4 9 -7 7 13 -10 12 -12 -13 -14 20 -16 -17 -18 -19 -20 -21 -22
leaf_value=-5.5599952248188917e-06 -0.00022725140601566329 0.0001981640938933743 -1.0802108558540347e-05 0.00028993534431837579 -0.013772934373539773 3.6696868642016757e-05 0.00046597721944659925 0.00038979112089089079 -0.0093918334846894626 0.00031058519966261559 -7.8900150607925033e-06 0.00060218431076451912 2.8277804150442575e-05 0.00062319548118686347 0.00098096247258504569 -0.49053261638910645 -0.0052328053087589751 0.00014336325709601833 -0.00058277463051212058 -0.006841341474781844 -0.83906046448911653
leaf_weight=332 543 479 125 75 114 19299 742 1126 269 214 1000 130 1409 147 217 95 129 315 135 277 152
leaf_count=332 543 479 125 75 114 19299 742 1126 269 214 1000 130 1409 147 217 95 129 315 135 277 152
internal_value=-1.38832e-05 -0.00151226 -0.00451683 4.12167e-06 -0.000758393 0.000299102 0.00184626 0.00283966 -0.00360975 0.000751909 -0.00310138 0.00207847 0.00136244 0.00160154 0.00246918 -0.00228336 -0.00156849 0.000106732 -0.00467796 0.00154535 -0.00306981
internal_weight=27324 4726 1587 3139 2660 22598 3299 2661 923 1737 1255 255 1623 1919 1620 638 654 525 210 1403 299
internal_count=27324 4726 1587 3139 2660 22598 3299 2661 923 1737 1255 255 1623 1919 1620 638 654 525 210 1403 299
is_linear=0
shrinkage=0.0215534


Tree=170
num_leaves=22
num_cat=0
split_feature=108 55 94 112 100 55 131 10 21 28 120 34 82 13 15 108 62 1 26 32 49
split_gain=14.5036 13.6432 21.0691 20.6554 27.1306 18.6578 14.0237 24.6159 22.5903 18.4933 15.6344 14.5461 14.6165 14.2594 17.5021 13.3395 20.0454 25.0686 24.1723 18.5984 15.318
threshold=-0.28174603174603169 1001.9064032049168 0.0092386602142570211 0.03509852216748769 -3.0759797504961166 648.51779997311962 -0.68301270189221952 27350.000000000004 377.96447300932516 28750.000000000004 1.0000000180025095e-35 1625.0000000000002 30125.000000000004 28001.333333333339 28000.285714285717 0.028991596638655467 12000.000000000002 9.0000000000000018 2.5000000000000004 13419.512796399666 112083.33333333336
decision_type=8 10 8 10 2 10 2 8 8 2 10 2 8 10 10 10 10 2 2 2 10
left_child=-1 2 3 4 -2 -6 7 -4 -8 13 -10 -12 -13 14 -9 16 18 -18 -3 -17 -20
right_child=1 15 6 -5 5 -7 8 9 10 -11 11 12 -14 -15 -16 19 17 -19 20 -21 -22
leaf_value=98.143002181181728 8.766476370676648e-05 -0.033674531283713942 -0.015365914390795252 0.00011857440357851052 -2.3213148073866347e-06 -1.5494366679789252e-05 0.00025940472207271865 1.3593658427868e-05 0.00081353249762317016 -0.38688261631590259 -0.00063292394069493544 0.014727747863538178 -21.241520982975121 0.00012717561829849483 -1.3260269111649397e-05 -0.55239027753687542 -5.0642387168444554 80.476829943581492 0.00013467513600439883 -96.403656860185947 -235.73755531418217
leaf_weight=150 278 596 173 248 513 441 778 219 241 89 634 209 164 171 111 2171 153 461 19230 200 94
leaf_count=150 278 596 173 248 513 441 778 219 241 89 634 209 164 171 111 2171 153 461 19230 200 94
internal_value=0.000152713 0.000115484 -0.00100267 -0.00308135 -0.00422636 -0.0059548 9.73715e-05 -0.00238949 0.00103826 -0.0002776 -0.000752931 -0.00193897 0.00142112 0.00131618 -0.00127977 0.000324264 0.000501307 0.00433806 0.000382592 -0.00120534 0.000514852
internal_weight=27324 27174 4269 1480 1232 954 2789 763 2026 590 1248 1007 373 501 330 22905 20534 614 19920 2371 19324
internal_count=27324 27174 4269 1480 1232 954 2789 763 2026 590 1248 1007 373 501 330 22905 20534 614 19920 2371 19324
is_linear=0
shrinkage=0.0215534


Tree=171
num_leaves=22
num_cat=0
split_feature=108 28 30 26 77 55 102 34 63 127 111 34 0 23 31 40 73 37 109 62 83
split_gain=14.2011 12.6955 23.1448 22.1396 19.9513 14.328 13.2456 11.6871 11.65 15.1338 18.665 19.4637 19.4875 15.6737 13.6753 23.9548 21.292 16.7746 13.6327 13.3219 11.2077
threshold=-0.28174603174603169 112500.00000000001 79000.000000000015 15.500000000000002 82500.000000000015 10696.566276344542 10509.882300312112 14875.000000000002 26250.000000000004 14.500000000000002 0.17712418300653598 3878.0000000000005 33.000000000000007 5632.418479750575 97500.000000000015 43000.000000000007 69000.000000000015 18000.000000000004 0.063164893617021281 18750.000000000004 30312.500000000004
decision_type=8 2 2 2 10 10 2 2 10 2 8 2 2 10 2 2 10 2 10 10 10
left_child=-1 2 4 6 8 -3 -4 -8 9 10 20 -12 13 -13 15 17 -16 -11 -18 -10 -2
right_child=1 5 3 -5 -6 -7 7 -9 19 14 11 12 -14 -15 16 -17 18 -19 -20 -21 -22
leaf_value=96.02768925115943 -0.0050486863859069801 -320.09118283959418 52.593312037518288 -47.211816160963345 -137.16269555013292 2.4924253563142549 72.076049995468082 -126.54212992563798 -0.95799437367523277 3.363850466903944e-05 -0.42169619356498489 4.6508077400059067 -1.9496467456811977 -1.0726463133772548 -191.38941611564235 9.6340299670906582 1.5101574408081455 -107.34609345974036 -120.85475874208488 197.21514895889047 -0.42172611873775473
leaf_weight=150 227 83 261 106 85 93 78 71 88 24450 131 134 114 78 96 79 294 122 72 96 416
leaf_count=150 227 83 261 106 85 93 78 71 88 24450 131 134 114 78 96 79 294 122 72 96 416
internal_value=0.000222128 0.000185282 0.000223213 0.00474417 0.00013478 -0.00558114 0.00702154 0.00182145 0.00016869 0.000130407 -0.00234323 0.000971353 0.00380705 0.00768241 0.000239109 0.000308292 -0.00343288 0.000269811 -0.00103618 0.00557276 -0.00471219
internal_weight=27324 27174 26998 516 26482 176 410 149 26397 26213 1100 457 326 212 25113 24651 462 24572 366 184 643
internal_count=27324 27174 26998 516 26482 176 410 149 26397 26213 1100 457 326 212 25113 24651 462 24572 366 184 643
is_linear=0
shrinkage=0.0215534


Tree=172
num_leaves=22
num_cat=0
split_feature=109 57 42 52 95 51 64 61 41 16 34 20 83 46 20 120 111 30 0 102 80
split_gain=13.2672 11.0583 14.185 16.9463 16.3564 17.058 13.7613 19.68 20.0155 15.5251 13.3081 13.1592 17.361 23.0596 15.9485 13.1283 12.0709 11.8823 31.9938 31.3766 22.3439
threshold=-0.36038961038961032 51000.000000000007 1.8646746349572294 17187.650926634502 0.2305393371620271 51916.666666666672 0.25462962962962971 14500.000000000002 6500.0000000000009 49550.000000000007 15875.000000000002 106250.00000000001 81875.000000000015 83750.000000000015 111250.00000000001 0.13392857142857145 -0.16904761904761903 49000.000000000007 10.000000000000002 5441.4677364024765 71500.000000000015
decision_type=8 10 10 10 10 8 10 10 2 10 2 10 10 10 10 10 10 2 2 2 10
left_child=-1 2 3 6 5 -5 11 8 9 -8 16 12 17 -14 -13 -7 -3 20 -19 -20 -2
right_child=1 10 -4 4 -6 15 7 -9 -10 -11 -12 14 13 -15 -16 -17 -18 18 19 -21 -22
leaf_value=151.73976424650979 9.1733400995082958e-06 0.10353474720479212 -4.8165098827799682 2.0729908865383231 1.1212483302502991 -84.329179878462256 -1.8729410303102614 -15.796820755309916 137.26020275341926 96.349816854012403 -54.030971663205953 38.263323431416133 -144.73689568531773 -0.52555606473483285 -1.5248189168816775 -135.93689154697299 9.8788123388377773 2.2815944940416713 1.3131117443867173 -2.5289064963696162 -0.22872594493529402
leaf_weight=107 20270 74 133 83 161 141 98 95 255 74 82 101 116 189 77 178 144 553 2195 830 1368
leaf_count=107 20270 74 133 83 161 141 98 95 255 74 82 101 116 189 77 178 144 553 2195 830 1368
internal_value=0.000195308 0.000165192 0.000118989 0.000154182 -0.00354439 -0.00587479 0.000233937 0.00369888 0.00568231 0 0.00428053 0.000163208 0.00012212 -0.00498746 0.00600254 -0.00814585 0.00707577 0.000184284 0.00133485 0.000460267 -5.57836e-06
internal_weight=27324 27217 26917 26784 563 402 26221 522 427 172 300 25699 25521 305 178 319 218 25216 3578 3025 21638
internal_count=27324 27217 26917 26784 563 402 26221 522 427 172 300 25699 25521 305 178 319 218 25216 3578 3025 21638
is_linear=0
shrinkage=0.0215534


Tree=173
num_leaves=22
num_cat=0
split_feature=100 103 32 64 111 131 63 127 23 23 59 35 39 12 125 35 32 15 96 59 49
split_gain=15.2163 12.9307 17.5237 16.8509 14.7841 13.5296 12.5777 17.7228 23.861 14.1413 13.3982 20.6864 12.5119 14.5179 12.0689 21.7387 31.587 18.5275 19.7613 18.6926 33.8515
threshold=-15938.001122913729 354.00000000000006 13419.512796399666 0.016807909604519777 0.12034482758620692 -0.24999999999999994 23250.000000000004 10.500000000000002 14288.186672011068 15554.871358790213 29500.000000000004 0.09657201088805363 1.1978260869565218 61000.000000000007 15.500000000000002 0.32020963392851826 16894.238605127055 94857.14285714287 90008.124977506537 29500.000000000004 58500.000000000007
decision_type=2 10 2 10 10 2 10 2 8 10 10 2 2 8 2 2 2 10 2 10 10
left_child=-1 6 3 12 -5 -6 7 8 10 -8 11 -2 13 -3 17 16 -16 18 19 20 -9
right_child=1 2 -4 4 5 -7 9 14 -10 -11 -12 -13 -14 -15 15 -17 -18 -19 -20 -21 -22
leaf_value=132.82768800025119 -0.93621478053122009 -0.054948106854157255 -85.4557239585546 0.55742136738709613 -39.793317107280558 0.89832675789983951 128.79578911964185 8.7074942024893231e-05 3.1094542722553142 -0.71834734376244347 -8.7559563777280296 -0.0030305479860401317 -41.100783637441104 -53.656848458188826 -1.7149074421653209e-06 4.1744032947712624 -202.62913731460588 36.807189055038954 -115.21072572073628 -0.18136436963223382 2.6598638712188838
leaf_weight=108 181 875 206 481 240 422 225 9005 93 183 96 346 196 237 11642 248 140 216 84 1146 954
leaf_count=108 181 875 206 481 240 422 225 9005 93 183 96 346 196 237 11642 248 140 216 84 1146 954
internal_value=0.000222128 0.000189748 -0.00123783 -0.000726333 0.00118034 -0.000898473 0.000344551 0.000280761 -0.00305799 0.00409838 -0.00458672 -0.003214 -0.00239903 -0.00150395 0.000383149 -9.24481e-05 -0.000226106 0.000885562 0.000763964 0.000843496 0.00114399
internal_weight=27324 27216 2657 2451 1143 662 24559 24151 716 408 623 527 1308 1112 23435 12030 11782 11405 11189 11105 9959
internal_count=27324 27216 2657 2451 1143 662 24559 24151 716 408 623 527 1308 1112 23435 12030 11782 11405 11189 11105 9959
is_linear=0
shrinkage=0.0215534


Tree=174
num_leaves=22
num_cat=0
split_feature=38 28 55 30 77 50 17 104 54 125 30 59 5 111 16 120 11 51 55 131 109
split_gain=15.377 14.8246 16.056 15.8912 18.1811 13.209 35.7307 27.0666 18.9484 18.785 16.8548 17.6764 15.1794 20.2229 15.4851 14.2516 14.2105 13.984 13.5606 17.6679 12.523
threshold=-20583.333333333328 112500.00000000001 10696.566276344542 79000.000000000015 82500.000000000015 74250.000000000015 87500.000000000015 4500.0000000000009 10551.272016880977 8.5000000000000018 64500.000000000007 25500.000000000004 75500.000000000015 -0.11651583710407239 69750.000000000015 1.0000000180025095e-35 92500.000000000015 57583.333333333336 10254.964136156201 0.6830127018922193 0.051315789473684217
decision_type=2 2 10 2 10 10 10 10 10 2 2 8 8 10 10 10 8 10 10 2 10
left_child=-1 3 -3 4 5 6 10 9 -8 -7 12 -12 -2 -14 17 16 -11 -15 -17 -20 -5
right_child=1 2 -4 20 -6 7 8 -9 -10 15 11 -13 13 14 -16 18 -18 -19 19 -21 -22
leaf_value=141.65407018072773 4.7405155599436518e-05 -349.01151378851364 0.60069024201823262 32.318571786548297 -133.29834484263901 6.9081433042652094 6.1809833008562327 -116.40816414010102 19.058189541967373 22.44698005823065 117.23942950170691 -16.988990160390905 1.0175168629835345 -0.011389351106433788 -147.84968163113317 -0.29216544655347942 -2.8001685988393352 3.4073233805312748 -153.18474785112366 0.99395082245367483 -0.92032841453734238
leaf_weight=133 23367 79 92 316 85 269 77 213 112 79 172 87 269 910 111 323 79 77 207 76 191
leaf_count=133 23367 79 92 316 85 269 77 213 112 79 172 87 269 910 111 323 79 77 207 76 191
internal_value=0.000236326 0.000200227 -0.00612214 0.00024058 0.000167952 0.000200299 0.000307782 -0.00196491 0.00964262 -0.000513231 0.000236808 0.00570655 0.000179161 -0.00202748 -0.00332889 -0.00224533 0.00349002 -0.00245863 -0.00375522 -0.00720224 0.00402081
internal_weight=27324 27191 171 27020 26513 26428 25182 1246 189 1033 24993 259 24734 1367 1098 764 158 987 606 283 507
internal_count=27324 27191 171 27020 26513 26428 25182 1246 189 1033 24993 259 24734 1367 1098 764 158 987 606 283 507
is_linear=0
shrinkage=0.0215534


Tree=175
num_leaves=22
num_cat=0
split_feature=100 77 58 131 48 15 95 59 0 47 100 95 75 80 100 116 47 131 48 21 53
split_gain=14.6534 15.8797 18.2088 15.7573 21.4872 31.9661 19.0605 43.2649 27.999 21.2237 20.1964 20.3625 16.3675 28.9274 22.253 22.1247 17.2637 19.1564 23.3862 21.6726 18.238
threshold=-9108.5550632354443 82500.000000000015 30500.000000000004 -0.5 14750.000000000002 14321.428571428574 0.014957283168110107 3504.0000000000005 10.000000000000002 69500.000000000015 -4682.4867633711392 0.17134595698318708 15500.000000000002 27850.000000000004 62.04793694211731 -178.57142857142853 23250.000000000004 -0.9330127018922193 50666.666666666679 2672.6124191260365 7599.3242749577303
decision_type=2 10 8 2 10 10 10 10 2 10 2 10 10 10 2 10 10 2 10 10 10
left_child=-1 3 -3 6 5 -5 7 8 -2 12 -11 -12 -8 14 15 -14 -15 18 19 -18 -19
right_child=1 2 -4 4 -6 -7 9 -9 -10 10 11 -13 13 16 -16 -17 17 20 -20 -21 -22
leaf_value=8.2208919322420542 -4.4847623249481483e-06 2.1098672705895893 -218.88709377310875 -0.0012585092678836689 9.2970945897130492e-05 0.00051843508629656617 -0.0067684447010092665 0.00040893380190916494 -6.9816766878929348e-06 4.5311620472332219 -147.88318250498068 7.6021099457108976 -0.00013843945285419131 -25.242861290486868 -0.0081383030874836882 0.00045447395006296108 0.00027287121845967819 1.2791069575221684e-06 3.7491457663410208 -0.38566100270020715 -0.33941876725357478
leaf_weight=432 155 90 74 339 16802 300 1124 289 309 89 290 89 84 112 168 362 1052 3530 437 385 812
leaf_count=432 155 90 74 339 16802 300 1124 289 309 89 290 89 84 112 168 362 1052 3530 437 385 812
internal_value=0.000231593 0.00016799 -0.00651464 0.00020934 0.000591445 0.00447189 -0.000507325 -0.00379496 -0.00787644 -0.000216189 -0.00467812 -0.00685661 4.16854e-05 0.000433422 0.00489962 0.00742121 0 0.000151177 0.00197352 0.000638912 -0.000633384
internal_weight=27324 26892 164 26728 17441 639 9287 753 464 8534 468 379 8066 6942 614 446 6328 6216 1874 1437 4342
internal_count=27324 26892 164 26728 17441 639 9287 753 464 8534 468 379 8066 6942 614 446 6328 6216 1874 1437 4342
is_linear=0
shrinkage=0.0215534


Tree=176
num_leaves=22
num_cat=0
split_feature=108 77 58 52 124 95 102 29 38 83 102 0 51 40 30 38 127 95 75 80 59
split_gain=14.0239 13.4976 15.0516 13.2191 81.7375 32.2298 32.1358 51.0931 29.8576 18.5451 15.9379 15.2991 27.4219 27.0345 25.4642 29.7675 25.187 22.3622 21.6532 22.4751 21.1961
threshold=-0.28174603174603169 82500.000000000015 30500.000000000004 1347.7101189765365 29.500000000000004 0.01347146033683407 -17.042920187759588 27916.666666666668 1166.6666666666699 29625.000000000004 -747.10768275942416 33.000000000000007 16916.666666666668 8004.0000000000009 69000.000000000015 3166.6666666666702 328.50000000000006 0.050539558381163412 15500.000000000002 21500.000000000004 3004.0000000000005
decision_type=8 10 8 8 2 8 2 2 2 10 2 2 10 2 2 2 2 10 10 10 8
left_child=-1 3 -3 4 8 -5 -6 -8 10 -10 -2 12 17 20 18 -16 -15 -7 19 -14 -13
right_child=1 2 -4 5 6 11 7 -9 9 -11 -12 13 14 16 15 -17 -18 -19 -20 -21 -22
leaf_value=93.672863650970413 0.00019174101364944829 0.60839914799379202 -171.81859758389615 0.00049462467767605355 -8.4460288989626501e-06 0.008535322817613742 0.00093175713567224022 -1.189123498287463e-05 -2.9050075511831273e-05 -20.635812557157276 5.3022126986935751e-06 0.010506747251580592 -0.0052686012419430241 -87.240749762205425 63.87146989947221 0.79473286216104189 6.4785697718574973 0.00059126187137990155 0.00010923280434040788 -0.86748192373801358 -0.0030558138161909838
leaf_weight=150 465 96 79 1172 256 305 73 240 112 125 3448 182 296 962 387 431 128 1241 10905 106 6165
leaf_count=150 465 96 79 1172 256 305 73 240 112 125 3448 182 296 962 387 431 128 1241 10905 106 6165
internal_value=0.000263145 0.000226526 -0.00573611 0.000265515 -0.000770042 0.000485239 -0.00843048 -0.00375861 0.000278371 -0.00714509 0.000730363 0.000291625 0.00071986 -0.000494415 0.00037436 0.0040467 -0.00363013 0.00342379 0.00010789 -0.00480275 4.27879e-05
internal_weight=27324 27174 175 26999 4719 22280 569 313 4150 237 3913 21108 13671 7437 12125 818 1090 1546 11307 402 6347
internal_count=27324 27174 175 26999 4719 22280 569 313 4150 237 3913 21108 13671 7437 12125 818 1090 1546 11307 402 6347
is_linear=0
shrinkage=0.0215534


Tree=177
num_leaves=22
num_cat=0
split_feature=38 28 48 55 107 100 34 100 0 89 64 107 64 54 119 55 127 88 26 74 99
split_gain=13.8206 13.9274 14.9732 14.7617 12.3697 13.7279 25.7928 40.0309 28.6439 28.2477 28.0043 21.8179 33.7405 21.6544 22.393 20.9675 20.9234 18.1683 34.0836 22.9261 17.3602
threshold=-20583.333333333328 112500.00000000001 102916.66666666667 10696.566276344542 51000.000000000007 -6.831001483164072 1625.0000000000002 0.0010814341567311205 13.000000000000002 1254.0000000000002 -0.03306010928961748 4496.0000000000009 -0.020942982456140347 3637.7187181782215 0.2678571428571429 1217.9025065152932 335.50000000000006 5004.0000000000009 5.5000000000000009 38500.000000000007 28809.200567098767
decision_type=2 2 10 10 10 2 2 2 2 10 10 10 10 8 10 8 2 8 2 10 2
left_child=-1 2 4 -3 5 13 7 9 11 15 -9 -8 -13 14 -2 16 -7 18 19 -15 -12
right_child=1 3 -4 -5 -6 6 8 10 -10 -11 20 12 -14 17 -16 -17 -18 -19 -20 -21 -22
leaf_value=138.60101074455332 0.00019205947324365191 -341.48907389187792 14.459374977493669 0.091939079975987451 23.041338705238289 -9.1131915019299759e-06 0.00054807520168823998 -18.506517001967499 -0.00022963981586593941 0.00015580148712377291 0.00011847587651882405 -0.99828779822017344 0.015885882881340203 -0.0095890237997042459 -0.00039835797901711467 0.00011168671700671384 0.00014987132359642094 0.0054278059345078712 -0.00011696795114961321 -0.03124274094515286 -4.8535421350109265e-05
leaf_weight=133 2990 79 202 92 86 557 2244 156 6800 149 1072 272 1111 138 690 103 74 5619 3260 191 1306
leaf_count=133 2990 79 202 92 86 557 2244 156 6800 149 1072 272 1111 138 690 103 74 5619 3260 191 1306
internal_value=0.000291542 0.000257299 0.000296418 -0.00587021 0.000252037 0.000225434 -0.000245362 -0.00187081 0.000286494 -0.0058234 -0.00048991 0.0018338 -0.000289855 0.00073182 0.00212951 -0.00756321 -0.00903665 0.000172276 -0.00102449 -0.00763637 8.70101e-05
internal_weight=27324 27191 27020 171 26818 26732 13844 3417 10427 883 2534 3627 1383 12888 3680 734 631 9208 3589 329 2378
internal_count=27324 27191 27020 171 26818 26732 13844 3417 10427 883 2534 3627 1383 12888 3680 734 631 9208 3589 329 2378
is_linear=0
shrinkage=0.0215534


Tree=178
num_leaves=22
num_cat=0
split_feature=108 77 42 119 100 55 13 95 105 6 125 99 82 39 97 29 54 99 34 63 55
split_gain=13.8275 12.6088 16.5578 29.4954 22.2946 16.5533 34.0804 24.5852 15.6193 15.4974 14.8848 27.87 13.9087 11.5649 10.921 9.80417 13.8789 9.3404 9.33903 15.8169 20.6159
threshold=-0.28174603174603169 82500.000000000015 1.575397763858102 1.0000000180025095e-35 5752.5647045454107 632.45553203367592 28001.333333333339 0.01787628896684983 900.00000000000011 27350.000000000004 15.500000000000002 27853.5281430453 100625.00000000001 0.78346121057118512 28001.741664620717 28083.333333333339 5657.985865374606 28809.200567098767 19000.000000000004 24750.000000000004 6055.7415019990885
decision_type=8 10 8 8 2 8 10 10 10 8 2 2 10 2 2 2 8 2 2 10 10
left_child=13 2 5 4 -4 6 7 10 -8 -9 11 -2 -3 -1 -11 -5 -17 -10 19 -7 -21
right_child=1 12 3 15 -6 18 8 9 17 14 -12 -13 -14 -15 -16 16 -18 -19 -20 20 -22
leaf_value=149.54186276558653 0.00061552505857068499 -109.92505467235476 0.088082503705771351 0.00088863606514019385 -45.952768316108539 7.6173643378339243e-05 0.00014623453263005497 -0.012557410619758605 0.00011870487695117735 0.00038606897187550557 -1.3699927550431008e-05 -5.8354627761375107e-06 22.480316704840725 10.935061539826899 -2.6771521940544135e-05 -21.546378076337472 -0.089140610712845222 -0.010804349140101265 -11.960060631053366 140.80561827732734 2.0764678518339621
leaf_weight=78 86 103 635 92 76 23517 367 148 120 114 227 108 72 72 77 80 129 125 670 170 258
leaf_count=78 86 103 635 92 76 23517 367 148 120 114 227 108 72 72 77 80 129 125 670 170 258
internal_value=0.000308896 0.00027253 0.00031022 0.00301548 0.00541336 0.000204527 -0.00209863 -0.00514945 0.00167611 -0.000800881 -0.00862955 -0.00417523 -0.00548992 0.00683508 0.0032257 -0.00261992 -0.00521571 -0.00251502 0.00033326 0.000403792 0.00451107
internal_weight=27324 27174 26999 1012 711 25987 1372 760 612 339 421 194 175 150 191 301 209 245 24615 23945 428
internal_count=27324 27174 26999 1012 711 25987 1372 760 612 339 421 194 175 150 191 301 209 245 24615 23945 428
is_linear=0
shrinkage=0.0215534


Tree=179
num_leaves=22
num_cat=0
split_feature=124 56 11 99 130 103 32 39 62 110 130 0 34 74 123 110 44 48 107 77 35
split_gain=23.9149 106.404 24.1718 23.1745 18.426 12.6337 16.71 16.5688 16.4864 32.3335 21.0073 15.4988 12.0006 11.9896 11.3537 11.0604 11.5696 14.8217 12.5741 13.0664 10.4693
threshold=39.500000000000007 3504.0000000000005 30500.000000000004 34866.242759861394 0.25000000000000011 354.00000000000006 12926.061796451422 1.1744421906693714 12000.000000000002 0.2752525252525253 0.68301270189221941 13.000000000000002 8878.0000000000018 49000.000000000007 3750.0000000000005 -0.44097222222222215 112500.00000000001 102916.66666666667 46000.000000000007 82500.000000000015 0.026083061789122244
decision_type=2 10 8 2 2 10 2 2 10 10 2 2 2 10 8 8 10 10 10 10 2
left_child=5 2 -2 4 -3 8 7 11 15 -10 12 -7 -11 -8 -13 -1 17 18 19 20 -17
right_child=1 3 -4 -5 -6 6 13 -9 9 10 -12 14 -14 -15 -16 16 -18 -19 -20 -21 -22
leaf_value=102.24273432275031 -1.0436132701892541e-05 6.9008626462754136e-05 -7.2843019164263038e-05 -4.0204902901940622e-05 0.00058609129778485576 0.79160720148188501 -15.399270389143368 -38.979096505307915 106.78157143473082 133.61341857327713 -55.867160947702416 -0.0088212839285786576 -4.6382771190270065 -123.77704789967838 -84.342907378253003 -7.9618251855913077e-06 -164.17883083929237 12.315376815009708 15.139125523163653 -84.675595452211326 0.00011601341541703262
leaf_weight=72 289 117 71 244 109 351 88 363 337 79 83 1559 113 136 162 1721 110 126 97 89 21008
leaf_count=72 289 117 71 244 109 351 88 363 337 79 83 1559 113 136 162 1721 110 126 97 89 21008
internal_value=0.000236326 -0.00336504 -0.0121863 0.00337446 0.00835064 0.000349487 -0.00105858 -0.000536381 0.000506934 0.00400011 -0.00145728 0.000203876 0.00242352 -0.00669397 -0.000633669 0.00041449 0.000387849 0.000421506 0.000380557 0.000347226 0.000379878
internal_weight=27324 830 360 470 226 26494 2659 2435 23835 612 275 2072 192 224 1721 23223 23151 23041 22915 22818 22729
internal_count=27324 830 360 470 226 26494 2659 2435 23835 612 275 2072 192 224 1721 23223 23151 23041 22915 22818 22729
is_linear=0
shrinkage=0.0215534


Tree=180
num_leaves=22
num_cat=0
split_feature=95 56 124 29 130 102 53 1 127 111 125 12 0 40 49 76 0 49 120 49 123
split_gain=27.255 100.443 54.3618 25.5578 32.2342 24.8383 21.5004 30.1568 20.9433 19.6321 19.5459 21.6571 18.845 18.5449 24.8783 38.5193 32.3696 25.9857 21.2144 26.2501 20.3112
threshold=0.017278467139375597 3504.0000000000005 30.500000000000004 28083.333333333339 -0.6830127018922193 44.746096903229962 4035.2607187858589 11.000000000000002 12.500000000000002 0.21980676328502416 11.500000000000002 29500.000000000004 10.000000000000002 11500.000000000002 37583.333333333336 34500.000000000007 39.500000000000007 53583.333333333343 1.0000000180025095e-35 41667.333333333336 1750.0000000000002
decision_type=8 10 2 2 2 2 8 2 2 10 2 10 2 2 10 10 2 10 10 10 10
left_child=1 2 3 -1 -5 -4 8 13 -2 -9 -3 -12 -13 14 -8 -16 17 18 -17 -20 -15
right_child=6 10 5 4 -6 -7 7 9 -10 -11 11 12 -14 20 15 16 -18 -19 19 -21 -22
leaf_value=-1.736260846360468e-05 -0.074240844388579183 -1.7505581864061439e-05 -1.05521229173787e-05 -8.0012583286286938e-05 0.00011953609097796822 8.000541199670241e-05 -0.01697714746206834 -0.002236120328590344 0.00012406326844607846 -1.0602031799042282 0.0005492283285589496 0.004383786871334572 -0.00030400617169345931 0.0010955061037242922 26.149465458188086 -0.014935809707656381 -1.8602937777140807 3.8651914080038159 102.61928481456208 0.020044107018561488 -78.302174085027616
leaf_weight=447 221 546 470 115 558 73 420 5634 7553 609 311 138 270 3792 610 590 1241 1863 127 1362 374
leaf_count=447 221 546 470 115 558 73 420 5634 7553 609 311 138 270 3792 610 590 1241 1863 127 1362 374
internal_value=0.000230016 -0.00173422 -0.0052176 -0.00249382 0.000147306 -0.0108184 0.000466122 2.80084e-05 0.00140176 -0.00115516 0.00283835 0.0051733 0.00188019 0.000740521 0.00148682 0.00185505 0.00125001 0.00220668 0.000545291 0.00191927 -0.000370425
internal_weight=27324 2928 1663 1120 673 543 24396 16622 7774 6243 1265 719 408 10379 6213 5793 5183 3942 2079 1489 4166
internal_count=27324 2928 1663 1120 673 543 24396 16622 7774 6243 1265 719 408 10379 6213 5793 5183 3942 2079 1489 4166
is_linear=0
shrinkage=0.0215534


Tree=181
num_leaves=22
num_cat=0
split_feature=23 55 96 22 52 53 127 1 64 127 127 50 125 49 112 13 112 118 100 125 112
split_gain=21.2587 107.357 33.6852 32.1736 23.6953 18.7846 23.7997 21.56 17.553 17.6073 17.178 22.9911 22.2326 22.173 22.1911 21.8318 20.8638 23.1182 20.5508 19.9043 31.1159
threshold=479.46330148571275 2483.2774042918909 28000.000000211065 414.94265590982377 1132.2451547301728 4035.2607187858589 12.500000000000002 11.000000000000002 0.048399687743950044 323.50000000000006 74.500000000000014 69333.333333333358 8.5000000000000018 47333.333333333336 -0.32916666666666661 83666.666666666672 0.56696428571428581 0.18333333333333338 -650.42788824583829 12.500000000000002 1.0000000180025095e-35
decision_type=8 10 2 10 10 8 2 2 10 2 2 10 2 10 8 10 8 10 2 2 10
left_child=1 2 3 4 -1 6 -2 10 -9 -10 13 15 18 14 -7 -12 19 -18 -13 20 -15
right_child=5 -3 -4 -5 -6 7 -8 8 9 -11 11 12 -14 16 -16 -17 17 -19 -20 -21 -22
leaf_value=-1.2291138168282338e-05 -0.33054689072934262 0.00039831425274668332 -1.9448801897357819e-05 3.9599934665777561e-06 2.383208834725501e-05 -2.352535363013152 0.00011864055142006441 -0.00032606923109766023 -0.02116784943923912 -0.39783753804579824 0.0026215059877243217 25.400967904327885 -53.725250905090604 -1.3542522639772148 0.25198709612327724 9.8347982214374845 2.1432875129308466 -80.395258480323633 -45.348870224795945 22.28267581041046 13.139103166417332
leaf_weight=645 227 1252 832 162 87 88 7499 4730 1387 122 6474 124 1138 411 151 75 472 243 124 709 372
leaf_count=645 227 1252 832 162 87 88 7499 4730 1387 122 6474 124 1138 411 151 75 472 243 124 709 372
internal_value=0.000215817 -0.00150246 -0.00498971 -0.0078972 -0.00982135 0.000426356 0.00130446 1.76372e-05 -0.00098317 -0.00300785 0.000619958 0.000132008 -0.00238843 0.00219931 -0.00402043 0.000666766 0.00287691 -0.000138654 0.00344022 0.00432772 0.00194314
internal_weight=27324 2978 1726 894 732 24346 7726 16620 6239 1509 10381 7935 1386 2446 239 6549 2207 715 248 1492 783
internal_count=27324 2978 1726 894 732 24346 7726 16620 6239 1509 10381 7935 1386 2446 239 6549 2207 715 248 1492 783
is_linear=0
shrinkage=0.0215534


Tree=182
num_leaves=22
num_cat=0
split_feature=23 56 22 96 41 98 89 90 23 42 51 6 125 42 63 26 125 35 32 62 12
split_gain=24.157 103.173 42.306 35.6736 25.7869 20.6548 18.9046 18.0047 16.0679 15.5975 24.3157 21.7006 14.7856 17.9384 14.9995 14.8984 14.4996 25.0481 34.445 26.9895 26.8488
threshold=479.46330148571275 3504.0000000000005 414.94265590982377 28000.000000211065 1746.0000000000002 28000.003196186673 3004.0000000000005 1.0000000180025095e-35 915.38572988836802 -1.3420550045195296 29667.333333333339 8500.0000000000018 15.500000000000002 -1.0830949588055327 -1749.9999999999998 4.5000000000000009 15.500000000000002 0.31288257540419212 16894.238605127055 4500.0000000000009 71000.000000000015
decision_type=8 10 10 2 2 2 8 10 10 10 8 10 2 10 8 2 2 2 2 10 10
left_child=1 2 3 5 -5 -1 7 9 -9 10 -2 -11 13 -3 -15 -14 -8 18 19 -18 -21
right_child=6 12 -4 4 -6 -7 16 8 -10 11 -12 -13 15 14 -16 -17 17 -19 -20 20 -22
leaf_value=-1.1832144337245052e-05 0.00060621999287656934 42.132685913004586 8.5814432353708081e-05 -2.753432740238113e-05 0.0001229543240714786 -1.0611222730261574e-05 0.00092329229047030572 0.00010708334629504657 -0.0065980891193707413 -0.0066749884696796213 -0.37560725225245978 0.00019074770277668982 0.002442765881611862 -0.24909412789267976 6.0672043771528202e-05 0.00042401364155799997 -0.0028101251193303639 4.0106987767767812 -158.63568655548013 0.94771647474652532 130.80028720587234
leaf_weight=462 109 76 371 404 108 225 10116 998 600 150 74 2257 90 100 616 526 8017 312 192 1343 178
leaf_count=462 109 76 371 404 108 225 10116 998 600 150 74 2257 90 100 616 526 8017 312 192 1343 178
internal_value=0.000256835 -0.00157484 -0.00537565 -0.00734444 -0.00301353 -0.0105587 0.000481244 0.00179916 0 0.00290918 -0.00313121 0.00337211 0.00265725 0.000696595 -0.000349149 0.00516358 0.000207001 -0.000372599 -0.000566186 -0.000383248 0.0022473
internal_weight=27324 2978 1570 1199 512 687 24346 4188 1598 2590 183 2407 1408 792 716 616 20158 10042 9730 9538 1521
internal_count=27324 2978 1570 1199 512 687 24346 4188 1598 2590 183 2407 1408 792 716 616 20158 10042 9730 9538 1521
is_linear=0
shrinkage=0.0215534


Tree=183
num_leaves=22
num_cat=0
split_feature=23 55 5 55 120 11 99 5 130 0 42 93 119 64 102 51 102 102 55 111 39
split_gain=27.6396 98.6329 35.0338 27.9088 25.7703 25.1287 23.9911 22.8008 30.7368 24.1091 24.8006 22.3768 21.776 21.4005 22.1945 21.3782 20.9007 19.4697 17.7891 26.8336 17.0581
threshold=479.46330148571275 2483.2774042918909 28004.000000000004 3237.772030877697 1.0000000180025095e-35 25500.000000000004 28809.200567098767 14500.000000000002 -0.6830127018922193 39.500000000000007 0.98852072981338868 0.12596295751794526 0.2678571428571429 0.018350168350168353 1.0000000180025095e-35 25750.000000000004 466.75691423021914 -723.37320678082312 2585.2123592902849 0.18301435406698566 0.87609649122807032
decision_type=8 10 8 8 10 10 2 10 2 2 8 10 10 10 2 10 2 2 10 10 2
left_child=1 2 4 7 5 -1 -4 -2 16 11 15 12 17 14 -7 -11 -9 -10 19 -19 -3
right_child=3 20 6 -5 -6 13 -8 8 9 10 -12 -13 -14 -15 -16 -17 -18 18 -20 -21 -22
leaf_value=0.00012724798849322779 -0.0049177094593113703 -0.0053037901798795514 0.00023086965477737319 0.00015358879882951891 -8.3945188926238247e-06 -1.3002242935495666e-05 -6.8760038591461473e-05 0.00031770237456394529 0.0004244110523478148 -0.016457387522244758 -3.5925971084314522e-05 -0.82029718000680385 -0.0099736540350079915 -1.6426679430497675e-06 -2.5155499611254644e-06 0.010892669135967785 0.00020251789681887785 4.5628029820121657e-05 0.00036917554807825695 -10.914131905322186 0.00048083335059002631
leaf_weight=90 864 235 100 18441 230 542 589 626 454 73 243 97 356 78 97 388 459 1913 361 71 1017
leaf_count=90 864 235 100 18441 230 542 589 626 454 73 243 97 356 78 97 388 459 1913 361 71 1017
internal_value=0.000312051 -0.00164721 -0.00498971 0.000552068 -0.00749412 -0.00930927 -0.00120732 0.00184177 0.00239686 0.0015124 0.00513045 0.000726379 0.00104246 -0.010658 -0.0119587 0.00806792 0.0056133 0.00168325 0.000887835 8.25623e-05 0.00295389
internal_weight=27324 2978 1726 24346 1037 807 689 5905 5041 3956 704 3252 3155 717 639 461 1085 2799 2345 1984 1252
internal_count=27324 2978 1726 24346 1037 807 689 5905 5041 3956 704 3252 3155 717 639 461 1085 2799 2345 1984 1252
is_linear=0
shrinkage=0.0215534


Tree=184
num_leaves=22
num_cat=0
split_feature=124 52 100 25 108 125 9 55 51 49 2 52 125 23 78 94 19 110 88 131 23
split_gain=23.8036 122.523 28.6868 18.849 15.6383 16.502 22.4384 18.1073 21.2988 21.1579 24.1001 23.1606 20.5259 21.0124 18.1729 17.7941 17.4672 17.0674 16.9403 16.0599 21.5602
threshold=29.500000000000004 1347.7101189765365 0.0010814341567311205 11.500000000000002 0.036038961038961044 15.500000000000002 107500.00000000001 11636.742756881415 50916.666666666679 59583.333333333336 49000.000000000007 18039.275658354909 7.5000000000000009 15554.871358790213 79000.000000000015 0.10710404215288909 117500.00000000001 0.36038961038961043 34500.000000000007 -0.9330127018922193 5031.5099079720758
decision_type=2 10 2 2 10 2 10 8 8 10 2 10 2 10 8 10 10 10 10 2 8
left_child=4 2 3 -2 5 6 7 9 -9 10 17 12 13 -11 -10 -14 -7 -1 -16 20 -12
right_child=1 -3 -4 -5 -6 16 -8 8 14 11 19 -13 15 -15 18 -17 -18 -19 -20 -21 -22
leaf_value=0.00019212098812369455 -9.3177381497980151e-06 0.00028287676808385693 8.1819338790087886e-05 -4.6973444711506761e-05 -1.2771974338502858 2.5394103283049706e-05 86.31545504511557 2.0319333856053934 -0.81398178795927645 17.239042492958731 -0.056531416101538924 -96.766734064980582 -0.218364472716434 -3.1480182076632879 -1.4781268306379542 7.8379545233980163 -187.27311451699603 1.3685542164665632 15.868049169103724 -0.014586124925757013 5.8061260208361123
leaf_weight=6951 400 905 98 71 2472 11590 124 125 866 519 116 102 381 99 327 218 92 79 110 1558 121
leaf_count=6951 400 905 98 71 2472 11590 124 125 866 519 116 102 381 99 327 218 92 79 110 1558 121
internal_value=0.000329405 -0.00233358 -0.0101726 -0.0123803 0.000481593 0.000654214 0.00122656 0.00112795 -0.00114099 0.00144821 0.0010663 0.00399663 0.00482742 0.0075878 -0.00196166 0.00196431 8.04422e-05 0.00163595 0.00160752 -0.00115986 0.00405435
internal_weight=27324 1474 569 471 25850 23378 11696 11572 1428 10144 8825 1319 1217 618 1303 599 11682 7030 437 1795 237
internal_count=27324 1474 569 471 25850 23378 11696 11572 1428 10144 8825 1319 1217 618 1303 599 11682 7030 437 1795 237
is_linear=0
shrinkage=0.0215534


Tree=185
num_leaves=22
num_cat=0
split_feature=124 56 100 127 33 32 100 34 84 47 80 111 127 121 61 96 47 74 100 64 59
split_gain=22.2894 116.449 26.1431 17.3288 13.9209 20.7383 13.5835 15.5853 27.481 27.3719 20.8237 19.9265 21.2733 20.6659 16.9399 15.1246 14.8729 16.7858 15.0932 14.6033 13.4488
threshold=29.500000000000004 3504.0000000000005 0.0010814341567311205 335.50000000000006 9500.0000000000018 3779.3291033476103 -9108.5550632354443 13875.000000000002 85500.000000000015 53750.000000000007 92500.000000000015 -0.1195238095238095 128.50000000000003 1.0000000180025095e-35 -5249.9999999999991 72457.916595195056 86250.000000000015 97500.000000000015 -1963.0121495180854 0.16954022988505749 31500.000000000004
decision_type=2 10 2 2 2 2 2 2 10 10 10 10 2 10 10 2 10 10 2 10 10
left_child=6 2 3 -2 -3 -6 20 8 16 15 -10 12 14 -13 -11 -9 17 -8 -18 -15 -1
right_child=1 4 -4 -5 5 -7 7 9 10 11 -12 13 -14 19 -16 -17 18 -19 -20 -21 -22
leaf_value=34.15751113472971 -9.1169094452670197e-06 0.00039841418595264769 7.5768660020727793e-05 -4.8659436427261222e-05 -0.00041174418418582633 0.00034234876746850419 8.0193102033216968e-05 0.41841207859521556 9.4852216328857963 -84.78971731093624 12.166311085384505 0.47847709092762519 -64.565080279522832 -86.968720607063034 5.2784733658359473 21.191263507476293 0.77715743653385361 5.0631249628076951 -141.06104739182922 -217.4831916790626 -1.4405949371891491
leaf_weight=308 402 226 99 71 81 595 22352 510 190 88 393 272 180 626 244 133 86 172 85 87 124
leaf_count=308 402 226 99 71 81 595 22352 510 190 88 393 272 180 626 244 133 86 172 85 87 124
internal_value=0.000330983 -0.00224585 -0.00985556 -0.0119635 0.00257083 0.00100738 0.000478258 0.000413463 0.000575545 -0.00134552 0.00519707 -0.00294558 0.000488235 -0.00473908 0.00373827 0.00236615 0.000456423 0.000504862 -0.00587021 -0.00666762 0.00426979
internal_weight=27324 1474 572 473 902 676 25850 25418 23278 2140 583 1497 512 985 332 643 22695 22524 171 713 432
internal_count=27324 1474 572 473 902 676 25850 25418 23278 2140 583 1497 512 985 332 643 22695 22524 171 713 432
is_linear=0
shrinkage=0.0215534


Tree=186
num_leaves=22
num_cat=0
split_feature=95 55 124 127 127 53 53 1 127 9 11 35 39 127 76 80 49 37 51 111 42
split_gain=29.0829 96.9637 43.7566 34.6901 32.6128 27.7502 24.6096 22.6902 21.3094 25.3291 22.0571 21.2847 26.0957 21.5438 19.3035 43.3181 17.6886 19.5386 39.001 19.179 17.9458
threshold=0.017278467139375597 1217.9025065152932 18.500000000000004 76.500000000000014 337.50000000000006 4035.2607187858589 826.10312969235281 11.000000000000002 26.500000000000004 28004.000000000004 11250.000000000002 0.11780381037356698 0.76759410801964012 88.500000000000014 14500.000000000002 19500.000000000004 62505.000000000007 9750.0000000000018 48166.666666666679 0.21980676328502416 -1.2909944487358058
decision_type=8 8 2 2 2 8 10 2 2 8 10 2 2 2 10 10 10 2 10 10 10
left_child=1 2 3 -1 6 8 -4 11 9 10 -2 13 -13 -7 -10 -16 17 19 -19 20 -9
right_child=5 -3 4 -5 -6 7 -8 16 14 -11 -12 12 -14 -15 15 -17 -18 18 -20 -21 -22
leaf_value=0.0011302462391894225 19.537400388546878 0.00028949244653878655 -1.7018490383221957e-05 -2.349044849551056e-05 0.00052151153036914021 59.122859289442381 -6.3966860516250184e-06 -0.48125218509907125 -9.3188184944494618e-05 -0.44998003856956797 -0.0053472364991594299 48.951540358036709 -0.0040793428375834996 0.02870422610035505 0.00071433438591533296 0.00013904488635245856 -94.014380090301984 2.2436566113773075 -43.560252946754233 -0.97497781563122132 -0.00018323396466530259
leaf_weight=119 78 1316 455 654 77 806 307 470 1468 231 197 648 6920 2005 370 5430 90 188 213 514 4768
leaf_count=119 78 1316 455 654 77 806 307 470 1468 231 197 648 6920 2005 370 5430 90 188 213 514 4768
internal_value=0.000338871 -0.00169006 -0.0052356 -0.00152221 -0.00864601 0.000582741 -0.0100004 8.50619e-05 0.00164573 -0.00262338 0.00177067 0.000703142 0.000107083 0.00230477 0.00194417 0.00250312 -0.000941112 -0.000800752 0.00379375 -0.00112262 -0.000730777
internal_weight=27324 2928 1612 773 839 24396 762 16622 7774 506 275 10379 7568 2811 7268 5800 6243 6153 401 5752 5238
internal_count=27324 2928 1612 773 839 24396 762 16622 7774 506 275 10379 7568 2811 7268 5800 6243 6153 401 5752 5238
is_linear=0
shrinkage=0.0215534


Tree=187
num_leaves=22
num_cat=0
split_feature=95 55 124 55 101 31 59 118 4 104 23 118 125 57 28 63 89 83 110 102 101
split_gain=27.9399 90.8901 40.6491 28.957 22.0657 21.1615 16.2152 15.0943 15.4127 14.7971 14.0683 20.9587 13.2074 19.3725 17.4208 19.0532 22.7588 16.6611 18.0082 15.392 32.7654
threshold=0.017278467139375597 1217.9025065152932 18.500000000000004 3237.772030877697 1.0000000180025095e-35 28500.000000000004 27500.000000000004 0.2678571428571429 12500.000000000002 -37499.999999999993 406.83810217253949 1.0000000180025095e-35 12.500000000000002 51000.000000000007 112500.00000000001 13750.000000000002 38500.000000000007 35125.000000000007 0.17519181585677754 1796.6337677129261 4229.0102309851927
decision_type=10 8 2 8 2 2 8 10 10 10 10 10 2 10 2 8 10 10 10 2 2
left_child=1 2 5 7 -4 -1 -3 8 -2 -5 11 -7 19 14 15 -14 -17 -18 -19 -11 -21
right_child=3 6 4 9 -6 10 -8 -9 -10 12 -12 -13 13 -15 -16 16 17 18 -20 20 -22
leaf_value=-2.5236197979673285e-05 -0.00034196074049581049 0.00036456532353059144 -1.2816745247938218e-05 163.14339769760306 -1.5072128300286997e-05 0.0012047091975393661 -0.33933950329427104 -0.0062521129317233935 0.00017469405071106103 0.00018097676660014074 -2.1351582977368158e-05 -9.8332225176959333e-05 -0.0038321937082801288 10.905356228932481 -251.60176170631217 18.204253836325556 47.353359834520859 1.636947525731874 -62.842623920792931 1.6638345179188041 0.61287845267742602
leaf_weight=222 673 1152 567 74 272 83 224 736 4488 5503 380 88 10009 173 95 363 75 162 127 636 1222
leaf_count=222 673 1152 567 74 272 83 224 736 4488 5503 380 88 10009 173 95 363 75 162 127 636 1222
internal_value=0.000338871 -0.00162727 -0.0051019 0.000580635 -0.00838915 -0.00152221 0.00243711 0.00189544 0.00230773 0.000159671 0.000727452 0.00587021 0.000120412 -0.000351777 -0.000466843 -0.000384649 0.00298209 -0.000805087 -0.00317599 0.000827456 0.00252409
internal_weight=27324 2988 1612 24336 839 773 1376 5897 5161 18439 551 171 18365 11004 10831 10736 727 364 289 7361 1858
internal_count=27324 2988 1612 24336 839 773 1376 5897 5161 18439 551 171 18365 11004 10831 10736 727 364 289 7361 1858
is_linear=0
shrinkage=0.0215534


Tree=188
num_leaves=22
num_cat=0
split_feature=124 56 101 125 103 24 56 131 101 51 22 39 43 42 64 86 59 31 52 64 114
split_gain=19.9883 107.27 23.2047 14.7977 14.6316 16.3176 14.5689 13.176 17.6288 25.0468 22.1615 23.0553 21.8513 16.9331 21.9841 16.1679 15.9883 20.1598 20.701 18.272 17.527
threshold=29.500000000000004 3504.0000000000005 52.766712522387031 17.500000000000004 3250.0000000000005 4.5000000000000009 9500.0000000000018 -0.68301270189221952 -11514.116910340757 68250.000000000015 7559.2894601845956 1.0568733153638816 0.87500000000000011 1.575397763858102 -0.075961538461538455 56750.000000000007 7504.0000000000009 72500.000000000015 8779.6793942693203 0.12613636363636366 -583.33333333333314
decision_type=2 10 2 2 8 2 10 2 2 10 10 2 2 10 8 10 8 2 10 10 8
left_child=4 2 -2 -3 7 -6 -5 8 -1 10 11 -10 -13 16 -15 -12 -9 -18 19 20 -19
right_child=1 3 -4 6 5 -7 -8 13 9 -11 15 12 -14 14 -16 -17 17 18 -20 -21 -22
leaf_value=6.7639041167581269 -9.1847053655646908e-06 5.1834908222578948e-06 9.4720852443979406e-05 0.00039398900067747606 -0.6176143485750013 -81.451788156460708 0.00048696246565859991 0.00012234221224922723 -5.2030932693357912e-05 -83.386916078942249 91.840664104723842 0.001099376010051312 -0.0017146775496140133 -18.796383894927256 0.42803840355758804 1.6929632421583678 -5.7945984177151649e-05 15.930063169476396 1.1030219874826095 123.80251727092238 0.64967295195307384
leaf_weight=199 496 550 76 71 1434 381 281 4420 4439 345 100 683 777 85 439 176 9198 124 2376 183 491
leaf_count=199 496 550 76 71 1434 381 281 4420 4439 345 100 683 777 85 439 176 9198 124 2376 183 491
internal_value=0.000340448 -0.00209963 -0.00940347 0.00252305 0.000479926 -0.00138457 0.00597448 0.000621086 -0.000187977 -0.000382138 -6.49219e-05 -0.000345638 0.00200167 0.000935518 0.00475401 0.00590163 0.00081582 0.000417406 0.00189859 0.00490427 0.00310459
internal_weight=27324 1474 572 902 25850 1815 352 24035 6719 6520 6175 5899 1460 17316 524 276 16792 12372 3174 798 615
internal_count=27324 1474 572 902 25850 1815 352 24035 6719 6520 6175 5899 1460 17316 524 276 16792 12372 3174 798 615
is_linear=0
shrinkage=0.0215534


Tree=189
num_leaves=22
num_cat=0
split_feature=53 124 96 16 63 97 89 102 112 118 16 6 99 38 39 125 51 100 46 100 0
split_gain=24.2101 69.8735 23.9438 21.4206 22.9966 17.4894 17.4092 30.3607 22.4252 23.6982 30.7491 32.0433 23.1975 22.1005 21.9596 17.2526 16.6054 14.0719 14.0457 13.9605 13.8608
threshold=764.22220229521076 19.500000000000004 30625.052507750861 27514.705882352944 425.00000000000006 27437.453428065426 4500.0000000000009 -747.10768275942416 0.10529556650246306 0.2678571428571429 26841.666666666668 28004.000000000004 12063.095217846805 375.00000000000188 0.90045045045045058 7.5000000000000009 29250.000000000004 -0.043238062738964793 28750.000000000004 -15938.001122913729 33.000000000000007
decision_type=10 2 2 8 10 2 10 2 8 10 10 10 2 2 2 2 10 2 10 2 2
left_child=1 2 3 4 -1 -5 7 -2 9 10 12 13 -9 16 17 -7 18 -13 -12 -8 -21
right_child=6 -3 -4 5 -6 15 19 8 -10 -11 11 14 -14 -15 -16 -17 -18 -19 -20 20 -22
leaf_value=-0.0016879876605427123 0.00058756021640370864 -1.5628154144320263e-05 -0.018613894928305945 0.065791243938859947 0.00020654841407735972 -8.5904843105174755e-05 120.83539073491613 -0.0061986745583044959 0.0023030934383500676 -0.03002605503951904 -2.9594191524360454e-06 -0.36292036492404578 0.00028055343345036459 -0.00031644162148199151 8.7833730309643988e-05 0.00017636248582696094 0.0001683002666111637 -0.091944584089105427 -1.8718566715711647e-05 0.00041686803418137516 -0.028411421237284948
leaf_weight=269 591 485 260 129 132 185 108 294 740 340 399 72 1363 201 1579 839 141 87 74 12434 6602
leaf_count=269 591 485 260 129 132 185 108 294 740 340 399 72 1363 201 1579 839 141 87 74 12434 6602
internal_value=0.000291542 -0.00182432 0.000114061 0.00113169 -0.00314892 0.00262806 0.000486273 0.00151212 0.000992497 0.000424428 0.000868259 -0.000612895 0.00315542 -0.00414092 0.00103669 0.00167528 -0.00209182 -0.0065839 -0.00403643 0.000170679 0.000126358
internal_weight=27324 2299 1814 1554 401 1153 25025 5881 5290 4550 4210 2553 1657 815 1738 1024 614 159 473 19144 19036
internal_count=27324 2299 1814 1554 401 1153 25025 5881 5290 4550 4210 2553 1657 815 1738 1024 614 159 473 19144 19036
is_linear=0
shrinkage=0.0215534


Tree=190
num_leaves=22
num_cat=0
split_feature=95 55 124 26 89 102 118 9 53 25 124 53 25 55 29 111 102 26 6 125 39
split_gain=15.0621 67.225 32.992 30.2082 29.4882 27.6851 19.3814 18.5477 17.9613 19.1361 16.3287 15.9174 15.3192 39.5353 19.3332 18.6422 16.0539 17.9793 16.9407 14.7286 19.8382
threshold=0.017278467139375597 1190.0526680445048 19.500000000000004 11.500000000000002 4500.0000000000009 -142.71764179018462 0.18333333333333338 9500.0000000000018 764.22220229521076 11.500000000000002 8.5000000000000018 764.22220229521076 8.5000000000000018 3883.7261398404967 16916.666666666668 -0.067816091954022981 -723.37320678082312 30.500000000000004 15004.000000000002 14.500000000000002 1.2132034632034634
decision_type=10 8 2 2 10 2 10 8 10 2 2 10 2 10 2 10 2 2 10 2 2
left_child=1 2 3 -1 6 -5 7 -2 9 -4 -7 -12 14 15 -9 -14 -16 18 -18 20 -3
right_child=4 19 8 5 -6 10 -8 12 -10 -11 11 -13 13 -15 16 -17 17 -19 -20 -21 -22
leaf_value=0.0012904037653964546 -0.0063207560336416167 0.00021125173573053975 -1.5180900008843214e-05 -0.00019377223479195033 0.0001105436571392886 -2.3464486411160869e-05 -0.013267264980084867 0.0013830034395107458 -5.4148069564095079e-06 -2.9397137494366532e-05 0.00010900711032248553 -1.5705833010468241e-05 -8.0344007077194464e-05 -0.034017804150945387 0.00039826499876962978 0.0003958482568912134 -0.01080163009525679 -0.0013314634492980902 9.5262291227736259e-05 0.00042012911872544407 -42.216209711371839
leaf_weight=118 180 720 330 233 19363 268 546 425 397 71 77 77 99 113 474 848 307 148 1833 621 76
leaf_count=118 180 720 330 233 19363 268 546 425 397 71 77 77 99 113 474 848 307 148 1833 621 76
internal_value=0.000364112 -0.00107908 -0.00415127 -0.000964627 0.000541667 -0.00278342 0.00202224 0.0024956 -0.00722677 -0.010457 0.000490212 0.0060982 0.00278406 0.00503407 0.00203287 0.00647671 0.00137025 0.00061794 0.00112395 0.00232097 0.00036821
internal_weight=27324 2988 1571 773 24336 655 4973 4427 798 401 422 154 4247 1060 3187 947 2762 2288 2140 1417 796
internal_count=27324 2988 1571 773 24336 655 4973 4427 798 401 422 154 4247 1060 3187 947 2762 2288 2140 1417 796
is_linear=0
shrinkage=0.0215534


Tree=191
num_leaves=22
num_cat=0
split_feature=131 63 101 110 55 0 96 35 48 5 117 99 124 35 55 23 32 101 5 124 124
split_gain=13.6319 26.5484 32.2773 28.5431 21.1987 19.4901 20.585 20.5476 20.0353 18.4127 17.863 16.9172 15.2892 68.0421 21.5308 24.7953 18.3083 17.7888 17.2078 16.5616 27.044
threshold=-0.68301270189221952 3250.0000000000005 1878.9691975839589 -0.079473684210526294 826.10312969235281 33.000000000000007 50166.037642080752 0.14124106216361151 28916.666666666668 16500.000000000004 149.8666666666667 29752.249918306417 36.500000000000007 0.11052879921041468 3237.772030877697 466.09159969929203 1072.1269815902422 11.369812247299707 11250.000000000002 19.500000000000004 7.5000000000000009
decision_type=2 10 2 10 10 2 2 2 10 8 10 2 2 2 8 10 2 2 10 2 2
left_child=1 2 4 -3 -1 7 9 8 -6 -7 -9 -11 14 17 15 16 19 -14 -17 20 -2
right_child=12 3 -4 -5 5 6 -8 10 -10 11 -12 -13 13 -15 -16 18 -18 -19 -20 -21 -22
leaf_value=-1.3745017778896109e-05 -0.0083860503810502165 102.12261434065994 -88.000097039967443 0.30906748587396143 0.00016110285674113175 -0.045370157840984457 -75.076416864236577 0.00065633686935301187 -0.0050762794330840395 0.001290626073214938 -4.9812130142345037 -0.024883421952514088 -4.8840325842383877e-05 0.00050958910891557498 0.00036628601281752965 -0.0060374810866168777 0.00033450409037175696 -7.3549900111982437e-05 0.00026815392638177162 -1.4991144821771806e-05 8.4370465443611272e-05
leaf_weight=870 201 120 689 807 368 343 128 1865 1079 310 138 912 267 316 13776 420 257 106 4006 234 112
leaf_count=870 201 120 689 807 368 343 128 1865 1079 310 138 912 267 316 13776 420 257 106 4006 234 112
internal_value=0.000392509 -0.000380266 -0.000854148 0.00303622 -0.000346254 0.000178527 -0.00171348 0.0011095 -0.000843015 -0.00102734 0.0025243 0.000204587 0.000692287 -0.00245843 0.000806972 0.00198469 -0.00149033 -0.00869993 0.0026179 -0.00372684 -0.000454355
internal_weight=27324 7629 6702 927 6013 5143 1693 3450 1447 1565 2003 1222 19695 689 19006 5230 804 373 4426 547 313
internal_count=27324 7629 6702 927 6013 5143 1693 3450 1447 1565 2003 1222 19695 689 19006 5230 804 373 4426 547 313
is_linear=0
shrinkage=0.0215534


Tree=192
num_leaves=22
num_cat=0
split_feature=108 28 28 26 31 120 91 5 33 37 89 32 124 25 26 37 127 102 122 127 100
split_gain=13.1212 13.8537 13.8791 21.8237 18.8447 25.4067 29.4302 23.4306 20.9425 18.2107 13.8616 31.0066 46.043 24.7417 33.0256 22.3751 17.9383 17.1391 18.5978 18.2176 16.6954
threshold=-0.28174603174603169 112500.00000000001 93750.000000000015 14.500000000000002 92500.000000000015 0.14835164835164838 13625.000000000002 87500.000000000015 32500.000000000004 20500.000000000004 4500.0000000000009 764.22220229521076 19.500000000000004 8.5000000000000018 30.500000000000004 4004.0000000000005 289.50000000000006 -747.10768275942416 1.0000000180025095e-35 154.50000000000003 142.41134017736479
decision_type=8 2 2 2 2 8 10 10 2 2 10 2 2 2 2 2 2 2 10 2 2
left_child=-1 2 4 -4 7 8 -7 9 -6 10 11 12 13 14 -2 17 -15 -13 -19 -20 -17
right_child=1 -3 3 -5 5 6 -8 -9 -10 -11 -12 15 -14 16 -16 20 -18 18 19 -21 -22
leaf_value=88.715288817509062 4.9122945526045712e-05 -105.00657652603677 38.185708316553068 -233.18985273020218 39.506369704701306 -117.12433165061431 -2.274395227443383 8.4520373274921585 -38.773131842503417 -217.82645029120135 8.1579163318663348e-05 0.00059225204941777774 -1.3448766256271915e-05 0.00019182406532904981 -0.0014487710293461364 0.0077100783761172775 0.00014884452139909705 7.5479585494013203e-05 -1.9488721350418909 0.0011078588967501392 -0.0083251063632004078
leaf_weight=150 1075 176 359 74 112 159 140 313 287 76 17553 524 450 101 129 389 257 4747 101 80 72
leaf_count=150 1075 176 359 74 112 159 140 313 287 76 17553 524 450 101 129 389 257 4747 101 80 72
internal_value=0.000476123 0.000440679 0.000480275 0.00430969 0.000417517 -0.00307509 -0.00782581 0.000512107 0.000464458 0.000439939 0.000471706 0.00122003 -0.00108833 0.000656774 -0.000816245 0.00200695 0.00563362 0.00161924 0.00122285 -0.00554606 0.00657213
internal_weight=27324 27174 26998 433 26565 698 299 25867 399 25554 25478 7925 2012 1562 1204 5913 358 5452 4928 181 461
internal_count=27324 27174 26998 433 26565 698 299 25867 399 25554 25478 7925 2012 1562 1204 5913 358 5452 4928 181 461
is_linear=0
shrinkage=0.0215534


Tree=193
num_leaves=22
num_cat=0
split_feature=38 28 55 48 12 124 56 52 42 101 55 49 96 96 130 127 112 122 29 42 92
split_gain=14.3623 14.7971 14.7617 12.6908 12.541 12.2567 67.4958 19.5296 25.4415 23.769 15.7757 16.5177 19.5146 16.2575 15.2893 20.3998 14.3508 12.8571 12.8908 15.0792 18.2736
threshold=-20583.333333333328 112500.00000000001 10696.566276344542 102916.66666666667 112500.00000000001 29.500000000000004 3504.0000000000005 8005.2049468993073 0.95382706882336776 -74.737482014326801 3237.772030877697 31083.333333333339 49999.763349066045 31998.044968117487 -0.6830127018922193 84.500000000000014 1.2111111111111115 1500.0000000000002 30541.666666666668 1.5505847767289238 550.00000000000011
decision_type=2 2 10 8 10 2 10 10 10 2 8 10 2 2 2 2 10 10 2 8 10
left_child=-1 3 -3 4 5 10 14 8 -8 -10 11 13 -13 17 -7 -16 -12 18 19 -2 -21
right_child=1 2 -4 -5 -6 6 7 -9 9 -11 16 12 -14 -15 15 -17 -18 -19 -20 20 -22
leaf_value=136.98095051232272 0.00010553595303748382 -331.92505286725657 0.24331925182508596 11.203092260049385 -75.891434999134205 -1.1893792104734348e-05 7.06909715353849e-05 -0.71969280021484783 0.00026523832095332788 0.017708105630662833 0.00017484552925268657 0.0005697562993330599 -0.098218581182067888 -21.537176670728115 -4.5326352776527723e-05 -2.3411127968514652e-06 21.434056776346964 -0.47010342134357169 -0.00016073817775686398 -0.005086413091793922 0.00014854245493623383
leaf_weight=133 5039 79 92 227 162 174 623 95 76 96 17916 977 198 95 71 327 186 103 361 84 210
leaf_count=133 5039 79 92 227 162 174 623 95 76 96 17916 977 198 95 71 327 186 103 361 84 210
internal_value=0.000479278 0.000444367 -0.00587021 0.00048467 0.000441315 0.000477991 -0.00143876 0.00226649 0.00337763 0.0107204 0.000589678 0.00145354 0.00378941 0.000986201 -0.00721837 -0.00485101 0.000251943 0.00113249 0.00127032 0.00153817 -0.00319528
internal_weight=27324 27191 171 27020 26793 26631 1462 890 795 172 25169 7067 1175 5892 572 398 18102 5797 5694 5333 294
internal_count=27324 27191 171 27020 26793 26631 1462 890 795 172 25169 7067 1175 5892 572 398 18102 5797 5694 5333 294
is_linear=0
shrinkage=0.0215534


Tree=194
num_leaves=22
num_cat=0
split_feature=124 56 0 62 130 127 54 100 1 100 127 125 0 35 100 127 37 127 64 127 40
split_gain=16.2495 58.5018 16.8912 19.5107 15.7317 18.4996 15.5446 21.7386 17.0513 17.6514 19.4266 19.9061 28.9285 18.3736 16.0653 15.9695 15.843 15.4381 28.9351 29.7252 26.6531
threshold=29.500000000000004 3504.0000000000005 10.000000000000002 2250.0000000000005 -0.6830127018922193 84.500000000000014 3637.7187181782215 3879.8039098096947 11.000000000000002 570.20450465510123 161.50000000000003 21.500000000000004 21.000000000000004 0.10684091989537704 156.76440964144788 12.500000000000002 3750.0000000000005 219.50000000000003 0.11696306429548566 312.50000000000006 7004.0000000000009
decision_type=2 10 2 10 2 2 8 2 2 2 2 2 2 2 2 2 2 2 10 2 2
left_child=6 4 3 -3 -2 -6 7 15 17 13 11 12 -11 14 16 -1 -10 20 -19 -20 -8
right_child=1 2 -4 -5 5 -7 8 -9 9 10 -12 -13 -14 -15 -16 -17 -18 18 19 -21 -22
leaf_value=-0.20662273912206303 -1.1637440743282257e-05 0.00048209719253360073 -5.1801561612559186e-05 -0.0082326024909927416 -4.4349416897574918e-05 -2.2906539148144326e-06 2.5679174899663617 -91.220537716564465 -0.030367968218768398 1.0846739882056131 -18.261260293696264 -41.589176923187779 -0.54164645638052689 0.0002162491242332638 0.3024005116224226 0.00012298431131063431 0.0068458773371333857 -0.028209045862329581 -0.41179799998427524 103.04541962294606 0.0020413237652769432
leaf_weight=226 174 289 539 74 71 327 2776 76 665 318 674 236 393 4843 92 7683 91 2809 168 333 4467
leaf_count=226 174 289 539 74 71 327 2776 76 665 318 674 236 393 4843 92 7683 91 2809 168 333 4467
internal_value=0.000450881 -0.00174872 0.00166292 0.00525925 -0.00714302 -0.00474273 0.000576645 0.00136742 0.000222711 -0.000576558 -0.00256072 -0.000559834 0.00123059 -9.84785e-06 -0.00293783 0.00147866 -0.00397944 0.000777328 -0.000440172 0.00432703 0.0013349
internal_weight=27324 1474 902 363 572 398 25850 7985 17865 7312 1621 947 711 5691 848 7909 756 10553 3310 501 7243
internal_count=27324 1474 902 363 572 398 25850 7985 17865 7312 1621 947 711 5691 848 7909 756 10553 3310 501 7243
is_linear=0
shrinkage=0.0215534


Tree=195
num_leaves=22
num_cat=0
split_feature=124 57 0 62 130 127 59 100 94 127 63 127 112 127 130 64 0 39 127 74 111
split_gain=16.6251 57.6833 19.8238 20.7839 14.6502 17.5882 14.4176 19.0736 18.4964 25.8155 28.7264 22.477 18.5122 16.7521 19.3347 16.6245 15.7257 40.8873 21.7886 20.4059 21.9397
threshold=29.500000000000004 3504.0000000000005 10.000000000000002 2250.0000000000005 -0.6830127018922193 84.500000000000014 10004.000000000002 -4682.4867633711392 0.092819096178433522 291.50000000000006 3250.0000000000005 261.50000000000006 0.63068181818181823 241.50000000000003 0.93301270189221952 0.21980676328502416 33.000000000000007 0.95380241648898367 214.50000000000003 71000.000000000015 -0.3563492063492063
decision_type=2 10 2 10 2 2 8 2 10 2 10 2 8 2 2 10 2 2 2 8 10
left_child=6 4 3 -3 -2 -6 7 -1 15 11 -11 12 13 14 -10 -9 -8 18 19 20 -18
right_child=1 2 -4 -5 5 -7 16 8 9 10 -12 -13 -14 -15 -16 -17 17 -19 -20 -21 -22
leaf_value=93.564340491897553 -1.0710156294179165e-05 0.00047294539696832942 -6.676941479926225e-05 -0.0080551621222461085 -4.3393537283975973e-05 -2.2639041447736441e-06 0.0010143418374796869 0.00012006896760379444 -0.036077345695684285 -0.009631449272710188 18.648460677356454 -0.088895366075429569 -80.134868280905053 0.32254388516821708 0.97207417853639377 45.207065839797508 107.29261223334663 -54.799536294499433 -0.51295526068459296 -4.6319846927463457 0.03287127968960353
leaf_weight=147 177 288 532 74 73 330 9214 9396 1132 308 220 177 72 122 145 86 76 1165 924 487 2179
leaf_count=147 177 288 532 74 73 330 9214 9396 1132 308 220 177 72 122 145 86 76 1165 924 487 2179
internal_value=0.000476123 -0.00174872 0.0016778 0.00557139 -0.00704452 -0.00473737 0.000603326 0.00115863 0.00106047 -0.000728981 0.00341198 -0.00206105 -0.00118089 -0.000625454 -0.00136028 0.00147203 0.000135965 -0.000859263 0.000256331 0.00122304 0.0020893
internal_weight=27324 1474 894 362 580 403 25850 11805 11658 2176 528 1648 1471 1399 1277 9482 14045 4831 3666 2742 2255
internal_count=27324 1474 894 362 580 403 25850 11805 11658 2176 528 1648 1471 1399 1277 9482 14045 4831 3666 2742 2255
is_linear=0
shrinkage=0.0215534


Tree=196
num_leaves=22
num_cat=0
split_feature=124 32 130 127 55 63 95 83 83 16 127 112 14 50 63 38 43 100 63 94 21
split_gain=17.8504 56.8052 17.1392 16.6134 16.1869 19.3863 19.8556 18.317 16.2329 28.7313 21.754 16.9413 22.9093 16.8425 15.1437 14.7167 13.5783 12.4684 18.4525 14.2882 14.846
threshold=29.500000000000004 983.1920802501752 -0.6830127018922193 196.50000000000003 5244.4261065927794 24750.000000000004 0.20305015900579904 15125.000000000002 30625.000000000004 29991.666666666668 359.50000000000006 0.2682539682539683 25500.000000000004 39250.000000000007 4750.0000000000009 1666.6666666666672 0.54166666666666685 4823.7590257284437 8500.0000000000018 0.092819096178433522 2439.750182371266
decision_type=2 2 2 2 10 10 10 10 10 10 2 10 10 10 10 2 2 2 10 10 8
left_child=4 2 -2 -4 5 6 17 -6 9 11 13 12 -9 16 -3 -8 -10 18 19 20 -1
right_child=1 14 3 -5 7 -7 15 8 10 -11 -12 -13 -14 -15 -16 -17 -18 -19 -20 -21 -22
leaf_value=0.00010658578015003553 -1.1968047332959214e-05 0.00013628189880970337 -6.8199916559809343e-06 -2.1181821577972624e-06 -0.80140021252502369 126.09882393779959 -0.052973296906887755 0.00074639834555744313 -0.5389355336826317 0.94400428047246754 -5.3208589257338907 3.1350842492153541 -0.97662859026502213 0.00086477824848805497 -0.053526902740267251 -4.1662442864190847 -0.013146176799267762 -9.0915880017133919 78.754854994314996 -0.0030958195554546528 0.4315946187293469
leaf_weight=9709 146 905 173 159 121 129 299 352 85 518 130 77 113 10262 91 125 227 275 241 2207 980
leaf_count=9709 146 905 173 159 121 129 299 352 85 518 130 77 113 10262 91 125 227 275 241 2207 980
internal_value=0.000498209 -0.00180721 -0.00791629 -0.00516608 0.000630007 0.00112759 0.00104931 4.46121e-05 0.000131181 0.00267562 -0.000120009 -0.000779288 -0.00234489 -1.14152e-05 0.00111651 -0.00353719 -0.00494465 0.00119497 0.00129054 0.00117928 0.00150544
internal_weight=27324 1474 478 332 25850 13965 13836 11885 11764 1060 10704 542 465 10574 996 424 312 13412 13137 12896 10689
internal_count=27324 1474 478 332 25850 13965 13836 11885 11764 1060 10704 542 465 10574 996 424 312 13412 13137 12896 10689
is_linear=0
shrinkage=0.0215534


Tree=197
num_leaves=22
num_cat=0
split_feature=124 56 89 63 0 102 130 127 100 102 100 130 32 0 15 54 63 38 95 41 56
split_gain=17.0041 59.24 23.2899 17.013 27.5257 16.2379 14.853 17.692 14.1873 18.9995 14.0768 13.7611 19.15 23.4754 23.822 17.0979 16.2505 15.5752 21.5093 15.3982 28.5678
threshold=29.500000000000004 3504.0000000000005 4500.0000000000009 4750.0000000000009 10.000000000000002 -747.10768275942416 -0.6830127018922193 84.500000000000014 -1.0000000180025095e-35 159.45155453822375 -15938.001122913729 -0.93301270189221919 764.22220229521076 13.000000000000002 27720.779220779226 764.22220229521076 -749.99999999999989 -958.33333333333292 0.01787628896684983 5504.0000000000009 9500.0000000000018
decision_type=2 10 10 10 2 2 2 2 2 2 2 2 2 2 8 10 10 2 10 2 8
left_child=2 6 5 4 -3 -1 -2 -8 -6 -10 -4 17 13 15 -15 -13 -16 -7 -19 20 -14
right_child=1 3 10 -5 8 11 7 -9 9 -11 -12 12 19 14 16 -17 -18 18 -20 -21 -22
leaf_value=0.00049304073805545902 -1.2227719766818888e-05 0.00050059224424257929 116.5517139784516 -0.052373217332707535 6.2197908112660293e-05 -0.0050643884999554403 -4.2311266264462534e-05 -2.5986354137644591e-06 -0.00023391212079078706 0.0046006116602860898 7.0010299290899127e-05 -0.00079472524943361876 8.555799688265243e-05 -2.5683243600548954e-05 0.00066216698354246227 7.6935041316569646e-06 1.9900889371418626e-05 -2.2581400812030728e-07 0.00035794234239670337 -0.005560854181066186 0.0032286046230768505
leaf_weight=691 174 329 108 91 278 152 71 327 114 90 19263 272 2584 247 151 172 574 123 233 778 502
leaf_count=691 174 329 108 91 278 152 71 327 114 90 19263 272 2584 247 151 172 574 123 233 778 502
internal_value=0.000384621 -0.00186569 0.000513277 0.00156735 0.00256696 0.00163203 -0.00729372 -0.00495929 -0.000697446 -0.00502668 0.000138637 0.00125714 0.000929065 -0.00121153 0.000656297 -0.0053192 0.00263362 0.00464919 0.00711789 0.00171575 0.00239971
internal_weight=27324 1474 25850 902 811 6479 572 398 482 204 19371 5788 5280 1416 972 444 725 508 356 3864 3086
internal_count=27324 1474 25850 902 811 6479 572 398 482 204 19371 5788 5280 1416 972 444 725 508 356 3864 3086
is_linear=0
shrinkage=0.0215534


Tree=198
num_leaves=22
num_cat=0
split_feature=124 56 89 63 0 102 125 100 102 108 63 101 131 130 26 22 72 29 32 22 41
split_gain=16.5419 55.0216 23.9884 16.644 27.24 15.4584 17.7809 15.002 17.6652 14.6382 14.5142 14.4466 20.0952 13.5791 18.0841 25.0764 23.0618 28.19 24.5435 23.3227 18.5388
threshold=29.500000000000004 3504.0000000000005 4500.0000000000009 4750.0000000000009 10.000000000000002 -747.10768275942416 22.500000000000004 -1.0000000180025095e-35 159.45155453822375 -0.28174603174603169 -1.0000000180025095e-35 52.766712522387031 -0.24999999999999994 -0.93301270189221919 11.500000000000002 851.63062725244981 26500.000000000004 27366.666666666668 1755.9358788538641 2.1380927788529918 3750.0000000000005
decision_type=2 10 10 10 2 2 2 2 2 10 10 2 2 2 2 10 10 2 2 10 2
left_child=2 11 5 4 -3 6 10 -6 -9 -4 -1 12 -2 -7 15 -15 18 19 -16 -18 -19
right_child=1 3 9 -5 7 13 -8 8 -10 -11 -12 -13 -14 14 16 -17 17 20 -20 -21 -22
leaf_value=1.4103600319450582e-05 -2.03472772130145e-06 0.0004898027918783614 85.983064271845535 -0.051244397739373504 6.085733327464832e-05 0.00021276834444905856 0.0031786488030714354 -0.00022887052513341933 0.004501452951924504 6.2655841055932827e-05 0.0088211843276727719 8.4440312588644325e-05 -3.5884105589634046e-05 0.0011220022991588286 0.00055808334709475638 -0.0069156334865831236 -4.321217149870956e-05 1.4359038854106082e-05 0.00015517682870053154 -6.946624026058751e-05 -0.34738071534598897
leaf_weight=367 259 329 150 91 278 508 234 114 90 19221 90 76 237 1282 170 388 112 1912 1073 239 104
leaf_count=367 259 329 150 91 278 508 234 114 90 19221 90 76 237 1282 170 388 112 1912 1073 239 104
internal_value=0.000383044 -0.00183645 0.000509942 0.00147178 0.00246067 0.00164534 0.00469678 -0.000786861 -0.00523789 0.000129736 0.00219732 -0.00706768 -0.00841108 0.00127948 0.000953557 0.00280823 9.31384e-05 -0.00115275 0.00247246 -0.00678954 -0.000166777
internal_weight=27324 1474 25850 902 811 6479 691 482 204 19371 457 572 496 5788 5280 1670 3610 2367 1243 351 2016
internal_count=27324 1474 25850 902 811 6479 691 482 204 19371 457 572 496 5788 5280 1670 3610 2367 1243 351 2016
is_linear=0
shrinkage=0.0215534


Tree=199
num_leaves=22
num_cat=0
split_feature=77 82 84 80 111 5 11 28 32 53 124 56 0 127 37 66 54 97 29 99 92
split_gain=13.0507 13.9087 11.1426 33.2544 21.8136 24.6489 17.3915 17.3132 21.8819 13.8578 29.3303 39.1447 14.7231 14.7218 14.3315 16.9862 12.5137 13.161 13.3553 13.8387 12.9883
threshold=82500.000000000015 100625.00000000001 85500.000000000015 92500.000000000015 -0.04257246376811593 97500.000000000015 112500.00000000001 112500.00000000001 15234.128064810238 5062.9201007730308 29.500000000000004 3504.0000000000005 21.000000000000004 203.50000000000003 4004.0000000000005 1.0000000180025095e-35 22248.945391070771 79017.344759043612 76083.333333333343 76698.653498218497 8757.5000000000018
decision_type=10 10 8 8 10 8 8 2 2 10 2 10 2 2 2 2 8 2 2 2 10
left_child=2 -2 9 -4 6 -6 -5 8 -7 10 -1 12 13 -12 15 -13 17 20 -19 -20 -11
right_child=1 -3 3 4 5 7 -8 -9 -10 16 11 14 -14 -15 -16 -17 -18 18 19 -21 -22
leaf_value=0.00011460107333517332 -107.77646006846979 29.232252017742635 12.580245449298213 20.813301850378917 -85.930906439198495 25.527513672569757 -1.9063320803714356 -106.95401826718893 -123.32713396991899 -0.00858805665578854 -5.8736871707145714e-06 -7.2370199807483222e-05 -1.3789434327952003e-05 1.4117551614266333e-07 0.0049055854572924605 0.00028669102651342703 30.366602804230038 -91.886026023696971 -58.904401771857572 42.886751508597627 0.012446362635050091
leaf_weight=12504 103 72 296 241 227 199 147 120 92 6995 111 315 270 190 79 177 74 141 72 76 4823
leaf_count=12504 103 72 296 241 227 199 147 120 92 6995 111 315 270 190 79 177 74 141 72 76 4823
internal_value=0.000372 -0.00548992 0.000410123 0.00234103 0.000495727 -0.00194559 0.00453172 0.0011849 0.00404266 0.000310944 0.000782777 -0.00252126 -0.00651395 -0.00319258 0.00145678 7.00908e-05 -0.00021693 -0.000271663 -0.00481616 -0.000232894 -0.000159762
internal_weight=27324 175 27149 1322 1026 638 388 411 291 25827 13646 1142 571 301 571 492 12181 12107 289 148 11818
internal_count=27324 175 27149 1322 1026 638 388 411 291 25827 13646 1142 571 301 571 492 12181 12107 289 148 11818
is_linear=0
shrinkage=0.0215534


Tree=200
num_leaves=22
num_cat=0
split_feature=38 124 56 89 0 62 53 59 99 43 102 125 9 96 6 102 94 10 127 112 40
split_gain=13.4795 13.1632 41.2569 21.4515 17.5756 18.1224 17.4905 20.9716 16.412 16.2098 14.7503 16.4727 14.3667 14.0544 13.2943 12.7678 28.9975 17.841 19.2471 18.3084 17.1148
threshold=-20583.333333333328 29.500000000000004 3504.0000000000005 4500.0000000000009 10.000000000000002 2250.0000000000005 6773.6914550000793 10004.000000000002 11179.805379353938 0.54166666666666685 -747.10768275942416 22.500000000000004 24500.000000000004 20234.558328931824 27350.000000000004 -17.042920187759588 0.091007148657217735 26500.000000000004 102.50000000000001 -0.03390804597701149 1850.0000000000002
decision_type=2 2 10 10 2 10 10 10 2 2 2 2 10 2 10 2 10 10 2 10 2
left_child=-1 3 -3 10 5 -4 7 9 -5 -6 11 -2 -10 -14 -11 17 -17 -12 -19 20 -20
right_child=1 2 4 8 6 -7 -8 -9 12 14 15 -13 13 -15 -16 16 -18 18 19 -21 -22
leaf_value=133.52456116826176 0.00016954365187962447 -7.473769626596739e-06 0.00044126698505355983 0.84749730301289083 5.3920697075941368e-05 -0.0050150569322029454 -1.9838588279241625 0.0051127104758765139 -0.0088862402293454108 -0.00021770706025935258 0.00018100133279086043 0.0031076681535036066 0.53574771553706368 0.00054018994315715334 -6.3128071908533038e-05 0.00021297742670339689 -0.46701998500024727 0.0002569895287827467 4.4781730967879816e-05 -5.7898680700992243e-05 -0.059871684980377975
leaf_weight=133 457 572 289 119 131 74 82 149 3367 88 1117 234 71 15694 77 2993 97 446 480 543 111
leaf_count=133 457 572 289 119 131 74 82 149 3367 88 1117 234 71 15694 77 2993 97 446 480 543 111
internal_value=0.000376733 0.000342906 -0.00164514 0.000456214 0.00124948 0.0049031 -0.00125126 0.000416458 9.47178e-05 -0.00288254 0.00152914 0.00450966 4.46119e-05 0.000318001 -0.00738901 0.00117169 0.0021176 8.47103e-05 -0.00138588 -0.00288114 -0.000240667
internal_weight=27324 27191 1462 25729 890 363 527 445 19251 296 6478 691 19132 15765 165 5787 3090 2697 1580 1134 591
internal_count=27324 27191 1462 25729 890 363 527 445 19251 296 6478 691 19132 15765 165 5787 3090 2697 1580 1134 591
is_linear=0
shrinkage=0.0215534


Tree=201
num_leaves=22
num_cat=0
split_feature=38 28 80 29 77 82 11 38 107 61 47 92 60 88 39 22 23 92 50 50 77
split_gain=11.125 11.9912 16.1319 13.1775 16.7883 15.406 26.9511 22.3904 21.0837 19.4889 13.8393 12.6309 11.6112 13.8267 36.298 19.8287 19.0471 18.6238 20.048 17.59 21.4458
threshold=-22333.333333333332 112500.00000000001 127500.00000000001 102916.66666666667 82500.000000000015 89375.000000000015 112500.00000000001 20833.333333333336 18500.000000000004 -11249.999999999998 61250.000000000007 17375.000000000004 -497.99999999999994 750.00000000000011 1.0568733153638816 937.61446187645481 2150.9153357610708 7626.0000000000009 74250.000000000015 28250.000000000004 29500.000000000004
decision_type=2 2 10 2 10 10 8 2 10 8 8 10 10 8 2 10 10 10 10 8 10
left_child=-1 3 -3 4 5 7 8 9 -7 10 -2 -10 -11 14 19 -15 -16 -17 -19 -14 -21
right_child=1 2 -4 -5 -6 6 -8 -9 11 12 -12 -13 13 15 16 17 -18 18 -20 20 -22
leaf_value=169.7634221033392 0.067793027909489836 11.199841002441527 -239.12576361697145 15.746589652582076 -114.3303838843171 27.232691443920121 -79.929913428386314 -385.07762416477698 -14.071616377123998 0.00053531432398654663 -93.364659997821406 21.942769952121672 -1.8060114698076432e-05 0.00016515280564518065 0.00034852194799181121 -0.0014576831319705844 -0.0034679799916146731 0.064380197964814326 -9.123256605714591 4.2477849008304801e-05 -0.0025692833114373845
leaf_weight=87 97 74 99 199 107 137 84 74 83 4707 130 138 1052 3639 798 8302 349 4292 622 621 1633
leaf_count=87 97 74 99 199 107 137 84 74 83 4707 130 138 1052 3639 798 8302 349 4292 622 621 1633
internal_value=0.000372 0.000347075 -0.00530433 0.000383538 0.000342254 0.000376647 0.00436821 0.000309262 0.00695776 0.000342987 -0.0059412 0.00278802 0.000398175 0.000183691 -0.000883801 0.000466231 0.00241633 7.76286e-05 0.00112984 -0.00203141 -0.000952363
internal_weight=27324 27237 173 27064 26865 26758 442 26316 358 26242 227 221 26015 21308 4453 16855 1147 13216 4914 3306 2254
internal_count=27324 27237 173 27064 26865 26758 442 26316 358 26242 227 221 26015 21308 4453 16855 1147 13216 4914 3306 2254
is_linear=0
shrinkage=0.0215534


Tree=202
num_leaves=22
num_cat=0
split_feature=77 51 94 125 99 34 125 50 9 100 35 120 110 41 74 45 54 30 125 64 53
split_gain=12.462 25.4225 14.8241 12.934 12.8494 25.8563 22.2433 18.307 19.7422 17.8198 17.2093 15.4378 14.7275 13.6514 13.2516 18.594 21.9002 18.2701 17.0235 20.7924 16.8594
threshold=77500.000000000015 91000.000000000015 0.10157103147358763 15.500000000000002 72293.934372925301 14875.000000000002 14.500000000000002 73500.000000000015 75500.000000000015 -5225.3434313645002 0.10552051707913418 0.13392857142857145 -0.37171052631578944 14470.000000000002 63500.000000000007 64500.000000000007 19375.645180309199 57000.000000000007 20.500000000000004 0.1731634182908546 13419.512796399666
decision_type=10 8 10 2 2 2 2 10 10 2 2 10 8 2 10 10 10 2 2 8 10
left_child=4 -2 3 -3 7 -6 9 12 10 -7 -9 13 -1 -8 15 16 -14 20 19 -19 -17
right_child=1 2 -4 -5 5 6 11 8 -10 -11 -12 -13 14 -15 -16 17 -18 18 -20 -21 -22
leaf_value=63.59643391883872 -160.99314011975599 0.73073516913041803 19.03174805780737 -269.17240623287586 4.9602744815443689 61.566269496920235 -94.859052679961195 3.0583006271759641 4.0767636224153421 1.9250595699556061 -100.74886021991492 -161.90788097596419 3.0599292828347646e-05 13.427771610189312 -0.044239202828453061 12.340321626262842 80.343450606682424 0.64220499741168657 -2.9293238270551374 140.08338393430745 -2.2424271648817085
leaf_weight=88 130 164 92 71 1078 87 134 88 143 309 247 202 21411 82 1931 327 85 277 187 94 97
leaf_count=88 130 164 92 71 1078 87 134 88 143 309 247 202 21411 82 1931 327 85 277 187 94 97
internal_value=0.000386199 -0.00314036 3.95546e-05 -0.00280535 0.000446517 0.00215978 -0.00073072 0.000316374 -0.00385897 0.0029166 -0.00672781 -0.00420656 0.000398213 -0.00015961 0.000366094 0.000513566 0.000380612 0.00341484 0.000834186 0.00351964 0.00678976
internal_weight=27324 457 327 235 26867 1892 814 24975 478 396 335 418 24497 216 24409 22478 21496 982 558 371 424
internal_count=27324 457 327 235 26867 1892 814 24975 478 396 335 418 24497 216 24409 22478 21496 982 558 371 424
is_linear=0
shrinkage=0.0215534


Tree=203
num_leaves=22
num_cat=0
split_feature=124 53 89 38 73 95 45 130 95 112 38 83 49 34 94 59 111 124 112 28 29
split_gain=15.7015 53.0278 18.9815 20.1193 28.1172 23.6721 29.0425 22.5518 33.521 23.269 17.5264 14.9219 14.4329 14.4335 13.8477 19.4696 18.7406 13.0019 12.6564 20.8316 19.3305
threshold=36.500000000000007 1372.3324886684848 4500.0000000000009 -6583.3333333333312 32500.000000000004 0.017278467139375597 28252.000000000004 -0.6830127018922193 0.03157413822917509 -0.12310606060606059 875.00000000000193 28125.000000000004 11667.333333333334 962.50000000000011 0.015232893245910787 4500.0000000000009 -0.03390804597701149 56.500000000000007 1.2111111111111115 112500.00000000001 102916.66666666667
decision_type=2 10 10 2 10 8 8 2 10 8 2 10 10 2 10 8 8 2 10 2 2
left_child=2 10 3 -1 5 6 14 8 -7 -9 -2 -8 -10 -14 15 -5 -16 -3 19 20 -4
right_child=1 17 18 4 -6 7 11 9 12 -11 -12 -13 13 -15 16 -17 -18 -19 -20 -21 -22
leaf_value=-0.34054441879861397 -5.4474675885563995e-06 1.2236762807294561e-06 1.3952306528114582e-05 -1.8635866129766511e-05 0.0064320186771260482 0.00036756862919739918 0.0015009445936351039 0.0035989056793712059 -0.00028960446049095353 5.1136994593066597e-05 -0.00097994685718814293 2.1484353295134375e-05 -0.00041849424839124973 0.00079616616925648194 -0.00067100303423113473 3.8935765293305793e-06 0.00018532246759407899 0.0004204898744908548 17.72259992433375 -215.42197041838457 19.719804597540733
leaf_weight=98 339 412 18794 460 383 384 90 324 260 3603 77 598 79 267 80 223 126 150 263 115 199
leaf_count=98 339 412 18794 460 383 384 90 324 260 3603 77 598 79 267 80 223 126 150 263 115 199
internal_value=0.000353069 -0.002327 0.000452893 0.0014171 0.00155638 0.00122003 -0.00107419 0.00195761 0.00486753 0.00122171 -0.00816346 0.00224274 0.0016927 0.00458345 -0.00365082 -0.00513041 0.00121313 0.00197858 0.000105258 4.01561e-05 9.60044e-05
internal_weight=27324 978 26346 6975 6877 6494 1577 4917 990 3927 416 688 606 346 889 683 206 562 19371 19108 18993
internal_count=27324 978 26346 6975 6877 6494 1577 4917 990 3927 416 688 606 346 889 683 206 562 19371 19108 18993
is_linear=0
shrinkage=0.0215534


Tree=204
num_leaves=22
num_cat=0
split_feature=110 131 63 0 11 46 54 93 41 48 98 125 80 26 100 9 92 13 50 77 55
split_gain=10.9466 10.873 21.4711 17.491 22.5857 21.6398 16.8033 18.4625 29.1188 18.0118 21.6326 15.9778 16.3772 15.21 20.0075 16.7711 14.8345 16.8353 14.6857 14.7863 14.118
threshold=-0.44097222222222215 -0.68301270189221952 9500.0000000000018 33.000000000000007 62500.000000000007 10250.000000000002 865.54360876699582 0.066973534418046418 4996.0000000000009 44000.000000000007 50556.887911617312 23.500000000000004 28504.000000000004 31.500000000000004 -15.648125955303838 15004.000000000002 8757.5000000000018 78833.333333333343 22583.333333333339 39000.000000000007 5399.0720090734949
decision_type=8 2 10 2 10 10 10 10 2 10 2 2 10 2 2 10 10 10 10 10 10
left_child=-1 2 3 5 13 -2 11 9 -9 10 -8 12 -7 14 -5 -16 20 -18 -10 -20 -11
right_child=1 -3 -4 4 -6 6 7 8 18 16 -12 -13 -14 -15 15 -17 17 -19 19 -21 -22
leaf_value=113.76956953381138 0.35562714988801436 0.00011048440756133622 7.0777734172814348 0.0023793528964037359 -73.569724194685222 -7.3641391215700831e-06 0.00021196473904528334 -1.5772431876066648 -0.035670987218844583 0.0055964166787569923 2.2785057699476297 -7.6639316664284132e-05 3.6359951959151144e-05 -0.061881988527843081 -21.182073552259915 -0.00021076002416832703 0.073406973215227461 -88.908230753939264 4.3729472137114707 -0.015881956048820992 -0.029230110591346899
leaf_weight=74 96 19639 362 827 147 270 1470 447 103 226 83 164 221 635 126 643 473 71 209 446 592
leaf_count=74 96 19639 362 827 147 270 1470 447 103 226 83 164 221 635 126 643 473 71 209 446 592
internal_value=0.00033256 0.000309735 -0.000381166 -0.00063806 -0.00215344 0.000100001 -0.000102011 0.000405948 -0.00183502 0.0013353 0.00292264 -0.00330984 -0.00134298 -0.00160943 -0.000480738 -0.00298738 -0.000468384 0.00228171 0.000727836 0.001928 -0.00230789
internal_weight=27324 27250 7611 7249 2378 4871 4775 4120 1205 2915 1553 655 491 2231 1596 769 1362 544 758 655 818
internal_count=27324 27250 7611 7249 2378 4871 4775 4120 1205 2915 1553 655 491 2231 1596 769 1362 544 758 655 818
is_linear=0
shrinkage=0.0215534


Tree=205
num_leaves=22
num_cat=0
split_feature=124 32 89 127 131 32 35 35 38 26 28 51 124 99 16 55 127 20 92 75 47
split_gain=19.1182 59.1943 25.7828 14.7731 21.7302 13.5501 12.7832 20.4607 16.7479 18.5332 28.9898 25.4409 34.3069 19.3929 23.2536 20.3502 33.9488 21.0297 18.7364 17.459 17.0287
threshold=29.500000000000004 983.1920802501752 4500.0000000000009 334.50000000000006 -0.24999999999999994 764.22220229521076 0.19707872204057059 0.19982158630167599 -13333.33333333333 5.5000000000000009 112500.00000000001 45000.666666666679 8.5000000000000018 72293.934372925301 69188.596491228091 12533.27798417843 98.500000000000014 101250.00000000001 28375.000000000004 59000.000000000007 73750.000000000015
decision_type=2 2 10 2 2 2 2 2 2 2 2 8 2 2 10 10 2 10 10 10 10
left_child=2 3 -1 4 5 -2 8 -8 -4 11 13 12 -10 14 18 -15 17 -17 -11 -16 -13
right_child=1 -3 6 -5 -6 -7 7 -9 9 10 -12 20 -14 15 19 16 -18 -19 -20 -21 -22
leaf_value=0.00011345667211339882 3.7091875468871896e-07 3.6104721395134484e-05 76.347103231858441 8.7914402053632224e-06 -3.6085071464024691e-05 -8.1422435755980077e-06 -22.956933789829012 -0.010884783113805137 -0.027010914926088165 0.00059137404268244989 -245.62645047630031 0.022784288843220236 -0.029412431987764706 10.301143651534755 1.9661301468133963 -0.50594852858043338 -144.69945331749696 23.239366209312116 -3.4256756450154602 -20.024095554007371 -65.419522640125365
leaf_weight=6479 88 996 330 74 160 156 131 4438 377 11187 86 747 133 886 79 181 121 76 147 248 204
leaf_count=6479 88 996 330 74 160 156 131 4438 377 11187 86 747 133 886 79 181 121 76 147 248 204
internal_value=0.000345181 -0.00204115 0.000481593 -0.00827694 -0.00989931 -0.00579232 8.74551e-05 -0.000908535 0.000395478 0.000285351 0.000544339 -0.00201506 -0.00589856 0.000628003 0.000352289 0.00316455 -0.00100329 0.00340363 0.000516486 -0.00531094 5.89266e-05
internal_weight=27324 1474 25850 478 404 244 19371 4569 14802 14472 13011 1461 510 12925 11661 1264 378 257 11334 327 951
internal_count=27324 1474 25850 478 404 244 19371 4569 14802 14472 13011 1461 510 12925 11661 1264 378 257 11334 327 951
is_linear=0
shrinkage=0.0215534


Tree=206
num_leaves=22
num_cat=0
split_feature=124 32 89 127 131 32 99 96 125 108 34 112 112 28 29 127 6 38 131 26 107
split_gain=18.6779 58.0427 23.782 14.4736 22.4989 12.8509 12.5635 16.2696 16.1344 13.9703 11.4831 11.4454 25.6088 20.5289 14.8911 11.0578 27.1171 16.0305 21.1684 22.3372 10.9659
threshold=29.500000000000004 983.1920802501752 4500.0000000000009 334.50000000000006 -0.24999999999999994 764.22220229521076 10826.82724826559 11999.880785130305 13.500000000000002 -0.32738095238095233 7375.0000000000009 1.4000800000000002 1.6157894736842107 112500.00000000001 102916.66666666667 76.500000000000014 19500.000000000004 1083.3333333333323 1.0000000180025095e-35 27.500000000000004 -3749.9999999999995
decision_type=2 2 10 2 2 2 2 2 2 10 2 10 10 2 2 2 10 2 2 2 8
left_child=2 3 10 4 5 -2 -4 8 -8 -9 20 13 -13 14 -11 -3 -17 -18 19 -19 -1
right_child=1 15 6 -5 -6 -7 7 9 -10 11 -12 12 -14 -15 -16 16 17 18 -20 -21 -22
leaf_value=0.0012334711793701486 3.6292420367292328e-07 -9.385205021595834e-05 1.7439851065207974 8.601954997792424e-06 -3.530731638671705e-05 -7.9667507464398273e-06 0.29114984093807272 124.41333538631154 -0.88811582350778662 5.6746075577676918e-05 0.018349630693269611 30.49527096604443 -15.680120330474445 -205.48482328918476 17.142170534754598 -0.00021508452535404265 3.4479479979469737e-05 0.00037051175443886659 0.017173043974623263 -1.9627446257178454e-05 8.641845364741431e-05
leaf_weight=146 88 265 73 74 160 156 98 93 169 18440 156 94 75 127 202 151 262 84 97 137 6177
leaf_count=146 88 265 73 74 160 156 98 93 169 18440 156 94 75 127 202 151 262 84 97 137 6177
internal_value=0.000346759 -0.00201191 0.000481593 -0.00818678 -0.00979263 -0.00561573 0.000103032 6.87992e-05 -0.00521285 0.000143379 0.00161207 0.000101974 0.00568472 5.12165e-05 0.00011053 0.000943413 0.00231719 0.0044437 0.00769716 0.00395781 0.00146778
internal_weight=27324 1474 25850 478 404 244 19371 19298 267 19031 6479 18938 169 18769 18642 996 731 580 318 221 6323
internal_count=27324 1474 25850 478 404 244 19371 19298 267 19031 6479 18938 169 18769 18642 996 731 580 318 221 6323
is_linear=0
shrinkage=0.0215534


Tree=207
num_leaves=22
num_cat=0
split_feature=95 55 45 102 89 94 130 31 31 96 40 50 42 42 32 28 28 127 109 77 45
split_gain=13.7435 42.261 42.5854 36.5779 28.7082 22.582 18.184 22.1935 17.3717 18.8348 17.9469 17.808 14.2107 13.0687 16.403 14.0448 16.0161 33.3447 15.7749 15.7554 13.5013
threshold=0.017278467139375597 1190.0526680445048 28252.000000000004 33.332224808542385 4500.0000000000009 0.015232893245910787 -0.93301270189221919 17500.000000000004 18500.000000000004 18015.541169858123 2250.0000000000005 22916.666666666668 1.575397763858102 -1.6329931618554514 4391.2296193777893 112500.00000000001 91250.000000000015 104.50000000000001 0.09232954545454547 54500.000000000007 112500.00000000001
decision_type=8 8 10 2 10 10 2 2 2 2 2 10 8 8 2 2 2 2 8 10 10
left_child=1 2 3 5 6 12 7 -2 -6 10 11 -10 -1 14 -11 16 -15 18 20 -17 -18
right_child=4 -3 -4 -5 8 -7 -8 -9 9 13 -12 -13 -14 15 -16 19 17 -19 -20 -21 -22
leaf_value=-1.3590412958613936e-05 0.00011185181005247936 0.0002282103378006115 1.3047860413627401e-05 0.00014709215661216904 0.0028653158658427311 -8.8918642138383297e-06 0.00013307456379953742 0.00034395144439966729 0.00071562804879830497 -0.20788196455651159 -0.4284480526212478 -0.71208382951015181 -0.0010214802094617155 0.00011816986367153259 76.56720756122526 7.5687076586994619 144.11199479393258 -215.54563341557375 -0.15439968058347972 -235.9034800243335 5.4888719744590606
leaf_weight=542 216 1357 679 150 361 125 4642 175 731 123 366 71 75 16801 219 78 230 102 115 92 74
leaf_count=542 216 1357 679 150 361 125 4642 175 731 123 366 71 75 16801 219 78 230 102 115 92 74
internal_value=0.000337293 -0.00105702 -0.00346534 -0.00656193 0.000504995 -0.00852725 0.00195531 0.00642579 0.000127563 3.81116e-05 -0.00261276 -0.000795395 -0.0102196 0.000212221 0.00438503 0.000130118 0.00019112 0.00391279 0.00661362 -0.00603143 0.00918554
internal_weight=27324 2928 1571 892 24396 742 5033 391 19363 19002 1168 802 617 17834 342 17492 17322 521 419 170 304
internal_count=27324 2928 1571 892 24396 742 5033 391 19363 19002 1168 802 617 17834 342 17492 17322 521 419 170 304
is_linear=0
shrinkage=0.0215534


Tree=208
num_leaves=22
num_cat=0
split_feature=77 33 88 10 48 75 96 18 26 88 69 35 28 40 0 127 55 63 111 118 35
split_gain=14.2624 19.4167 20.2249 19.1389 12.5179 22.3741 13.2856 18.406 15.1426 12.0712 28.5536 27.5156 18.9793 18.9569 28.3984 30.7943 30.7672 29.8453 25.1308 21.6254 21.1853
threshold=77500.000000000015 44500.000000000007 29000.000000000004 97500.000000000015 14750.000000000002 16500.000000000004 11999.880785130305 13500.000000000002 10.500000000000002 750.00000000000011 -165.99999999999997 0.026083061789122244 27425.000000000004 2250.0000000000005 13.000000000000002 352.50000000000006 18949.448222757263 4750.0000000000009 0.21980676328502416 1.0000000180025095e-35 0.11780381037356698
decision_type=10 2 10 8 10 10 2 8 2 10 10 2 2 2 2 2 8 10 8 10 2
left_child=4 2 3 -2 5 -1 -6 8 -8 10 -9 12 -12 -11 16 18 -15 -17 20 -20 -16
right_child=1 -3 -4 -5 6 -7 7 9 -10 13 11 -13 -14 14 15 17 -18 -19 19 -21 -22
leaf_value=0.00031820876155211157 -135.41177283890474 -202.08097351430263 21.614239233514695 0.95988963922724235 -0.1675751653853067 0.48828794291855154 -0.0062389769137901948 0.00019501700159748161 1.6650730605547104 0.00026444518453685653 -3.0684090690388365e-05 -1.0723277047021586e-05 -9.7694074955127385e-06 0.0012303119275239238 0.0030989309089494445 0.0012509761892764868 5.8483503649237933 206.03003351811694 0.19955406155140251 -32.922807384189099 -0.015050545973394466
leaf_weight=1271 104 99 108 146 201 93 98 1364 152 7837 217 2948 393 4620 1488 189 156 85 161 1321 4273
leaf_count=1271 104 99 108 146 201 93 98 1364 152 7837 217 2948 393 4620 1488 189 156 85 161 1321 4273
internal_value=0.000349914 -0.00342328 -0.00105933 -0.00444686 0.000414428 0.00242695 0.000306444 0.000350618 0.00617044 0.000292172 -0.000663842 -0.00168158 -0.00585026 0.000526358 -1.05249e-06 -0.000827488 0.00129787 0.00625922 -0.00109685 -0.00360072 -0.000451189
internal_weight=27324 457 358 250 26867 1364 25503 25302 250 25052 4922 3558 610 20130 12293 7517 4776 274 7243 1482 5761
internal_count=27324 457 358 250 26867 1364 25503 25302 250 25052 4922 3558 610 20130 12293 7517 4776 274 7243 1482 5761
is_linear=0
shrinkage=0.0215534


Tree=209
num_leaves=22
num_cat=0
split_feature=77 51 82 54 22 52 23 54 54 130 51 33 23 51 69 5 131 117 39 23 101
split_gain=13.8761 24.2415 15.5507 14.0624 13.0877 26.6956 40.6865 26.458 25.121 19.7808 19.4869 16.886 29.3036 14.0792 14.0095 15.5658 13.9065 18.1306 17.6516 20.982 13.7442
threshold=77500.000000000015 91000.000000000015 88125.000000000015 13419.512796399666 414.94265590982377 865.54360876699582 504.00693299373989 4133.1984307908233 4781.8646300913342 -0.6830127018922193 72833.333333333358 36500.000000000007 5477.200489662956 29583.333333333339 834.00000000000011 9500.0000000000018 0.6830127018922193 250.00000000000003 1.218451749734889 2281.6106430406658 38.764756275184489
decision_type=10 8 10 8 8 10 10 10 10 2 10 2 10 8 10 10 2 8 2 10 2
left_child=4 -2 -3 -4 5 6 9 -6 -9 -1 11 12 14 20 15 -7 -17 18 19 -18 -11
right_child=1 2 3 -5 7 10 -8 8 -10 13 -12 -13 -14 -15 -16 16 17 -19 -20 -21 -22
leaf_value=-2.4759783988814628e-05 -153.5512844713258 13.615547380331742 1.3263404514975201 -95.919706378332663 0.00032179734480715155 -0.0099666034364703053 4.335760000135286e-05 -0.017211867351250049 0.0023378350134963858 -1.5466472704588818e-05 15.837733841490371 9.7676479437599966 -0.20688100069191193 0.0001144866801267499 -0.0080703236581891654 0.00017126116579205898 -5.2812074237645845e-05 0.013739272133384215 0.016825064522192415 -0.030639127176636374 0.00010235644142564821
leaf_weight=293 130 96 149 82 7191 249 571 1400 12256 390 76 120 259 159 333 2430 664 135 103 145 93
leaf_count=293 130 96 149 82 7191 249 571 1400 12256 390 76 120 259 159 333 2430 664 135 103 145 93
internal_value=0.000392509 -0.00332897 -0.000171339 -0.00322697 0.000456144 -0.000428197 -0.00291367 0.000711929 0.000154042 -0.00568396 0.000399164 0.000211742 -7.9877e-06 -0.00354468 0.000438598 0.000819077 0.00119386 -0.000876879 -0.00197552 -0.0030528 -0.00538055
internal_weight=27324 457 327 231 26867 6020 1506 20847 13656 935 4514 4438 4318 642 4059 3726 3477 1047 912 809 483
internal_count=27324 457 327 231 26867 6020 1506 20847 13656 935 4514 4438 4318 642 4059 3726 3477 1047 912 809 483
is_linear=0
shrinkage=0.0215534


Tree=210
num_leaves=22
num_cat=0
split_feature=95 55 50 102 53 42 120 62 131 110 42 64 26 28 35 101 47 102 21 0 42
split_gain=12.9402 38.0797 37.3408 35.9205 28.3024 21.2326 13.971 13.2022 35.3554 24.2783 15.482 15.5764 14.4128 12.8182 13.5892 22.7365 17.947 29.4055 16.6467 16.501 16.6082
threshold=0.017278467139375597 1217.9025065152932 28750.000000000004 33.332224808542385 4035.2607187858589 1.575397763858102 1.0000000180025095e-35 12000.000000000002 0.6830127018922193 0.2752525252525253 -0.78958489369386708 0.23669467787114848 1.5000000000000002 112500.00000000001 0.19707872204057059 1001.5349825591712 69500.000000000015 -4874.720562504549 17008.401285415126 13.000000000000002 -0.63883268814476368
decision_type=8 8 10 2 10 8 10 8 2 10 10 10 2 2 2 2 8 2 10 2 10
left_child=1 2 3 5 -2 6 -1 12 9 -9 -10 -12 -6 14 18 16 17 19 -14 -16 -21
right_child=4 -3 -4 -5 7 -7 -8 8 10 -11 11 -13 13 -15 15 -17 -18 -19 -20 20 -22
leaf_value=-1.4372228244641443e-05 0.00020824326298517212 0.00028335029110030394 2.1109641871400446e-05 0.0001312863191223683 -1.6462946781089649 -0.0009986990837273042 9.603222071782489e-07 63.512758093333865 164.66534504437917 -33.614465378028022 -1.4610130386091453 125.09531741122191 0.00074707851395529323 -170.56226651970906 4.0052037121124409 -28.60733593233163 -21.609064823853622 -0.0034782211403075834 26.561663360361738 100.86988836728788 -0.18425028508159053
leaf_weight=600 7847 1316 638 180 196 77 117 199 90 174 154 220 11604 78 100 1029 538 1864 83 113 107
leaf_count=600 7847 1316 638 180 196 77 117 199 90 174 154 220 11604 78 100 1029 538 1864 83 113 107
internal_value=0.00039882 -0.000953971 -0.00317666 -0.00583254 0.000561538 -0.00780601 -0.00663043 5.54822e-05 0.00269321 -0.00222987 0.00666897 0.00470131 -8.45014e-05 -1.05575e-05 3.29487e-05 -0.00109517 -6.01785e-05 0.000805257 0.000395766 0.00684107 0.00348617
internal_weight=27324 2928 1612 974 24396 794 717 16549 837 373 464 374 15712 15516 15438 3751 2722 2184 11687 320 220
internal_count=27324 2928 1612 974 24396 794 717 16549 837 373 464 374 15712 15516 15438 3751 2722 2184 11687 320 220
is_linear=0
shrinkage=0.0215534


Tree=211
num_leaves=22
num_cat=0
split_feature=124 56 53 32 35 101 55 96 35 25 54 51 105 42 109 65 42 9 69 51 42
split_gain=19.5387 42.3079 19.9422 16.1071 17.3335 14.5569 11.9581 18.6379 11.9132 18.6383 30.5013 31.0888 14.3473 13.5034 12.4981 12.099 11.6984 11.4737 11.4471 11.4533 14.0624
threshold=29.500000000000004 3504.0000000000005 5120.2190213748117 2735.5664958908624 0.10726071190569041 52.766712522387031 6508.9500405774552 19999.999999979995 0.10552051707913418 2.5000000000000004 12662.273100947275 46500.000000000007 -8499.9999999999982 -1.7712297710801908 0.42261904761904767 0.25000000000000006 1.1185554249647573 43500.000000000007 3816.6666666666674 54000.000000000007 0.47673129462279623
decision_type=2 10 10 2 2 2 10 2 2 2 10 10 10 10 10 2 8 10 10 10 10
left_child=2 5 -1 -3 -5 16 7 -6 9 10 11 -4 -11 -10 18 -13 -2 -16 -15 -20 -21
right_child=1 3 8 4 6 -7 -8 -9 13 12 -12 15 -14 14 17 -17 -18 -19 19 20 -22
leaf_value=0.00017185843236091776 -6.6848842555162483e-06 0.0046866620283939203 -0.026979951680162224 -0.00088576569732889878 -7.230439257950664e-05 0.00010417496203500653 -0.58806418984621678 0.0005843688867770429 95.796806334432617 4.3913474650545314 -72.238113570361094 189.46037315331205 -0.010645133479585865 -0.0067737631245851637 -88.932976613899783 129.71731588816778 -0.00091747000130121964 -15.621432578566218 45.889678316811505 11.510700073753304 -75.532912464217176
leaf_weight=12703 420 75 84 150 122 76 120 435 90 205 77 180 1370 10429 76 108 76 102 187 164 75
leaf_count=12703 420 75 84 150 122 76 120 435 90 205 77 180 1370 10429 76 108 76 102 187 164 75
internal_value=0.000458769 -0.00195342 0.000596655 0.000946148 6.77609e-05 -0.00654024 0.00154704 0.00288617 7.54173e-06 0.00152911 0.00540395 0.0079703 0.000418729 -0.000268568 -0.000337178 0.0113415 -0.00788973 -0.00600254 -0.000243429 0.00321709 5.41126e-05
internal_weight=27324 1474 25850 902 827 572 677 557 13147 2024 449 372 1575 11123 11033 288 496 178 10855 426 239
internal_count=27324 1474 25850 902 827 572 677 557 13147 2024 449 372 1575 11123 11033 288 496 178 10855 426 239
is_linear=0
shrinkage=0.0215534


Tree=212
num_leaves=22
num_cat=0
split_feature=95 55 102 44 53 94 130 15 62 24 62 61 1 50 55 64 101 95 21 12 100
split_gain=17.2363 42.6551 36.537 37.4802 23.9475 18.8011 16.0913 15.5934 14.0135 13.7859 15.1677 12.4791 25.7046 26.3222 12.8528 14.5372 12.4034 11.3163 10.7087 11.5553 15.4356
threshold=0.017278467139375597 1217.9025065152932 33.332224808542385 28750.000000000004 5120.2190213748117 0.015232893245910787 -0.6830127018922193 29892.857142857149 425.00000000000006 2.5000000000000004 5750.0000000000009 5750.0000000000009 9.0000000000000018 80250.000000000015 9755.2057704550989 0.19615384615384621 -213.80050261722678 0.02025362611704189 19518.001458970662 112500.00000000001 -2794.4581954945347
decision_type=8 8 2 10 10 10 2 10 10 2 10 10 2 10 10 10 2 8 10 10 2
left_child=1 2 3 5 9 -1 -5 -4 -9 17 -11 18 -13 14 15 -14 -8 -2 19 -6 -21
right_child=4 -3 7 6 11 -7 16 8 -10 10 -12 12 13 -15 -16 -17 -18 -19 -20 20 -22
leaf_value=-1.8121415530931564e-05 0.00020303183652135495 0.00027610254576082555 0.00022268126982057505 -1.3898063751546259e-05 -0.0029367434722704058 -2.8747518634630662e-05 0.0017835310373263402 3.1591602398334648e-05 -0.0091172177343969412 0.00033047924257496283 85.323260708085158 -2.4530077884819597 2.8786761818310294 -8.871565025916901 -0.015222715678449275 160.75097306429277 -1.1971786052580263e-05 2.6133949833478887e-05 32.298192076507426 5.6201481845138126 -107.62466181801037
leaf_weight=666 245 1316 244 75 11829 130 98 177 71 6264 186 291 174 153 95 254 151 4632 100 77 96
leaf_count=666 245 1316 244 75 11829 130 98 177 71 6264 186 291 174 153 95 254 151 4632 100 77 96
internal_value=0.000416174 -0.00114535 -0.00349753 -0.00564956 0.000603945 -0.00816543 0.000505436 0.00138405 -0.00239774 0.00132931 0.00198355 -2.40786e-05 0.00233118 0.00464159 0.00694686 0.00853879 0.00316684 0.00046226 -0.000213004 -0.000272244 -0.00580238
internal_weight=27324 2928 1612 1120 24396 796 324 492 248 11327 6450 13069 967 676 523 428 249 4877 12102 12002 173
internal_count=27324 2928 1612 1120 24396 796 324 492 248 11327 6450 13069 967 676 523 428 249 4877 12102 12002 173
is_linear=0
shrinkage=0.0215534


Tree=213
num_leaves=22
num_cat=0
split_feature=32 97 42 74 34 125 106 110 127 57 9 130 21 36 125 125 86 42 77 8 112
split_gain=16.7536 30.8173 23.7578 17.124 21.9732 24.8156 29.6515 20.1617 28.3556 21.0468 17.8479 16.3502 16.2774 13.2074 13.1267 18.6219 16.4063 24.2016 14.3588 16.565 12.6586
threshold=648.51779997311962 28211.687891927333 1.290994448735806 50004.000000000007 13625.000000000002 8.5000000000000018 -5003.9999999999991 0.12853773584905662 74.500000000000014 19500.000000000004 36500.000000000007 0.25000000000000011 7559.2894601844764 0.91666666666666685 12.500000000000002 6.5000000000000009 47750.000000000007 -1.202229259025428 66500.000000000015 61000.000000000007 -0.45773809523809517
decision_type=2 2 10 10 2 2 10 10 2 10 10 2 8 2 2 2 10 10 10 8 10
left_child=1 2 -1 -2 10 6 -6 8 -7 -10 11 -5 13 -12 15 -15 -16 -18 19 20 -19
right_child=3 -3 -4 4 5 7 -8 -9 9 -11 12 -13 -14 14 16 -17 17 18 -20 -21 -22
leaf_value=-1.3761999184720358e-05 0.00020219748545949245 9.385957464421593e-05 -0.00089473162819508586 -2.5216773005279496 17.99528968882991 4.6126167486388985 -38.781880891172385 -121.08071321003852 1.5818552327969231 -65.973637513773667 0.099186997665226484 -0.036188481795294707 8.9612827983443708 0.0022355424996011088 -7.090369253157645 -0.51407809203722443 96.34905550246782 3.1151864492349772 21.264346396671861 -1.6108489546184546 0.00073526053740362014
leaf_weight=925 19379 623 72 111 180 224 254 175 99 743 863 172 465 528 72 601 115 73 205 366 1079
leaf_count=925 19379 623 72 111 180 224 254 175 99 743 863 172 465 528 72 601 115 73 205 366 1079
internal_value=0.000400397 -0.00172417 -0.00407679 0.00053464 -0.000438218 -0.00255537 0.00186688 -0.00410888 -0.00298404 -0.00480159 0.0003226 -0.00491824 0.000664306 0.000207686 -0.000458147 -0.00230214 0.000627388 0.00102719 0.000382763 -0.000335067 0.000927917
internal_weight=27324 1620 997 25704 6325 1675 434 1241 1066 842 4650 283 4367 3902 3039 1129 1910 1838 1723 1518 1152
internal_count=27324 1620 997 25704 6325 1675 434 1241 1066 842 4650 283 4367 3902 3039 1129 1910 1838 1723 1518 1152
is_linear=0
shrinkage=0.0215534


Tree=214
num_leaves=22
num_cat=0
split_feature=95 59 50 102 77 91 82 25 18 94 29 26 120 120 16 14 91 50 0 32 32
split_gain=19.5403 49.9391 43.8203 33.1009 20.8426 28.9621 23.2998 27.6684 23.0011 20.5794 19.7643 19.2701 16.7019 15.8727 14.6912 25.1176 16.2114 13.9143 13.6569 17.3752 20.5751
threshold=0.015806482466554278 4500.0000000000009 28500.666666666668 33.332224808542385 31500.000000000004 9875.0000000000018 38250.000000000007 7.5000000000000009 53500.000000000007 0.15097027121928774 41250.000000000007 5.5000000000000009 1.0000000180025095e-35 0.20714285714285716 38333.466666666674 35642.857142857152 4874.0000000000009 44250.000000000007 10.000000000000002 2735.5664958908624 4464.6699308926954
decision_type=8 8 10 2 10 10 10 2 10 10 2 2 10 10 10 10 10 10 2 2 2
left_child=1 2 3 12 5 9 7 11 -7 14 -9 -6 -1 -11 15 -2 -16 -18 -3 -20 -21
right_child=4 18 -4 -5 6 8 -8 10 -10 13 -12 -13 -14 -15 16 -17 17 -19 19 20 -22
leaf_value=-2.0028148480733234e-05 0.00017316575049227247 0.00040869895376426948 1.5394814097988317e-06 0.00026917772104943137 -1.9746057457262514 49.794986751521797 0.0010103955454132093 -5.5340690032930448e-05 1.5951025413965827 -0.85609733712201597 -1.8975952464741526 0.00097387448660656495 -8.059503779765467e-07 0.21421527489908801 -0.58778740208426827 5.737135017959571 11.429868004977514 -1.1343926685645247 0.0042576763551317644 -0.00018267086052656717 0.0042547625194486426
leaf_weight=602 9824 482 618 90 91 336 12122 116 211 387 239 407 90 259 242 218 109 140 106 290 345
leaf_count=602 9824 482 618 90 91 336 12122 116 211 387 239 407 90 259 242 218 109 140 106 290 345
internal_value=0.00039882 -0.00136891 -0.00415027 -0.00753997 0.000586889 0.00124548 -7.6417e-06 -0.00345117 0.00609058 0.00100758 -0.00804839 -0.000155789 -0.0091433 -0.00272212 0.00123716 0.0014157 -0.00239629 0.00143634 0.00180801 -1.74583e-05 -0.00137785
internal_weight=27324 2623 1400 782 24701 11726 12975 853 547 11179 355 498 692 646 10533 10042 491 249 1223 741 635
internal_count=27324 2623 1400 782 24701 11726 12975 853 547 11179 355 498 692 646 10533 10042 491 249 1223 741 635
is_linear=0
shrinkage=0.0215534


Tree=215
num_leaves=22
num_cat=0
split_feature=95 55 49 120 23 42 110 111 46 131 4 48 125 53 113 32 62 110 131 28 49
split_gain=19.8666 43.086 46.5403 31.3758 22.1579 16.4925 15.3378 14.7631 15.2773 14.1986 19.4452 20.0395 16.2726 16.5754 13.1612 19.3094 14.051 27.7345 17.3936 13.4752 15.5734
threshold=0.017278467139375597 2050.3860715984461 28916.666666666668 1.0000000180025095e-35 723.973708800606 1.575397763858102 -0.063508064516129017 -0.059714795008912649 29750.000000000004 -0.68301270189221952 22400.000000000004 17250.000000000004 24.500000000000004 2946.7482647632378 3250.0000000000005 13419.512796399666 12000.000000000002 0.31265664160401008 0.6830127018922193 112500.00000000001 102916.66666666667
decision_type=8 8 10 10 8 8 10 8 10 2 8 10 2 10 10 2 10 10 2 2 10
left_child=1 2 3 5 6 -1 -2 -8 9 12 11 -11 13 -9 16 -16 19 -18 -19 20 -6
right_child=4 -3 -4 -5 14 -7 7 8 -10 10 -12 -13 -14 -15 15 -17 17 18 -20 -21 -22
leaf_value=-1.4635453749651435e-05 -0.0067827697878722181 0.00027239932352191281 2.8854525114715517e-05 6.7035296881506572e-05 0.00020277105893648536 -0.0010509364833144739 0.0099521216671296271 2.5012417033343507e-05 -0.010163760749238429 0.00051163060178815089 0.00042659589989704262 -0.018342720743638952 -0.023188822176351202 0.44016810598688433 -1.0341533127588389 -96.843208856134666 92.200870072333032 -14.257958990615913 57.605076255326445 -182.13054930298622 15.373671144407462
leaf_weight=693 113 1230 671 247 20044 87 103 262 127 268 536 94 102 75 1589 195 373 124 116 77 198
leaf_count=693 113 1230 671 247 20044 87 103 262 127 268 536 94 102 75 1589 195 373 124 116 77 198
internal_value=0.000354647 -0.00132202 -0.00354887 -0.00643391 0.000556237 -0.00855394 0.00294546 0.00350169 0.00293836 0.00362044 0.00517416 0.00128572 0.000422148 0.00272376 0.000379147 -0.00139655 0.000530904 0.0037475 -0.00193902 0.000433421 0.000468077
internal_weight=27324 2928 1698 1027 24396 780 1680 1567 1464 1337 898 362 439 337 22716 1784 20932 613 240 20319 20242
internal_count=27324 2928 1698 1027 24396 780 1680 1567 1464 1337 898 362 439 337 22716 1784 20932 613 240 20319 20242
is_linear=0
shrinkage=0.0215534


Tree=216
num_leaves=22
num_cat=0
split_feature=124 35 0 53 11 35 51 14 130 103 0 38 12 38 111 77 51 84 83 74 40
split_gain=21.7984 58.6385 18.631 18.5012 14.825 17.2191 14.1519 26.8678 16.6105 13.6305 19.1048 28.7191 17.6927 16.289 14.692 13.0737 17.5581 15.7062 16.0509 31.618 17.2312
threshold=39.500000000000007 0.11052879921041468 10.000000000000002 4464.6699308926954 30500.000000000004 0.083925831900231104 16083.333333333334 11785.714285714288 0.93301270189221952 3250.0000000000005 33.000000000000007 4082.6666666666665 61000.000000000007 -8333.3333333333321 0.21980676328502416 77500.000000000015 92583.333333333358 88750.000000000015 56375.000000000007 65030.000000000007 19500.000000000004
decision_type=2 2 2 10 8 2 8 8 2 10 2 2 8 2 10 10 8 8 8 8 2
left_child=6 4 -3 -4 -2 -6 8 -8 -1 15 11 14 13 -12 -11 17 -17 -9 -19 20 -20
right_child=1 2 3 -5 5 -7 7 9 -10 10 12 -13 -14 -15 -16 16 -18 18 19 -21 -22
leaf_value=0.00040312606351687862 -1.7878348095237643e-05 0.00033648808941857711 -0.00019083854388800484 0.0074089393068657713 0.00011510626978039803 -0.0066300902020058824 -0.90784585208234925 0.00010132845409121185 1.4431777485743797 4.9780073276457664 31.341228133746938 -11.516885045732831 -83.211037729754068 -68.825615066449586 -6.1017871480307004 -144.98210859637155 -1.0411547847023686 28.35907959068744 6.7458776468206807 7.9733600119344814 -89.25815958320905
leaf_weight=1766 321 149 73 103 113 71 93 21390 112 269 71 625 182 526 78 122 294 164 117 510 175
leaf_count=1766 321 149 73 103 113 71 93 21390 112 269 71 625 182 526 78 122 294 164 117 510 175
internal_value=0.00033256 -0.0031054 0.00401766 -0.000685435 -0.00770648 -0.00276298 0.000440601 0.000302601 0.00224474 0.000346815 -0.00148441 0.000523265 -0.00400029 -0.00218747 0.00550168 0.000488006 -0.0032944 0.000558789 0.00324829 0.00197773 -0.00365989
internal_weight=27324 830 325 176 505 184 26494 24616 1878 24523 1751 972 779 597 347 22772 416 22356 966 802 292
internal_count=27324 830 325 176 505 184 26494 24616 1878 24523 1751 972 779 597 347 22772 416 22356 966 802 292
is_linear=0
shrinkage=0.0215534


Tree=217
num_leaves=22
num_cat=0
split_feature=124 56 127 6 0 127 127 124 127 51 14 94 130 119 101 35 111 101 22 101 38
split_gain=21.0325 55.489 16.6297 24.9783 14.542 13.0356 17.6873 14.3841 13.0199 12.5695 22.8803 16.128 23.1229 12.3024 18.4554 12.9645 18.6209 14.7363 12.002 11.4298 13.5621
threshold=31.500000000000004 3504.0000000000005 76.500000000000014 19500.000000000004 21.000000000000004 318.50000000000006 186.50000000000003 45.500000000000007 203.50000000000003 16083.333333333334 11785.714285714288 0.20359795513045664 0.93301270189221952 1.0000000180025095e-35 -1721.7059523823107 0.21587077473407487 0.063508064516129045 -1165.4093482773749 1336.3062095621278 -362.19864473712363 1833.3333333333351
decision_type=2 10 2 10 2 2 2 2 2 8 8 10 2 10 2 2 10 2 10 2 2
left_child=9 4 -3 -4 8 6 7 -5 -2 11 -11 12 13 19 18 -16 17 -17 -15 20 -1
right_child=1 2 3 5 -6 -7 -8 -9 -10 10 -12 -13 -14 14 15 16 -18 -19 -20 -21 -22
leaf_value=0.0006234808804782806 -1.4468539441046175e-05 -0.00013648470781815966 -0.00019094313048886684 0.00029405557816827122 -1.9638888180004584e-05 0.016388922752714405 -4.140197720363548e-05 0.00032923563544298348 -1.4217918015545753e-07 -0.88827870998665848 0.00011067865232155708 -2.1564091380180752 1.9097807385404251 1.835292713858161 0.0024732336227173057 -0.062669309035735726 -20.348671867740766 0.0010407035082889199 0.0016401906531029748 0.0024088741653973261 -0.00028420671789392503
leaf_weight=139 99 223 121 74 245 116 187 71 172 93 24082 77 102 90 227 72 124 251 96 592 71
leaf_count=139 99 223 121 74 245 116 187 71 172 93 24082 77 102 90 227 72 124 251 96 592 71
internal_value=0.00033256 -0.00233313 0.0012408 0.00320404 -0.00783456 0.00556031 0.00334887 0.00900165 -0.00434091 0.000466922 0.000335759 0.00218449 0.00260972 0.00199182 0.000190457 -0.001458 -0.00359626 -0.000840541 0.00620777 0.00391245 -0.00036934
internal_weight=27324 1308 792 569 516 448 332 145 271 26016 24175 1841 1764 1662 860 674 447 323 186 802 210
internal_count=27324 1308 792 569 516 448 332 145 271 26016 24175 1841 1764 1662 860 674 447 323 186 802 210
is_linear=0
shrinkage=0.0215534


Tree=218
num_leaves=22
num_cat=0
split_feature=124 53 100 53 32 124 95 130 22 131 83 42 55 104 124 126 6 38 131 125 89
split_gain=22.9778 58.999 20.6617 12.6086 15.5442 23.5894 23.253 13.7852 18.9309 16.8116 14.1793 12.9562 12.9692 17.0734 12.3548 13.1126 20.9646 12.7555 19.7403 11.958 19.0607
threshold=29.500000000000004 1190.0526680445048 0.0010814341567311205 5120.2190213748117 826.10312969235281 18.500000000000004 0.017546876732938418 0.68301270189221941 425.8153136259703 -0.68301270189221952 25875.000000000004 1.5505847767289238 764.22220229521076 354.00000000000006 56.500000000000007 1.5000000000000002 19500.000000000004 683.33333333333405 -0.24999999999999994 22.500000000000004 1004.0000000000001
decision_type=2 10 2 8 2 2 10 2 10 2 10 8 10 10 2 2 10 2 2 2 10
left_child=3 2 -2 4 5 7 -7 8 9 -1 -10 12 13 -12 15 -3 -17 -18 -19 20 -6
right_child=1 14 -4 -5 19 6 -8 -9 10 -11 11 -13 -14 -15 -16 16 17 18 -20 -21 -22
leaf_value=-9.8275247497318704e-05 -1.2758078018484523e-05 -0.00022445815285285589 0.00015355268012804771 -2.4789238400171829e-05 0.0014355144006064019 -3.7601075057456881e-05 4.85089591226934e-05 -0.00010614630996208734 -0.012762263900049298 2.1328022243894125e-05 0.00025228121568798682 -0.0010105060956914335 0.00050089111325294906 -0.065326384967188761 0.0002729547223408454 -0.00022699542598386148 -7.7860011425491236e-06 0.00025819815243916016 0.015676586090595645 1.0537977104260395e-05 0.00047363653236585804
leaf_weight=200 468 227 89 13232 605 163 108 550 93 399 401 102 437 79 156 129 167 137 101 2569 6912
leaf_count=200 468 227 89 13232 605 163 108 550 93 399 401 102 437 79 156 129 167 137 101 2569 6912
internal_value=0.000312051 -0.00230433 -0.0078383 0.000461583 0.000949038 -0.000558393 -0.006567 0.000158238 0.00111603 -0.00196431 0.00278309 0.0035235 0.00433841 0.00186758 0.00104818 -7.36369e-05 0.00175947 0.00418193 0.00738664 0.00132832 0.00176221
internal_weight=27324 1474 557 25850 12618 2532 271 2261 1711 599 1112 1019 917 480 917 761 534 405 238 10086 7517
internal_count=27324 1474 557 25850 12618 2532 271 2261 1711 599 1112 1019 917 480 917 761 534 405 238 10086 7517
is_linear=0
shrinkage=0.0215534


Tree=219
num_leaves=22
num_cat=0
split_feature=23 55 102 49 120 83 20 101 0 23 37 38 80 127 22 9 22 38 99 48 40
split_gain=20.544 56.743 35.968 32.5643 20.3167 17.7235 28.6494 15.8838 13.7104 27.3442 21.8531 20.4476 19.7005 20.777 20.1345 19.3101 17.6524 26.1904 22.6708 18.2956 21.3612
threshold=466.09159969929203 2050.3860715984461 33.332224808542385 28916.666666666668 1.0000000180025095e-35 30125.000000000004 33750.000000000007 102.94286792572167 39.500000000000007 2061.1346055192625 -4749.9999999999991 -10833.333333333332 75500.000000000015 180.50000000000003 10456.608405245895 45004.000000000007 1561.9092289759772 1583.3333333333323 34203.385394522753 34750.000000000007 10004.000000000002
decision_type=8 8 2 10 10 8 10 2 2 8 2 2 8 2 10 8 8 2 2 8 2
left_child=1 2 3 4 -1 6 -2 -4 11 -10 12 15 13 -11 -14 -7 17 -13 -18 -20 -21
right_child=5 -3 7 -5 -6 8 -8 -9 9 10 -12 16 14 -15 -16 -17 18 -19 19 20 -22
leaf_value=-2.263071140539007e-05 0.0001540267654039085 0.00024335877364274375 0.00026119308320725918 2.6780184570504754e-07 -4.2313454726720777e-06 -0.62783962430189577 1.9146136222065542 -5.1816553247337686e-05 0.009812568808471242 0.84595307300243017 -44.05791014532241 -0.025523367988640491 -64.55171314707782 -0.63118770328607599 6.090957994668539 89.49957012114794 3.1487294840126623 0.00032259511024320878 -0.027722018894907351 0.013397425677842453 -0.040863202708875189
leaf_weight=670 9332 1334 107 259 111 148 363 291 239 663 571 1127 277 567 117 409 84 1201 207 5022 4225
leaf_count=670 9332 1334 107 259 111 148 363 291 239 663 571 1127 277 567 117 409 84 1201 207 5022 4225
internal_value=0.00029943 -0.00145861 -0.00443028 -0.00654 -0.00873614 0.000498275 0.00121516 0.00106117 2.98851e-05 -0.00144864 -0.00220532 0.000320271 -0.000923663 0.000413516 -0.00511901 0.00435634 0.000130054 -0.00155163 0.000541428 0.000441368 0.000584105
internal_weight=27324 2772 1438 1040 781 24552 9695 398 14857 2434 2195 12423 1624 1230 394 557 11866 2328 9538 9454 9247
internal_count=27324 2772 1438 1040 781 24552 9695 398 14857 2434 2195 12423 1624 1230 394 557 11866 2328 9538 9454 9247
is_linear=0
shrinkage=0.0215534


Tree=220
num_leaves=22
num_cat=0
split_feature=124 53 0 7 26 63 0 53 32 0 124 12 95 63 95 15 35 96 12 83 64
split_gain=23.5501 47.4607 17.8459 19.3052 20.1331 14.1758 13.1511 12.8815 12.7434 22.0545 20.574 21.7523 19.4096 14.6663 20.3902 24.3529 12.6472 11.959 17.9947 16.9537 11.6099
threshold=29.500000000000004 1190.0526680445048 10.000000000000002 27350.000000000004 11.500000000000002 1750.0000000000002 21.000000000000004 5120.2190213748117 826.10312969235281 13.000000000000002 7.5000000000000009 29500.000000000004 0.015806482466554278 -176.99999999999997 0.025548815464801651 29607.142857142859 0.02848243886957184 27252.513291450447 26500.000000000004 27125.000000000004 -1.0000000180025095e-35
decision_type=2 10 2 10 2 10 2 8 2 2 2 10 10 10 10 10 2 2 10 10 8
left_child=7 -2 5 6 -5 -3 -4 8 9 12 17 -12 -1 20 -15 -16 -10 18 -11 -19 -14
right_child=1 2 3 4 -6 -7 -8 -9 16 10 11 -13 13 14 15 -17 -18 19 -20 -21 -22
leaf_value=-5.7967641371372145e-05 -1.1259994976190748e-05 0.00031339033121308932 -0.00025326941717426934 -0.30423297945483613 0.004461129331868572 -0.001172884304372472 -2.1589513772021379e-05 -2.8593431224629917e-05 0.00047099596392556018 -2.9748507768239992e-05 -3.9372929183248365e-05 0.00047690496337733575 -0.00073300708771697912 0.00025181556830541479 -0.0064871382413931372 0.00032996706799299347 0.00032544677506472129 -0.37864138007110898 0.00061941301224538903 0.00028135109208780428 -0.0084204450425227773
leaf_weight=111 557 293 97 115 254 80 78 13232 156 80 470 234 193 168 153 79 9930 97 152 706 89
leaf_count=111 557 293 97 115 254 80 78 13232 156 80 470 234 193 168 153 79 9930 97 152 706 89
internal_value=0.000315207 -0.00233358 0.000672154 -0.00180636 0.000969364 0.00430953 -0.00770557 0.000466585 0.000959287 -0.000405176 0.000949339 -0.00188566 -0.00338615 -0.00200968 0.000624907 -0.00349165 0.00130268 0.002886 0.00720615 0.00162637 -0.00577611
internal_weight=27324 1474 917 544 369 373 175 25850 12618 2532 1739 704 793 682 400 232 10086 1035 232 803 282
internal_count=27324 1474 917 544 369 373 175 25850 12618 2532 1739 704 793 682 400 232 10086 1035 232 803 282
is_linear=0
shrinkage=0.0215534


Tree=221
num_leaves=22
num_cat=0
split_feature=95 53 22 53 131 130 25 6 38 53 63 59 34 45 38 38 28 44 32 77 42
split_gain=21.0119 51.081 34.4712 22.548 22.1713 15.9307 16.1137 13.1977 13.0307 21.8365 15.7924 12.5037 18.1033 11.8243 13.7405 11.5968 12.9397 14.323 14.6605 12.7113 12.1117
threshold=0.015806482466554278 865.54360876699582 1.0000000180025095e-35 4173.323709158597 0.6830127018922193 -0.6830127018922193 7.5000000000000009 38500.000000000007 3833.3333333333353 4651.1426431694226 -1249.9999999999998 7004.0000000000009 6625.0000000000009 18750.000000000004 1166.6666666666672 -20583.333333333328 112500.00000000001 91250.000000000015 17187.650926634502 54500.000000000007 1.575397763858102
decision_type=8 8 10 8 2 2 2 10 2 10 8 10 2 8 2 2 2 8 2 10 8
left_child=1 2 5 -2 -4 -1 -7 8 10 -10 -3 13 -13 -12 -15 -5 17 20 -19 -18 -17
right_child=3 7 4 15 -6 6 -8 -9 9 -11 11 12 -14 14 -16 16 19 18 -20 -21 -22
leaf_value=-2.5482548267104044e-05 0.00019381446647282399 0.0010541776501497432 -4.6372615399687951e-05 113.20350376323735 0.0039555373358989209 -2.0411389338625387e-05 7.2446360176293465e-07 0.006814465985053848 0.015699225585928768 -0.00078743883439692623 0.00026588381083826823 -0.00025799294847388918 0.012696025984159365 6.1824088028530423e-07 -0.0098344826175418947 -0.00047759488108171824 2.0816254490333708 22.941044042723973 -21.655561799579889 -232.60267631045545 2.0778265990690277
leaf_weight=230 8807 101 223 120 86 321 127 426 72 80 108 262 76 420 91 14631 78 400 115 93 457
leaf_count=230 8807 101 223 120 86 321 127 426 72 80 108 262 76 420 91 14631 78 400 115 93 457
internal_value=0.00036569 -0.00146752 -0.00534086 0.000560712 0.000599693 -0.00806067 -0.00565651 0.000864194 -0.00027786 0.00561156 -0.00113257 -0.00199523 -0.00532939 -0.000160155 -0.00154345 7.53974e-05 2.40486e-05 8.92357e-05 0.00362362 -0.00587021 -3.08561e-05
internal_weight=27324 2623 987 24701 309 678 448 1636 1210 152 1058 957 338 619 511 15894 15774 15603 515 171 15088
internal_count=27324 2623 987 24701 309 678 448 1636 1210 152 1058 957 338 619 511 15894 15774 15603 515 171 15088
is_linear=0
shrinkage=0.0215534


Tree=222
num_leaves=22
num_cat=0
split_feature=124 35 0 130 7 12 100 131 93 131 111 37 5 64 111 112 23 61 93 93 124
split_gain=18.543 41.87 16.2894 12.3105 11.6241 11.1985 12.7106 11.1889 23.7047 20.9821 21.4289 20.4353 20.707 18.5132 18.3811 17.2377 20.6191 16.6287 16.3329 16.0243 14.9039
threshold=39.500000000000007 0.11052879921041468 10.000000000000002 -0.6830127018922193 29500.000000000004 112500.00000000001 -3678.9168013177264 -0.5 0.064530519782070847 -0.9330127018922193 0.081666666666666679 -1749.9999999999998 9500.0000000000018 -0.065942028985507231 -0.225705329153605 0.03509852216748769 8456.1410151388773 750.00000000000011 0.072168783648707283 0.13052293209676699 3.5000000000000004
decision_type=2 2 2 2 10 10 2 2 10 2 10 2 10 10 10 10 10 10 10 10 2
left_child=5 3 -3 -2 -4 7 -7 8 9 20 15 12 -10 19 -13 16 17 -11 -16 -14 -1
right_child=1 2 4 -5 -6 6 -8 -9 11 10 -12 14 13 -15 18 -17 -18 -19 -20 -21 -22
leaf_value=0.18836666404554087 -0.0008238165912103604 0.00031219633064867526 -0.00016434377270944611 -1.542522340315313e-05 0.004652964585882634 9.1935846168430047 -77.435868159430399 0.00026283721319485091 1.0765644191260095 9.9582466054492141e-05 0.40918720714240236 0.030328066189178614 -0.55627031519346715 0.44605105475573881 -41.798426544370123 -0.019130294541884092 -2.2626705144094101 -0.0078267383936387151 -0.15953683935365778 18.157036461621953 0.00012384637836306261
leaf_weight=670 139 149 75 366 101 71 128 17222 112 2503 669 143 309 761 107 594 237 446 1350 128 1044
leaf_count=670 139 149 75 366 101 71 128 17222 112 2503 669 143 309 761 107 594 237 446 1350 128 1044
internal_value=0.000376733 -0.00279382 0.00322208 -0.00668237 -0.00117501 0.000476395 -0.00461165 0.000515246 -9.6447e-05 0.000659566 -0.000119175 -0.00170051 0.000289555 -0.000532498 -0.00333518 -0.000750359 -0.000119063 0.00036981 -0.00406188 -0.00407301 0.00268584
internal_weight=27324 830 325 505 176 26494 199 26295 9073 6163 4449 2910 1310 1198 1600 3780 3186 2949 1457 437 1714
internal_count=27324 830 325 505 176 26494 199 26295 9073 6163 4449 2910 1310 1198 1600 3780 3186 2949 1457 437 1714
is_linear=0
shrinkage=0.0215534


Tree=223
num_leaves=22
num_cat=0
split_feature=32 38 80 100 125 0 131 31 2 100 51 127 80 131 63 51 100 95 34 124 53
split_gain=21.1005 50.4878 24.408 20.3091 17.8611 17.6808 27.4492 16.1351 16.469 14.174 12.9817 12.6374 11.9775 11.2449 18.6968 14.9483 23.88 20.5827 19.5948 15.7551 14.6881
threshold=632.45553203367592 875.00000000000193 28504.000000000004 -0.012865430837337042 8.5000000000000018 13.000000000000002 -0.9330127018922193 28500.000000000004 30500.000000000004 -5.4340615932951541 28416.666666666668 157.50000000000003 29500.000000000004 -0.68301270189221952 9500.0000000000018 73500.000000000015 -4682.4867633711392 0.15473740214067672 3878.0000000000005 34.500000000000007 5120.2190213748117
decision_type=2 2 10 2 2 2 2 2 2 2 10 2 10 2 10 10 2 10 2 2 8
left_child=1 2 3 9 -5 10 -7 12 -9 -1 -4 -12 -8 14 15 18 -17 -18 -2 -20 -15
right_child=13 -3 5 4 -6 6 7 8 -10 -11 11 -13 -14 20 -16 16 17 -19 19 -21 -22
leaf_value=-5.5073272805331723e-05 -8.7466091476947185e-05 -0.002912353460824425 9.9443826525427584e-05 4.9559601344250366e-05 -2.5569376799817841e-05 -0.00027700416832875536 0.00018595129888823446 0.004874077782507394 -10.429467190383386 -1.7397177540936315e-05 -0.0064934884959059963 3.1832206190787896e-05 -0.00011618888339667796 0.00023010743819045829 7.4292127260666376 11.602938606250389 -150.05701955813103 8.2826522053370599 0.00042784984728831108 0.00026631646593182627 0.00090982129806785892
leaf_weight=111 2282 88 76 104 153 99 76 299 76 135 122 77 92 8953 362 100 195 77 4046 98 9703
leaf_count=111 2282 88 76 104 153 99 76 299 76 135 122 77 92 8953 362 100 195 77 4046 98 9703
internal_value=0.000310474 -0.00216663 -0.00117777 -0.00499529 -0.000720985 0.000907171 0.00287334 0.00478612 0.00727449 -0.0094236 -0.00365101 -0.00656022 -0.000718055 0.000455511 -0.000269715 -0.000525036 -0.00472658 -0.00804788 -0.000280398 0.000601235 0.000734308
internal_weight=27324 1508 1420 503 257 917 642 543 375 246 275 199 168 25816 7160 6798 372 272 6426 4144 18656
internal_count=27324 1508 1420 503 257 917 642 543 375 246 275 199 168 25816 7160 6798 372 272 6426 4144 18656
is_linear=0
shrinkage=0.0215534


Tree=224
num_leaves=22
num_cat=0
split_feature=32 38 46 101 26 26 131 101 125 12 131 47 101 98 45 99 44 101 38 5 105
split_gain=22.7273 49.7563 21.4986 18.5164 14.1536 13.4571 16.2565 12.7803 14.1878 11.0421 11.5624 15.1163 27.9376 21.156 23.5336 18.6499 28.4493 28.0942 26.9674 17.5693 25.5532
threshold=632.45553203367592 875.00000000000193 28252.000000000004 -213.80050261722678 23.500000000000004 45.500000000000007 -0.68301270189221952 25.040001037423284 22.500000000000004 112500.00000000001 -0.68301270189221952 69500.000000000015 -10082.317102974024 50879.962374819916 44500.000000000007 48858.011274400953 51250.000000000007 3921.8031075266067 503.33333333333218 71000.000000000015 -1.0000000180025095e-35
decision_type=2 2 10 2 2 2 2 2 2 10 2 10 2 2 10 2 10 2 2 8 10
left_child=1 2 5 -4 -5 6 -1 8 -8 10 11 13 -13 15 -15 16 17 -2 -17 -14 -21
right_child=9 -3 3 4 -6 -7 7 -9 -10 -11 -12 12 19 14 -16 18 -18 -19 -20 20 -22
leaf_value=-4.9392298693596079e-05 -5.3326023302241027e-07 -0.0028495824145392907 0.0014536114626886195 -0.56259385687307328 0.00013725106502097977 -2.2753608349513126e-05 -2.5964412718317513e-05 0.00029557415770868379 0.00031843241147179707 -49.714334618919494 0.00026293126967690276 5.8357620159624384 -156.3313267083694 2.2282078125365459 0.045447489687095638 -0.5404563609259746 71.353383282717061 -92.450511228147249 0.00018959428508640982 27.165219719446149 -128.29164643096695
leaf_weight=374 4222 88 265 96 113 139 266 92 75 199 18470 132 145 91 1380 311 98 214 344 97 113
leaf_count=374 4222 88 265 96 113 139 266 92 75 199 18470 132 145 91 1380 311 98 214 344 97 113
internal_value=0.000289965 -0.00228097 -0.00129919 0.00243676 -0.00232957 -0.00318027 -0.002099 0.000726588 -0.00117531 0.000440484 0.000480084 -0.000255128 -0.00392042 1.16512e-05 0.00229438 -0.000633838 -0.000140708 -0.000396466 -0.00403366 -0.00707724 -0.00303658
internal_weight=27324 1508 1420 474 209 946 807 433 341 25816 25617 7147 487 6660 1471 5189 4534 4436 655 355 210
internal_count=27324 1508 1420 474 209 946 807 433 341 25816 25617 7147 487 6660 1471 5189 4534 4436 655 355 210
is_linear=0
shrinkage=0.0215534


Tree=225
num_leaves=22
num_cat=0
split_feature=53 124 52 46 51 130 23 35 77 51 82 108 50 82 29 127 62 110 130 102 51
split_gain=15.2988 38.6736 16.0804 15.9551 16.4717 23.4842 13.4967 12.7735 12.4729 25.8951 15.4528 13.3152 22.789 15.5135 20.4174 22.4104 14.9629 23.8351 16.1981 16.1435 19.5788
threshold=764.22220229521076 19.500000000000004 590.08904476942109 28002.000000000004 28250.000000000004 0.25000000000000011 813.67620434537969 0.026592762135749664 77500.000000000015 91000.000000000015 86875.000000000015 0.00016888888888888891 74250.000000000015 86875.000000000015 110416.66666666667 106.50000000000001 12000.000000000002 0.31265664160401008 0.68301270189221941 5441.4677364024765 40000.666666666679
decision_type=10 2 10 10 10 2 10 2 10 8 10 10 10 10 2 2 8 10 2 2 8
left_child=1 3 -3 4 5 6 -1 -4 11 -10 -11 13 -13 16 15 -15 19 -18 -19 -2 -21
right_child=8 2 7 -5 -6 -7 -8 -9 9 10 -12 12 -14 14 -16 -17 17 18 -20 20 -22
leaf_value=-1.1449401837023413e-05 0.00016439669989121714 -1.9379967358306979e-06 -3.8122194508041338e-05 0.00024563333445432864 -0.0002517789376930755 0.00062180330682919886 -0.012142695376592016 -2.0487412196503186e-05 -144.01978716196905 14.546207018286248 -6.3934296239224988 -0.1945482280640019 -75.393509214976007 21.101920637344438 -156.21087982401059 -41.520760424938999 66.29851117294794 32.808336102210511 -65.151519181714008 4.0539106482486655 -2.6526735473598744
leaf_weight=409 20006 161 217 646 308 291 160 107 130 91 230 2298 210 318 75 118 390 159 72 106 822
leaf_count=409 20006 161 217 646 308 291 160 107 130 91 230 2298 210 318 75 118 390 159 72 106 822
internal_value=0.000307318 -0.00137433 -0.00678015 6.65372e-05 -0.00143185 9.02202e-05 -0.00244659 -0.00954973 0.000462158 -0.00308657 0.000174541 0.00052765 -0.000959038 0.000697019 0.00441105 0.00620754 0.000608552 0.00390745 -0.00154821 0.000510261 -0.00226658
internal_weight=27324 2299 485 1814 1168 860 569 324 25025 451 321 24574 2508 22066 511 436 21555 621 231 20934 928
internal_count=27324 2299 485 1814 1168 860 569 324 25025 451 321 24574 2508 22066 511 436 21555 621 231 20934 928
is_linear=0
shrinkage=0.0215534


Tree=226
num_leaves=22
num_cat=0
split_feature=95 6 100 51 42 130 125 12 38 99 38 53 131 54 130 12 104 41 42 111 111
split_gain=14.6168 36.6212 22.4561 22.7567 23.1387 18.8017 18.1819 19.1184 17.8566 17.2969 33.1298 17.2817 19.0286 16.1742 15.3859 15.3119 15.143 14.9994 14.7992 13.6648 15.4527
threshold=0.017278467139375597 38500.000000000007 1.0000000180025095e-35 29250.000000000004 1.5441788914646144 -0.6830127018922193 17.500000000000004 27350.000000000004 -2416.6666666666674 34866.242759861394 4166.6666666666661 4173.323709158597 -0.68301270189221952 4881.9347305341489 0.68301270189221941 28004.000000000004 -37499.999999999993 750.00000000000011 1.575397763858102 0.70526315789473693 0.25657894736842107
decision_type=10 10 2 8 8 2 2 10 2 2 2 8 2 10 2 10 10 2 10 8 10
left_child=1 2 3 4 6 -5 7 -1 -7 10 -4 12 18 -3 -10 -9 -13 -8 -2 20 -14
right_child=11 13 9 5 -6 8 17 15 14 -11 -12 16 19 -15 -16 -17 -18 -19 -20 -21 -22
leaf_value=2.8924718183510935e-05 -3.2388586279019069e-05 0.011224212760847388 3.6759920670979652e-07 -9.6153684059433161e-05 -0.00073033414634223923 -0.435591734296989 -1.7612903270875844e-06 -1.9529050648149241e-05 0.0010301424088651784 -0.0083635534807694391 0.015544060033831002 156.6475950400397 0.00024994237065962703 0.0061547666442936548 -2.9609032934944269e-05 0.00010053200426938943 3.2664309894523452e-05 -2.4306710675409991e-05 -0.02843292188652663 -1.8436261211326037 1.0191006553144137
leaf_weight=240 2186 154 876 141 71 92 77 185 253 81 74 74 5842 276 123 73 15751 272 72 78 333
leaf_count=240 2186 154 876 141 71 92 77 185 253 81 74 74 5842 276 123 73 15751 272 72 78 333
internal_value=0.00029943 -0.00112236 -0.00210302 -0.00376278 -0.00590658 -0.00051664 -0.00490047 -0.0022328 0.0015471 0.000347001 0.00117057 0.000474357 0.00125758 0.00469054 0.00364478 -0.00631321 5.25726e-05 -0.00868063 -0.000435251 0.00187025 0.00198462
internal_weight=27324 2988 2558 1527 918 609 847 498 468 1031 950 24336 8511 430 376 258 15825 349 2258 6253 6175
internal_count=27324 2988 2558 1527 918 609 847 498 468 1031 950 24336 8511 430 376 258 15825 349 2258 6253 6175
is_linear=0
shrinkage=0.0215534


Tree=227
num_leaves=22
num_cat=0
split_feature=23 55 102 43 11 40 0 131 69 63 93 74 131 34 94 121 42 107 42 104 5
split_gain=13.1304 44.682 21.9795 23.4248 21.9809 15.3262 24.643 20.1903 19.0618 17.9543 17.7692 22.8267 30.4719 19.4684 17.5939 16.23 18.2679 15.8038 15.2557 15.1889 14.3765
threshold=466.09159969929203 1953.5871887841511 1.0000000180025095e-35 0.95833333333333337 30500.000000000004 7004.0000000000009 33.000000000000007 -0.68301270189221952 5166.666666666667 9500.0000000000018 0.17254899854767694 53500.000000000007 0.25000000000000017 11125.000000000002 0.13358087975659441 1.0000000180025095e-35 1.4145197915353338 37500.000000000007 1.2909944487358087 -23499.999999999996 38500.000000000007
decision_type=10 8 2 2 8 2 2 2 10 10 10 8 2 2 10 10 10 10 10 8 10
left_child=1 2 3 4 -1 7 15 9 19 18 11 14 -13 -14 -8 16 17 -7 -2 -9 -3
right_child=5 20 -4 -5 -6 6 10 8 -10 -11 -12 12 13 -15 -16 -17 -18 -19 -20 -21 -22
leaf_value=-1.7273760127402084e-05 -0.00010554252196894748 6.7881017927759635e-06 -4.3816226232804163e-06 -0.0013068218749911036 0.00013857032670643152 0.00026622102009685438 -42.680912479305526 161.59591681458949 154.1284338036584 90.659025857156038 -134.4279659588988 -160.96974571968988 10.113785371366124 -152.84400885549641 11.50571159191886 -0.0025167052169429533 1.7306032194705077 23.422240486883986 -0.0080506942721829764 0.00032725460558452114 0.010295056630682592
leaf_weight=733 3856 981 534 71 94 2048 433 80 117 146 140 124 126 95 219 6230 394 154 95 10235 419
leaf_count=733 3856 981 534 71 94 2048 433 80 117 146 140 124 126 95 219 6230 394 154 95 10235 419
internal_value=0.000280499 -0.00110807 -0.00378663 -0.00584613 -0.00481049 0.000441415 -0.000208977 0.000888001 0.0013917 -0.000392445 -0.00319577 -0.00217458 -0.00665776 -0.0018132 0.000185102 0.000174848 0.00160731 0.000837825 -0.000668788 0.00129256 0.00162563
internal_weight=27324 2832 1432 898 827 24492 9963 14529 10432 4097 1137 997 345 221 652 8826 2596 2202 3951 10315 1400
internal_count=27324 2832 1432 898 827 24492 9963 14529 10432 4097 1137 997 345 221 652 8826 2596 2202 3951 10315 1400
is_linear=0
shrinkage=0.0215534


Tree=228
num_leaves=22
num_cat=0
split_feature=95 59 96 120 53 64 30 11 104 54 54 35 4 7 58 127 86 48 20 29 89
split_gain=13.2815 35.8787 28.7768 19.2268 14.2047 13.4391 18.0968 18.6117 14.0771 13.1245 12.9158 13.3567 19.7848 12.893 12.7801 12.3372 12.7603 13.8453 14.5482 16.8067 12.8822
threshold=0.015806482466554278 4500.0000000000009 28000.000000000018 1.0000000180025095e-35 4173.323709158597 0.016530054644808747 14500.000000000002 10500.000000000002 1.0000000180025095e-35 590.08904476942109 2866.4595934800432 0.11052879921041468 36500.000000000007 15004.000000000002 2250.0000000000005 308.50000000000006 16875.000000000004 26750.000000000004 28750.000000000004 31083.333333333339 4500.0000000000009
decision_type=10 8 2 10 8 10 2 8 8 10 8 2 10 8 10 2 10 10 10 2 10
left_child=1 2 3 -1 5 8 7 -7 -2 -8 -3 12 -12 -13 -4 16 -11 -18 20 -20 -19
right_child=4 10 14 -5 -6 6 9 -9 -10 15 11 13 -14 -15 -16 -17 17 18 19 -21 -22
leaf_value=-2.2989817779000502e-05 9.1337960754916389e-05 0.0015800215305049861 1.0845164777989675e-06 5.1611436541294735e-05 9.9638995192526163e-05 0.79152879718018243 -0.0008844800653638905 -0.006773528678539976 -0.021268505370015248 -0.017893921156143366 -0.43485603167299913 -9.031247397071829e-05 0.0058088232793976789 0.0006335369864282483 -0.00016538081584882696 0.0013313987910340507 0.96210958477669295 0.0019347299832983768 0.010541299216936821 0.55776690499420589 -0.30137355261468335
leaf_weight=497 5571 174 642 92 15834 218 157 582 660 80 126 112 131 740 169 318 258 205 192 488 78
leaf_count=497 5571 174 642 92 15834 218 157 582 660 80 126 112 131 740 169 318 258 205 192 488 78
internal_value=0.000261568 -0.00117764 -0.00356529 -0.007193 0.000418628 0.00111253 0.00242299 -0.000258616 0.000569352 0.00363572 0.00142111 0.000555795 -0.00373896 0.00186168 -0.000919434 0.00421457 0.00514525 0.00569415 0.00448927 0.00619886 0.000350236
internal_weight=27324 2683 1400 589 24641 8807 2576 800 6231 1776 1283 1109 257 852 811 1619 1301 1221 963 680 283
internal_count=27324 2683 1400 589 24641 8807 2576 800 6231 1776 1283 1109 257 852 811 1619 1301 1221 963 680 283
is_linear=0
shrinkage=0.0215534


Tree=229
num_leaves=22
num_cat=0
split_feature=32 51 94 88 127 16 58 64 35 121 39 38 89 19 92 94 69 52 37 23 69
split_gain=15.7677 24.2888 20.9798 20.9664 18.3246 17.1404 15.5704 18.7482 14.8842 11.883 24.894 22.094 22.0157 18.1806 25.5089 15.6011 14.5683 15.9402 13.6147 16.4144 12.627
threshold=826.10312969235281 27366.666666666668 0.0097829299249463913 2500.0000000000005 261.50000000000006 27016.666666666668 2250.0000000000005 -1.0000000180025095e-35 0.02848243886957184 1.0000000180025095e-35 1.0568733153638816 3333.3333333333308 46504.000000000007 12250.000000000002 550.00000000000011 0.17121891175046003 2750.0000000000005 11273.109234029487 18000.000000000004 11706.418320094743 -838.99999999999989
decision_type=2 8 10 10 2 10 8 10 2 8 2 2 10 8 10 8 10 10 2 10 10
left_child=1 2 -1 6 5 -4 7 -3 -2 10 12 16 13 14 -10 20 -11 -18 -13 -20 -15
right_child=8 3 4 -5 -6 -7 -8 -9 9 11 -12 18 -14 15 -16 -17 17 -19 19 -21 -22
leaf_value=-3.590882490992125e-05 0.0004453025049094933 0.00015598238226723654 -0.054733081319338669 0.0095876168800219496 0.00010220851587239247 0.0003563958508802705 -0.00013543795961642674 -1.6421423502274059e-05 -0.006030610834246994 0.00022399974354907372 0.00108380379609482 -0.0088624014435759423 39.111286945978392 0.0084565438535112187 2.7801401354279482 -22.844257178553477 35.910068528933216 -2.8802518958055612 -198.40319810362169 -2.394506255061704 -2.2035976212757009e-05
leaf_weight=313 167 584 125 200 147 77 341 1130 88 12979 2600 4110 88 270 83 74 348 171 86 111 3232
leaf_count=313 167 584 125 200 147 77 341 1130 88 12979 2600 4110 88 270 83 74 348 171 86 111 3232
internal_value=0.000192153 -0.00130483 -0.00493505 -0.00023512 -0.00127186 -0.00550301 -0.000887267 -4.52707e-05 0.000371423 0.000326856 0.00112069 3.94632e-05 1.46137e-05 -0.000233533 0.00662602 -0.000564135 0.000468812 0.00401091 -0.00130408 -0.00684549 -0.000354496
internal_weight=27324 2917 662 2255 349 202 2055 1714 24407 24240 6435 17805 3835 3747 171 3576 13498 519 4307 197 3502
internal_count=27324 2917 662 2255 349 202 2055 1714 24407 24240 6435 17805 3835 3747 171 3576 13498 519 4307 197 3502
is_linear=0
shrinkage=0.0215534


Tree=230
num_leaves=22
num_cat=0
split_feature=32 51 100 35 94 62 37 77 51 82 55 131 93 100 55 51 125 131 32 35 99
split_gain=15.0653 21.1096 18.4088 13.8133 13.6921 12.2655 14.7019 11.2791 26.0162 15.7791 14.4718 12.572 15.608 17.0818 14.8492 16.9411 19.2139 18.0901 20.3266 25.5083 16.8807
threshold=826.10312969235281 27366.666666666668 -76.424512934632716 0.02848243886957184 0.037993351745105992 -1.0000000180025095e-35 179.00000000000003 77500.000000000015 91000.000000000015 88125.000000000015 10016.638981097474 -0.5 0.064530519782070847 -5225.3434313645002 826.10312969235281 61916.666666666672 8.5000000000000018 -0.9330127018922193 8005.2049468993073 0.088058264219986693 72293.934372925301
decision_type=2 8 2 2 10 8 2 10 8 10 10 2 10 2 10 10 2 2 2 2 2
left_child=1 2 -1 -2 5 6 -3 11 -9 -10 -11 12 14 -14 -5 17 -17 18 19 -16 -18
right_child=3 4 -4 7 -6 -7 -8 8 9 10 -12 -13 13 -15 15 16 20 -19 -20 -21 -22
leaf_value=0.00022554225317136499 0.00043570473303099081 0.00022420680027202509 -4.4926186029843754e-05 -5.1935878480020976e-05 0.2440771701994699 -1.949870974315149e-05 -3.6360627205010135e-05 -140.91543227471101 13.032270876332481 -113.18518455753404 1.142289948944069 0.00044188778241380851 6.253801713618901 -0.084363189274127254 0.026972254976963497 4.162156008309581 -89.604338125418479 7.1236503055183563e-05 5.5968161487303938 0.00018679530258708962 -11.955437770034823
leaf_weight=100 167 494 562 376 141 1382 238 130 96 73 158 15467 310 2548 245 117 150 3397 165 904 104
leaf_count=100 167 494 562 376 141 1382 238 130 96 73 158 15467 310 2548 245 117 150 3397 165 904 104
internal_value=0.000173222 -0.00129006 -0.00467463 0.000348463 -0.000292466 -0.000729969 0.00151914 0.000305516 -0.00304606 0.000171339 -0.00285391 0.000370293 -0.000304792 -0.00159571 0.000369616 0.000676871 -0.00375196 0.00102755 0.00317536 0.00214953 -0.00709117
internal_weight=27324 2917 662 24407 2255 2114 732 24240 457 327 231 23783 8316 2858 5458 5082 371 4711 1314 1149 254
internal_count=27324 2917 662 24407 2255 2114 732 24240 457 327 231 23783 8316 2858 5458 5082 371 4711 1314 1149 254
is_linear=0
shrinkage=0.0215534


Tree=231
num_leaves=22
num_cat=0
split_feature=32 23 94 96 33 97 0 127 127 54 0 37 40 127 59 113 51 131 123 12 63
split_gain=18.7391 24.1727 21.4534 24.147 20.746 23.8669 19.4719 26.6568 17.296 17.1257 17.0804 26.3489 20.3656 20.8553 19.8188 16.7585 14.9641 20.6907 19.6206 17.4238 16.5312
threshold=1347.7101189765365 466.09159969929203 0.013387575356611012 28000.000000000018 4500.0000000000009 29453.818064510273 21.000000000000004 62.500000000000007 46.500000000000007 983.1920802501752 33.000000000000007 -11249.999999999998 7004.0000000000009 328.50000000000006 2250.0000000000005 4500.0000000000009 17416.666666666668 -0.9330127018922193 750.00000000000011 20004.000000000004 3250.0000000000005
decision_type=2 10 10 2 2 2 2 2 2 10 2 2 2 2 8 10 10 2 10 8 10
left_child=1 2 3 -1 5 -2 7 8 -3 -5 11 -6 -12 15 -13 -14 17 -16 20 -18 -19
right_child=4 6 -4 9 10 -7 -8 -9 -10 -11 12 14 13 -15 16 -17 19 18 -20 -21 -22
leaf_value=-2.3933361524430421e-05 0.53426752272235667 6.2975922061218203e-05 7.941741843329542e-05 1.3434678279597546e-06 181.34097076745419 0.0003094893582258056 0.00017085265136192066 -0.000181624555491073 0.0095804283875348412 -0.00066188285229908767 -0.0027498498528242652 -0.045951312403891865 -45.312519223044291 4.6258069195545417 -0.0058461836001743282 -86.149028898391506 -0.00036931367286059219 0.00065658409125066597 -0.077602053126117287 0.00098761964125597748 16.747291260767252
leaf_weight=570 141 301 292 435 176 316 1670 1221 106 132 6288 117 705 132 214 307 806 1728 97 11469 101
leaf_count=570 141 301 292 435 176 316 1670 1221 106 132 6288 117 705 132 214 307 806 1728 97 11469 101
internal_value=0.000127471 -0.00110614 -0.0034477 -0.00478796 0.000385912 0.00493216 -8.88791e-05 -0.00176865 0.00299663 -0.00161908 0.000291661 0.000717464 -0.000549848 -0.00319505 0.0006164 -0.00425063 0.000688687 0.00235264 0.00306163 0.000397879 0.00356572
internal_weight=27324 4727 1429 1137 22597 457 3298 1628 407 567 22140 14708 7432 1144 14532 1012 14415 2140 1926 12275 1829
internal_count=27324 4727 1429 1137 22597 457 3298 1628 407 567 22140 14708 7432 1144 14532 1012 14415 2140 1926 12275 1829
is_linear=0
shrinkage=0.0215534


Tree=232
num_leaves=22
num_cat=0
split_feature=32 58 62 96 23 8 41 20 0 42 0 37 16 43 0 64 56 73 26 1 42
split_gain=16.1411 21.4966 23.7451 23.1223 21.4982 16.4977 16.5773 18.4161 15.547 24.706 13.9985 24.7111 21.4046 29.539 24.9095 26.2132 16.6188 20.4565 27.4741 32.3895 21.5884
threshold=1347.7101189765365 2250.0000000000005 -497.99999999999994 28000.000000000018 430.18306715192188 31750.000000000004 1746.0000000000002 30625.000000000004 21.000000000000004 0.16951587590520351 33.000000000000007 -11249.999999999998 57683.333333333336 0.45833333333333343 39.500000000000007 0.048399687743950044 5500.0000000000009 49000.000000000007 48.500000000000007 11.000000000000002 1.0000000180025095e-35
decision_type=2 8 10 2 10 10 2 10 2 10 2 2 8 2 2 10 10 10 2 2 10
left_child=1 2 8 4 -4 6 -3 -8 9 -1 11 -2 16 14 -14 -16 -12 18 20 -20 -18
right_child=10 5 3 -5 -6 -7 7 -9 -10 -11 12 -13 13 -15 15 -17 17 -19 19 -21 -22
leaf_value=7.5484236488420803e-05 177.43246082092705 -0.0022111722294282099 -2.4745662413046156e-05 1.9446290055231052e-06 -6.2651975971084609e-05 0.0043245522240349232 0.00012702389456428266 -0.020431726890712494 0.0016596112447411695 -0.00015728807759478563 0.0097553621109842757 0.0003612915898785577 4.0792044216101822 -132.69429659328097 -76.601633623680399 19.452189704294987 -0.014177708011244657 1.4820347511919763 159.37792144803214 -0.0012827921461071915 -62.260321901576404
leaf_weight=417 176 667 424 1521 524 152 301 72 528 121 535 14835 477 261 361 103 4219 918 119 198 395
leaf_count=417 176 667 424 1521 524 152 301 72 528 121 535 14835 477 261 361 103 4219 918 119 198 395
internal_value=0.000111695 -0.00103319 -0.000186569 -0.00134954 -0.00399196 -0.00353649 -0.0045092 -0.000843434 0.00249883 -6.4099e-05 0.000351575 0.000733135 -0.00040231 -0.00304089 -0.00125047 -0.00481132 9.31814e-05 -0.000238046 -0.000789387 0.00534248 -0.00121264
internal_weight=27324 4727 3535 2469 948 1192 1040 373 1066 538 22597 15011 7586 1202 941 464 6384 5849 4931 317 4614
internal_count=27324 4727 3535 2469 948 1192 1040 373 1066 538 22597 15011 7586 1202 941 464 6384 5849 4931 317 4614
is_linear=0
shrinkage=0.0215534


Tree=233
num_leaves=22
num_cat=0
split_feature=131 34 51 100 95 37 93 33 127 91 127 61 95 34 35 125 106 62 102 22 69
split_gain=12.6488 17.2238 24.961 17.3779 18.0288 14.103 16.1571 15.5928 13.7781 11.6688 15.0347 17.3279 11.5365 12.0897 11.4872 11.5874 18.484 16.464 15.2752 17.1307 11.1183
threshold=-0.5 3878.0000000000005 66250.000000000015 -5762.8952771287359 0.17461159405819651 -13749.999999999998 0.073493091974016253 7504.0000000000009 257.50000000000006 4874.0000000000009 210.50000000000003 -1.0000000180025095e-35 0.16181527377850394 4125.0000000000009 0.099179137888029775 8.5000000000000018 1004.0000000000001 3750.0000000000005 -509.22863614752526 4258.1531362628793 2083.3333333333335
decision_type=2 2 10 2 10 2 10 2 2 10 2 10 10 2 2 2 10 10 2 10 10
left_child=1 20 5 -4 -5 -3 9 -8 14 12 -11 -12 13 -7 -9 16 -16 18 19 -17 -1
right_child=-2 2 3 4 -6 6 7 8 -10 10 11 -13 -14 -15 15 17 -18 -19 -20 -21 -22
leaf_value=-7.0183156800453415e-05 0.00013941462446690465 94.465191386281745 8.0192688276006105 -113.8968778971165 1.5296374058384625 0.014149046918841404 0.037704228111436519 11.281322943967281 -1.4641149740420141 1.5982570860841159 0.1648664062190747 -0.047461554884932769 -0.67713714025041516 0.00017949823002900184 -0.061643756353906662 -0.14837926247085778 -98.711450964765746 22.455426763428129 -2.9065112732862066 1.0914141615989315 6.7933111635096939
leaf_weight=3435 17941 75 88 312 109 86 117 75 145 557 166 251 175 2346 260 268 148 159 245 291 75
leaf_count=3435 17941 75 88 312 109 86 117 75 145 557 166 251 175 2346 260 268 148 159 245 291 75
internal_value=0.000143247 -0.00049754 0.000215054 -0.00434371 -0.00617274 0.000649323 0.000515903 -0.00120632 -0.00176914 0.00133975 0.00335438 0.000237717 0.000583666 0.000971282 -0.00112678 -0.00158141 -0.00462652 -0.000281984 -0.00154394 0.000408642 -0.00169229
internal_weight=27324 9383 5873 509 421 5364 5289 1708 1591 3581 974 417 2607 2432 1446 1371 408 963 804 559 3510
internal_count=27324 9383 5873 509 421 5364 5289 1708 1591 3581 974 417 2607 2432 1446 1371 408 963 804 559 3510
is_linear=0
shrinkage=0.0215534


Tree=234
num_leaves=22
num_cat=0
split_feature=38 131 100 51 23 28 30 77 55 69 26 102 108 128 105 119 32 23 0 11 7
split_gain=13.327 12.4178 14.934 26.7348 16.6751 13.4642 14.5428 16.8499 13.5218 12.6374 12.2371 13.678 12.1513 11.509 11.4659 11.0625 11.8829 20.6016 16.7878 16.6243 14.082
threshold=-20583.333333333328 -0.5 -5762.8952771287359 76083.333333333343 15958.368914335811 112500.00000000001 79000.000000000015 82500.000000000015 10696.566276344542 -167.33333333333329 15.500000000000002 10509.882300312112 -0.15672514619883038 1.0000000180025095e-35 -3749.9999999999995 0.50000000000000011 764.22220229521076 1.0000000180025095e-35 13.000000000000002 29500.000000000004 27350.000000000004
decision_type=2 2 2 10 10 2 2 10 10 10 2 2 10 2 10 10 2 8 2 8 10
left_child=-1 2 13 4 9 6 7 15 -7 12 11 -8 -4 -2 -5 16 17 -3 19 -19 -20
right_child=1 5 3 14 -6 8 10 -9 -10 -11 -12 -13 -14 -15 -16 -17 -18 18 20 -21 -22
leaf_value=112.4048491989053 36.62800707442009 -2.767269045389777e-05 -0.47398751875312833 -45.780603374757355 -14.293302439512896 -291.09463463979461 42.20049755966339 -113.10020415761966 -0.41721792613397785 -6.1263372229720055e-05 -64.216720411239962 2.0365897525042977 0.00093851854298101123 -0.14231158377738909 -150.31765792805729 -7.2143211020311808 0.00032409810400906583 -1.8227096325787746e-05 -3.08422969252966e-05 -0.0098882317595877095 0.0003163853516783192
leaf_weight=133 151 233 137 129 73 79 251 72 92 6139 89 150 2501 134 108 157 15410 255 222 162 647
leaf_count=133 151 233 137 129 73 79 251 72 92 6139 89 150 2501 134 108 157 15410 255 222 162 647
internal_value=9.43413e-05 6.07182e-05 -0.000574015 -0.000727215 -0.000534811 0.000395045 0.00045383 0.000348711 -0.00561827 -0.0004484 0.00411631 0.00572823 0.000797398 0.00427894 -0.00787232 0.00039307 0.000446369 -0.00137059 -0.000294958 -0.00385492 0.00140367
internal_weight=27324 27191 9372 9087 8850 17819 17648 17158 171 8777 490 401 2638 285 237 17086 16929 1519 1286 417 869
internal_count=27324 27191 9372 9087 8850 17819 17648 17158 171 8777 490 401 2638 285 237 17086 16929 1519 1286 417 869
is_linear=0
shrinkage=0.0215534


Tree=235
num_leaves=22
num_cat=0
split_feature=38 44 125 49 61 60 11 26 12 39 121 94 51 95 125 0 95 130 39 39 26
split_gain=11.9992 11.1556 14.2399 12.4605 12.0989 12.1727 14.4158 10.9883 10.691 9.8499 25.191 20.2687 25.2445 19.631 17.2669 15.9897 19.9674 18.5493 15.7918 15.7607 15.9426
threshold=-20583.333333333328 112500.00000000001 14.500000000000002 103750.00000000001 -11249.999999999998 -1249.9999999999998 92500.000000000015 3.5000000000000004 112500.00000000001 1.0568733153638816 1.0000000180025095e-35 0.013387575356611012 27750.000000000004 0.090971765229483276 15.500000000000002 13.000000000000002 0.094613512133139691 0.68301270189221941 1.0185248713550601 1.1779788838612371 42.500000000000007
decision_type=2 8 2 10 8 10 8 2 10 2 10 10 8 10 2 2 10 2 2 2 2
left_child=-1 3 -3 4 -2 6 7 -6 9 11 -11 12 13 14 -7 16 -12 19 -16 20 -17
right_child=1 2 -4 -5 5 8 -8 -9 -10 10 15 -13 -14 -15 18 17 -18 -19 -20 -21 -22
leaf_value=109.9821453318614 -55.356365333764288 0.07640381212514015 -284.82056281777187 12.174322210785791 1.467195109938803 -3.0256967022926158e-05 -0.3062705273914047 0.022747182538131534 -80.134157220078109 0.00068724305019270365 -0.00052193927182719586 4.7573029863219374e-05 -1.1710404170485923e-05 0.0011326479932620302 -0.00010468255200102522 -0.10703483242227489 0.46169643540595828 0.00091033395131915685 -0.00023084711529522056 -89.625823690418699 0.6973816212049796
leaf_weight=133 268 116 87 190 131 421 384 2783 111 2176 986 13345 3159 110 330 687 867 477 87 296 180
leaf_count=133 268 116 87 190 131 421 384 2783 111 2176 986 13345 3159 110 330 687 867 477 87 296 180
internal_value=0.000118005 8.60834e-05 -0.00494531 0.000124266 8.4933e-05 0.000131286 0.00135669 0.00187569 -4.23053e-05 -9.88154e-06 0.000770267 -0.000263797 -0.001588 -0.00467396 -0.00580175 -0.00036158 0.00100725 -0.00191341 -0.008919 -0.00338376 -0.00190404
internal_weight=27324 27191 203 26988 26798 26530 3298 2914 23232 23121 5669 17452 4107 948 838 3493 1853 1640 417 1163 867
internal_count=27324 27191 203 26988 26798 26530 3298 2914 23232 23121 5669 17452 4107 948 838 3493 1853 1640 417 1163 867
is_linear=0
shrinkage=0.0215534


Tree=236
num_leaves=22
num_cat=0
split_feature=131 47 110 34 74 69 15 38 48 45 42 32 102 77 127 48 104 28 82 8 69
split_gain=12.1833 13.2803 22.9686 19.8075 15.9395 14.7367 14.2173 17.1027 12.3876 12.5858 17.0265 12.9548 15.1692 12.3762 12.0491 14.5035 11.3661 11.9584 18.9709 16.046 15.4021
threshold=-0.5 69500.000000000015 -0.056349206349206336 3878.0000000000005 14500.000000000002 -583.99999999999989 73035.714285714304 1583.3333333333323 57333.333333333336 47000.000000000007 -0.12630749280222778 5244.4261065927794 1061.9850020334627 82500.000000000015 178.50000000000003 28916.666666666668 -37499.999999999993 112500.00000000001 86875.000000000015 102500.00000000001 -5749.9999999999991
decision_type=2 10 10 2 10 8 10 2 10 10 10 2 2 8 2 10 10 2 10 8 10
left_child=1 3 6 8 -5 -6 -3 -8 9 11 -11 12 14 16 15 -1 -2 18 20 -20 -18
right_child=13 2 -4 4 5 -7 7 -9 -10 10 -12 -13 -14 -15 -16 -17 17 -19 19 -21 -22
leaf_value=2.8327034182132976e-05 104.77280417106151 -43.250761816159205 -112.7914927103606 0.33174757506936414 0.04331706654162068 -0.00096245170526457148 38.47141440190542 -52.591243559593188 1.3673830794209707 -0.83844796988867076 -0.0054933382257770502 3.7795729415805694 -21.139244923099398 -6.0885436389627223 -8.4684657574511909e-05 -0.44013882241795543 -42.891798338928538 -75.215570339356375 18.007520804931801 -0.6589342878520188 0.00012519932697609303
leaf_weight=456 83 151 202 245 1601 3560 73 85 145 187 272 115 127 222 2082 82 184 147 306 183 16816
leaf_count=456 83 151 202 245 1601 3560 73 85 145 187 272 115 127 222 2082 82 184 147 306 183 16816
internal_value=0.000103807 -0.000525104 -0.003905 -0.00032942 0.000484804 0.000228017 -0.000181317 0.00430798 -0.00160185 -0.00187297 -0.00519235 -0.00133744 -0.00163665 0.000433204 -0.00127999 0.00158617 0.000497018 0.000459027 0.000510949 0.0046976 0.000389987
internal_weight=27324 9383 511 8872 5406 5161 309 158 3466 3321 459 2862 2747 17941 2620 538 17719 17636 17489 489 17000
internal_count=27324 9383 511 8872 5406 5161 309 158 3466 3321 459 2862 2747 17941 2620 538 17719 17636 17489 489 17000
is_linear=0
shrinkage=0.0215534


Tree=237
num_leaves=22
num_cat=0
split_feature=103 77 77 47 22 131 47 101 95 98 45 20 123 112 69 42 87 42 35 100 0
split_gain=12.9447 14.6014 13.7676 25.449 17.814 14.4418 14.3217 25.4588 19.584 16.3054 19.5132 14.9249 14.2635 17.1906 15.4157 16.193 14.7572 14.6408 14.6283 13.3961 31.1478
threshold=-6499.9999999999991 32500.000000000004 77500.000000000015 88750.000000000015 10456.608405245895 -0.5 69500.000000000015 -11514.116910340757 0.17134595698318708 50879.962374819916 44500.000000000007 50002.000000000007 3250.0000000000005 1.4000800000000002 2750.0000000000005 1.5860645438769614 6500.0000000000009 1.5505847767289238 0.15217537308063453 -596.14751879988023 39.500000000000007
decision_type=8 10 8 8 10 2 10 2 10 2 10 10 8 10 10 10 10 10 2 2 2
left_child=1 -1 5 -4 -5 6 9 -8 -9 11 -11 -2 13 14 15 17 -17 -7 -16 20 -14
right_child=2 -3 3 4 -6 12 7 8 -10 10 -12 -13 19 -15 18 16 -18 -19 -20 -21 -22
leaf_value=78.944021941007463 -4.8985048398551063e-05 1.8831377560463014 -157.71180576133631 -6.3297360185895357 35.130318322036935 7.4338462971507721e-05 6.9837474686832861 -134.97022871605083 9.3303721159280038 2.1391267299272458 0.016470287639622161 -8.872563791116109 26.150380264205062 19.871415130044944 27.240434278947284 0.41866336465778398 -10.168048920562946 -0.0006798467771101422 0.29035154023413678 -63.522948071111578 -28.526581215301629
leaf_weight=126 7025 686 85 302 90 15041 84 264 75 106 1442 96 110 131 340 313 121 140 300 310 137
leaf_count=126 7025 686 85 302 90 15041 84 264 75 106 1442 96 110 131 340 313 121 140 300 310 137
internal_value=6.90995e-05 0.00274958 -1.26825e-05 -0.00364118 -0.00129729 5.34799e-05 -0.000639104 -0.00451343 -0.00715693 -0.000449014 0.00155375 -0.000885611 0.000425646 0.000541396 0.000478136 0.000343141 0.00444872 0.000225173 0.00375779 -0.00296355 0.000750163
internal_weight=27324 812 26512 477 392 26035 9092 423 339 8669 1548 7121 16943 16386 16255 15615 434 15181 640 557 247
internal_count=27324 812 26512 477 392 26035 9092 423 339 8669 1548 7121 16943 16386 16255 15615 434 15181 640 557 247
is_linear=0
shrinkage=0.0215534


Tree=238
num_leaves=22
num_cat=0
split_feature=38 28 59 20 99 20 82 11 130 101 50 12 61 131 51 131 101 26 116 56 93
split_gain=11.1085 10.7088 11.9328 10.6749 17.9753 11.9989 23.0251 17.7582 18.9748 30.8336 15.1121 12.6202 10.7296 32.2807 22.812 18.0682 16.9674 24.4936 16.2797 20.8277 17.0114
threshold=-20583.333333333328 112500.00000000001 29500.000000000004 106250.00000000001 102689.52229549925 88750.000000000015 89375.000000000015 92500.000000000015 0.68301270189221941 -2711.7895118139108 91916.666666666672 34500.000000000007 5265.0000000000009 0.6830127018922193 51416.666666666679 -0.9330127018922193 7555.7615161455988 50.500000000000007 678.57142857142878 11500.000000000002 0.085391256382996661
decision_type=2 2 10 10 2 8 10 8 2 2 10 10 10 2 10 2 2 2 10 10 10
left_child=-1 3 -3 5 -5 6 12 8 9 -7 11 -9 16 14 15 -14 18 -18 -2 -20 -21
right_child=1 2 -4 4 -6 7 -8 10 -10 -11 -12 -13 13 -15 -16 -17 17 -19 19 20 -22
leaf_value=108.49553394973901 -2.6510508214881351e-06 -220.23690683024802 2.1963349661144709 21.993885881939146 -1.1236879369818555 6.6051532182779136 38.253717505524463 -1.8070424733474124 14.350584773421883 -121.19143690738019 0.14526499532004178 -108.55087015427556 96.351514540605109 100.48526308666152 -5.7744936076246853 -0.15570473685816544 -6.0155745983263476 107.52492782384377 -0.17970213395074869 2.3190105158503314 -0.61376401389506086
leaf_weight=133 22421 97 74 89 130 97 114 135 197 97 149 164 113 374 228 266 1197 73 268 644 264
leaf_count=133 22421 97 74 89 130 97 114 135 197 97 149 164 113 374 228 266 1197 73 268 644 264
internal_value=3.91249e-05 8.40246e-06 -0.00536633 4.27558e-05 0.00478092 3.69954e-06 8.60075e-05 -0.00253268 0.000804616 -0.00395315 -0.00546411 -0.00825818 4.30268e-05 0.00225398 -0.000802359 0.002422 -4.38574e-05 -0.00247081 8.6407e-05 0.00255833 0.00412033
internal_weight=27324 27191 171 27020 219 26801 25962 839 391 194 448 299 25848 981 607 379 24867 1270 23597 1176 908
internal_count=27324 27191 171 27020 219 26801 25962 839 391 194 448 299 25848 981 607 379 24867 1270 23597 1176 908
is_linear=0
shrinkage=0.0215534


Tree=239
num_leaves=22
num_cat=0
split_feature=108 77 47 94 95 63 36 131 47 101 5 95 112 112 95 6 38 131 53 124 98
split_gain=11.2589 13.03 25.3396 16.8734 11.8648 11.5689 11.4527 11.3359 17.5524 17.6431 18.6569 12.6158 14.8696 15.1904 14.6943 26.5522 25.6496 23.6972 24.9434 21.1041 31.6677
threshold=-0.031009615384615382 77500.000000000015 88750.000000000015 0.10157103147358763 0.08154611363686956 -1249.9999999999998 0.91666666666666685 -0.5 69500.000000000015 -9666.5206220453601 71000.000000000015 0.080456947480005828 -0.12973352033660587 -0.1570723684210526 0.051873275370815729 29500.000000000004 3666.6666666666702 0.25000000000000017 5311.9341596653621 19.500000000000004 28004.604273630222
decision_type=8 8 8 10 10 10 2 2 10 2 8 10 8 10 10 10 2 2 10 2 2
left_child=5 7 -3 4 -4 -1 -7 8 -2 -10 -11 12 13 -9 15 19 17 -16 -19 -14 -21
right_child=1 2 3 -5 -6 6 -8 11 9 10 -12 -13 14 -15 16 -17 -18 18 -20 20 -22
leaf_value=-0.0021929924833356635 -2.9453465113928299e-05 -154.3125840120766 0.29613306233133652 31.665706092907104 -28.718136819297495 -0.0091404178604225939 0.60885162497508194 0.00022797824169985557 3.7196003005554581 -142.061038713052 -52.797657519100213 0.0059439214445290087 -1.7105051673680393e-05 0.45967670459459314 0.0013382285880835733 0.00032652569297679252 -1.2376510991639453 -0.0001152608681939438 -0.075988281418930562 -4.7236787841455682e-05 0.00019048597524629388
leaf_weight=1290 7947 85 157 91 131 322 1242 285 103 129 137 7717 1764 160 611 2804 489 702 409 571 178
leaf_count=1290 7947 85 157 91 131 322 1242 285 103 129 137 7717 1764 160 611 2804 489 702 409 571 178
internal_value=2.96593e-05 -0.000119437 -0.00369673 -0.00128492 -0.00386032 0.00131098 0.00255758 -4.99196e-05 -0.000693557 -0.00529055 -0.00822934 0.000290674 -0.000309795 0.00351557 -0.00053711 7.53981e-05 -0.0020139 -0.000770974 -0.0026498 -0.00153175 -0.0045633
internal_weight=27324 24470 464 379 288 2854 1564 24006 8316 369 266 15690 7973 445 7528 5317 2211 1722 1111 2513 749
internal_count=27324 24470 464 379 288 2854 1564 24006 8316 369 266 15690 7973 445 7528 5317 2211 1722 1111 2513 749
is_linear=0
shrinkage=0.0215534


Tree=240
num_leaves=22
num_cat=0
split_feature=131 47 102 100 47 93 26 106 63 53 106 94 125 48 76 91 58 91 96 124 11
split_gain=11.7051 17.3141 16.156 15.8633 23.3797 13.8897 18.4711 18.164 15.8712 12.9146 12.45 15.5868 12.2573 18.9788 23.042 22.206 24.3871 21.0148 18.3783 42.6727 27.988
threshold=-0.5 11750.000000000002 71.59327473892337 -5762.8952771287359 78750.000000000015 0.073493091974016253 37.500000000000007 2100.0000000000005 10750.000000000002 10016.638981097474 1004.0000000000001 0.18303105178087034 8.5000000000000018 16667.333333333339 45500.000000000007 9125.0000000000018 39000.000000000007 1062.5000000000002 28000.000000000018 20.500000000000004 28500.000000000004
decision_type=2 8 2 2 10 10 2 10 10 10 10 10 2 8 10 10 10 10 2 2 8
left_child=3 2 -2 -1 5 7 8 -5 10 -9 11 -7 13 -3 -15 16 17 -16 19 -14 -20
right_child=1 12 -4 4 -6 6 -8 9 -10 -11 -12 -13 18 14 15 -17 -18 -19 20 -21 -22
leaf_value=15.313843404619959 -0.00039296309493734615 0.62011714728399092 0.40764792021088164 -2.3552290971961455e-05 -83.427774005620648 -0.019527551191059218 -0.85818586639783911 0.79315082481166665 54.414669582892145 -6.1386126835541353 -37.532491902082576 15.476257890612436 -7.5212379040910635e-05 -3.2830288785557231e-05 1.5899981485441657 8.5399693899837796 -90.88990891569037 -0.046858091551966595 0.0012350347115070446 -6.1384605900628668e-05 2.9254810963301532e-05
leaf_weight=293 74 324 166 5596 229 1302 220 860 103 100 600 80 2668 2935 450 513 128 297 656 394 9336
leaf_count=293 74 324 166 5596 229 1302 220 860 103 100 600 80 2668 2935 450 513 128 297 656 394 9336
internal_value=-4.41754e-06 0.000317875 0.00606836 -0.00062158 -0.000781509 -0.000604685 -0.00204398 -9.73118e-05 -0.00141202 0.00264002 -0.00184424 -0.000711121 0.000239386 0.00119012 0.000810665 0.00309924 0.000999969 0.00249836 -9.84049e-05 -0.00155979 0.000348579
internal_weight=27324 17941 240 9383 9090 8861 2305 6556 2085 960 1982 1382 17701 4647 4323 1388 875 747 13054 3062 9992
internal_count=27324 17941 240 9383 9090 8861 2305 6556 2085 960 1982 1382 17701 4647 4323 1388 875 747 13054 3062 9992
is_linear=0
shrinkage=0.0215534


Tree=241
num_leaves=22
num_cat=0
split_feature=38 3 0 80 0 3 94 125 63 57 74 101 37 25 39 121 72 41 101 45 37
split_gain=13.3141 19.7456 17.992 37.7363 19.97 18.896 18.4488 20.2209 24.7663 21.7671 17.446 17.1953 15.855 21.5727 15.4936 25.2595 17.5053 23.8381 18.6134 20.806 17.4292
threshold=-1166.6666666666667 3.5000000000000004 33.000000000000007 82500.000000000015 10.000000000000002 1.5000000000000002 0.015563120485779146 22.500000000000004 15750.000000000002 13500.000000000002 69000.000000000015 -7179.7243784801749 -4749.9999999999991 6.5000000000000009 1.0568733153638816 1.0000000180025095e-35 27350.000000000004 6500.0000000000009 -779.42539572762496 61250.000000000007 18000.000000000004
decision_type=2 2 2 10 2 2 8 2 8 10 8 2 2 2 2 10 10 2 2 10 2
left_child=2 14 3 5 -5 6 -1 8 9 -8 11 -4 -9 -14 16 -16 17 -2 19 -18 -17
right_child=1 -3 10 4 -6 -7 7 12 -10 -11 -12 -13 13 -15 15 20 18 -19 -20 -21 -22
leaf_value=-0.0017436999759285726 -0.00015529130334962648 -1.6251770639746412 10.537555021532549 -0.49181800186384017 97.26692721570933 53.687973177230035 0.15520064575107911 -1.0388374890576868 157.78664080970731 -0.0091319151705030622 -3.7788734225584055 -0.0017423594802754468 0.383178068431893 -0.044984890762744589 0.0012048023201465881 -0.001056719674715914 -0.0032581319419167907 3.6539015178486394 6.1604833507990118e-06 3.0279507162829464 -89.100055135396005
leaf_weight=670 2075 77 395 110 381 80 754 172 102 825 835 4993 222 171 2592 4291 2406 126 5534 318 195
leaf_count=670 2075 77 395 110 381 80 754 172 102 825 835 4993 222 171 2592 4291 2406 126 5534 318 195
internal_value=-0.00010854 -0.000462048 0.000531837 0.00177144 0.00731174 0.000860382 0.000573556 0.00151232 0.0027001 0.00202827 -0.000161398 0.000286414 -0.00200622 0.000361889 -0.000413687 0.000364192 -0.00094093 -0.00264974 -0.000484411 -0.00194322 -0.000613053
internal_weight=27324 17614 9710 3487 491 2996 2916 2246 1681 1579 6223 5388 565 393 17537 7078 10459 2201 8258 2724 4486
internal_count=27324 17614 9710 3487 491 2996 2916 2246 1681 1579 6223 5388 565 393 17537 7078 10459 2201 8258 2724 4486
is_linear=0
shrinkage=0.0215534


Tree=242
num_leaves=22
num_cat=0
split_feature=112 116 6 127 101 121 127 42 112 112 94 52 125 95 64 94 42 105 109 35 52
split_gain=14.195 21.709 24.6141 22.7796 20.0067 17.6718 32.3018 18.8259 21.9147 21.7843 17.9759 17.4746 21.9081 23.4052 20.5273 18.7036 16.1569 18.4329 16.9082 15.5652 15.4852
threshold=0.11324786324786326 -178.57142857142853 14500.000000000002 160.50000000000003 3290.3210497718105 1.0000000180025095e-35 352.50000000000006 1.0238565673457651 0.86607142857142871 0.23443223443223446 0.18594145536681 10428.15457918269 17.500000000000004 0.10906798530655995 0.065591397849462371 0.19604045844806331 -0.40824829046386196 7100.0000000000009 -0.32575757575757569 0.14489185585092293 4291.4288100511321
decision_type=8 8 8 2 2 8 2 8 10 10 8 8 2 10 10 10 10 10 10 2 10
left_child=16 3 -3 4 -2 7 11 8 10 -9 20 12 13 -7 -14 -15 17 18 -1 -16 -4
right_child=1 2 5 -5 -6 6 -8 9 -10 -11 -12 -13 14 15 19 -17 -18 -19 -20 -21 -22
leaf_value=86.661725854553524 3.1150114970724836 1.2290431974294962 -0.006486723056593661 -0.040572074157175571 -6.762604572454876 -0.05130675992637336 60.420753244021235 0.27981320190058062 22.274735821187512 0.37262881198792397 -26.040300774689896 -25.981527227369725 -0.35575153835650564 1.5926485757856081 1.7380460327259841 -6.3354294184274398 -0.0001065305270653667 77.880607553763738 1.9992465099343869e-06 -3.035499661434931 0.024850366485489186
leaf_weight=147 573 219 470 246 72 868 136 287 116 374 71 775 735 795 383 109 11960 141 7862 145 840
leaf_count=147 573 219 470 246 72 868 136 287 116 374 71 775 735 795 383 109 11960 141 7862 145 840
internal_value=-0.000133781 0.000685971 0.000240653 0.00383612 0.0059672 -1.27125e-05 -0.000871728 0.00155401 0.000210197 0.00458389 -0.00053997 -0.00124226 -0.000501359 0.00104112 -0.00267221 0.00347105 -0.000428279 0.000311 0.000173847 0.000555069 2.63275e-05
internal_weight=27324 7214 6323 891 645 6104 3946 2158 1497 661 1381 3810 3035 1772 1263 904 20110 8150 8009 528 1310
internal_count=27324 7214 6323 891 645 6104 3946 2158 1497 661 1381 3810 3035 1772 1263 904 20110 8150 8009 528 1310
is_linear=0
shrinkage=0.0215534


Tree=243
num_leaves=22
num_cat=0
split_feature=37 42 0 54 124 52 101 47 38 37 42 49 0 20 130 55 0 33 69 47 102
split_gain=12.7832 24.2988 17.8484 15.7631 16.7832 15.8736 15.2577 19.9084 18.124 22.2228 19.8418 17.2142 25.7979 22.2686 19.1004 19.1998 18.1958 16.3539 16.2028 16.6746 23.1178
threshold=-11749.999999999998 -1.7712297710801908 33.000000000000007 8817.5846485786769 3.5000000000000004 10820.48809584292 836.00058728547822 11750.000000000002 8750.0000000000018 4004.0000000000005 1.3258610570414522 56500.000000000007 39.500000000000007 49500.000000000007 0.25000000000000011 8005.2049468993073 10.000000000000002 43000.000000000007 1582.6666666666667 19750.000000000004 -2458.3733536565046
decision_type=2 10 2 8 2 10 2 8 2 2 10 10 2 10 2 10 2 2 10 10 2
left_child=1 -1 -3 4 5 -4 8 -8 9 10 11 13 17 14 18 -16 -15 -13 19 20 -2
right_child=6 2 3 -5 -6 -7 7 -9 -10 -11 -12 12 -14 16 15 -17 -18 -19 -20 -21 -22
leaf_value=113.81732623028969 0.33213511953089475 154.0077911790834 72.128759406353211 -4.882279838389902 -4.7260054162484701 -10.696684557499482 2.1949547175662021 0.0017464042041989466 -73.441277727546222 0.0066407853640705703 -0.0016538383637318326 2.8260318536823745 -77.568112655174517 -0.036589424818247486 8.3237965421396641e-06 1.6811568727323736 -0.011513225480942205 -18.068547554749607 -0.32069134305689695 -1.0044869409995542e-05 -0.0019749143011012389
leaf_weight=78 71 158 245 473 73 72 135 7836 535 1695 349 1207 168 595 4542 348 1827 99 261 4778 1779
leaf_count=78 71 158 245 473 73 72 135 7836 535 1695 349 1207 168 595 4542 348 1827 99 261 4778 1779
internal_value=-0.000185843 0.00209043 0.00119472 -1.49905e-05 0.00318247 0.00534248 -0.00028157 0.000504556 -0.000625321 -0.000506749 -0.000755386 -0.000641579 0.00157326 -0.000872086 -0.000484165 0.000544775 -0.00275502 0.00260073 -0.00121578 -0.00100676 -0.00274471
internal_weight=27324 1099 1021 863 390 317 26225 7971 18254 17719 16024 15675 1474 14201 11779 4890 2422 1306 6889 6628 1850
internal_count=27324 1099 1021 863 390 317 26225 7971 18254 17719 16024 15675 1474 14201 11779 4890 2422 1306 6889 6628 1850
is_linear=0
shrinkage=0.0215534


Tree=244
num_leaves=22
num_cat=0
split_feature=1 23 131 35 48 39 37 22 23 51 51 58 127 131 63 96 106 51 77 127 48
split_gain=13.6681 22.6894 29.3389 28.077 19.2429 17.8853 16.5664 19.1914 20.1468 15.8847 17.7065 15.6371 15.6141 16.2668 17.7125 14.6644 32.3031 25.0009 18.1665 15.2449 17.4083
threshold=11.000000000000002 5317.5052486066243 0.6830127018922193 0.17884050634162243 56833.333333333336 0.76759410801964012 8750.0000000000018 4569.3676673169211 3651.4837167015212 37583.333333333336 24583.333333333339 10504.000000000002 46.500000000000007 -0.5 2250.0000000000005 32999.999988813091 -3003.9999999999995 40916.666666666679 29500.000000000004 74.500000000000014 42916.666666666679
decision_type=2 10 2 2 10 2 2 10 10 8 10 8 2 2 10 2 10 8 10 2 10
left_child=5 4 3 -3 6 -1 7 8 11 10 -10 -2 -11 -14 -15 16 -7 18 -17 -19 -21
right_child=1 2 -4 -5 -6 15 -8 -9 9 12 -12 -13 13 14 -16 17 -18 19 -20 20 -22
leaf_value=40.863422288149096 -1.1331301006381381e-05 -0.11905594168954174 -1.9198213157070998 3.5746800850064453 3.6860361111959059 -0.075417249157644722 1.7855376790294293 -0.14351736769680162 -0.020424738337743026 -0.049401156234158791 0.89116416095981676 -0.0096149562897826606 -0.0037277640741291487 0.10415025436032156 -0.012287861834008734 6.0510993555565804 0.0017475397607612136 1.4673309635997702 0.078467398965316543 1.3392580331323145 -0.032286287431926554
leaf_weight=668 10681 911 203 164 196 120 337 404 100 71 164 2644 298 162 78 112 184 2301 572 755 6199
leaf_count=668 10681 911 203 164 196 120 337 404 100 71 164 2644 298 162 78 112 184 2301 572 755 6199
internal_value=-0.00021424 -0.000607478 -0.00336598 -0.00193662 -0.00037396 0.000376505 -0.000462546 -0.000572116 -0.000439627 0.00273028 0.00714911 -0.000647972 0.000799725 0.00206683 0.0062479 0.000152764 -0.00450773 0.000296224 0.00427225 1.39797e-06 -0.00050086
internal_weight=27324 16413 1278 1075 15135 10911 14939 14602 14198 873 264 13325 609 538 240 10243 304 9939 684 9255 6954
internal_count=27324 16413 1278 1075 15135 10911 14939 14602 14198 873 264 13325 609 538 240 10243 304 9939 684 9255 6954
is_linear=0
shrinkage=0.0215534


Tree=245
num_leaves=22
num_cat=0
split_feature=103 101 38 37 85 103 14 4 49 63 57 101 121 127 64 102 79 20 46 50 34
split_gain=12.3476 13.5852 18.6968 17.7256 17.6909 17.4195 18.5401 20.803 17.3403 20.163 18.3362 18.9603 19.1558 23.0938 23.5442 17.9124 16.8298 16.3533 15.9628 17.7218 15.3806
threshold=-6499.9999999999991 836.00058728547822 8750.0000000000018 4004.0000000000005 68375.000000000015 2500.0000000000005 14464.285714285716 28004.000000000004 56500.000000000007 -5014.9999999999991 13500.000000000002 -446.13552948771479 0.27922077922077926 102.50000000000001 0.09449404761904763 204.84914081323134 55500.000000000007 51750.000000000007 39500.000000000007 31583.333333333339 8125.0000000000009
decision_type=10 2 2 2 10 10 8 10 10 10 10 2 10 2 10 2 8 10 10 10 2
left_child=-1 2 3 8 16 6 -3 -8 10 -10 -2 12 13 20 18 -11 -5 -18 19 -15 -12
right_child=1 5 -4 4 -6 -7 7 -9 9 15 11 -13 -14 14 -16 -17 17 -19 -20 -21 -22
leaf_value=4.025124699420946 -1.9578790004751491e-05 1.1352641620410711 -74.402690997280573 0.0031274454957994045 -1.9241274612761099 -10.123974995042946 -0.022561880038849562 0.014153036407606635 -0.732722826682488 7.6486525151138594 -0.10225949220502216 0.004106103765330783 0.72692536635923632 -0.017573864337476534 -0.9096898904410029 -0.4319334292546661 2.2247205513618544 0.050145226379131748 -0.010744279256432381 -1.055266037671337 -0.038679328559273141
leaf_weight=842 10160 196 505 1031 261 1402 1289 5137 837 590 481 734 515 216 203 236 96 260 1962 119 252
leaf_count=842 10160 196 505 1031 261 1402 1289 5137 837 590 481 734 515 216 203 236 96 260 1962 119 252
internal_value=-0.000223705 -0.000305695 -0.000627752 -0.00051215 0.00161641 0.000434071 0.000897014 0.000696299 -0.000727827 0.00135559 -0.000965053 -0.00211394 -0.00273493 -0.00335057 -0.00235871 0.0037466 0.00258871 0.00663368 -0.00173208 -0.00608461 -0.00672092
internal_weight=27324 26482 18458 17953 1648 8024 6622 6426 16305 1663 14642 4482 3748 3233 2500 826 1387 356 2297 335 733
internal_count=27324 26482 18458 17953 1648 8024 6622 6426 16305 1663 14642 4482 3748 3233 2500 826 1387 356 2297 335 733
is_linear=0
shrinkage=0.0215534


Tree=246
num_leaves=22
num_cat=0
split_feature=63 109 107 22 2 22 0 74 30 54 110 10 8 19 64 4 47 106 47 0 3
split_gain=12.1532 15.4158 15.2405 18.7717 17.5539 19.8631 21.5983 16.5483 28.553 24.8611 24.9948 15.4074 13.3388 17.957 12.4317 16.2963 23.6111 16.1333 13.8989 13.2086 14.1195
threshold=-749.99999999999989 -0.10620300751879698 -38999.999999999993 13114.039117603006 71000.000000000015 14723.922377129385 13.000000000000002 71000.000000000015 44500.000000000007 8779.6793942693203 -0.063508064516129017 79000.000000000015 102500.00000000001 80500.000000000015 -0.086489013557737249 40004.000000000007 36250.000000000007 -4995.9999999999991 47000.000000000007 21.000000000000004 1.0000000180025095e-35
decision_type=8 8 10 10 2 10 2 10 2 10 10 10 8 10 10 10 8 8 10 2 2
left_child=2 -2 4 7 5 6 -1 -4 -9 -10 11 -11 13 -5 18 17 -17 -16 -3 -18 -21
right_child=1 14 3 12 -6 -7 -8 8 9 10 -12 -13 -14 -15 15 16 19 -19 -20 20 -22
leaf_value=4.0464258042949064 0.84416942613891144 -0.0040344274591979576 -0.00073939811444691608 0.37179335489869231 -67.600053259878479 -3.2199122759269758 0.072703082306865965 -68.181776856177237 5.0168616023225452 -44.740388624878612 -97.738243661698633 11.026901427178846 -12.271361044611588 21.771912185528162 -0.038491119678356542 2.0621888362635907 0.021034664594313166 -1.0661484518670877e-05 -30.80716135938118 -4.4944784616281033e-06 -14.711736158041349
leaf_weight=231 1182 492 8098 114 102 96 361 284 191 73 189 136 95 129 397 82 3207 9334 224 2191 116
leaf_count=231 1182 492 8098 114 102 96 361 284 191 73 189 136 95 129 397 82 3207 9334 224 2191 116
internal_value=-0.00021424 0.000133387 -0.000808004 -0.00105254 0.00206232 0.00330772 0.00479046 -0.00124115 -0.00406333 -0.00133909 -0.00441789 0.000680337 0.00392692 0.0066141 -4.11105e-05 8.80302e-05 0.00101526 -0.000444309 -0.00281721 0.000842733 -0.00039798
internal_weight=27324 17225 10099 9309 790 688 592 8971 873 589 398 209 338 243 16043 15327 5596 9731 716 5514 2307
internal_count=27324 17225 10099 9309 790 688 592 8971 873 589 398 209 338 243 16043 15327 5596 9731 716 5514 2307
is_linear=0
shrinkage=0.0215534


Tree=247
num_leaves=22
num_cat=0
split_feature=1 101 37 112 111 39 0 105 35 49 35 77 91 130 33 111 29 53 23 48 28
split_gain=15.7533 15.8067 22.3318 25.3703 18.7104 15.5753 19.6687 23.8635 18.7153 17.4114 16.9552 16.5964 18.6714 16.8547 16.0753 15.301 15.1786 23.9627 20.3065 17.5425 15.0801
threshold=11.000000000000002 7236.7400875599169 8750.0000000000018 0.084523809523809543 0.40312500000000007 0.76759410801964012 33.000000000000007 26000.000000000004 0.10552051707913418 53583.333333333343 0.15971328771002827 77500.000000000015 34375.000000000007 -0.6830127018922193 44500.000000000007 0.78174603174603186 56500.000000000007 5838.0889335476813 4974.0706981653302 52333.333333333336 23250.000000000004
decision_type=2 2 2 10 8 2 2 8 2 8 2 10 10 2 2 8 2 8 10 10 2
left_child=5 2 16 -4 -3 -1 8 10 9 -7 -8 12 13 -10 -13 -15 17 19 -18 -2 -19
right_child=1 4 3 -5 -6 6 7 -9 11 -11 -12 14 -14 15 -16 -17 18 20 -20 -21 -22
leaf_value=40.471526110308709 -2.140580203891454e-05 -87.388167673405107 -0.079554207749809161 3.3916787494896239 0.31449035244471135 -0.012103594871197077 0.026554252348566523 -219.01343230415159 -0.02010451418021272 7.6919412781566647 -1.5317435106511355 -3.5764757924196267 -9.6657547007645501 0.10853125090674623 -201.92077692640962 15.614351357698949 45.379148338106809 1.8352008731816216 -0.016471324898196762 10.847234434799129 -0.030152356194303127
leaf_weight=668 13114 278 199 149 174 472 2041 74 1051 888 967 220 93 4217 89 131 133 103 233 78 1952
leaf_count=668 13114 278 199 149 174 472 2041 74 1051 888 967 220 93 4217 89 131 133 103 233 78 1952
internal_value=-0.000159023 -0.000581214 -0.000468038 0.00492862 -0.00455764 0.000475273 0.00026639 -0.00117204 0.000886684 0.00316305 -0.00087128 0.000351477 0.000626341 0.000792819 -0.00450454 0.00138597 -0.000588908 -0.000693515 0.00374433 -0.000355517 -0.00285896
internal_weight=27324 16413 15961 348 452 10911 10243 3082 7161 1360 3008 5801 5492 5399 309 4348 15613 15247 366 13192 2055
internal_count=27324 16413 15961 348 452 10911 10243 3082 7161 1360 3008 5801 5492 5399 309 4348 15613 15247 366 13192 2055
is_linear=0
shrinkage=0.0215534


Tree=248
num_leaves=22
num_cat=0
split_feature=104 53 0 28 101 83 73 103 18 4 47 95 95 100 32 69 130 33 0 116 131
split_gain=13.7168 16.9046 21.7219 17.8631 16.258 31.5986 18.8729 15.8552 15.5737 22.6233 20.0991 15.7063 22.6057 15.3672 15.0783 18.2519 14.6698 20.0988 15.0392 13.749 13.1804
threshold=-5529.9999999999991 4464.6699308926954 39.500000000000007 59500.000000000007 836.00058728547822 81875.000000000015 97500.000000000015 3250.0000000000005 14500.000000000002 34500.000000000007 39500.000000000007 0.050539558381163412 0.066296472924304697 183.10625036118657 13859.209364737941 2583.3333333333335 1.0000000180025095e-35 44500.000000000007 21.000000000000004 464.28571428571433 -0.9330127018922193
decision_type=8 10 2 2 2 10 10 10 8 10 10 10 10 2 2 10 2 2 2 10 2
left_child=1 -1 3 -3 5 13 -7 8 -6 20 -11 -12 -13 19 15 -9 18 -18 -5 -2 -10
right_child=4 2 -4 16 7 6 -8 14 9 10 11 12 -14 -15 -16 -17 17 -19 -20 -21 -22
leaf_value=88.655305928563237 -2.1584420537001952e-05 -0.014246114832522892 -14.406479058395288 -2.5301965161941311 1.480846760757994 -146.25919327410509 -5.5187984557903889 -38.117779266259184 -20.399762964393101 0.73001581125685766 0.47156388344172601 -0.44281008328632931 0.61116333409468782 -0.032321899158697723 -120.28274785901365 9.1452846280312059 18.787782612595027 -10.271664659003049 25.788661940789208 5.4808678081074573 -0.00051164909494689126
leaf_weight=95 15155 707 246 120 176 86 95 872 126 495 310 303 3265 2210 133 292 352 94 114 78 2000
leaf_count=95 15155 707 246 120 176 86 95 872 126 495 310 303 3265 2210 133 292 352 94 114 78 2000
internal_value=-0.00014167 0.00171619 0.00119573 0.00224686 -0.000267438 -0.000632999 -0.00959252 0.000539639 0.000964157 0.000791285 0.00167869 0.00115378 0.000746617 -0.00053948 -0.0016384 -0.000844292 0.00474105 0.00703469 0.000331475 -0.000295149 -0.00102997
internal_weight=27324 1728 1633 1387 25596 17624 181 7972 6675 6499 4373 3878 3568 17443 1297 1164 680 446 234 15233 2126
internal_count=27324 1728 1633 1387 25596 17624 181 7972 6675 6499 4373 3878 3568 17443 1297 1164 680 446 234 15233 2126
is_linear=0
shrinkage=0.0215534


Tree=249
num_leaves=22
num_cat=0
split_feature=103 64 131 92 107 12 12 36 35 107 40 64 34 64 92 16 0 102 130 51 106
split_gain=12.633 12.4833 18.8483 46.8359 23.294 22.5141 17.6053 17.3533 16.625 16.1037 21.9869 16.8847 15.8782 15.2504 13.9908 14.6958 13.5882 13.3642 13.2196 19.5059 14.3755
threshold=-6499.9999999999991 0.063164893617021281 0.6830127018922193 4375.0000000000009 67500.000000000015 61000.000000000007 50004.000000000007 0.91666666666666685 0.22061123820319103 1996.0000000000002 1850.0000000000002 0.28869047619047622 8625.0000000000018 0.23669467787114848 17375.000000000004 53333.466666666674 13.000000000000002 492.19893358595897 0.25000000000000011 15750.000000000002 19500.000000000004
decision_type=10 10 2 10 8 8 8 2 2 10 2 10 2 10 10 10 2 2 2 10 10
left_child=-1 18 6 5 12 17 7 16 14 -9 -11 -12 -5 -14 15 -8 -3 -4 -2 -20 -21
right_child=1 2 3 4 -6 -7 8 9 -10 10 11 -13 13 -15 -16 -17 -18 -19 19 20 -22
leaf_value=3.6674102600000493 -0.00011742628161876142 0.052824591852939237 0.00058152952716339031 109.15636795702248 -7.4658471506654234 10.490826399872214 -0.6427167264115865 -0.0036677790316204835 -82.016709037680769 56.384940633322479 0.62088701349556186 -4.1623491375431874 2.5209844389302565 138.62071290113801 -22.331169227380517 1.0811475997787408 -1.3219498752623213 -0.060156911103858381 0.79828587386344318 1.3750621225157933e-05 -44.968509759392028
leaf_weight=842 11898 184 264 266 80 100 172 828 74 187 788 108 222 152 128 396 350 285 134 9628 238
leaf_count=842 11898 184 264 266 80 100 172 828 74 187 788 108 222 152 128 396 350 285 134 9628 238
internal_value=-0.000151135 -0.000234073 0.000788018 0.00290611 0.0066926 -0.00128172 -0.000111285 0.000781005 -0.00295551 0.00174358 0.00347449 0.00205889 0.00806779 0.00516222 -0.00190733 -0.000440108 -0.00264727 -0.00300673 -0.000448428 0.000128457 1.66035e-05
internal_weight=27324 26482 4584 1369 720 649 3215 2445 770 1911 1083 896 640 374 696 568 534 549 21898 10000 9866
internal_count=27324 26482 4584 1369 720 649 3215 2445 770 1911 1083 896 640 374 696 568 534 549 21898 10000 9866
is_linear=0
shrinkage=0.0215534


Tree=250
num_leaves=22
num_cat=0
split_feature=31 11 0 39 38 127 49 83 74 9 74 29 62 52 26 26 122 125 5 23 95
split_gain=13.1384 23.551 21.7222 39.5675 28.4295 26.8477 26.1271 25.1689 22.881 20.3549 19.9952 18.2096 16.3407 17.2879 15.5087 18.4268 15.0732 14.9978 16.4169 16.4605 16.6575
threshold=57500.000000000007 30500.000000000004 33.000000000000007 0.93771551724137947 2503.3333333333326 343.50000000000006 51916.666666666672 40750.000000000007 69000.000000000015 61000.000000000007 59000.000000000007 47333.333333333336 10750.000000000002 6055.7415019990885 7.5000000000000009 25.500000000000004 2250.0000000000005 5.5000000000000009 112500.00000000001 17801.927229112789 0.066856564384216124
decision_type=2 8 2 2 2 2 8 10 8 8 10 2 8 10 2 2 10 2 8 10 10
left_child=11 -2 4 5 6 8 7 -3 -4 14 16 -1 13 -8 -5 -16 17 -6 19 20 -19
right_child=1 2 3 9 10 -7 12 -9 -10 -11 -12 -13 -14 -15 15 -17 -18 18 -20 -21 -22
leaf_value=-2.6722634063864018e-05 45.24322450577273 98.331149033822612 1.4574778851007446 24.803043760937076 5.2868368289508139 -12.180473718361707 11.937276769930714 -0.024449193025557533 -4.1168938616965098 -137.79916958406648 -0.76106458567217794 -0.03695640658829754 132.32277228372035 1.4248152402599517 -85.127194135991658 0.92780999020855559 -92.10120184764223 3.0898421009619805 -93.004233268930989 22.760527564780595 0.0051554700403474308
leaf_weight=17159 112 168 1403 82 170 118 347 849 584 312 1925 713 240 1442 328 271 77 134 80 79 731
leaf_count=17159 112 168 1403 82 170 118 347 849 584 312 1925 713 240 1442 328 271 77 134 80 79 731
internal_value=-0.000166911 0.000482507 0.000363681 -0.00111033 0.00109664 0.000559033 0.00258689 -0.000224631 0.00115626 -0.0046575 -0.000321 -0.000510853 0.0040003 0.00328403 -0.00255059 -0.00376313 0.00177365 0.00237537 0.00138063 0.00218251 0.0013105
internal_weight=27324 9452 9340 3098 6242 2105 3046 1017 1987 993 3196 17872 2029 1789 681 599 1271 1194 1024 944 865
internal_count=27324 9452 9340 3098 6242 2105 3046 1017 1987 993 3196 17872 2029 1789 681 599 1271 1194 1024 944 865
is_linear=0
shrinkage=0.0215534


Tree=251
num_leaves=22
num_cat=0
split_feature=38 109 16 11 51 52 87 15 44 29 32 112 96 56 71 82 16 37 63 127 127
split_gain=13.1406 21.0074 15.724 16.0245 18.6231 17.2498 13.3014 15.7642 12.9666 16.7398 15.1963 11.6476 15.6029 18.3335 19.013 17.6077 20.976 14.7098 13.172 23.3991 28.4332
threshold=-10833.333333333332 -0.32575757575757569 37833.466666666674 40004.000000000007 67333.333333333358 16085.661016239159 10500.000000000002 76464.285714285725 112500.00000000001 97083.333333333358 14297.432994409251 1.3875000000000002 90008.124977506537 37500.000000000007 97500.000000000015 85625.000000000015 86365.151515151534 20500.000000000004 10750.000000000002 326.50000000000006 50.500000000000007
decision_type=2 8 8 10 10 8 10 10 10 2 2 10 2 10 10 10 10 2 10 2 2
left_child=1 -1 -3 5 -5 -4 -6 -8 9 11 -11 12 15 14 -14 17 -17 18 -2 20 -20
right_child=8 2 3 4 6 -7 7 -9 -10 10 -12 -13 13 -15 -16 16 -18 -19 19 -21 -22
leaf_value=161.2402870564965 -4.214717224165242e-05 54.09475488142899 -1.1783894153410357 54.874517470259292 5.6404704051222199 -82.210229740851716 -35.238938344285522 4.1853550727767201 -119.74654027601481 49.044378240677716 -13.023491742065589 17.966545374514389 -50.641891855112064 -102.93938180415599 21.096848354037881 22.158566968309206 -2.4699845024584928 -160.75779798681859 107.04795779489083 166.83707446243579 -0.61135424368123625
leaf_weight=91 24076 105 216 333 177 75 136 102 148 208 87 106 121 128 75 110 105 72 101 156 596
leaf_count=91 24076 105 216 333 177 75 136 102 148 208 87 106 121 128 75 110 105 72 101 156 596
internal_value=-0.000171644 0.00199986 0.00119815 0.000385814 0.00206286 -0.00389458 -0.000965789 -0.00430889 -0.000274776 -0.000238124 0.00486432 -0.000297171 -0.000327097 -0.00502759 -0.000835348 -0.000266339 0.00587184 -0.000319493 -0.00029102 0.00233952 0.000636933
internal_weight=27324 1235 1144 1039 748 291 415 238 26089 25941 295 25646 25540 324 196 25216 215 25001 24929 853 697
internal_count=27324 1235 1144 1039 748 291 415 238 26089 25941 295 25646 25540 324 196 25216 215 25001 24929 853 697
is_linear=0
shrinkage=0.0215534


Tree=252
num_leaves=22
num_cat=0
split_feature=100 112 112 29 29 77 82 11 127 61 51 11 37 60 124 42 127 131 100 94 128
split_gain=13.849 10.7137 17.3813 12.5928 16.529 15.0308 15.8721 23.7656 19.8657 18.3302 16.4218 14.1408 12.4298 12.9546 12.5714 26.9613 32.8612 10.8145 16.6901 11.8335 9.83218
threshold=-15938.001122913729 1.4000800000000002 1.6157894736842107 109583.33333333336 102916.66666666667 82500.000000000015 89375.000000000015 92500.000000000015 146.50000000000003 -11249.999999999998 60166.666666666679 92500.000000000015 20500.000000000004 -1249.9999999999998 32.500000000000007 1.575397763858102 78.500000000000014 -0.5 -4682.4867633711392 0.012903328107659007 1.0000000180025095e-35
decision_type=2 10 10 2 2 10 10 8 2 8 8 10 2 8 2 8 2 2 2 8 2
left_child=-1 3 -3 4 5 6 9 8 -8 10 -2 -5 13 20 17 16 -16 18 -15 -19 -11
right_child=1 2 -4 11 -6 -7 7 -9 -10 12 -12 -13 -14 14 15 -17 -18 19 -20 -21 -22
leaf_value=100.58261323492621 0.061374486305706653 25.953125938525918 -22.37697729764324 -360.58425816511362 43.909796549937511 -106.38045474020355 38.255435571891169 -73.106881697970053 -62.864999527786694 0.20461273386001472 -104.26272138113791 5.1866854105463611 -137.2131167983095 6.9935117700812865 -5.9690254851427992e-05 -0.00060144365218504719 2.1983983582433419e-05 -6.9846260559186743e-05 -0.00093080913249883764 7.7290901365763292e-05 -0.0016157029388074776
leaf_weight=108 99 94 75 85 167 103 191 110 76 1799 129 74 76 220 248 83 819 2939 7329 11150 1350
leaf_count=108 99 94 75 85 167 103 191 110 76 1799 129 74 76 220 248 83 819 2939 7329 11150 1350
internal_value=-0.000200041 -0.000230928 0.00517488 -0.000265044 -0.000228936 -0.000271504 -0.000239355 0.00414951 0.00763367 -0.000302753 -0.00638761 -0.00631296 -0.000249065 -0.000223203 -0.00040254 0.00179159 0.00271867 -0.000519558 -0.00117801 -0.000166136 0.00107182
internal_weight=27324 27216 169 27047 26888 26721 26618 377 267 26241 228 159 26013 25937 22788 1150 1067 21638 7549 14089 3149
internal_count=27324 27216 169 27047 26888 26721 26618 377 267 26241 228 159 26013 25937 22788 1150 1067 21638 7549 14089 3149
is_linear=0
shrinkage=0.0215534


Tree=253
num_leaves=22
num_cat=0
split_feature=38 32 15 125 94 104 12 0 38 20 125 51 10 63 89 101 12 127 59 59 101
split_gain=13.2164 13.4391 16.1879 12.3847 18.2812 10.2155 14.7337 14.2068 17.4642 17.1572 16.7556 18.1987 13.3864 13.072 14.8416 18.0915 12.7147 12.5613 12.4878 14.1042 15.5629
threshold=-20583.333333333328 516.39777949432244 27720.779220779226 14.500000000000002 0.016937791273429224 -5529.9999999999991 112500.00000000001 39.500000000000007 -6333.3333333333294 58500.000000000007 16.500000000000004 85083.333333333358 92500.000000000015 425.00000000000006 61500.000000000007 7555.7615161455988 38500.000000000007 98.500000000000014 51000.000000000007 43000.000000000007 3189.2698604248621
decision_type=2 2 8 2 10 8 10 2 2 10 2 10 8 8 10 2 10 2 10 10 2
left_child=-1 2 -2 -4 -5 7 13 8 -3 -9 11 -10 16 14 15 -7 -12 -17 19 -15 -21
right_child=1 5 3 4 -6 6 -8 9 10 -11 12 -13 -14 18 -16 17 -18 -19 -20 20 -22
leaf_value=98.670648304452612 -0.0057013736750698013 54.43102410309266 1.6978019074159785e-05 0.00018270269682618012 -4.0627764241679756e-05 -9.9534459793758459e-05 -75.039273334446278 4.1076343902369059 1.2985249388574194 -78.757304809206133 15.186433128670888 41.261940833996242 -27.59327747289343 4.4684541051103525e-05 11.971681869722033 -1.6577087974178641 -0.22538958896452307 -139.37965891733404 -92.975156558525953 72.526364258186618 1.5962971285771612
leaf_weight=133 93 413 288 226 119 14916 143 131 426 98 74 71 78 9010 134 142 351 171 86 103 118
leaf_count=133 93 413 288 226 119 14916 143 131 426 98 74 71 78 9010 134 142 351 171 86 103 118
internal_value=-0.000198463 -0.000231933 0.00265967 0.00390147 0.00665776 -0.000311593 -0.000420768 0.00133355 0.00214451 -0.00363145 0.00059482 0.00340797 -0.00216777 -0.000380414 -0.000766843 -0.000830201 -0.000638858 -0.00596144 0.000255853 0.000332952 0.0057125
internal_weight=27324 27191 726 633 345 26465 24823 1642 1413 229 1000 497 503 24680 15363 15229 425 313 9317 9231 221
internal_count=27324 27191 726 633 345 26465 24823 1642 1413 229 1000 497 503 24680 15363 15229 425 313 9317 9231 221
is_linear=0
shrinkage=0.0215534


Tree=254
num_leaves=22
num_cat=0
split_feature=32 15 103 42 109 125 22 107 101 25 47 61 1 51 77 51 1 76 88 118 77
split_gain=11.5704 13.81 12.2269 11.1467 11.9573 10.4229 15.5076 10.0315 22.0609 20.4264 19.3819 18.1041 18.1411 22.303 15.2519 19.8281 15.2066 14.8899 13.9667 12.9093 12.797
threshold=516.39777949432244 27720.779220779226 -6499.9999999999991 -0.40597174182134194 -0.32575757575757569 14.500000000000002 474.63114654917405 13500.000000000002 3776.4135152319727 9.5000000000000018 36250.000000000007 1.0000000180025095e-35 9.0000000000000018 57333.333333333336 77500.000000000015 93416.666666666672 11.000000000000002 82500.000000000015 29000.000000000004 0.2678571428571429 49000.000000000007
decision_type=2 10 8 10 10 2 10 10 2 2 10 10 2 10 10 8 2 10 10 10 10
left_child=1 -1 3 4 -2 -3 -7 14 9 -9 -10 19 18 16 20 -16 -14 -17 -13 -12 -4
right_child=2 5 7 -5 -6 6 -8 8 10 -11 11 12 13 -15 15 17 -18 -19 -20 -21 -22
leaf_value=-0.0055784898302135028 136.85143693120881 1.6612085462230588e-05 -9.5185085224754707e-05 -0.32164104645507874 11.497809316112665 0.00017430001495857603 3.7017275479134128e-05 8.1192050439391572 20.536995720231968 -0.42027034385771617 -0.062865367583102919 1.1177019100733754 104.18829859311865 -0.47480675782465853 -125.75013320720508 14.286501386654287 0.033079563024313426 -47.54829722736438 -79.070163994105243 -64.711308755362623 0.0048728850795150443
leaf_weight=93 76 288 18954 342 392 218 127 352 71 73 741 180 305 345 117 79 114 107 108 281 3961
leaf_count=93 76 288 18954 342 392 218 127 352 71 73 741 180 305 345 117 79 114 107 108 281 3961
internal_value=-0.000201619 0.00248157 -0.00027519 0.00233068 0.00449394 0.00362912 0.00615812 -0.000357383 0.00091913 0.00540483 2.6127e-05 -0.000349163 0.0016307 0.00337363 -0.000499055 -0.00530481 0.00671648 -0.000880235 -0.00296258 -0.00239553 -0.00043511
internal_weight=27324 726 26598 810 468 633 345 25788 2570 425 2145 2074 1052 764 23218 303 419 186 288 1022 22915
internal_count=27324 726 26598 810 468 633 345 25788 2570 425 2145 2074 1052 764 23218 303 419 186 288 1022 22915
is_linear=0
shrinkage=0.0215534


Tree=255
num_leaves=22
num_cat=0
split_feature=38 63 101 63 100 112 50 97 100 18 6 125 63 102 10 42 40 76 28 28 99
split_gain=13.2537 11.9439 13.7978 15.9145 19.4331 15.5662 29.5678 14.6413 22.4174 21.9682 16.4186 15.9468 13.9702 13.4167 13.1138 14.8479 14.6486 14.4303 12.6624 15.5995 17.9422
threshold=-20583.333333333328 -749.99999999999989 -7179.7243784801749 -13749.999999999998 -620.67838142487551 -0.070197044334975353 64333.333333333336 49456.296694929908 474.65101553753271 43500.000000000007 9500.0000000000018 10.500000000000002 -23749.999999999996 -2732.3543441961115 15004.000000000002 -1.0830949588055327 2250.0000000000005 17500.000000000004 112500.00000000001 93750.000000000015 87857.181404945339
decision_type=2 10 2 10 2 8 10 2 2 10 10 2 8 2 10 8 2 10 2 2 2
left_child=-1 2 3 -2 -5 6 7 9 11 10 -4 -9 -7 -13 -12 -16 -17 -18 19 20 -3
right_child=1 18 5 4 -6 12 -8 8 -10 -11 14 13 -14 -15 15 16 17 -19 -20 -21 -22
leaf_value=96.296146223752288 -0.73712673000245743 8.8274275902681146e-06 0.3895844002990454 0.49310570574273238 2.5886139699124939 14.485700441125767 -108.39250020694176 -0.043794225399462601 -85.477887525058108 -0.072345212535930223 -0.0364030818994679 0.22103124376401823 -0.00021500898766987138 0.0032910848137763932 -0.34713712861680035 0.00087613014290626259 -0.02593738208451702 -0.0019615038908572871 -70.074379998946569 20.971841022433509 -133.01726395704964
leaf_weight=133 899 16184 127 1154 151 90 189 163 87 439 346 225 4403 181 397 549 184 883 165 303 72
leaf_count=133 899 16184 127 1154 151 90 189 163 87 439 346 225 4403 181 397 549 184 883 165 303 72
internal_value=-0.000207929 -0.000241445 -0.000812543 0.000700162 0.00222289 -0.00121707 -0.00223875 -0.00179717 0.00110379 -0.00245074 -0.00166109 0.00267383 -0.000357857 0.00496774 -0.00207028 -0.00139828 -0.000474789 -0.00195114 0.000115473 0.000175196 8.43253e-05
internal_weight=27324 27191 10467 2204 1305 8263 3770 3581 656 2925 2486 569 4493 406 2359 2013 1616 1067 16724 16559 16256
internal_count=27324 27191 10467 2204 1305 8263 3770 3581 656 2925 2486 569 4493 406 2359 2013 1616 1067 16724 16559 16256
is_linear=0
shrinkage=0.0215534


Tree=256
num_leaves=22
num_cat=0
split_feature=40 32 109 58 95 127 95 92 35 23 125 107 108 125 100 101 95 35 35 35 67
split_gain=12.3165 43.1799 18.1571 18.6428 13.7061 17.1336 27.4359 26.9177 20.8849 22.3385 16.2283 21.2183 22.6953 16.4231 16.2813 22.0041 16.0577 15.0934 14.398 24.4739 13.9939
threshold=1250.0000000000002 632.45553203367592 -0.36038961038961032 59000.000000000007 0.19262634107551349 62.500000000000007 0.011259357071210929 5625.0000000000009 0.092304909194116144 182.57418583494601 15.500000000000002 -5503.9999999999991 0.070197044334975381 20.500000000000004 98.107309920267667 -103.31514861887989 0.017278467139375597 0.23178271086321364 0.022587697572631283 0.026592762135749664 0.91666666666666685
decision_type=2 2 8 8 10 2 10 10 2 10 2 10 10 2 2 2 10 2 2 2 2
left_child=2 -2 -1 4 5 7 -7 8 9 -4 11 20 -13 14 -12 -16 -15 -10 -18 -20 -8
right_child=1 -3 3 -5 -6 6 10 -9 17 -11 13 12 -14 16 15 -17 18 -19 19 -21 -22
leaf_value=144.47340848414535 -0.0016003811380756346 -0.00028217721667066513 -2.8585354690445964e-05 -3.0605945498677496 -0.53938487386259126 1.5863402593480895e-05 2.1226794384750693 74.523329178128009 -0.082359529711416329 0.0044337451395530039 -0.00017732198909301846 -2.8657927749976144e-05 7.8362921230662455 -0.00035419629069782235 -13.089772930549769 -0.054434730729093425 0.00031995518255097159 20.746189765304738 -0.0083074776789022753 7.4260396582809422e-05 37.085960174949555
leaf_weight=72 88 17971 78 92 726 742 338 239 438 693 782 2456 105 163 76 178 196 95 89 1607 100
leaf_count=72 88 17971 78 92 726 742 338 239 438 693 782 2456 105 163 76 178 196 95 89 1607 100
internal_value=-0.000176377 -0.00050437 0.000462003 0.00037653 0.000475065 0.000722127 0.000257426 0.00277397 0.00154697 0.00381818 -0.000218009 0.000909827 0.000156534 -0.00131506 -0.00352809 -0.00827868 -0.000195075 -0.00172234 0.000359967 -0.000274488 0.00529365
internal_weight=27324 18059 9265 9193 9101 8375 6832 1543 1304 771 6090 2999 2561 3091 1036 254 2055 533 1892 1696 438
internal_count=27324 18059 9265 9193 9101 8375 6832 1543 1304 771 6090 2999 2561 3091 1036 254 2055 533 1892 1696 438
is_linear=0
shrinkage=0.0215534


Tree=257
num_leaves=22
num_cat=0
split_feature=63 107 37 42 102 127 54 107 93 52 86 38 94 9 5 127 23 38 80 107 23
split_gain=13.1075 17.7879 14.4553 28.1468 13.397 26.237 30.5515 18.2244 26.8371 18.9853 17.9958 16.3465 16.2871 17.0814 14.7688 14.0931 14.0266 13.8462 12.9375 12.6164 12.2749
threshold=-749.99999999999989 82500.000000000015 -10749.999999999998 -1.3789922346811434 -7604.6367755456295 214.50000000000003 11094.276934668602 -4995.9999999999991 0.10776676347212376 12926.061796451422 64750.000000000007 11665.999999999998 0.048466783664707795 50004.000000000007 59000.000000000007 50.500000000000007 1925.1809828693765 -4666.6666666666661 49000.000000000007 -24969.999999999996 2450.6625892682619
decision_type=10 8 2 10 2 2 10 8 10 10 10 2 10 8 10 2 10 2 10 8 10
left_child=4 2 3 -2 5 6 -1 8 11 14 -8 12 13 15 -10 -6 -14 -7 -17 -12 -3
right_child=1 20 -4 -5 7 17 10 -9 9 -11 19 -13 16 -15 -16 18 -18 -19 -20 -21 -22
leaf_value=4.5091921808847388 88.301686685937852 -0.00014581972601505273 8.7630383835298469e-06 -2.7022942666472884 -0.028179549742840784 -4.7644252272912739 34.801812075080704 -6.959366599945354e-05 0.03712954043754596 -82.644643153360448 -2.4140378074741733 -116.77711977048887 -0.16053574627463257 1.3535076832834709 35.034991320612406 0.0013592930017404111 -0.04494750092121761 -0.033665450886253334 -0.017333687450527775 2.9341678914046518 -42.850415791543867
leaf_weight=419 303 117 16006 287 121 99 75 5465 465 75 366 79 110 214 75 245 2129 105 351 121 97
leaf_count=419 303 117 16006 287 121 99 75 5465 465 75 366 79 110 214 75 245 2129 105 351 121 97
internal_value=-0.000201619 0.000171298 0.000251429 0.00356484 -0.000798661 0.00135675 0.00282517 -0.00107338 -0.0022066 0.00191322 -0.000444806 -0.00298912 -0.00274406 -0.000337972 0.00333617 -0.00194165 -0.00374063 -0.00566029 -0.000564064 -0.00197349 -0.00599993
internal_weight=27324 16810 16596 590 10514 1185 981 9329 3864 615 562 3249 3170 931 540 717 2239 204 596 487 214
internal_count=27324 16810 16596 590 10514 1185 981 9329 3864 615 562 3249 3170 931 540 717 2239 204 596 487 214
is_linear=0
shrinkage=0.0215534


Tree=258
num_leaves=22
num_cat=0
split_feature=100 52 46 42 94 42 124 26 94 0 52 52 94 55 127 112 37 0 22 127 35
split_gain=11.0625 10.6913 23.7637 22.1027 26.5502 24.8561 16.0174 20.5894 15.8371 18.1429 16.5808 14.8641 14.3943 13.7982 17.5799 12.501 15.3685 21.1398 24.4136 22.9726 18.8215
threshold=-15938.001122913729 865.54360876699582 26250.000000000004 1.5505847767289238 0.071460619668199082 1.5860645438769614 38.500000000000007 9.5000000000000018 0.033708625106120153 21.000000000000004 648.51779997311962 826.10312969235281 0.016778732676112847 632.45553203367592 146.50000000000003 0.18634259259259262 -3249.9999999999995 21.000000000000004 1336.3062095620862 350.50000000000006 0.19374506174177303
decision_type=2 8 10 8 10 8 2 2 10 2 10 10 10 10 2 10 2 2 10 2 2
left_child=-1 2 -2 4 6 -5 7 11 9 10 13 -4 -7 -9 -15 -3 -17 -18 -19 20 -20
right_child=1 15 3 5 -6 12 -8 8 -10 -11 -12 -13 -14 14 -16 16 17 18 19 -21 -22
leaf_value=90.951692538089176 -0.019224405162425896 -0.00039011399562376066 0.0016615924986887155 -0.0011002774891634966 0.38180345501618962 0.025154859349833421 1.9819895574129668e-05 -5.8446324052149715e-06 -0.0044019448632252219 9.1555130796951205e-05 -0.00013728106232391507 0.27595235543086843 -0.0045273926855038532 -0.00056808136715108038 0.00013549079821271535 1.6154913182344668 0.36113059569226341 0.46305831947449771 -1.8963234758328096 83.344799393911757 -64.154953509452412
leaf_weight=108 136 19226 408 101 91 112 219 183 160 879 474 78 86 104 221 816 2204 302 1106 79 231
leaf_count=108 136 19226 408 101 91 112 219 183 160 879 474 78 86 104 221 816 2204 302 1106 79 231
internal_value=-0.000179532 -0.00020717 0.000951715 0.00133909 0.00193262 -0.00422278 0.00154648 0.00105399 9.17151e-05 0.000655487 -0.00135189 0.00503696 0.000174112 0.00134047 0.00401766 -0.000364798 0.000625937 6.37478e-05 -0.00172618 -0.0029162 -0.0035882
internal_weight=27324 27216 3252 3116 2817 299 2726 2507 2021 1861 982 486 198 508 325 23964 4738 3922 1718 1416 1337
internal_count=27324 27216 3252 3116 2817 299 2726 2507 2021 1861 982 486 198 508 325 23964 4738 3922 1718 1416 1337
is_linear=0
shrinkage=0.0215534


end of trees

feature_importances:
day_of_year=227
price_minus_cross_mean=185
market_id=178
cross_zscore=162
roll_cv_30=143
roll_std_30=137
month_cos=121
pct_change_30d=114
roll_min_30=113
anchor_minus_ewm30=112
anchor_minus_ewm7=109
cross_mean_lag14=107
cross_cv=105
unchanged_streak=105
day_of_month=103
cross_median_change_14d=93
price_ratio_cross_median=92
cross_std_lag14=92
ewm7_minus_ewm30=90
week_of_year=86
month_sin=84
cross_median=78
roll_range_30=72
cross_mean=71
cross_std=70
cross_std_lag1=70
cross_median_pct_change_7d=68
cross_iqr=67
lag_30=64
cross_std_lag7=64
cross_std_lag3=63
distance_from_cross_min=58
roll_max_30=56
ewm_30=54
price_minus_cross_median=53
cross_mean_lag7=53
cross_mean_lag1=52
ewm_3=51
cross_max=50
cross_median_change_7d=50
lag_2=49
cross_median_lag14=49
pct_change_14d=49
cross_mean_lag3=48
distance_from_cross_max=47
commodity_no=44
change_30d=44
roll_mean_30=43
roll_cv_14=43
roll_std_14=39
anchor_lag_30=39
cross_range_lag14=38
lag_21=37
roll_iqr_30=35
cross_range_lag1=34
cross_min=33
roll_q25_30=33
pct_change_1d=33
cross_median_lag1=31
roll_cv_7=31
pct_change_7d=31
share_up_14=31
lag_3=27
change_1d=27
roll_mean_14=26
cross_median_lag3=26
roll_q25_14=26
lag_10=25
cross_median_change_3d=25
share_down_14=25
cross_median_lag7=24
ewm_7=24
change_14d=24
anchor_price=23
price_rank_pct=23
roll_median_30=22
roll_std_7=22
month=22
cross_mean_member_move=21
roll_iqr_14=21
ewm_14=21
cross_range_lag7=20
pct_change_3d=20
lag_14=18
cross_range_lag3=18
roll_median_7=17
roll_min_14=17
roll_mean_7=16
cross_range=16
roll_min_7=14
anchor_lag_14=13
roll_q75_30=13
roll_range_14=12
share_up_7=12
lag_1=11
change_3d=11
lag_5=10
lag_7=10
roll_mean_3=10
slope_30d=10
share_down_7=10
median_abs_move_14=10
cross_fresh_ratio=9
change_7d=9
median_abs_move_7=9
roll_max_14=8
roll_q75_7=7
roll_q75_14=7
roll_median_3=6
roll_median_14=6
roll_max_7=6
slope_14d=6
roll_range_7=5
cross_median_change_1d=4
anchor_lag_7=4
slope_1d=4
days_since_anchor=3
day_of_week=3
slope_3d=3
quarter=3
cross_share_up=2
anchor_lag_3=2
dow_sin=2
cross_share_down=1
cross_share_flat=1
cross_median_member_move=1
anchor_lag_1=1
roll_iqr_7=1
slope_7d=1

parameters:
[boosting: gbdt]
[objective: regression_l1]
[metric: l1]
[tree_learner: serial]
[device_type: cpu]
[data_sample_strategy: bagging]
[data: ]
[valid: ]
[num_iterations: 259]
[learning_rate: 0.0215534]
[num_leaves: 22]
[num_threads: 1]
[seed: 3005]
[deterministic: 1]
[force_col_wise: 1]
[force_row_wise: 0]
[histogram_pool_size: -1]
[max_depth: 12]
[min_data_in_leaf: 71]
[min_sum_hessian_in_leaf: 0.001]
[bagging_fraction: 0.997475]
[pos_bagging_fraction: 1]
[neg_bagging_fraction: 1]
[bagging_freq: 0]
[bagging_seed: 30200]
[bagging_by_query: 0]
[feature_fraction: 0.650084]
[feature_fraction_bynode: 1]
[feature_fraction_seed: 26486]
[extra_trees: 0]
[extra_seed: 15140]
[early_stopping_round: 0]
[early_stopping_min_delta: 0]
[first_metric_only: 0]
[max_delta_step: 0]
[lambda_l1: 0.399707]
[lambda_l2: 0.100229]
[linear_lambda: 0]
[min_gain_to_split: 0]
[drop_rate: 0.1]
[max_drop: 50]
[skip_drop: 0.5]
[xgboost_dart_mode: 0]
[uniform_drop: 0]
[drop_seed: 29089]
[top_rate: 0.2]
[other_rate: 0.1]
[min_data_per_group: 100]
[max_cat_threshold: 32]
[cat_l2: 10]
[cat_smooth: 10]
[max_cat_to_onehot: 4]
[top_k: 20]
[monotone_constraints: ]
[monotone_constraints_method: basic]
[monotone_penalty: 0]
[feature_contri: ]
[forcedsplits_filename: ]
[refit_decay_rate: 0.9]
[cegb_tradeoff: 1]
[cegb_penalty_split: 0]
[cegb_penalty_feature_lazy: ]
[cegb_penalty_feature_coupled: ]
[path_smooth: 0]
[interaction_constraints: ]
[verbosity: -1]
[saved_feature_importance_type: 0]
[use_quantized_grad: 0]
[num_grad_quant_bins: 4]
[quant_train_renew_leaf: 0]
[stochastic_rounding: 1]
[linear_tree: 0]
[max_bin: 255]
[max_bin_by_feature: ]
[min_data_in_bin: 3]
[bin_construct_sample_cnt: 200000]
[data_random_seed: 9851]
[is_enable_sparse: 1]
[enable_bundle: 1]
[use_missing: 1]
[zero_as_missing: 0]
[feature_pre_filter: 1]
[pre_partition: 0]
[two_round: 0]
[header: 0]
[label_column: ]
[weight_column: ]
[group_column: ]
[ignore_column: ]
[categorical_feature: ]
[forcedbins_filename: ]
[precise_float_parser: 0]
[parser_config_file: ]
[objective_seed: 5623]
[num_class: 1]
[is_unbalance: 0]
[scale_pos_weight: 1]
[sigmoid: 1]
[boost_from_average: 1]
[reg_sqrt: 0]
[alpha: 0.9]
[fair_c: 1]
[poisson_max_delta_step: 0.7]
[tweedie_variance_power: 1.5]
[lambdarank_truncation_level: 30]
[lambdarank_norm: 1]
[label_gain: ]
[lambdarank_position_bias_regularization: 0]
[eval_at: ]
[multi_error_top_k: 1]
[auc_mu_weights: ]
[num_machines: 1]
[local_listen_port: 12400]
[time_out: 120]
[machine_list_filename: ]
[machines: ]
[gpu_platform_id: -1]
[gpu_device_id: -1]
[gpu_use_dp: 0]
[num_gpu: 1]

end of parameters

pandas_categorical:[]
