tree
version=v4
num_class=1
num_tree_per_iteration=1
label_index=0
max_feature_idx=131
objective=regression_l1
feature_names=market_id commodity_no anchor_price days_since_anchor lag_1 lag_2 lag_3 lag_5 lag_7 lag_10 lag_14 lag_21 lag_30 roll_mean_3 roll_mean_7 roll_mean_14 roll_mean_30 roll_median_3 roll_median_7 roll_median_14 roll_median_30 roll_std_7 roll_std_14 roll_std_30 day_of_week month week_of_year is_weekend cross_median cross_mean cross_min cross_max cross_std cross_range cross_iqr cross_cv cross_fresh_ratio price_minus_cross_median price_minus_cross_mean price_ratio_cross_median distance_from_cross_min distance_from_cross_max cross_zscore price_rank_pct cross_median_lag1 cross_median_lag3 cross_median_lag7 cross_median_lag14 cross_mean_lag1 cross_mean_lag3 cross_mean_lag7 cross_mean_lag14 cross_std_lag1 cross_std_lag3 cross_std_lag7 cross_std_lag14 cross_range_lag1 cross_range_lag3 cross_range_lag7 cross_range_lag14 cross_median_change_1d cross_median_change_3d cross_median_change_7d cross_median_change_14d cross_median_pct_change_7d cross_share_up cross_share_down cross_share_flat cross_median_member_move cross_mean_member_move anchor_lag_1 anchor_lag_3 anchor_lag_7 anchor_lag_14 anchor_lag_30 roll_min_7 roll_min_14 roll_min_30 roll_max_7 roll_max_14 roll_max_30 roll_q25_7 roll_q25_14 roll_q25_30 roll_q75_7 roll_q75_14 roll_q75_30 roll_range_7 roll_range_14 roll_range_30 roll_iqr_7 roll_iqr_14 roll_iqr_30 roll_cv_7 roll_cv_14 roll_cv_30 ewm_3 ewm_7 ewm_14 ewm_30 anchor_minus_ewm7 anchor_minus_ewm30 ewm7_minus_ewm30 change_1d change_3d change_7d change_14d change_30d pct_change_1d pct_change_3d pct_change_7d pct_change_14d pct_change_30d slope_1d slope_3d slope_7d slope_14d slope_30d share_up_7 share_down_7 share_up_14 share_down_14 median_abs_move_7 median_abs_move_14 unchanged_streak day_of_month quarter day_of_year dow_sin dow_cos month_sin month_cos
feature_infos=[8:41] [8:22] [6000:150000] [0:15] [6000:150000] [6000:150000] [6000:150000] [6000:150000] [6000:150000] [6000:150000] [6000:150000] [6000:150000] [6000:150000] [6666.666666666667:150000] [7285.7142857142853:145714.28571428571] [7428.5714285714284:135714.28571428571] [7700:124666.66666666667] [6000:150000] [7000:150000] [7000:130000] [8000:120000] [0:40820.163084996566] [0:32675.981702464378] [0:34759.02264409067] [0:6] [1:12] [1:52] [0:1] [9000:130000] [10166.666666666666:133333.33333333334] [6000:120000] [14000:150000] [0:48499.140885861751] [0:139000] [0:50000] [0:0.65760928594291912] [0:1] [-104000:47500] [-94166.666666666672:44833.333333333328] [0.095652173913043481:2.9411764705882355] [0:139000] [0:139000] [-2.0412414523193143:2.0412414523193161] [0.16666666666666666:1] [9000:130000] [9000:130000] [9000:130000] [9000:130000] [10166.666666666666:133333.33333333334] [10166.666666666666:133333.33333333334] [10166.666666666666:133333.33333333334] [10166.666666666666:133333.33333333334] [0:48499.140885861751] [0:48499.140885861751] [0:48499.140885861751] [0:48499.140885861751] [0:139000] [0:139000] [0:139000] [0:139000] [-27500:26500] [-35000:25000] [-40000:40000] [-55000:60000] [-0.4375:0.72499999999999998] [0:0.83333333333333337] [0:0.83333333333333337] [0:1] [-22500:20000] [-20833.333333333332:21666.666666666668] [6000:150000] [6000:150000] [6000:150000] [6000:150000] [6000:150000] [6000:130000] [6000:120000] [6000:120000] [8000:150000] [8000:150000] [8000:150000] [7000:145000] [7000:125000] [7000:120000] [7500:150000] [8000:150000] [8000:130000] [0:119000] [0:119000] [0:119000] [0:70000] [0:65000] [0:65000] [0:0.51234753829797985] [0:0.44653565045368226] [0:0.44529515256215912] [6500.2450909968848:148903.77312432975] [7155.927433445464:139747.70073892002] [7453.9143897067488:127070.75567118348] [7785.2380113571562:118990.51099405147] [-75927.212396207673:41540.762332797138] [-98118.606192168561:66237.753733998339] [-25532.858566290735:40445.001009913598] [-98000:108000] [-99000:108000] [-119000:108000] [-108000:80000] [-118000:110000] [-0.89090909090909087:9] [-0.90000000000000002:9] [-0.91538461538461535:9] [-0.90000000000000002:6.2727272727272725] [-0.90769230769230769:5.3636363636363633] [-98000:108000] [-33000:36000] [-17000:15428.571428571429] [-7714.2857142857147:5714.2857142857147] [-3933.3333333333335:3666.6666666666665] [0:0.7142857142857143] [0:0.8571428571428571] [0:0.6428571428571429] [0:0.7142857142857143] [0:30000] [0:15000] [0:112] [1:31] [1:4] [1:366] [-0.97492791218182362:0.97492791218182362] [-0.90096886790241903:1] [-1:1] [-1:1]
tree_sizes=2521 2480 2426 2439 2589 2681 2282 2220 2123 2409 2164 2185 2240 2548 1849 2166 2451 2498 2415 2064 2369 2371 2570 2830 2488 2736 1511 2510 2570 1682 2547 2635 2488 2437 1999 1862 1726 1968 1884 2059 2547 1979 2602 2635 2904 2217 2194 2262 2144 2649 3018 2829 2865 2239 2654 2632 1836 2446 2963 1219 2124 1964 1129 1625 1884 1854 1445 1852 2475 1623 2296 2486 2176 1475 2277 2020 2717 1993 2660 2118 2221 2565 2511 2728 2728 2719 2534 1772 1768 1587 1184 1980 2890 2750 2635 2360 2458 2436 2745 2274 2809 2011 2728 2117 1320 1929 1328 2092 1300 2110 1293 1895 1479 1370 1849 1300 1668 1664 2751 2201 2265 1897 1899 1898 1389 1642 1839 1780 1123 787 2876 1555 949 1811 2135 2028 1717 1946 1933 2383 2082 2067 2279 2668 2798 2604 2963 2069 2164 2172 1222 1105 941 1707 1599 2217 2441 2089 1121 780 1038 2754 1126 2227 2404 2406 2698 2824 1983 2549 1382 2409 2635 1687 2630 2433 2155 2694 1668 1739 1895 1558 2524 2917 2875 2187 1835 2021 2288 1661 1525 1722 1628 1995 2191 2264 2004 2783 2455 2566 1957 2901 1754 2435 1386 2187 2167 2343 2430 1557 2725 2720 2155 2156 2612 1062 2171 1983 1796 1376 1482 2165 2652 2449 2450 2109 2624 2002 2553 2579 2309 1568 1285 785 783 1369 1696 1138

Tree=0
num_leaves=31
num_cat=0
split_feature=38 38 42 100 64 51 63 131 101 101 64 50 101 131 92 127 38 86 38 101 83 26 89 125 34 10 111 35 34 63
split_gain=521.234 251.902 148.667 90.9336 79.8513 54.2854 47.857 41.9646 38.2725 38.042 36.5292 34.1387 30.1892 28.9916 28.2072 27.6432 24.3473 19.8966 17.9778 16.9051 14.4116 14.3317 13.6199 11.2761 10.6067 9.93392 7.2141 5.74958 5.54897 4.53352
threshold=166.666666666667 6733.3333333333367 -1.1295025106376964 1.2637369757303534 0.016261237440507673 52583.333333333336 -176.99999999999997 0.6830127018922193 -317.22841106186928 -6785.9103570166617 0.063164893617021281 74250.000000000015 119.48057959827021 0.6830127018922193 1062.5000000000002 315.50000000000006 -12333.333333333334 84625.000000000015 12666.666666666666 86.035938633739548 47750.000000000007 10.500000000000002 50004.000000000007 12.500000000000002 7375.0000000000009 34500.000000000007 -0.22048611111111108 0.35458937802109364 17250.000000000004 -9484.9999999999982
decision_type=2 2 8 2 10 8 10 2 2 2 10 10 2 2 10 2 2 10 2 2 10 2 10 2 2 10 10 2 2 10
left_child=2 6 11 5 14 9 12 -6 21 -4 18 16 17 28 -5 -10 29 -2 24 -7 -15 -8 26 -18 -3 -14 -13 -20 -12 -1
right_child=1 10 3 4 7 19 8 -9 15 -11 13 22 25 20 -16 -17 23 -19 27 -21 -22 -23 -24 -25 -26 -27 -28 -29 -30 -31
leaf_value=50.047795410674112 0 0 200.19118164269645 0 0 0 0 0 0 0 0 0 0 250.23897705337055 0 0 0 -250.23897705337055 -500.47795410674109 0 0 0 500.47795410674109 0 -250.23897705337055 0 -250.23897705337055 0 -500.47795410674109 500.47795410674109
leaf_weight=88 2828 319 357 975 1209 1490 307 564 3904 4743 274 59 629 92 1254 832 1007 302 518 314 127 1079 59 1622 1075 378 119 58 100 295
leaf_count=88 2828 319 357 975 1209 1490 307 564 3904 4743 274 59 629 92 1254 832 1007 302 518 314 127 1079 59 1622 1075 378 119 58 100 295
internal_value=-0.00138 -0.00869454 0.00523166 0.00240834 -0.00356098 0.00589812 -0.00515977 0.00428253 -0.00230382 0.00854252 -0.0227453 0.014637 -0.0093329 -0.0111723 -0.00988919 -0.00446694 0.0160867 -0.00678909 -0.0261073 -0.00146624 0.00246863 0.00493551 -0.00291009 0.0141868 -0.0225044 -0.0170019 -0.0105181 -0.0343421 -0.019666 0.0284256
internal_weight=26977 12822 14155 10906 4002 6904 10259 1773 6122 5100 2563 3249 4137 593 2229 4736 3012 3130 1970 1804 219 1386 237 2629 1394 1007 178 576 374 383
internal_count=26977 12822 14155 10906 4002 6904 10259 1773 6122 5100 2563 3249 4137 593 2229 4736 3012 3130 1970 1804 219 1386 237 2629 1394 1007 178 576 374 383
is_linear=0
shrinkage=0.0500478


Tree=1
num_leaves=30
num_cat=0
split_feature=42 38 100 63 127 63 42 124 32 106 51 51 77 39 127 63 101 63 120 110 64 34 63 125 102 127 101 111 130
split_gain=340.98 126.417 103.548 95.2933 48.4062 46.9115 44.8807 39.9939 27.5376 25.255 24.7114 21.7665 21.5877 24.647 21.4222 19.0925 17.7339 16.0579 15.9222 15.3275 14.3338 10.5736 10.5149 12.6328 9.7868 6.97389 8.71538 6.71895 2.9318
threshold=-0.81649658092772592 10833.333333333332 0.66004406858337472 1250.0000000000002 296.50000000000006 -1.0000000180025095e-35 -1.1295025106376964 2.5000000000000004 9755.2057704550989 -4469.9999999999991 66750.000000000015 76083.333333333343 54500.000000000007 1.230892307692308 106.50000000000001 -2249.9999999999995 262.98275810483761 2250.0000000000005 0.13392857142857145 0.18808962264150947 0.21980676328502416 11125.000000000002 -3249.9999999999995 12.500000000000002 1594.6338255219746 100.50000000000001 -8191.7848991654964 -0.23431372549019605 0.68301270189221941
decision_type=10 2 2 10 2 10 8 2 2 8 10 10 10 2 2 8 2 10 10 10 10 2 10 2 2 2 2 10 2
left_child=6 2 5 7 -5 9 11 -4 -7 -2 16 22 14 21 15 -3 17 -8 28 -16 -18 -14 27 -24 -20 26 -13 -1 -12
right_child=1 12 3 4 -6 8 10 -9 -10 -11 18 25 13 -15 19 -17 20 -19 24 -21 -22 -23 23 -25 -26 -27 -28 -29 -30
leaf_value=0 0 12.523909127343464 0 0 0 0 0 0 0 0 0 225.19115879868363 0 -500.47795410674109 -487.95404497939768 -237.71506792602707 0 150.14338623202232 -250.23897705337055 -12.523909127343464 250.23897705337055 -487.95404497939768 50.047795410674112 0 0 -56.309749974345856 -150.14338623202232 0 0
leaf_weight=273 2862 95 2358 2994 872 4072 1778 2770 421 3112 61 63 79 260 202 147 617 269 144 212 59 207 989 1563 66 84 65 212 71
leaf_count=273 2862 95 2358 2994 872 4072 1778 2770 421 3112 61 63 79 260 202 147 617 269 144 212 59 207 989 1563 66 84 65 212 71
internal_value=-0.000604598 -0.00372214 -0.00273574 -0.00667525 -0.000684688 0.00063064 0.00956294 -0.0111493 0.00450801 -0.00225201 0.00510558 0.0136981 -0.0194849 -0.0271865 -0.0126876 0 0.00673786 0.00905799 -0.00725374 -0.0195797 0 -0.0156023 0.0147853 0.0161426 -0.0160011 -0.000915555 0.00534171 0.00717921 0.00518279
internal_weight=26977 20663 19461 8994 3866 10467 6314 5128 4493 5974 3065 3249 1202 546 656 242 2723 2047 342 414 676 286 3037 2552 210 212 128 485 132
internal_count=26977 20663 19461 8994 3866 10467 6314 5128 4493 5974 3065 3249 1202 546 656 242 2723 2047 342 414 676 286 3037 2552 210 212 128 485 132
is_linear=0
shrinkage=0.0500478


Tree=2
num_leaves=29
num_cat=0
split_feature=42 100 0 38 62 39 0 41 76 63 101 131 12 0 18 64 131 38 121 74 42 34 7 26 14 32 35 44
split_gain=215.723 98.1897 97.1746 80.2683 54.5036 52.5124 57.1792 53.3284 43.2571 42.1535 40.8681 39.1378 32.7965 26.3771 27.4033 24.8366 23.6917 19.3111 18.9543 17.975 17.8305 16.435 15.5484 12.9408 10.9257 14.5291 9.07238 6.11135
threshold=0.22140372138502495 181.61426102671251 21.000000000000004 13416.66666666667 1750.0000000000002 0.75134408602150549 33.000000000000007 2104.0000000000005 41000.000000000007 -176.99999999999997 -839.34020463202421 0.6830127018922193 50004.000000000007 21.000000000000004 41000.000000000007 0.065591397849462371 0.6830127018922193 8750.0000000000018 1.0000000180025095e-35 18500.000000000004 -0.85283684451530151 20625.000000000004 23500.000000000004 8.5000000000000018 86071.428571428594 13580.0066988206 0.20462803492148088 64500.000000000007
decision_type=10 2 2 2 10 2 2 2 8 10 2 2 8 2 10 10 2 2 10 10 10 2 8 2 10 2 2 10
left_child=1 5 15 9 20 21 7 -7 -8 10 17 -6 18 14 -11 23 -15 -2 27 -12 -4 22 -1 -3 -14 -26 -17 -5
right_child=3 2 4 12 11 6 8 -9 -10 13 19 -13 24 16 -16 26 -18 -19 -20 -21 -22 -23 -24 -25 25 -27 -28 -29
leaf_value=0 0 50.047795410674112 0 -200.77013458574388 0 0 0 0 -2.5047818254686929 0 0 98.843199908613883 -475.43013585205415 0 0 200.19118164269645 0 -237.71506792602707 -476.05692989380128 0 0 -9.3923332601276108 222.68637697321492 0 -100.38506729287194 -950.8602717041083 0 18.159069649268034
leaf_weight=677 1976 101 507 56 803 1906 3043 4536 884 2147 325 358 199 1461 2198 321 453 305 95 1852 1264 72 637 441 64 178 56 62
leaf_count=677 1976 101 507 56 803 1906 3043 4536 884 2147 325 358 199 1461 2198 321 453 305 95 1852 1264 72 637 441 64 178 56 62
internal_value=-0.00137073 0.00243987 -0.0044668 -0.00661787 -0.0089527 0.00472034 0.00346919 0.00637532 -0.00124721 -0.00555094 -0.00928959 -0.000340823 -0.0237049 -0.00285289 -0.000643786 0.00960945 -0.00775411 -0.00446951 -0.00625412 -0.0142356 -0.014475 0.0139109 0.015242 0.00229102 -0.0315923 -0.0220959 0.0195105 0.0057852
internal_weight=26977 15606 3851 11371 2932 11755 10369 6442 3927 10717 4458 1161 654 6259 4345 919 1914 2281 213 2177 1771 1386 1314 542 441 242 377 118
internal_count=26977 15606 3851 11371 2932 11755 10369 6442 3927 10717 4458 1161 654 6259 4345 919 1914 2281 213 2177 1771 1386 1314 542 441 242 377 118
is_linear=0
shrinkage=0.0500478


Tree=3
num_leaves=30
num_cat=0
split_feature=100 42 63 127 35 53 34 47 26 131 101 50 23 120 42 37 14 26 82 63 37 38 127 48 38 95 12 94 55
split_gain=233.601 145.201 75.892 69.3099 47.7925 40.162 39.9231 35.2842 31.9708 36.6421 33.1647 31.8492 40.4779 28.5632 32.0993 26.926 26.6239 26.3166 24.7661 23.2926 22.8551 19.2784 16.9904 14.4682 14.1321 13.2517 6.02925 5.56852 4.78264
threshold=181.61426102671251 0.22140372138502495 1250.0000000000002 293.50000000000006 0.11780381037356698 1617.5375703075877 5003.0000000000009 29750.000000000004 2.5000000000000004 -0.68301270189221952 -251.54148991359031 65416.666666666672 6819.3850896264275 0.10555555555555557 -0.88008724339471145 11250.000000000002 26907.142857142862 9.5000000000000018 89375.000000000015 1750.0000000000002 -6249.9999999999991 15083.333333333334 74.500000000000014 29250.000000000004 -2083.9999999999977 0.044164323289969117 26500.000000000004 0.038573787492513632 865.54360876699582
decision_type=2 10 10 2 2 8 2 10 2 2 2 10 10 8 10 2 10 2 10 10 2 2 2 10 2 10 10 8 10
left_child=1 8 13 4 17 7 25 23 16 19 -11 12 -5 18 26 -8 27 -4 22 -10 -6 -16 -2 -3 -18 -7 -15 -1 -9
right_child=2 5 3 11 20 6 15 28 9 10 -12 -13 -14 14 21 -17 24 -19 -20 -21 -22 -23 -24 -25 -26 -27 -28 -29 -30
leaf_value=50.047795410674112 0 0 0 0 0 0 0 0 0 0 0 -7.4516660722313617 501.10474814848828 0 0 -438.48520251177098 0 0 23.33981946986523 0 -4.9468842467626697 -690.58887686039998 0 0 -10.019127301874772 0 0 0 -50.047795410674112
leaf_weight=60 310 773 492 644 173 646 2998 209 2847 5294 2668 105 158 143 2229 275 198 1036 76 448 1654 82 1202 108 173 1404 201 67 304
leaf_count=60 310 773 492 644 173 646 2998 209 2847 5294 2668 105 158 143 2229 275 198 1036 76 448 1654 82 1202 108 173 1404 201 67 304
internal_value=-0.00149872 0.0016523 -0.00836492 -0.00357859 -0.00693037 -0.00420021 -0.00217018 -0.0117884 0.00501405 0.00557364 0.00741452 0.00858059 0.0121269 -0.0131198 -0.0163645 -0.00562175 -0.00719273 -0.000259094 -0.00754983 0.00106127 -0.0123905 -0.0184949 -0.0090523 -0.00537744 -0.0141953 0.00324125 -0.00143348 0.011569 -0.0223245
internal_weight=26977 18472 8505 4262 3355 6717 5323 1394 11755 11257 7962 907 802 4243 2655 3273 498 1528 1588 3295 1827 2311 1512 881 371 2050 344 127 513
internal_count=26977 18472 8505 4262 3355 6717 5323 1394 11755 11257 7962 907 802 4243 2655 3273 498 1528 1588 3295 1827 2311 1512 881 371 2050 344 127 513
is_linear=0
shrinkage=0.0500478


Tree=4
num_leaves=31
num_cat=0
split_feature=100 63 42 52 0 34 131 101 32 32 131 127 34 35 63 77 37 125 61 51 38 127 39 50 50 125 127 62 86 48
split_gain=151.954 168.17 124.351 56.0854 40.2084 32.7615 31.9159 30.9708 29.615 25.6079 25.5477 25.0684 23.3424 22.7629 22.2529 19.5364 19.488 19.1536 18.5082 18.3812 16.1692 15.8788 15.0876 14.3976 19.3108 13.4149 10.6923 9.94069 1.37246 0.0427002
threshold=324.92736504244937 1250.0000000000002 0.22140372138502495 9853.0648157837531 21.000000000000004 13875.000000000002 -0.68301270189221952 -273.96492436386683 12662.273100947275 1516.5750888103105 -0.68301270189221952 358.50000000000006 5003.0000000000009 0.10980312508607999 1750.0000000000002 54500.000000000007 9750.0000000000018 19.500000000000004 425.00000000000006 64916.666666666679 13416.66666666667 253.50000000000003 1.229419703103914 48166.666666666679 25250.000000000004 6.5000000000000009 96.500000000000014 425.00000000000006 57751.000000000007 57333.333333333336
decision_type=2 10 10 10 2 2 2 2 2 2 2 2 2 2 10 10 2 2 8 10 2 2 2 10 10 2 2 10 10 10
left_child=2 10 6 4 17 9 14 8 -8 21 23 20 -11 27 19 -15 -6 -3 -9 -1 -5 -4 26 24 -2 -16 -7 -12 -25 -24
right_child=1 3 5 11 16 22 7 18 -10 12 13 -13 -14 15 25 -17 -18 -19 -20 -21 -22 -23 29 28 -26 -27 -28 -29 -30 -31
leaf_value=0 -100.09559082134822 0.24758065070226479 0 -9.7715466511725069 0 0 0 0 0 0 0 463.50165110649186 0 0 0 -450.7196351675907 -499.60357941429169 0 0 -10.831565214626131 -453.23733749543487 0 -404.64286972025758 -250.23897705337055 0 50.047795410674112 -250.23897705337055 0 -481.69209041572594 -881.32659365580594
leaf_weight=2679 219 1003 1189 666 1392 154 4908 2451 694 2189 444 77 3025 1652 151 220 76 543 778 248 169 329 56 132 486 329 178 285 196 59
leaf_count=2679 219 1003 1189 666 1392 154 4908 2451 694 2189 444 77 3025 1652 151 220 76 543 778 248 169 329 56 132 486 329 178 285 196 59
internal_value=-0.000433935 -0.0064586 0.00190177 0.000674231 0.0040139 -0.00330976 0.00497566 0.00656613 0.0088311 -0.00239984 -0.0142159 -0.0101208 -0.000690046 -0.0113789 0.000791544 -0.0143359 -0.00180127 0.00966157 0.00256977 -0.000784566 -0.0127845 -0.00812784 -0.0164718 -0.0211184 -0.0163364 0.0107807 -0.0100146 -0.0034843 -0.0305821 -0.0327789
internal_weight=26977 7560 19417 3926 3014 7179 12238 8831 5602 6732 3634 912 5214 2601 3407 1872 1468 1546 3229 2927 835 1518 447 1033 705 480 332 729 328 115
internal_count=26977 7560 19417 3926 3014 7179 12238 8831 5602 6732 3634 912 5214 2601 3407 1872 1468 1546 3229 2927 835 1518 447 1033 705 480 332 729 328 115
is_linear=0
shrinkage=0.0500478


Tree=5
num_leaves=32
num_cat=0
split_feature=42 0 34 42 101 103 1 55 100 80 16 131 40 64 41 0 62 121 112 47 121 54 5 131 131 35 0 91 55 82 101
split_gain=166.242 71.2236 65.2983 64.3036 61.2916 49.9594 42.6903 40.164 39.8183 31.3955 30.7524 27.08 26.801 25.0563 23.9211 42.9609 22.7053 19.8625 35.3317 16.3281 16.1487 13.6898 12.9902 12.3605 12.0986 10.1583 14.288 9.27141 8.47679 7.1013 6.31536
threshold=-0.16444285394082306 33.000000000000007 14375.000000000002 -0.84654553446549896 -1543.6579655335297 1.0000000180025095e-35 11.000000000000002 1347.7101189765365 4.426532303679779 87500.000000000015 63133.333333333336 0.25000000000000017 26500.000000000004 0.019615384615384621 2004.0000000000002 21.000000000000004 750.00000000000011 0.13392857142857145 0.49074074074074076 93750.000000000015 0.27922077922077926 8190.4020859273787 40004.000000000007 0.6830127018922193 0.6830127018922193 0.14500812947681371 10.000000000000002 1062.5000000000002 5242.4546546965203 48125.000000000007 -3298.4273141627705
decision_type=10 2 2 10 2 10 2 8 2 10 10 2 2 10 2 2 10 10 10 10 8 10 10 2 2 2 2 10 10 10 2
left_child=1 4 5 9 25 6 11 23 -8 20 17 -2 19 -9 24 -16 30 18 -4 -12 -3 -11 -18 -5 -6 26 -1 -14 -27 -19 -7
right_child=2 3 10 7 14 16 8 13 -10 21 12 -13 27 -15 15 -17 22 29 -20 -21 -22 -23 -24 -25 -26 28 -28 -29 -30 -31 -32
leaf_value=0 0 0 -237.71506792602707 0 0 0 0 0 0 0.12535880834943197 -250.23897705337055 0 -543.41516180907877 0 0.2351897849482763 0 -0.012390865753988518 -4.7588460342385215 23.512202810285018 0 12.649267935692894 -230.07536364127159 0 50.047795410674112 0 100.09559082134822 218.95312478436179 -666.96856855474687 0 -250.11361824502112 -50.047795410674112
leaf_weight=202 2588 2871 123 173 1209 60 4791 1642 3245 71 398 1507 128 718 909 1111 351 58 123 115 759 306 357 66 437 237 710 306 598 64 744
leaf_count=202 2588 2871 123 173 1209 60 4791 1642 3245 71 398 1507 128 718 909 1111 351 58 123 115 759 306 357 66 437 237 710 306 598 64 744
internal_value=-0.000452486 0.00392142 -0.0039807 0.000400802 0.00817817 -0.0029339 -0.00184346 -0.0056931 -0.00397174 0.00440535 -0.0146606 0.00228315 -0.0194469 -0.00773079 0.00441921 0.00806534 -0.0115308 -0.00174591 0.0058263 -0.0109643 0.00586836 -0.00909069 -0.00457353 0.0134574 0 0.0159323 0.0199175 -0.0288882 0.0112905 -0.0184683 -0.0173719
internal_weight=26977 12019 14958 6606 5413 13643 12131 2599 8036 4007 1315 4095 947 2360 3666 2020 1512 368 246 513 3630 377 708 239 1646 1747 912 434 835 122 804
internal_count=26977 12019 14958 6606 5413 13643 12131 2599 8036 4007 1315 4095 947 2360 3666 2020 1512 368 246 513 3630 377 708 239 1646 1747 912 434 835 122 804
is_linear=0
shrinkage=0.0500478


Tree=6
num_leaves=27
num_cat=0
split_feature=39 77 131 101 63 62 47 127 127 101 120 131 51 109 34 95 131 45 106 14 53 51 127 39 34 40
split_gain=86.3587 74.0455 55.2314 56.4664 47.347 43.0996 34.8251 33.9194 35.8771 33.7356 33.1819 26.7321 23.258 23.0317 20.8518 20.7928 19.1866 17.7151 17.6718 15.022 13.5814 11.5797 9.5817 7.73299 4.17292 2.85466
threshold=1.1779788838612371 59000.000000000007 -0.5 -2127.8003608576469 -749.99999999999989 3750.0000000000005 12750.000000000002 112.50000000000001 58.500000000000007 3152.5273192948739 0.24038461538461542 0.6830127018922193 14750.000000000002 -0.10172413793103448 17250.000000000004 0.17562367849458302 -0.9330127018922193 51250.000000000007 -5003.9999999999991 54357.142857142862 7702.6917772327706 52333.333333333336 291.50000000000006 1.230892307692308 12250.000000000002 7004.0000000000009
decision_type=2 10 2 2 10 10 8 2 2 2 8 2 10 10 2 10 2 10 10 8 10 10 2 2 2 2
left_child=2 7 5 4 10 9 22 8 19 13 -4 -8 25 -1 -6 -11 21 -10 -14 -2 -18 -7 -5 24 -3 -9
right_child=1 23 3 6 14 16 11 12 17 15 -12 -13 18 -15 -16 -17 20 -19 -20 -21 -22 -23 -24 -25 -26 -27
leaf_value=0 0 -0.012390865753988518 0 0 95.086027170410844 250.23897705337055 0 0 0.24758065070226479 -247.73419522790184 -244.16819766821956 0 12.523909127343464 0 0 0 0 -383.4273739407347 -99.848010170645964 12.523909127343464 -2.5047818254686929 0 97.590808995879527 -601.25005675110242 -426.58808742617464 0
leaf_weight=977 259 59 2528 65 996 232 7361 202 327 389 162 4830 56 5977 141 116 327 63 1092 113 112 56 128 227 99 83
leaf_count=977 259 59 2528 65 996 232 7361 202 327 389 162 4830 56 5977 141 116 327 63 1092 113 112 56 128 227 99 83
internal_value=-0.00119635 -0.00990168 -0.000266496 0.00141661 0.00672963 -0.00362395 -0.000209796 -0.00621594 0.00208997 -0.00477524 0.00300986 -0.000561998 -0.0107708 -0.00382689 0.0153257 -0.0173507 0.00788492 0.0128704 -0.0139611 -0.00867745 0.000784877 0.0179072 0.0207217 -0.0302165 -0.0183796 0.00137948
internal_weight=26977 2580 24397 16211 3827 8186 12384 2195 762 7459 2690 12191 1433 6954 1137 505 727 390 1148 372 439 288 193 385 158 285
internal_count=26977 2580 24397 16211 3827 8186 12384 2195 762 7459 2690 12191 1433 6954 1137 505 727 390 1148 372 439 288 193 385 158 285
is_linear=0
shrinkage=0.0500478


Tree=7
num_leaves=26
num_cat=0
split_feature=40 38 77 0 56 26 34 40 120 37 20 127 64 100 0 39 39 35 54 35 107 34 38 118 131
split_gain=79.3778 63.0392 53.0883 43.2816 46.4277 36.4397 34.1715 31.8901 30.8216 30.0975 27.086 21.9163 19.5921 25.4917 23.2518 19.6613 18.2538 17.6425 17.1244 16.4618 13.1498 10.0243 9.97716 8.25931 1.47724
threshold=1.0000000180025095e-35 13333.333333333334 51000.000000000007 33.000000000000007 3504.0000000000005 47.500000000000007 5375.0000000000009 1850.0000000000002 0.13392857142857145 -17249.999999999996 46502.000000000007 105.50000000000001 0.016530054644808747 239.47009492036344 21.000000000000004 0.78660714285714295 1.230892307692308 0.15804922130561147 1033.8299006464601 0.033044246696625763 18500.000000000004 14625.000000000002 -6583.3333333333312 1.0000000180025095e-35 0.6830127018922193
decision_type=2 2 8 2 8 2 2 2 10 2 10 2 10 2 2 2 2 2 8 2 8 2 2 10 2
left_child=9 3 8 4 18 7 -6 -5 11 21 -7 -3 13 15 19 -11 -10 -4 -2 -14 -16 24 -15 -23 -1
right_child=1 2 17 5 6 10 -8 -9 16 12 -12 -13 14 22 20 -17 -18 -19 -20 -21 -22 23 -24 -25 -26
leaf_value=457.02154575684727 0 45.781168925134175 -346.33484147504959 0 0 0 0 0 15.247705295434224 0.12535880834943197 -250.23897705337055 -370.15913164413729 0 0 0 0 -469.80616902512367 -815.84276087571106 0 228.47294922583643 -5.9560286455513243 493.79249731583377 0 -2.1349793324135931 486.19514207203235
leaf_weight=89 1277 108 86 751 5129 343 7556 3609 59 919 68 82 133 186 1305 3438 123 249 357 266 150 86 439 100 69
leaf_count=89 1277 108 86 751 5129 343 7556 3609 59 919 68 82 133 186 1305 3438 123 249 357 266 150 86 439 100 69
internal_value=-0.00136516 -0.00300528 -0.0177013 -0.00244813 -0.0010551 -0.00658353 -1.54751e-05 -0.0079495 -0.00399944 0.00312813 0.00737472 0.00934209 0.00236334 0.000682001 0.00676461 0.00207705 -0.0189728 -0.0321724 -0.0089891 0.0175686 0.00363733 0.017613 -0.00868814 0.00794691 0.0274254
internal_weight=26977 19797 707 19090 14319 4771 12685 4360 372 7180 411 190 6836 4982 1854 4357 182 335 1634 399 1455 344 625 186 158
internal_count=26977 19797 707 19090 14319 4771 12685 4360 372 7180 411 190 6836 4982 1854 4357 182 335 1634 399 1455 344 625 186 158
is_linear=0
shrinkage=0.0500478


Tree=8
num_leaves=24
num_cat=0
split_feature=37 77 127 100 127 63 100 35 93 111 51 30 64 32 7 125 127 100 63 18 8 49 21
split_gain=71.6174 52.5202 41.6421 48.5135 39.4249 36.1095 48.7386 33.4695 30.6584 26.8314 21.8495 37.2406 20.9217 19.1176 21.4951 18.7546 17.5124 13.5757 12.9305 10.1418 8.51644 8.48543 3.46026
threshold=11250.000000000002 51000.000000000007 322.50000000000006 -2198.9541289981821 106.50000000000001 1.0000000180025095e-35 1.2637369757303534 0.15804922130561147 0.082478609884231516 0.23205128205128209 66750.000000000015 39500.000000000007 0.058257918552036207 12291.517046945724 54500.000000000007 10.500000000000002 90.500000000000014 -5262.1326971053268 -5014.9999999999991 74250.000000000015 71000.000000000015 56500.000000000007 5470.70074973805
decision_type=2 8 2 2 2 10 2 2 10 10 10 2 10 2 10 2 2 2 10 10 8 10 10
left_child=2 4 3 13 9 6 -5 16 -7 21 11 15 18 17 -15 -4 -3 -1 -6 -13 -12 -2 -14
right_child=1 7 10 5 12 8 -8 -9 -10 -11 20 19 22 14 -16 -17 -18 -19 -20 -21 -22 -23 -24
leaf_value=12.523909127343464 43.489922349107552 25.536862622330666 0 0 -142.3059394926467 0 0 -658.26647468330555 -0.006273931993198277 -340.72491614485472 -237.86698248835279 242.69984984545653 29.488400892116854 88.902829044827016 -4.7588460342385215 0 -288.66327093069185 0 -430.31748201669166 0.18027429664885411 0 30.015470771084889 -180.53183474192781
leaf_weight=708 65 98 412 8623 61 5619 4544 284 1571 100 106 411 56 166 527 1330 72 1765 161 66 99 58 75
leaf_count=708 65 98 412 8623 61 5619 4544 284 1571 100 106 411 56 166 527 1330 72 1765 161 66 99 58 75
internal_value=-0.00169165 -0.0146357 -0.00116862 -0.00181875 -0.00414634 -0.00272105 -0.00427884 -0.0274031 0.00010384 0.0117485 0.00505177 0.00655431 -0.0147734 0.00391611 -0.00323288 0.00301022 -0.0081038 0.00600309 -0.0240648 0.0189903 -0.0101141 0.027497 0
internal_weight=26977 1030 25947 23523 576 20357 13167 454 7190 223 2424 2219 353 3166 693 1742 170 2473 222 477 205 123 131
internal_count=26977 1030 25947 23523 576 20357 13167 454 7190 223 2424 2219 353 3166 693 1742 170 2473 222 477 205 123 131
is_linear=0
shrinkage=0.0500478


Tree=9
num_leaves=28
num_cat=0
split_feature=38 63 100 64 131 0 51 12 100 61 127 52 42 34 127 127 0 11 19 95 11 131 74 94 32 32 95
split_gain=71.9402 51.6767 65.26 39.5418 36.1591 32.781 31.5658 24.6553 23.5678 30.3386 23.4138 21.5382 20.8861 17.7609 30.603 22.3613 17.6803 23.2285 20.5215 16.9771 16.368 15.0159 12.5762 11.9801 6.67257 4.11756 1.36418
threshold=8750.0000000000018 1.0000000180025095e-35 1.2637369757303534 -0.050423728813559318 -0.5 13.000000000000002 66250.000000000015 112500.00000000001 -294.80607097342357 425.00000000000006 12.500000000000002 9755.2057704550989 -0.88008724339471145 17501.000000000004 78.500000000000014 62.500000000000007 21.000000000000004 50004.000000000007 88750.000000000015 0.071388804497440062 55500.000000000007 0.25000000000000017 55500.000000000007 0.024004627392937145 12058.771926304278 6812.9531070931198 0.18512665387191732
decision_type=2 10 2 10 2 2 10 8 2 10 2 10 10 2 2 2 2 8 8 10 8 2 8 10 2 2 10
left_child=1 2 4 16 6 21 -1 8 11 -10 -6 -3 -7 14 15 -5 17 -2 -18 -16 -15 -4 25 -24 -19 -9 -22
right_child=3 7 5 13 10 12 -8 22 9 -11 -12 -13 -14 20 19 -17 18 24 -20 -21 26 -23 23 -25 -26 -27 -28
leaf_value=0 -128.2875031955497 0.00031399646481607022 0 0.12410432181594848 0 0 -225.73808003903201 0 0 0 0 -2.2666120727562253 0 12.144695736298567 -452.87261176361289 21.079282923939047 -436.99940667966666 -225.81764277267371 36.318139298536067 -73.46839296131165 -743.46682354372547 0 0 -50.047795410674112 -699.97067687697756 0.24758065070226479 -855.3013977174304
leaf_weight=4115 106 1268 663 232 505 555 352 216 3282 3190 6807 377 2923 67 111 94 69 232 79 542 68 573 60 158 185 89 59
leaf_count=4115 106 1268 663 232 505 555 352 216 3282 3190 6807 377 2923 67 111 94 69 232 79 542 68 573 60 158 185 89 59
internal_value=-0.00170092 -0.000991427 -0.00263938 -0.0112464 -0.00062838 -0.00761812 -0.0041871 0.00213062 0.00282877 0.00142946 0.00151847 0.00819999 -0.0101078 -0.00544666 -0.00244378 0.00974037 -0.0210256 -0.0254238 -0.00396629 -0.00885149 -0.0193424 -0.000441418 -0.00827923 -0.0174636 -0.0307749 -0.000964177 -0.0297403
internal_weight=26977 25133 16493 1844 11779 4714 4467 8640 8117 6472 7312 1645 3478 1173 979 326 671 523 148 653 194 1236 523 218 417 305 127
internal_count=26977 25133 16493 1844 11779 4714 4467 8640 8117 6472 7312 1645 3478 1173 979 326 671 523 148 653 194 1236 523 218 417 305 127
is_linear=0
shrinkage=0.0500478


Tree=10
num_leaves=25
num_cat=0
split_feature=38 77 64 100 63 40 109 131 0 127 1 77 131 60 92 96 78 63 35 127 95 47 84 39
split_gain=67.4033 56.6837 42.653 48.4483 44.7604 41.2122 37.9398 27.3124 22.6423 31.7789 26.1616 21.7365 21.4529 19.7174 18.3051 17.8676 27.1586 15.7245 15.2486 10.4376 7.91106 7.48476 7.46826 0.0283641
threshold=12666.666666666666 51000.000000000007 0.016807909604519777 0.29587033929055911 -176.99999999999997 5500.0000000000009 -0.32575757575757569 1.0000000180025095e-35 13.000000000000002 351.50000000000006 11.000000000000002 49000.000000000007 -0.5 498.00000000000006 5375.0000000000009 99140.380054451511 87500.000000000015 2250.0000000000005 0.15804922130561147 74.500000000000014 0.19649812609768397 73750.000000000015 98750.000000000015 1.218451749734889
decision_type=2 8 10 2 8 2 8 2 2 2 2 10 2 10 10 2 10 10 2 2 10 8 10 2
left_child=2 7 3 6 19 13 21 11 10 -10 -7 -2 -8 14 -4 16 -9 -6 22 -5 -15 -1 -3 -20
right_child=1 18 5 4 17 8 12 15 9 -11 -12 -13 -14 20 -16 -17 -18 -19 23 -21 -22 -23 -24 -25
leaf_value=99.782193800474644 -497.8972598352392 -325.06517999749047 0 0 0 0 0 -147.52847911844381 -0.011923799764472111 469.32546997645477 0 16.292243953000611 0 0.00062013551421674564 6.6381471600712025 -903.71040876753091 44.990278713032048 0 -396.38726192273515 0 0 491.49686856766579 20.024311284758028 -706.07115501352985
leaf_weight=120 73 56 2283 511 2678 922 4510 90 1834 78 847 58 7640 1279 593 58 119 1000 60 1707 133 60 56 212
leaf_count=120 73 56 2283 511 2678 922 4510 90 1834 78 847 58 7640 1279 593 58 119 1000 60 1707 133 60 56 212
internal_value=-0.00184747 -0.0163279 -0.00140591 -0.00274538 -0.00648182 0.0016319 -0.000941195 -0.00248997 -0.00221367 -0.00601068 0.00177773 -0.0213481 -0.00129696 0.00498003 0.0025024 0.00611518 0.0134731 -0.00301777 -0.0300357 -0.0121245 0.00986921 0.0216496 -0.011336 -0.0368223
internal_weight=26977 782 26195 18226 5896 7969 12330 398 3681 1912 1769 131 12150 4288 2876 267 209 3678 384 2218 1412 180 112 272
internal_count=26977 782 26195 18226 5896 7969 12330 398 3681 1912 1769 131 12150 4288 2876 267 209 3678 384 2218 1412 180 112 272
is_linear=0
shrinkage=0.0500478


Tree=11
num_leaves=25
num_cat=0
split_feature=38 77 1 131 54 100 63 32 26 97 55 131 79 131 77 26 77 9 96 78 35 53 84 39
split_gain=63.823 57.7945 45.2425 45.2966 53.4831 37.767 42.4561 34.2943 37.135 33.6062 29.4922 28.005 23.8727 24.2934 21.7365 21.7256 19.8427 19.514 18.4598 25.6767 15.2486 10.5853 7.46826 0.0283641
threshold=12666.666666666666 51000.000000000007 11.000000000000002 0.6830127018922193 8190.4020859273787 0.66004406858337472 -176.99999999999997 12291.517046945724 11.500000000000002 39329.107530983412 7354.1349751447042 1.0000000180025095e-35 29500.000000000004 -0.68301270189221952 49000.000000000007 9.5000000000000018 31500.000000000004 32500.000000000004 99140.380054451511 87500.000000000015 0.15804922130561147 6055.7415019990885 98750.000000000015 1.218451749734889
decision_type=2 8 2 2 8 2 8 2 2 2 8 2 10 2 10 2 10 10 2 10 2 10 10 2
left_child=2 11 3 7 16 12 21 8 -1 -9 -6 14 13 -4 -2 -8 -5 -14 19 -13 22 -7 -3 -22
right_child=1 20 5 4 10 6 15 9 -10 -11 -12 18 17 -15 -16 -17 -18 -19 -20 -21 23 -23 -24 -25
leaf_value=24.402422199477954 -472.97859963946991 -308.7963843738421 0 250.23957381326167 244.95986817563471 0 0 226.93423120810357 0 -12.520375764318219 0 -140.14500397827604 0 0 15.476853060860044 0 12.772086537936858 0 -858.48169511903689 42.738614448533021 -376.54895333462878 -213.73279954231032 19.022138650338807 -670.73385030203428
leaf_weight=290 73 56 1721 251 205 1340 961 57 6247 962 1261 90 2012 3042 58 3925 789 2927 58 119 60 205 56 212
leaf_count=290 73 56 1721 251 205 1340 961 57 6247 962 1261 90 2012 3042 58 3925 789 2927 58 119 60 205 56 212
internal_value=-0.00210347 -0.0162003 -0.00167337 0.000944436 0.00678204 -0.00331861 -0.00630064 -0.00096622 0.000336152 -0.00950163 0.000474526 -0.00224001 -0.00131985 0.00117544 -0.0213481 -0.00395107 0.0154555 -0.0037669 0.00648667 0.0139465 -0.0300357 -0.0135812 -0.011336 -0.0368223
internal_weight=26977 782 26195 10062 2506 16133 6431 7556 6537 1019 1466 398 9702 4763 131 4886 1040 4939 267 209 384 1545 112 272
internal_count=26977 782 26195 10062 2506 16133 6431 7556 6537 1019 1466 398 9702 4763 131 4886 1040 4939 267 209 384 1545 112 272
is_linear=0
shrinkage=0.0500478


Tree=12
num_leaves=25
num_cat=0
split_feature=40 37 0 40 77 48 40 39 127 64 120 31 63 95 42 34 75 125 127 112 94 38 101 25
split_gain=58.4542 42.6777 45.4841 52.981 39.5567 35.9857 35.8188 32.2558 30.9528 32.179 31.5981 30.1281 29.1191 23.6329 23.5201 19.65 16.788 13.8148 13.6002 11.5338 9.60754 8.84605 6.4526 3.17897
threshold=22500.000000000004 -10749.999999999998 33.000000000000007 1850.0000000000002 54500.000000000007 51583.333333333336 9500.0000000000018 1.230892307692308 105.50000000000001 0.061553030303030311 0.07417582417582419 21004.000000000004 1.0000000180025095e-35 0.11734326745345101 -1.7717618317383035 11125.000000000002 33500.000000000007 8.5000000000000018 354.50000000000006 0.22474747474747478 0.059115247376955081 11665.999999999998 -5506.1135405234081 2.5000000000000004
decision_type=2 2 2 2 10 8 2 2 2 10 8 2 10 10 10 2 8 2 2 10 10 2 2 2
left_child=1 14 5 13 8 11 -7 15 10 21 23 -3 -5 -4 -1 -6 22 -12 -11 -18 -17 -10 -16 -2
right_child=4 2 3 12 7 6 -8 -9 9 18 17 -13 -14 -15 16 20 19 -19 -20 -21 -22 -23 -24 -25
leaf_value=459.52629654590066 27.956157114890559 0 0 -3.1036415342412873e-05 11.891500697779609 12.398534604163199 0 -596.03263242074206 -214.50057730663266 -133.13105549134315 41.217561565940287 0 0 -1.5714830830789613e-05 239.08774088587765 -226.41737467983523 0 -527.0376577416248 239.77319162120753 251.22051256362295 -440.24710368239289 -434.84064386929992 15.465848449484401 38.367583754147404
leaf_weight=77 56 1911 2871 2178 95 799 2659 220 67 157 64 11082 1607 1370 101 153 725 60 61 150 250 138 56 70
leaf_count=77 56 1911 2871 2178 95 799 2659 220 67 157 64 11082 1607 1370 101 153 725 60 61 150 250 138 56 70
internal_value=-0.00227413 -0.00172102 -0.0021629 -0.00525462 -0.0122807 -0.000641582 0.00387492 -0.0204876 -0.00318041 -0.0116369 0.0102937 -0.00185982 -0.00956601 -0.00135542 0.00783164 -0.0126931 0.00556011 -0.00630228 0.000890636 0.00256231 -0.0176422 -0.0257957 0.020692 0.0280237
internal_weight=26977 25586 24477 8026 1391 16451 3458 718 673 423 250 12993 3785 4241 1109 498 1032 124 218 875 403 205 157 126
internal_count=26977 25586 24477 8026 1391 16451 3458 718 673 423 250 12993 3785 4241 1109 498 1032 124 218 875 403 205 157 126
is_linear=0
shrinkage=0.0500478


Tree=13
num_leaves=29
num_cat=0
split_feature=40 39 77 82 100 83 0 127 127 50 49 131 131 0 75 50 127 100 35 101 131 110 42 16 120 76 22 107
split_gain=65.7003 38.8043 34.7101 44.9574 29.7205 26.3187 26.5038 34.4183 29.642 22.3937 27.5264 34.3147 21.7459 21.2286 20.1395 21.8178 14.3044 20.4905 16.9281 14.1765 18.7368 12.8544 12.232 11.2232 9.33539 7.71998 3.94897 0.625675
threshold=10504.000000000002 1.2746615087040623 54500.000000000007 83125.000000000015 -458.48758478531994 79375.000000000015 21.000000000000004 219.50000000000003 355.50000000000006 65416.666666666672 52583.333333333336 0.6830127018922193 -0.68301270189221952 10.000000000000002 74000.000000000015 74250.000000000015 96.500000000000014 -4702.4839613385475 0.14915550527871721 -1700.5756663793443 -0.5 -0.072751322751322733 -1.1866111313364176 55666.80000000001 0.13392857142857145 22500.000000000004 4688.0723093839179 9496.0000000000018
decision_type=2 2 10 8 2 10 2 2 2 10 10 2 2 2 10 10 2 2 2 2 2 10 10 10 10 10 10 10
left_child=4 5 3 23 13 6 7 -2 -8 10 12 -12 -6 21 15 -11 18 -18 -7 20 -15 25 -21 -3 -16 -1 -23 -4
right_child=1 2 27 -5 9 16 8 -9 -10 14 11 -13 -14 19 24 -17 17 -19 -20 22 -22 26 -24 -25 -26 -27 -28 -29
leaf_value=0 0 -49.824529425490311 -604.95368818010672 33.184854128959451 0 0.00059675989113014438 -100.09558926804407 -0.012390865753988518 141.80319716488052 -0.62051932326132309 0 489.79636119121045 0 0 31.559591644243113 -464.09384065330869 -50.706273899657788 -475.08908471729671 -415.39310308530003 -0.0061243979298864701 0.23816975271246738 0 0 -333.60530154728434 -0.64468091925508342 -1.5714830830789613e-05 0 -607.52177359248117
leaf_weight=99 2419 360 94 67 3349 241 1029 808 63 379 776 219 9864 1772 68 130 70 160 200 370 2171 134 1420 91 163 298 80 83
leaf_count=99 2419 360 94 67 3349 241 1029 808 63 379 776 219 9864 1772 68 130 70 160 200 370 2171 134 1420 91 163 298 80 83
internal_value=-0.00113328 -0.00591272 -0.017073 -0.00989737 0.000133785 -0.00430985 -0.00281335 -0.000463727 -0.0095538 -0.00107431 -0.000616062 0.00737199 -0.00123429 0.00301183 -0.00956691 -0.01516 -0.0135941 -0.0240978 -0.00755297 0.00397841 0.00565651 -0.00570463 0.00016538 -0.015885 0.00191296 -0.0111414 0.00345055 -0.0365142
internal_weight=26977 5685 695 518 21292 4990 4319 3227 1092 14948 14208 995 13213 6344 740 509 671 230 441 5733 3943 611 1790 451 231 397 214 177
internal_count=26977 5685 695 518 21292 4990 4319 3227 1092 14948 14208 995 13213 6344 740 509 671 230 441 5733 3943 611 1790 451 231 397 214 177
is_linear=0
shrinkage=0.0500478


Tree=14
num_leaves=20
num_cat=0
split_feature=38 77 28 62 1 69 100 131 36 77 96 78 94 118 35 8 84 58 94
split_gain=66.0892 50.3235 25.7877 31.9799 40.3023 24.6831 26.5113 24.3779 22.3329 18.9933 17.8676 24.4695 17.7273 11.6677 11.5055 10.4217 6.02131 4.59215 1.4684
threshold=12666.666666666666 51000.000000000007 112500.00000000001 10750.000000000002 9.0000000000000018 2583.3333333333335 324.92736504244937 1.0000000180025095e-35 0.91666666666666685 49000.000000000007 99140.380054451511 87500.000000000015 0.20383763085490009 0.2678571428571429 0.15924975039880129 97500.000000000015 98750.000000000015 25500.000000000004 0.078446454055275297
decision_type=2 8 2 10 2 10 2 2 2 10 2 10 10 10 2 10 10 8 10
left_child=2 7 3 5 13 6 -1 9 -7 -2 11 -9 -6 -5 16 -4 -3 18 -16
right_child=1 14 15 4 12 8 -8 10 -10 -11 -12 -13 -14 -15 17 -17 -18 -19 -20
leaf_value=0 -427.54424787046997 -258.71632661325657 -4.1773976097734913 0.11992882140751922 475.09822600403845 -3.4290478574908234 0 -118.12003472342795 7.5143469519707953 18.033728599287979 -794.71055949822221 41.316950318187814 -3.6349845898219111 -250.23866305690575 -160.46126437859684 -947.88654478484796 7.1798300081802138 -586.64521654257373 -687.48162014461229
leaf_weight=18740 73 57 57 94 391 148 5938 90 561 58 58 119 86 75 56 105 58 156 57
leaf_count=18740 73 57 57 94 391 148 5938 90 561 58 58 119 86 75 56 105 58 156 57
internal_value=-0.000732596 -0.0150519 -0.000295966 -0.000163247 0.0107994 -0.000451254 -0.00072378 -0.00199005 0.00871753 -0.019848 0.00611518 0.0134731 0.0183639 -0.00931872 -0.0279636 -0.0200629 -0.0114726 -0.0340949 -0.0212086
internal_weight=26977 782 26195 26033 646 25387 24678 398 709 131 267 209 477 169 384 162 115 269 113
internal_count=26977 782 26195 26033 646 25387 24678 398 709 131 267 209 477 169 384 162 115 269 113
is_linear=0
shrinkage=0.0500478


Tree=15
num_leaves=24
num_cat=0
split_feature=38 77 127 64 35 1 49 77 0 42 1 83 100 110 54 26 50 54 23 127 127 12 39
split_gain=64.731 45.3018 31.8153 28.0028 26.9879 26.41 45.1979 41.1451 59.7805 73.1992 39.4689 31.6623 30.872 24.5693 22.7648 22.0893 16.76 16.2487 13.1057 11.2148 8.25337 7.2889 2.69073
threshold=10833.333333333332 59000.000000000007 106.50000000000001 0.052177858439201454 0.15804922130561147 11.000000000000002 61916.666666666672 30500.000000000004 33.000000000000007 -1.0820810366442013 9.0000000000000018 79375.000000000015 324.92736504244937 0.12853773584905662 8367.5566576299425 47.500000000000007 29667.333333333339 4181.3071354895201 5403.2769963099527 40.500000000000007 333.50000000000006 69000.000000000015 1.2132034632034634
decision_type=2 10 2 10 2 2 10 8 2 10 2 10 2 8 10 2 8 10 10 2 2 10 2
left_child=5 2 13 18 21 7 12 10 11 -10 15 -9 16 19 -12 -1 -7 -14 -4 -2 -5 -3 -6
right_child=1 4 3 20 22 6 -8 8 9 -11 14 -13 17 -15 -16 -17 -18 -19 -20 -21 -22 -23 -24
leaf_value=0 18.98861868806426 -310.59549792876851 -130.00344440609155 -122.58992334522462 -376.27568899838155 0 -250.82844075249292 0 0.37270182330504653 -100.09559003485559 247.73434436871884 -2.9440387274135378 0 -354.42759173600308 0.00059831319529548221 237.71503805951014 0 -9.8599018820036495 -442.96180179559946 34.95077696765081 155.16470420828637 17.115614622995043 -530.35984515131179
leaf_weight=930 76 59 116 138 98 7155 91 5023 916 1589 328 651 2015 102 177 135 5444 1321 147 90 57 109 210
leaf_count=930 76 59 116 138 98 7155 91 5023 916 1589 328 651 2015 102 177 135 5444 1321 147 90 57 109 210
internal_value=-0.000868013 -0.0122132 -0.00397958 -0.0121653 -0.0242602 -0.000329911 -0.00158596 0.00171381 0.00026257 -0.00614604 0.00913217 0.00312927 -0.00136891 0.00923851 0.020704 0.00341903 -0.000218132 -0.00565058 -0.0227989 0.0213691 0.00124786 -0.00643714 -0.0331971
internal_weight=26977 1202 726 458 476 25775 16026 9749 8179 2505 1570 5674 15935 268 505 1065 12599 3336 263 166 195 168 308
internal_count=26977 1202 726 458 476 25775 16026 9749 8179 2505 1570 5674 15935 268 505 1065 12599 3336 263 166 195 168 308
is_linear=0
shrinkage=0.0500478


Tree=16
num_leaves=27
num_cat=0
split_feature=38 77 127 64 35 38 42 54 62 100 0 80 127 0 42 107 63 23 119 101 127 42 120 119 58 51
split_gain=61.92 37.6449 34.6447 26.9423 24.885 24.1944 22.107 21.8712 20.7174 33.4972 19.4623 32.6871 18.6675 15.8915 22.3349 19.3991 13.3723 13.1057 10.8771 10.3887 7.72842 7.47622 7.89761 6.78967 5.71467 5.49231
threshold=10833.333333333332 59000.000000000007 106.50000000000001 0.052177858439201454 0.15804922130561147 -10833.333333333332 -1.4652984190954839 8553.5518733794925 1750.0000000000002 1772.4684843784855 39.500000000000007 77000.000000000015 298.50000000000006 21.000000000000004 -0.81649658092772592 49000.000000000007 2250.0000000000005 5403.2769963099527 1.0000000180025095e-35 -529.0323387128991 78.500000000000014 -1.7717618317383035 0.13392857142857145 1.0000000180025095e-35 25500.000000000004 76916.666666666686
decision_type=2 10 2 10 2 2 10 10 10 2 2 8 2 2 10 8 10 10 8 2 2 10 10 10 8 8
left_child=5 2 7 17 20 6 21 -2 9 12 19 -12 -7 14 -10 -15 -9 -4 -11 -8 -3 -1 -23 -5 25 -6
right_child=1 4 3 23 24 8 10 16 13 18 11 -13 -14 15 -16 -17 -18 -19 -20 -21 -22 22 -24 -25 -26 -27
leaf_value=439.14983020780505 -377.28367444562224 20.033675260502534 -123.49705861777252 27.707336511278065 -342.96992048389757 0 41.878172439283532 36.737247540420604 238.79263890340277 -2.0113154733088536 5.8410746121133954 -232.39947768349265 0 0 0 -51.363086287812592 4.955084746963359 -420.7925401645897 -155.6058209112864 -0.58946369912237051 -252.71095246017137 231.79354025051171 48.581671862228731 -157.97801626915009 -521.21300735985176 -101.06076385878188
leaf_weight=72 77 93 116 124 68 15765 345 123 175 427 228 175 2425 2465 2456 110 68 147 724 111 75 117 180 71 183 57
leaf_count=72 77 93 116 124 68 15765 345 123 175 427 228 175 2425 2465 2456 110 68 147 724 111 75 117 180 71 183 57
internal_value=-0.000287387 -0.0113822 -0.00384217 -0.0123827 -0.0223773 0.000223127 0.00707422 0.00997873 -0.000111969 -0.000874317 0.00237752 -0.00529834 -0.000338164 0.00268016 0.00541487 -3.73406e-05 0.0193837 -0.0227989 -0.00915189 0.00959837 -0.00526264 0.0173707 0.0125221 0.000740909 -0.0309402 -0.0184263
internal_weight=26977 1202 726 458 476 25775 1228 268 24547 19341 859 403 18190 5206 2631 2575 191 263 1151 456 168 369 297 195 308 125
internal_count=26977 1202 726 458 476 25775 1228 268 24547 19341 859 403 18190 5206 2631 2575 191 263 1151 456 168 369 297 195 308 125
is_linear=0
shrinkage=0.0500478


Tree=17
num_leaves=28
num_cat=0
split_feature=40 77 131 109 51 22 125 127 120 101 120 49 99 107 35 127 107 95 62 32 130 41 109 63 74 54 21
split_gain=48.7754 36.5909 27.4399 32.7176 38.2735 42.1757 27.3939 22.893 30.4028 26.3545 22.424 22.2765 46.9061 29.9598 21.0567 18.9249 13.8468 12.413 12.2367 11.7592 10.7483 10.3675 9.75754 9.70179 6.70074 6.32216 4.80237
threshold=24500.000000000004 59000.000000000007 -0.68301270189221952 -0.089572192513368967 57333.333333333336 5409.088810349419 7.5000000000000009 105.50000000000001 0.07417582417582419 18523.881577981341 0.41428571428571431 39250.000000000007 28861.612277175347 -19499.999999999996 0.15804922130561147 52.500000000000007 4500.0000000000009 0.093166677510182649 -749.99999999999989 14038.629317265144 0.93301270189221952 4996.0000000000009 -0.20344827586206896 -1.0000000180025095e-35 81000.000000000015 7400.3394031619564 5345.2248382486096
decision_type=2 10 2 10 10 10 2 2 8 2 10 10 2 8 2 2 10 10 10 2 2 2 10 10 10 10 8
left_child=2 7 3 18 5 -5 -6 8 23 17 11 12 -4 -13 16 -12 -3 -9 22 -10 24 -20 -1 -2 -16 -11 -18
right_child=1 14 10 4 6 -7 -8 9 19 25 15 13 -14 -15 20 -17 26 -19 21 -21 -22 -23 -24 -25 -26 -27 -28
leaf_value=80.073021047581676 35.661300457694821 -400.05953641136551 0 0 0.66066065326885048 9.0229843849311191 -221.09718203708286 8.8571163877625061 37.452233235785137 378.99724060503019 6.4837004294114715 -0.011919871056764413 0 0 -361.82120466100389 -252.95991221721266 47.480845620911978 -308.20729398520513 0 -600.21001344144679 -157.31455838939792 90.621126515865768 0 19.133859468762498 -972.9649551372288 -0.64662262741417664 -182.43164319009989
leaf_weight=119 75 68 5739 4872 143 440 548 63 78 56 62 1484 3906 7258 285 83 65 230 72 67 58 352 529 58 114 93 60
leaf_count=119 75 68 5739 4872 143 440 548 63 78 56 62 1484 3906 7258 285 83 65 230 72 67 58 352 529 58 114 93 60
internal_value=-0.000135275 -0.00933251 0.000349664 -0.0022906 -0.00374954 -0.00225943 -0.014862 -0.00124162 0.00962291 -0.00854943 0.00136882 0.00153474 -0.000103354 0.00336491 -0.0179437 -0.0179635 -0.00279703 -0.0174348 0.00567917 -0.00506527 -0.0238473 0.0123137 0.000994344 0.0269449 -0.0267941 0.00757518 0.00586014
internal_weight=26977 1370 25607 7075 6003 5312 691 720 278 442 18532 18387 9645 8742 650 145 193 293 1072 145 457 424 648 133 399 149 125
internal_count=26977 1370 25607 7075 6003 5312 691 720 278 442 18532 18387 9645 8742 650 145 193 293 1072 145 457 424 648 133 399 149 125
is_linear=0
shrinkage=0.0500478


Tree=18
num_leaves=28
num_cat=0
split_feature=38 131 64 100 46 99 9 0 64 42 26 16 0 127 23 106 111 37 38 127 50 37 29 121 125 91 55
split_gain=38.634 31.1581 30.3395 27.4004 26.2058 51.5683 30.4262 25.0256 23.5715 22.0947 22.3806 21.25 22.8945 16.7436 28.7342 17.0905 14.8875 14.6685 17.0023 30.6828 18.5567 13.9941 11.846 10.5499 10.1588 8.43161 2.07915
threshold=8750.0000000000018 -0.68301270189221952 -0.025657894736842102 -13.365355035148239 37000.000000000007 28985.495284673198 26500.000000000004 21.000000000000004 0.25462962962962971 0.8016048160562026 31.500000000000004 34666.80000000001 39.500000000000007 105.50000000000001 11179.697302297287 1.0000000180025095e-35 0.18301435406698566 8750.0000000000018 15833.333333333334 139.50000000000003 51916.666666666672 12504.000000000002 43166.666666666679 0.13392857142857145 5.5000000000000009 1562.5000000000002 9543.5900982241274
decision_type=2 2 10 2 10 2 8 2 10 8 2 10 2 2 8 8 10 2 2 2 10 2 2 10 2 10 8
left_child=1 3 13 9 5 6 -3 -7 16 10 -1 25 -13 14 21 -16 -5 26 19 -19 -20 -2 -15 -11 -24 -6 -4
right_child=2 4 17 8 11 7 -8 -9 -10 23 -12 12 -14 22 15 -17 -18 18 20 -21 -22 -23 24 -25 -26 -27 -28
leaf_value=0 -153.36869488495444 0 -259.13820820306432 0 0 0 0 0 451.09809771467121 7.8649263833271241e-07 0 0 -0.011322521296155519 -7.5816218506600173 29.49973927050706 -68.599461344856479 -50.0476384124417 10.789895998994004 29.578179914290171 -119.40653504703648 -483.64527247367619 -459.6225885432965 -168.24968446186966 0 -357.00785540406986 147.63860440655364 -371.26377258873146
leaf_weight=2363 128 3895 70 2609 63 1880 1933 1624 60 300 864 7097 1669 62 75 74 468 344 64 318 139 99 64 217 345 91 62
leaf_count=2363 128 3895 70 2609 63 1880 1933 1624 60 300 864 7097 1669 62 75 74 468 344 64 318 139 99 64 217 345 91 62
internal_value=0 0.000509575 -0.00699098 -0.00234789 0.00159819 -0.000235499 0.002626 -0.00505157 -0.00580151 0.000493245 -0.000990636 0.00353897 0.00318447 -0.013959 -0.00527961 0.0108798 -0.00646712 -0.000847428 0.00132255 0.00541741 -0.0109434 -0.0167786 -0.0203937 0.0101091 -0.0234668 0.0220485 -0.0163502
internal_weight=26977 25133 1844 6881 18252 9332 5828 3504 3137 3744 3227 8920 8766 847 376 149 3077 997 865 662 203 227 471 517 409 154 132
internal_count=26977 25133 1844 6881 18252 9332 5828 3504 3137 3744 3227 8920 8766 847 376 149 3077 997 865 662 203 227 471 517 409 154 132
is_linear=0
shrinkage=0.0500478


Tree=19
num_leaves=23
num_cat=0
split_feature=131 63 40 47 101 49 99 9 0 12 35 95 107 34 39 125 109 47 93 106 52 0
split_gain=43.4295 35.3378 30.4898 29.571 36.0351 28.7822 48.8159 32.0143 28.2429 27.9838 27.8367 26.2497 25.5271 24.8497 24.2248 24.1189 15.403 11.6749 10.5678 10.0668 3.68607 1.9733
threshold=-0.68301270189221952 10750.000000000002 28500.000000000004 78750.000000000015 -7692.4866515657186 39250.000000000007 28861.612277175347 26500.000000000004 21.000000000000004 45004.000000000007 0.12529220931189497 0.12766579304976386 34000.000000000007 10125.000000000002 0.74833333333333341 8.5000000000000018 -0.10172413793103448 71250.000000000015 0.12069862537984191 34000.000000000007 8025.9843075042463 21.000000000000004
decision_type=2 10 2 10 2 10 2 8 2 8 2 10 10 2 2 2 10 8 10 10 10 2
left_child=1 3 5 4 18 6 7 -2 -8 19 15 -6 21 -11 -12 -7 -5 -15 -1 -4 -18 -3
right_child=2 12 9 16 11 10 8 -9 -10 13 14 -13 -14 17 -16 -17 20 -19 -20 -21 -22 -23
leaf_value=0.00062013551421674564 0 249.86288483964267 -78.318190804452968 1.0290106602059903 0 0.59737503491920318 0 0 0 22.607209093223371 190.84829494545116 -2.3910288917112092 -20.846889755065749 -458.2707076417235 0 7.8649263833271241e-07 -334.49886273832453 -292.98625905939548 190.61549770270798 74.198774731563276 -415.18873835036527 482.32643742824928
leaf_weight=353 3896 69 105 71 5059 1003 2103 1866 1805 108 375 1266 72 160 4821 3016 56 323 142 88 164 56
leaf_count=353 3896 69 105 71 5059 1003 2103 1866 1805 108 375 1266 72 160 4821 3016 56 323 142 88 164 56
internal_value=0 -0.00329928 0.00121847 -0.00390425 -0.00319782 0.00162942 -0.000258315 0.00264739 -0.00459367 -0.00839528 0.00363204 -0.00423895 0.0172949 -0.0139086 0.00116418 0.00676924 -0.0196002 -0.0188586 0.00965073 0.00740623 -0.0260811 0.0309924
internal_weight=26977 7308 19669 7111 6820 18885 9670 5762 3908 784 9215 6325 197 591 5196 4019 291 483 495 193 220 125
internal_count=26977 7308 19669 7111 6820 18885 9670 5762 3908 784 9215 6325 197 591 5196 4019 291 483 495 193 220 125
is_linear=0
shrinkage=0.0500478


Tree=20
num_leaves=27
num_cat=0
split_feature=42 131 29 29 0 38 61 98 6 91 32 42 35 51 92 0 59 21 127 23 120 64 131 34 37 100
split_gain=36.7088 27.3489 38.2113 66.4775 34.9583 32.2665 25.7167 27.6801 27.4559 25.5351 22.7081 29.9589 21.4891 20.9355 20.1926 18.6933 17.8952 20.6862 17.1165 16.8851 16.4071 12.2865 11.8517 11.2685 7.01966 3.05616
threshold=-0.62678142150195082 0.25000000000000017 44000.000000000007 38416.666666666679 33.000000000000007 2833.3333333333335 750.00000000000011 30204.681508540711 45004.000000000007 1812.5000000000002 5399.0720090734949 -1.7717618317383035 0.2462817360343533 20583.333333333339 33375.000000000007 39.500000000000007 7504.0000000000009 3949.0795139662546 351.50000000000006 4224.313859812909 0.20714285714285716 0.050423728813559332 -0.68301270189221952 19000.000000000004 -5251.9999999999991 0.66004406858337472
decision_type=10 2 2 2 2 2 10 2 10 10 2 10 2 10 8 2 8 10 2 10 10 10 2 2 2 2
left_child=10 2 3 13 5 -4 7 9 -9 -3 12 -12 16 -2 15 -13 21 -18 23 -6 -20 -1 -5 -8 -14 -26
right_child=1 6 4 22 19 -7 18 8 -10 -11 11 14 24 -15 -16 -17 17 -19 20 -21 -22 -23 -24 -25 25 -27
leaf_value=0 0 0 0 1.5533041653377866e-06 -7.2142904992215273 -0.011919910418987068 0.00059675989113014438 0 0 0 407.93751014839415 2.9072882574381724 0 0 -45.838522053847953 1.5533041653377866e-06 -3.93622226552769e-08 185.40185665605992 0 -237.44111697094604 466.86502821425012 28.065201069217526 4.9971727458211745 -577.27360959537657 0.00029828163398528057 0
leaf_weight=1676 1654 1405 1856 617 146 2305 1647 2078 2100 454 87 1935 95 3453 99 1448 2079 165 56 581 107 210 356 65 241 62
leaf_count=1676 1654 1405 1856 617 146 2305 1647 2078 2100 454 87 1935 95 3453 99 1448 2079 165 56 581 107 210 356 65 241 62
internal_value=-0.000650974 -0.00186574 -0.00348506 -0.000797505 -0.00678421 -0.00493961 0.000353635 -0.00120924 -0.00349487 0.00381581 0.00215605 0.0051418 -0.000153808 -0.0031141 0.00433658 0.00503994 -0.00127072 -0.00432034 0.00548936 -0.0170101 0.0211516 0.00225064 0.0111298 0.00385107 0.0108636 0.0145701
internal_weight=26977 18880 10968 6080 4888 4161 7912 6037 4178 1859 8097 3569 4528 5107 3482 3383 4130 2244 1875 727 163 1886 973 1712 398 303
internal_count=26977 18880 10968 6080 4888 4161 7912 6037 4178 1859 8097 3569 4528 5107 3482 3383 4130 2244 1875 727 163 1886 973 1712 398 303
is_linear=0
shrinkage=0.0500478


Tree=21
num_leaves=26
num_cat=0
split_feature=38 1 50 127 130 50 122 116 37 64 131 54 101 23 21 95 92 131 49 38 121 107 112 94 88
split_gain=28.4574 31.0128 40.9036 32.4489 29.8432 32.2095 27.5048 26.143 25.4168 23.3995 21.0518 24.8826 24.2125 20.7526 19.9204 17.7615 15.541 11.7595 18.0572 14.6558 11.4391 10.0285 19.6849 8.88113 6.62857
threshold=10833.333333333332 11.000000000000002 29667.333333333339 34.500000000000007 -0.93301270189221919 74250.000000000015 1.0000000180025095e-35 -749.99999999999989 -11749.999999999998 -0.032002048131080381 -0.68301270189221952 826.10312969235281 2243.5426440615743 17363.574403478666 2568.1153802805043 0.028521710121307834 7375.0000000000009 1.0000000180025095e-35 52333.333333333336 15833.333333333334 1.0000000180025095e-35 7500.0000000000009 0.29814814814814822 0.10309330746691657 18500.000000000004
decision_type=2 2 10 2 2 8 8 10 2 8 2 8 2 10 10 10 10 2 8 2 10 8 10 10 10
left_child=1 4 10 15 14 8 -7 -5 -6 13 12 -12 -3 21 16 -4 -1 20 -19 -20 -11 -2 -23 -16 -22
right_child=9 2 3 7 5 6 -8 -9 -10 17 11 -13 -14 -15 23 -17 -18 18 19 -21 24 22 -24 -25 -26
leaf_value=-0.029897303531080586 -257.60923288856054 0 0 0.16155160046247291 188.4661617115963 0.00059652587574037224 -217.33502276992473 0 0.0005965652379630275 18.786173088505592 0 0 -222.04489447354797 14.08887377839503 -0.011919871056764413 -0.011919871056764413 0.00059652587574037224 41.96817530924536 23.280915236655009 -285.55383519176718 -147.71482339782582 19.516879145843006 -439.35267814692344 5.0101603330890665 -415.91576202247461
leaf_weight=339 226 2819 303 199 629 1278 436 5845 6748 95 1325 4909 91 97 147 535 83 88 206 121 58 126 113 89 72
leaf_count=339 226 2819 303 199 629 1278 436 5845 6748 95 1325 4909 91 97 147 535 83 88 206 121 58 126 113 89 72
internal_value=-0.000778972 -0.000419222 -0.00177955 -0.00469566 0.00179593 0.00255881 -0.003555 -0.00336819 0.00400767 -0.0083073 0.00039355 0.00205379 -0.00309181 -0.0157759 -0.00840558 -0.0139894 -0.0149658 -0.00139623 0.0032278 -0.00165936 -0.010765 -0.0202272 -0.0113845 0.00250252 -0.0203757
internal_weight=26977 25775 16026 6882 9749 9091 1714 6044 7377 1202 9144 6234 2910 562 658 838 422 640 415 327 225 465 239 236 130
internal_count=26977 25775 16026 6882 9749 9091 1714 6044 7377 1202 9144 6234 2910 562 658 838 422 640 415 327 225 465 239 236 130
is_linear=0
shrinkage=0.0500478


Tree=22
num_leaves=29
num_cat=0
split_feature=127 40 52 64 73 96 55 35 125 125 53 45 77 63 53 54 31 95 28 91 72 95 95 89 110 42 52 100
split_gain=30.3558 40.9935 27.6345 27.4922 27.4717 31.1102 29.0284 25.9811 24.7346 26.9758 24.7329 23.7498 22.5741 19.4851 19.1368 18.5871 18.2991 17.5846 16.5887 15.5281 15.3733 18.1296 14.1554 11.6957 11.4837 10.0419 6.03444 1.25035
threshold=74.500000000000014 18500.000000000004 18949.448222757263 0.25462962962962971 47000.000000000007 30000.03492519318 1033.8299006464601 0.10361161552366703 6.5000000000000009 23.500000000000004 12466.585813111045 43000.000000000007 77500.000000000015 4750.0000000000009 14505.170023787674 11779.099482878906 38500.000000000007 0.016469667833897954 55250.000000000007 9875.0000000000018 31750.000000000004 0.19649812609768397 0.22804441777743181 1004.0000000000001 0.22431865828092246 1.144344270542659 8231.0248069064091 4.426532303679779
decision_type=2 2 10 10 10 2 10 2 2 2 10 10 10 10 10 10 2 8 2 10 10 10 10 10 10 10 10 2
left_child=4 2 3 10 5 6 17 15 14 11 -2 -10 13 -9 25 18 -8 -1 -6 27 23 -22 -11 -7 -5 -3 -17 -4
right_child=1 8 19 24 7 20 16 12 9 22 -12 -13 -14 -15 -16 26 -18 -19 -20 -21 21 -23 -24 -25 -26 -27 -28 -29
leaf_value=0 0 22.686198721429765 214.6413640774598 215.12677846416796 0 0 0 0.49011192560893407 12.399128754044305 -75.264389095000297 -14.075775906699834 -274.49585764125237 -376.15046288381257 -4.7582793277455302 -308.43963138793958 197.71011725396738 1.9699924663607e-09 2.5047818254686929 485.56406796314383 -0.92047160084691582 0 -4.1619576312705915 35.15137801987467 -0.012390865753988518 0.10876495050315625 -22.173651437115343 -237.92237276609984 0.62718391121035266
leaf_weight=134 17575 150 100 127 59 154 1292 1293 94 422 588 939 91 472 76 59 86 533 303 87 1333 134 104 426 112 115 56 63
leaf_count=134 17575 150 100 127 59 154 1292 1293 94 422 588 939 91 472 76 59 86 533 303 87 1333 134 104 426 112 115 56 63
internal_value=-0.000723321 -0.00166771 -0.000941487 -0.00117726 0.00226529 -0.000157962 0.0041536 0.00659868 -0.0086793 -0.0113761 -0.0014104 -0.0160916 0.00376811 0.00512309 0.00304894 0.0171113 0 0.0127034 0.022648 0.0154482 -0.00456469 -0.00166626 -0.00169744 -0.0115076 0.0155302 0.00990353 0 0.0244791
internal_weight=26977 20552 18652 18402 6425 4092 2045 2333 1900 1559 18163 1033 1856 1765 341 477 1378 667 362 250 2047 1467 526 580 239 265 115 163
internal_count=26977 20552 18652 18402 6425 4092 2045 2333 1900 1559 18163 1033 1856 1765 341 477 1378 667 362 250 2047 1467 526 580 239 265 115 163
is_linear=0
shrinkage=0.0500478


Tree=23
num_leaves=31
num_cat=0
split_feature=62 38 127 77 35 26 127 102 35 63 12 127 92 0 61 100 99 55 21 69 128 95 106 94 75 80 22 92 26 55
split_gain=34.1582 33.4296 36.3118 35.9777 24.6912 40.2314 23.9875 43.0179 33.434 21.721 20.3712 19.562 30.665 19.3088 18.1586 19.5369 16.922 26.409 16.3713 15.3268 13.859 13.2597 12.1778 11.8288 10.9058 9.29837 18.5955 8.67735 4.79276 4.60892
threshold=1750.0000000000002 10833.333333333332 105.50000000000001 51000.000000000007 0.10651992416244342 9.5000000000000018 12.500000000000002 -907.39558323128392 0.12786975156816824 -1.0000000180025095e-35 92500.000000000015 351.50000000000006 8622.0000000000018 10.000000000000002 1250.0000000000002 1772.4684843784855 45932.44346498869 4881.9347305341489 1889.8223650473731 1666.0000000000002 0.6078576107927941 0.20928887916946906 -2499.9999999999995 0.050486932562480671 29500.000000000004 79000.000000000015 3346.7219684951692 23375.000000000004 7.5000000000000009 12533.27798417843
decision_type=10 2 2 8 2 2 2 2 2 10 8 2 10 2 10 2 2 10 10 10 2 10 10 10 10 10 10 10 2 8
left_child=1 6 3 9 5 19 7 29 -9 -3 11 13 -13 -6 15 -8 18 -18 -7 24 -16 22 -12 -5 -2 26 -4 -27 -21 -1
right_child=4 2 25 23 10 16 14 8 -10 -11 21 12 -14 -15 20 -17 17 -19 -20 28 -22 -23 -24 -25 -26 27 -28 -29 -30 -31
leaf_value=-10.117938929355232 0.00059026899727616803 43.463066087443245 -145.80544481658652 64.535335452881753 0.0011632717309548949 -0.012390865753988518 0 -2.002750028802994 0.47762370369284129 -257.26824311375475 9.7146818282286862 -0.14550336790812091 580.93642841682436 -2.9856774978693716e-05 -0.027300765844925908 -141.86097314147491 211.19238349188683 0.001014189863319391 0.16071992471023025 413.23444574168303 0 -236.50049782257065 -7.4131461148294413 -258.68868526660634 477.12653653774629 -376.37620927139409 15.352700925275281 -212.42410773540556 -5.4145126312928484 -140.92827249371388
leaf_weight=156 78 89 71 57 642 233 16854 335 262 68 104 84 99 3209 1070 829 146 640 207 65 531 77 198 158 212 155 120 65 81 82
leaf_count=156 78 89 71 57 642 233 16854 335 262 68 104 84 99 3209 1070 829 146 640 207 65 531 77 198 158 212 155 120 65 81 82
internal_value=-0.00103126 -0.00199651 -0.0121654 -0.000257027 0.00225576 0.00745472 -0.00158918 -0.00991593 -0.00233129 0.0172393 0.000248491 0.00133813 0.0172512 0.000518512 -0.00121684 -0.000741212 0.00260427 0.00710446 -0.00496838 0.0205378 -0.00633376 -0.0107487 -0.00508339 -0.014022 0.0273682 -0.0223849 -0.0121397 -0.0301308 0.00536829 -0.0278752
internal_weight=26977 20902 783 372 6075 1662 20119 835 597 157 4413 4034 183 3851 19284 17683 1226 786 440 436 1601 379 302 215 290 411 191 220 146 238
internal_count=26977 20902 783 372 6075 1662 20119 835 597 157 4413 4034 183 3851 19284 17683 1226 786 440 436 1601 379 302 215 290 411 191 220 146 238
is_linear=0
shrinkage=0.0500478


Tree=24
num_leaves=27
num_cat=0
split_feature=37 62 127 77 112 0 43 32 64 110 112 102 12 50 74 35 21 131 100 12 0 47 10 21 131 80
split_gain=28.3916 23.0678 21.4716 21.8158 22.5681 19.2151 36.9667 23.6722 19.2024 18.2847 17.6935 26.0957 21.3578 16.2257 23.3497 16.0459 12.4558 11.4002 32.5111 28.8882 9.96565 9.94806 7.58037 4.77537 4.18793 2.59648
threshold=11250.000000000002 1750.0000000000002 105.50000000000001 51000.000000000007 0.2202020202020202 21.000000000000004 0.27500000000000008 1217.9025065152932 0.058257918552036207 -0.19677419354838707 -0.17817460317460315 -7300.5980621021035 87500.000000000015 103750.00000000001 69000.000000000015 0.14797143882167627 3779.6447300925729 0.6830127018922193 3262.2073497786555 63500.000000000007 10.000000000000002 88750.000000000015 59000.000000000007 5470.70074973805 0.25000000000000017 71500.000000000015
decision_type=2 8 2 8 10 2 2 2 10 8 8 2 10 10 10 2 10 2 2 10 2 8 10 10 2 10
left_child=1 9 3 4 -2 6 24 -8 20 13 11 -11 -12 14 -1 -5 -6 18 -7 -19 22 -17 -4 -10 -3 -22
right_child=2 5 8 15 16 17 7 -9 23 10 12 -13 -14 -15 -16 21 -18 19 -20 -21 25 -23 -24 -25 -26 -27
leaf_value=0.11966727809753881 39.215707151064976 200.62267029059223 33.30994444429151 29.333795153796466 43.928574751483993 0.00029977589975103681 -16.771461466136135 0.00059176326304192421 68.837327279037865 0.5391068741278594 0 -0.0062892525927136667 -420.8871700600809 25.192945600260554 -4.7245348208527895 -390.6793342783082 -319.34743801299533 0.00056815165457308446 -218.30654163147284 412.89136648868123 -173.81195049126657 -77.290767486681915 -281.81896727307128 -112.7998474611535 439.42112257901942 -441.63558913803632
leaf_weight=1155 74 65 59 97 62 1681 58 2629 61 674 15207 2368 103 95 419 122 81 809 468 118 103 61 81 88 98 141
leaf_count=1155 74 65 59 97 62 1681 58 2629 61 674 15207 2368 103 95 419 122 81 809 468 118 103 61 81 88 98 141
internal_value=-0.000482166 -0.000150287 -0.0086248 -0.00069373 0.0107014 0.00258259 0.00554305 0.00403671 -0.0156021 -0.000969598 -0.00143406 -0.00493045 -0.000725342 0.00401003 0.00263257 -0.0102635 0 -9.62935e-05 -0.00216161 0.00446514 -0.0214882 -0.0191403 -0.00840512 0 0.0287141 -0.0280089
internal_weight=26977 25947 1030 497 217 5926 2850 2687 533 20021 18352 3042 15310 1669 1574 280 143 3076 2149 927 384 183 140 149 163 244
internal_count=26977 25947 1030 497 217 5926 2850 2687 533 20021 18352 3042 15310 1669 1574 280 143 3076 2149 927 384 183 140 149 163 244
is_linear=0
shrinkage=0.0500478


Tree=25
num_leaves=30
num_cat=0
split_feature=38 127 63 34 1 53 112 124 0 16 131 85 40 80 20 50 28 23 110 94 37 94 111 55 69 5 34 82 125
split_gain=26.7385 25.3613 29.0467 26.7012 23.5324 34.7269 44.5578 33.0288 25.3702 41.2174 36.1185 26.8463 33.4007 27.2732 20.2001 19.6832 17.6715 16.1066 15.7682 18.7866 14.3031 13.4685 12.2524 12.1931 10.8118 16.1623 11.4748 7.51235 5.15243
threshold=8750.0000000000018 105.50000000000001 2250.0000000000005 10125.000000000002 11.000000000000002 4268.0946987340185 -0.12508748250349927 6.5000000000000009 39.500000000000007 57333.466666666674 0.6830127018922193 35250.000000000007 7004.0000000000009 39500.000000000007 57250.000000000007 29667.333333333339 73750.000000000015 11416.865926610872 -0.26491228070175432 0.092077862717697134 11750.000000000002 0.060346369443079959 0.63818181818181829 8669.6793814499561 -1583.3333333333333 75500.000000000015 7375.0000000000009 51000.000000000007 13.500000000000002
decision_type=2 2 10 2 2 10 10 2 2 10 2 8 2 10 10 10 2 10 10 10 2 10 10 8 10 8 2 10 2
left_child=4 3 24 17 8 6 7 -6 11 10 -10 13 -13 -1 -5 -8 -11 23 28 -20 27 -16 -22 -2 25 -3 -26 -4 -7
right_child=1 2 20 14 5 18 15 -9 9 16 -12 12 -14 -15 21 -17 -18 -19 19 -21 22 -23 -24 -25 26 -27 -28 -29 -30
leaf_value=0.0010292253443689393 12.818628447842851 35.968639970587745 -1.2840620036811667 33.297308267741052 0.00031476322704618531 157.18559053261046 0 0.00031476322704618531 -0.018682839116383954 -248.41679236136068 189.4034299779475 11.425421003524537 0.00055099363215354419 -4.7570499052192128 9.6706019673954842 0 -64.979171641686321 43.982456943691339 0 -0.21341072377827247 -251.58600759953364 -324.01212409301155 73.201311422495394 -95.363261261560055 -130.48665027772563 -416.23178093271747 -214.24574656384942 45.394267272933213 0.49603097547441322
leaf_weight=280 104 115 82 77 1023 64 6280 419 1026 225 260 2557 4478 203 176 2836 295 97 3854 1277 157 329 62 65 69 68 364 79 56
leaf_count=280 104 115 82 77 1023 64 6280 419 1026 225 260 2557 4478 203 176 2836 295 97 3854 1277 157 329 62 65 69 68 364 79 56
internal_value=-0.000198346 -0.0060152 -0.0114248 0.000113168 0.000220862 -0.000946178 0.000691555 0.00886732 0.0022212 -0.00304206 0.00162844 0.00351327 0.00431622 -0.00772427 -0.00564516 -0.000581372 -0.0149366 0.0134089 -0.00427674 -0.00472769 0 -0.00955917 -0.00879669 0.00260474 -0.0181209 -0.00618635 -0.0226331 0.0106934 0.0130478
internal_weight=26977 1844 996 848 25133 15809 10558 1442 9324 1806 1286 7518 7035 483 582 9116 520 266 5251 5131 380 505 219 169 616 183 433 161 120
internal_count=26977 1844 996 848 25133 15809 10558 1442 9324 1806 1286 7518 7035 483 582 9116 520 266 5251 5131 380 505 219 169 616 183 433 161 120
is_linear=0
shrinkage=0.0500478


Tree=26
num_leaves=16
num_cat=0
split_feature=37 52 97 23 0 62 127 100 36 47 131 34 1 38 11
split_gain=24.4171 23.4792 35.1191 33.7595 26.3198 25.4454 29.8601 28.9138 25.5592 24.7147 17.6421 17.051 16.9684 6.41798 4.64956
threshold=-17249.999999999996 10428.15457918269 39329.107530983412 10964.938898939114 33.000000000000007 3750.0000000000005 34.500000000000007 -0.61812079949231691 0.58333333333333337 16750.000000000004 -0.9330127018922193 16375.000000000002 11.000000000000002 -20583.333333333328 81000.000000000015
decision_type=2 10 2 8 2 8 2 2 2 10 2 2 2 2 8
left_child=11 5 -3 10 -5 6 9 -8 -7 -2 -4 14 -10 -13 -1
right_child=1 2 3 4 -6 8 7 -9 12 -11 -12 13 -14 -15 -16
leaf_value=409.37058486393039 1.9699924663607e-09 200.82059985870123 15.477621827819927 5.2523410600680851 -135.78542317858108 -249.89104309618364 0 0 12.220591012957543 -0.02330725351457761 -37.01341721472825 183.07497276762885 -8.4124704024022656e-05 -85.303307790405881 25.600276421888484
leaf_weight=172 351 101 95 1011 391 76 10060 8894 1793 1667 1439 78 724 69 56
leaf_count=172 351 101 95 1011 391 76 10060 8894 1793 1667 1439 78 724 69 56
internal_value=-0.000298518 -0.0004852 -0.0046257 -0.00568739 0 4.01849e-05 -0.000529538 7.6361e-05 0.00472283 -0.00631461 -0.010812 0.0123211 0.00565988 0 0.0208322
internal_weight=26977 26602 3037 2936 1402 23565 20972 18954 2593 2018 1534 375 2517 147 228
internal_count=26977 26602 3037 2936 1402 23565 20972 18954 2593 2018 1534 375 2517 147 228
is_linear=0
shrinkage=0.0500478


Tree=27
num_leaves=28
num_cat=0
split_feature=127 50 23 127 63 100 47 101 93 0 94 100 38 42 53 127 46 127 93 55 127 124 63 26 37 0 124
split_gain=32.6939 42.4682 36.0006 33.4562 29.7895 32.4982 25.5035 38.2604 25.9721 25.2455 26.7584 26.2706 25.167 21.4505 20.3236 28.117 22.1861 20.06 17.9712 16.9681 15.6642 12.3589 8.60247 8.33387 6.1553 5.41762 5.99356
threshold=74.500000000000014 66250.000000000015 507.41626340492411 20.500000000000004 23250.000000000004 -2.1861671899205244 48750.000000000007 22255.338537938002 0.14121975762272596 10.000000000000002 0.031860685597760424 -53.69999587775964 10833.333333333332 0.61721339984836776 13859.209364737941 145.50000000000003 69500.000000000015 324.50000000000006 0.17638342073762994 11350.439237617755 156.50000000000003 26.500000000000004 -1249.9999999999998 28.500000000000004 4750.0000000000009 33.000000000000007 48.500000000000007
decision_type=2 10 10 2 10 2 10 2 10 2 10 2 2 10 10 2 10 2 10 10 2 2 10 2 2 2 2
left_child=2 4 13 9 5 12 8 -8 -5 11 -11 -4 -2 25 15 16 -3 -7 20 -17 -16 22 -15 -6 -23 26 -1
right_child=1 14 3 6 23 17 7 -9 -10 10 -12 -13 -14 21 18 19 -18 -19 -20 -21 -22 24 -24 -25 -26 -27 -28
leaf_value=0.0011664766554822955 0 -240.89764349147359 -7.1721251769934042 0 3.1490257609012424 0 19.649302719438637 -508.51472390416905 -5.3217173953199364 -2.5275193622189183 -0.022765981457754606 7.5792791458120696 -144.12674825124731 -9.8593779916989611e-11 -450.14825834563879 -14.613925120412437 5.0098208642712061 0 7.9042200000595928 -368.69174650054902 -52.232683032660852 -9.8593779916989611e-11 0.0011664766554822955 436.36659117163043 0 1.8713986864437104e-09 0
leaf_weight=384 9249 88 56 2461 57 7858 1530 110 116 325 885 143 106 73 273 570 551 1346 90 126 124 68 69 114 56 85 64
leaf_count=384 9249 88 56 2461 57 7858 1530 110 116 325 885 143 106 73 273 570 551 1346 90 126 124 68 69 114 56 85 64
internal_value=8.51888e-05 -0.000881242 0.00320747 0.00175103 -0.000160097 -0.000363797 0.00400818 0.00889532 0.000813412 -0.00485508 -0.00767459 0.0111607 0.00170039 0.0131714 -0.00817255 -0.00474951 0.00256876 -0.00248391 -0.0170685 -0.011746 -0.0216659 0.000731385 0.011407 0.0204646 -0.00986446 0.018967 0.0213239
internal_weight=26977 20552 6425 5626 18730 18559 4217 1640 2577 1409 1210 199 9355 799 1822 1335 639 9204 487 696 397 266 142 171 124 533 448
internal_count=26977 20552 6425 5626 18730 18559 4217 1640 2577 1409 1210 199 9355 799 1822 1335 639 9204 487 696 397 266 142 171 124 533 448
is_linear=0
shrinkage=0.0500478


Tree=28
num_leaves=28
num_cat=0
split_feature=127 38 100 45 127 102 131 86 42 95 107 111 127 22 12 89 111 80 83 102 38 35 125 93 97 38 121
split_gain=31.7269 40.2832 30.027 22.8042 22.3779 22.7307 20.3599 20.9253 19.8198 20.1872 21.215 31.3489 22.2078 19.5556 18.5297 18.8912 25.205 17.9892 24.9504 16.9417 16.5892 14.1185 13.446 13.1495 11.3532 8.80456 8.62677
threshold=74.500000000000014 8750.0000000000018 -2.1861671899205244 43000.000000000007 298.50000000000006 5057.7393925621773 -0.9330127018922193 66375.000000000015 -1.1070186069251176 0.17209427537260175 2004.0000000000002 0.037185185185185189 46.500000000000007 16576.910199203157 28004.000000000004 2900.0000000000005 -0.14907407407407405 87500.000000000015 52125.000000000007 3049.7026004161821 -7416.6666666666652 0.12786975156816824 6.5000000000000009 0.073493091974016864 22418.103784450177 -12333.333333333334 0.13392857142857145
decision_type=2 2 2 10 2 2 2 10 8 10 8 8 2 10 10 10 10 10 10 2 2 2 2 10 2 2 10
left_child=8 2 6 19 20 -6 23 -8 14 10 12 -12 -10 22 15 -1 -17 24 -19 -3 -4 26 -5 -2 -11 -23 -16
right_child=1 3 4 13 5 -7 7 -9 9 17 11 -13 -14 -15 21 16 -18 18 -20 -21 -22 25 -24 -25 -26 -27 -28
leaf_value=32.073673053972321 0.00031476322704618531 -109.51361003811014 11.084112125948717 -62.361404043215813 0 255.68231844249362 0 -0.27622903763787177 -3.1036415342412873e-05 0.0034548787655019389 0.2152642398763808 0.00056459896950592945 1.8713986864437104e-09 32.721218424839499 76.739222677754782 42.281147210397542 -2.2762887899081359 73.839170241246521 -2.2935396734579832 28.864575260191998 0 192.28035490405904 -222.53117220734279 0 -10.351452293438888 -0.0024984027829020889 47.534571367861581
leaf_weight=99 958 93 385 186 2138 209 7248 1458 1831 62 704 1064 968 73 146 116 155 93 443 67 6450 130 856 431 342 137 135
leaf_count=99 958 93 385 186 2138 209 7248 1458 1831 62 704 1064 968 73 146 116 155 93 443 67 6450 130 856 431 342 137 135
internal_value=0.000124145 -0.000827675 -0.000246412 -0.00943887 -0.00232638 0.00183033 0.00162534 0.000700696 0.00319968 0.00201595 0.0034164 0.00771511 0.000623899 -0.0120444 0.0100549 0.000795908 -0.00547666 -0.00456286 0.00110822 0.00737032 -0.0037837 0.0159043 -0.0138925 0.00726279 -0.0125502 0.00648667 0.0239996
internal_weight=26977 20552 19277 1275 9182 2347 10095 8706 6425 5507 4567 1768 2799 1115 918 370 271 940 536 160 6835 548 1042 1389 404 267 281
internal_count=26977 20552 19277 1275 9182 2347 10095 8706 6425 5507 4567 1768 2799 1115 918 370 271 940 536 160 6835 548 1042 1389 404 267 281
is_linear=0
shrinkage=0.0500478


Tree=29
num_leaves=18
num_cat=0
split_feature=38 28 42 63 100 77 80 37 55 74 118 127 64 42 87 8 55
split_gain=26.2683 26.7809 21.564 21.4665 22.9208 21.2795 22.5003 20.3756 19.1752 18.5941 14.0198 10.3284 7.17467 6.61471 5.58195 7.59722 3.99976
threshold=-11499.999999999998 112500.00000000001 -1.4652984190954839 23250.000000000004 -8.8426700958207203 30500.000000000004 112500.00000000001 11250.000000000002 6055.7415019990885 112500.00000000001 0.18333333333333338 58.500000000000007 0.23669467787114848 -1.7717618317383035 12500.000000000002 49000.000000000007 10696.566276344542
decision_type=2 2 10 8 2 8 10 2 8 8 10 2 10 10 10 8 10
left_child=2 3 13 4 7 -4 11 -2 12 -6 -10 -7 -5 -1 15 -15 -3
right_child=1 16 5 8 9 6 -8 -9 10 -11 -12 -13 -14 14 -16 -17 -18
leaf_value=390.5001740155343 0 -1314.8331149958583 191.16427903765464 9.7442495349051992 0 15.963276890808521 60.358340530007503 -98.576435476843997 0.10016498908408906 -0.0096811567716800027 -20.424787143344403 -24.839372739958595 418.38866806148178 65.870932579815957 9.8148400465395955 455.09551473862098 -140.15536965238542
leaf_weight=63 11572 69 89 64 12994 161 60 196 357 268 217 436 106 70 93 84 78
leaf_count=63 11572 69 89 64 12994 161 60 196 357 268 217 436 106 70 93 84 78
internal_value=-0.000893984 -0.00121613 0.00680527 -0.00108521 -0.00134139 0.00186718 -0.000980773 0.00025054 0.00723601 -0.00276915 0.0024243 -0.00425155 0.0220343 0.0179278 0.0126245 0.0185296 -0.0224114
internal_weight=26977 25921 1056 25774 25030 746 657 11768 744 13262 574 597 170 310 247 154 147
internal_count=26977 25921 1056 25774 25030 746 657 11768 744 13262 574 597 170 310 247 154 147
is_linear=0
shrinkage=0.0500478


Tree=30
num_leaves=28
num_cat=0
split_feature=101 74 63 94 63 80 28 91 107 48 54 30 20 127 8 93 12 127 54 55 96 8 10 57 26 65 7
split_gain=25.1626 28.8423 42.92 38.0184 26.2446 34.7953 25.9415 35.1712 27.6705 25.2266 31.2625 24.5874 23.6612 19.848 19.8177 16.218 15.9502 15.0679 14.2765 13.3324 17.5278 12.7126 11.8042 10.8879 9.64247 8.2548 2.72465
threshold=-3407.8523196312012 69000.000000000015 -9984.9999999999982 0.14003401153450151 23250.000000000004 120004.00000000001 17750.000000000004 1375.0000000000002 -4995.9999999999991 51916.666666666672 9371.9270738018531 12500.000000000002 106250.00000000001 204.50000000000003 45004.000000000007 0.055845632638410247 15500.000000000002 227.50000000000003 10820.48809584292 5244.4261065927794 26016.455077892169 54500.000000000007 20004.000000000004 10004.000000000002 36.500000000000007 1.0000000180025095e-35 71000.000000000015
decision_type=2 10 10 10 8 10 2 10 10 10 10 2 10 2 10 10 10 2 10 8 2 10 10 10 2 2 8
left_child=1 3 12 22 6 19 7 8 -2 17 -11 16 18 21 -13 -9 -8 -4 -3 26 -21 -5 25 -24 -15 -1 -6
right_child=4 2 9 13 5 -7 11 15 -10 10 -12 14 -14 24 -16 -17 -18 -19 -20 20 -22 -23 23 -25 -26 -27 -28
leaf_value=0.00029901002145617424 0.00029978765853507633 -0.22022588626728568 0.00067288375781608808 216.00694602054932 407.96486306103253 -792.91521284752844 -9.3659378590939089e-11 0 0 104.29743192864433 0.47189271036935904 0 20.015429553594341 -1.2854744516603716 0 -0.0060048366571678769 -0.0078059111317468717 -5.1974067392690158 -152.18218682990116 97.58688991431805 0.095119351471777761 12.214686791503798 0.001623673579054458 0.00031468548759710797 27.427795910899867 -4.5349438468153114 258.98096601444126
leaf_weight=157 192 522 278 280 81 57 109 388 1630 255 258 12254 100 79 5314 647 162 64 585 69 608 210 543 1877 81 117 60
leaf_count=157 192 522 278 280 81 57 109 388 1630 255 258 12254 100 79 5314 647 162 64 585 69 608 210 543 1877 81 117 60
internal_value=-0.000871723 0.00216464 -0.0024224 0.00505381 -0.0016423 0.00678312 -0.00200913 0.00237901 0.00660894 0.00600744 0.0131004 -0.00272358 -0.00856262 0.0159493 -0.0024779 -0.00486865 -0.0177393 -0.00405717 -0.0107779 0.00963339 0.00625539 0.0209281 0.00233721 0.00351061 0 -0.00722761 0.0240466
internal_weight=26977 5406 2062 3344 21571 875 20696 2857 1822 855 513 17839 1207 650 17568 1035 271 342 1107 818 677 490 2694 2420 160 274 141
internal_count=26977 5406 2062 3344 21571 875 20696 2857 1822 855 513 17839 1207 650 17568 1035 271 342 1107 818 677 490 2694 2420 160 274 141
is_linear=0
shrinkage=0.0500478


Tree=31
num_leaves=29
num_cat=0
split_feature=51 1 38 127 102 89 95 0 100 0 20 110 0 127 26 64 28 107 42 89 51 71 80 34 45 38 93 2
split_gain=32.327 52.5853 41.0734 32.7274 39.0176 31.813 31.8707 30.1857 29.7837 26.866 27.4914 26.8612 25.7633 23.8872 20.5096 22.5681 19.8984 19.0732 17.8959 16.9663 20.5473 22.122 14.1405 13.3352 14.0175 13.1275 9.60341 4.42091
threshold=20583.333333333339 11.000000000000002 8750.0000000000018 245.50000000000003 5057.7393925621773 8500.0000000000018 0.050133039553472238 33.000000000000007 3.5300878153066158e-05 39.500000000000007 57750.000000000007 -0.11882352941176469 33.000000000000007 212.50000000000003 14.500000000000002 0.035401002506265669 30750.000000000004 -3749.9999999999995 0.95382706882336776 9500.0000000000018 17916.666666666668 13500.000000000002 19500.000000000004 2375.0000000000005 18750.000000000004 -1333.3333333333346 0.10915291997507345 17500.000000000004
decision_type=10 2 2 2 2 10 10 2 2 2 10 8 2 2 2 10 2 8 10 10 10 10 10 2 10 2 10 2
left_child=7 2 9 5 16 6 -3 8 11 13 -11 22 -7 -2 18 -16 -5 -13 -4 20 21 -9 -1 27 -25 -22 -21 -10
right_child=1 3 14 4 -6 12 -8 19 23 10 -12 17 -14 -15 15 -17 -18 -19 -20 26 25 -23 -24 24 -26 -27 -28 -29
leaf_value=0.00059953885794862831 2.2066762612106943 0 -360.00117488658191 0 -20.186150566292518 0 -0.0090104607131145254 0 2.5047739680532772 0.10220196778596936 -196.25253445961312 0.00029901002145617424 -0.45055642518050315 -5.7432791553298522e-05 -195.32196892832349 -2.7607048117325332 0 0.00015890850306169563 18.665870180040056 -99.973262998742399 0.00030053080648492048 -4.8836201838035853 -0.0060198405901694986 0 0.11213915663020479 -50.047793857369946 -4.0892060010761355 0.00030052883649245413
leaf_weight=75 4763 4279 145 1152 56 2224 1182 790 101 1279 501 222 1224 2659 515 268 1554 1126 477 68 226 357 214 1052 286 64 57 61
leaf_count=75 4763 4279 145 1152 56 2224 1182 790 101 1279 501 222 1224 2659 515 268 1554 1126 477 68 226 357 214 1052 286 64 57 61
internal_value=-0.000597178 -0.00139925 0.0011365 -0.00372106 0.000976227 -0.0052001 -0.00758417 0.0031608 0.00600875 0.00237027 -0.00308643 0.0106822 -0.00136233 0.003707 -0.00678908 -0.0121654 0.00192033 0.0136723 0 -0.00242883 -0.000727467 -0.00387177 -0.0025626 0.000763585 -0.000743858 0.0109394 -0.019997 0.0142804
internal_weight=26977 22278 10607 11671 2762 8909 5461 4699 3137 9202 1780 1637 3448 7422 1405 783 2706 1348 622 1562 1437 1147 289 1500 1338 290 125 162
internal_count=26977 22278 10607 11671 2762 8909 5461 4699 3137 9202 1780 1637 3448 7422 1405 783 2706 1348 622 1562 1437 1147 289 1500 1338 290 125 162
is_linear=0
shrinkage=0.0500478


Tree=32
num_leaves=27
num_cat=0
split_feature=100 63 40 22 127 16 61 106 131 95 39 120 54 127 22 127 51 74 39 0 106 92 51 95 34 127
split_gain=39.4125 31.9602 25.1033 27.8344 33.5787 28.6694 23.2459 23.0556 22.7199 20.8748 20.16 18.6081 26.5673 19.121 17.9585 15.2215 19.59 15.1501 14.2748 20.6819 12.8399 12.7708 8.74996 7.45011 7.43471 5.88859
threshold=-8.8426700958207203 1750.0000000000002 15504.000000000002 11886.019694590967 104.50000000000001 73650.000000000015 750.00000000000011 10500.000000000002 0.6830127018922193 0.14082776332634267 1.218451749734889 0.20714285714285716 9853.0648157837531 344.50000000000006 15898.026693500393 98.500000000000014 57333.333333333336 102500.00000000001 0.95380241648898367 10.000000000000002 -4995.9999999999991 3625.0000000000005 50166.666666666679 0.1427470537624623 18625.000000000004 100.50000000000001
decision_type=2 8 2 8 2 10 8 10 2 10 2 10 8 2 10 2 10 8 2 2 8 8 8 10 2 2
left_child=2 7 3 11 24 -6 18 14 9 -8 15 13 -13 -1 17 20 -17 -2 22 -20 -4 -10 -3 -12 -5 -9
right_child=1 6 10 4 5 -7 8 25 21 -11 23 12 -14 -15 -16 16 -18 -19 19 -21 -22 -23 -24 -25 -26 -27
leaf_value=0 0 -3.93622226552769e-08 12.615158591292316 253.68080961497566 18.329672189637453 -245.81436052429626 0.23018591508239569 -47.291968087248129 0.0011355716260690481 -8.9537933394617806 -165.13805182235876 0.25462141934168564 -10.323050307834439 -2.3704255847792912e-05 30.149407927592303 9.5133973334907047 -220.30558560489445 -0.0091966362182322996 0.00046159305528133354 -0.12537293686311912 -13.233994808412216 156.41682964095631 23.004273370458435 -87.416878949979278 16.376113184990881 -470.79756780875755
leaf_weight=9403 8578 344 224 187 99 71 1086 57 410 593 104 1322 315 280 57 128 335 228 463 1552 176 590 177 56 65 77
leaf_count=9403 8578 344 224 187 99 71 1086 57 410 593 104 1322 315 280 57 128 335 228 463 1552 176 590 177 56 65 77
internal_value=-0.000929229 -0.00274604 0.00107769 0.00174685 0.0143763 -0.00171898 0.000334995 -0.0045542 0.00361947 0 -0.0063898 0.001255 0.00619468 0.000397486 -0.00421093 -0.00306047 -0.00934649 -0.00441432 -0.00305445 -0.0050092 0.00372118 0.00958187 0.00410395 -0.0227745 0.0259481 -0.0252803
internal_weight=26977 14212 12765 11742 422 170 5215 8997 2679 1679 1023 11320 1637 9683 8863 863 463 8806 2536 2015 400 1000 521 160 252 134
internal_count=26977 14212 12765 11742 422 170 5215 8997 2679 1679 1023 11320 1637 9683 8863 863 463 8806 2536 2015 400 1000 521 160 252 134
is_linear=0
shrinkage=0.0500478


Tree=33
num_leaves=27
num_cat=0
split_feature=38 77 0 42 47 124 124 77 77 34 12 81 30 5 40 131 5 8 121 8 124 125 26 51 127 100
split_gain=32.115 24.9593 24.6525 28.7916 24.5862 22.3289 21.0797 20.0916 18.4996 30.9386 27.7172 17.2512 16.6713 14.6251 14.321 17.0484 14.0813 12.3844 9.75694 9.03147 10.4839 8.66837 8.41916 14.1669 6.05494 1.48425
threshold=-4166.6666666666688 77500.000000000015 21.000000000000004 -0.8164965809277267 91250.000000000015 7.5000000000000009 49.500000000000007 39000.000000000007 66500.000000000015 11125.000000000002 50004.000000000007 85500.000000000015 82500.000000000015 55500.000000000007 2500.0000000000005 -0.9330127018922193 26500.000000000004 14500.000000000002 0.13392857142857145 26500.000000000004 69.500000000000014 18.500000000000004 10.500000000000002 51916.666666666672 175.50000000000003 -2465.0736931172573
decision_type=2 10 2 10 8 2 2 10 10 2 8 10 2 8 2 2 10 10 10 8 2 2 2 10 2 2
left_child=2 6 3 22 25 14 8 17 10 -10 -2 -6 -13 18 16 -16 -4 -7 -5 -8 -21 -15 -1 -24 -9 -3
right_child=1 4 5 13 11 7 19 24 9 -11 -12 12 -14 21 15 -17 -18 -19 -20 20 -22 -23 23 -25 -26 -27
leaf_value=492.91478713058552 0 -390.42059492870186 -0.0054411847132673627 -9.2424128265626209 59.37347894117265 0.11389401418133351 -7.9530202502482233e-06 0.11864525939866262 35.300601577181901 -0.87104967676268408 -0.017274195335457543 -472.26862417113961 17.732586545349946 224.95237157520521 167.23224806257625 -3.1953757802984186 4.6397735312455151 -0.84311097940981916 5.664435019018156 0 0 -1.2156289894824901 465.71135508300341 0.10402098750999456 -2.4814315917537941 -459.26369929516562
leaf_weight=81 15294 62 728 75 68 84 91 214 263 422 4938 98 86 119 65 708 2343 398 92 246 88 78 80 79 99 78
leaf_count=81 15294 62 728 75 68 84 91 214 263 422 4938 98 86 119 65 708 2343 398 92 246 88 78 80 79 99 78
internal_value=-0.00130209 -0.00215495 0.00219374 0.0117124 -0.0147084 0.000904925 -0.00191315 -0.00664772 -0.00167689 0.00632819 -0.00195874 -0.00431207 -0.0128639 0.00217469 0.00252322 -0.00341568 0.00408601 -0.0131123 -0.00795192 -0.0129874 -0.00816998 0.0117745 0.0251682 0.0157858 0.00268494 -0.0315936
internal_weight=26977 21734 5243 604 392 4639 21342 795 20917 685 20232 252 184 364 3844 773 3071 482 167 425 334 197 240 159 313 140
internal_count=26977 21734 5243 604 392 4639 21342 795 20917 685 20232 252 184 364 3844 773 3071 482 167 425 334 197 240 159 313 140
is_linear=0
shrinkage=0.0500478


Tree=34
num_leaves=22
num_cat=0
split_feature=38 77 30 121 42 77 124 103 55 50 26 35 63 119 32 32 26 53 42 112 125
split_gain=27.7345 23.2193 25.5182 24.6658 20.984 21.8153 18.1351 18.8875 17.1282 15.3831 12.7249 11.0027 9.78999 8.27275 7.80716 6.79918 6.64456 4.43699 4.1035 2.82232 0.25425
threshold=-12333.333333333334 77500.000000000015 82500.000000000015 0.07417582417582419 -1.4652984190954839 30500.000000000004 49.500000000000007 1500.0000000000002 19418.630699202487 74250.000000000015 10.500000000000002 0.15054203623714865 -5014.9999999999991 0.2678571428571429 18949.448222757263 648.51779997311962 11.500000000000002 11198.819222193641 -1.1179593787004802 0.053588516746411484 13.500000000000002
decision_type=2 8 2 8 10 8 2 10 10 10 2 2 10 10 2 2 2 10 10 8 2
left_child=4 6 3 19 13 -6 7 8 -2 -9 12 -5 -7 -1 -12 -8 -4 20 -17 -3 -15
right_child=1 2 16 11 5 10 15 9 -10 -11 14 -13 -14 17 -16 18 -18 -19 -20 -21 -22
leaf_value=525.11195303190163 0 -621.9857592253411 24.521771599542738 -101.81896194334382 182.23762454064374 -29.444899818040952 0 -3.8845679008911653 14.059821052347681 -352.42942273157962 -39.975873514602284 23.524467963051919 175.80884348214107 70.050148965119718 181.07397702106476 0 -246.74792598825377 4.1204808540713387 -6.0017786139076569e-06 -382.08548288917666 307.40934778542805
leaf_weight=88 22787 80 59 118 68 66 63 1971 228 177 282 113 124 58 59 74 63 60 317 59 63
leaf_count=88 22787 80 59 118 68 66 63 1971 228 177 282 113 124 58 59 74 63 60 317 59 63
internal_value=-0.00105352 -0.00135304 -0.0121385 -0.0188022 0.00770012 0.0020739 -0.00113679 -0.000948481 -0.0005195 -0.00544414 -0.00102479 -0.00748697 0.00882197 0.019345 -0.00712914 -0.0110658 0.00640357 0.0111645 -0.0136009 -0.035709 0.0165908
internal_weight=26977 26109 492 370 868 599 25617 25163 23015 2148 531 231 190 269 341 454 122 181 391 139 121
internal_count=26977 26109 492 370 868 599 25617 25163 23015 2148 531 231 190 269 341 454 122 181 391 139 121
is_linear=0
shrinkage=0.0500478


Tree=35
num_leaves=20
num_cat=0
split_feature=77 47 37 125 34 34 62 1 101 8 121 125 74 121 10 131 94 5 55
split_gain=24.3563 24.8184 22.9954 18.8036 17.3439 16.9305 16.9396 26.6793 23.6707 14.2438 13.7739 12.6328 9.66297 5.34198 6.34592 5.03758 4.47689 3.28984 0.173241
threshold=77500.000000000015 93750.000000000015 -17249.999999999996 14.500000000000002 17626.000000000004 21875.000000000004 10750.000000000002 9.0000000000000018 7682.5922032074714 75500.000000000015 0.16025641025641027 16.500000000000004 87500.000000000015 0.22649572649572652 65030.000000000007 0.6830127018922193 0.091120195800513282 69000.000000000015 11350.439237617755
decision_type=10 8 2 2 2 2 10 2 2 8 10 2 10 10 8 2 10 8 10
left_child=2 12 4 10 13 6 8 -8 -4 15 18 -11 -2 -1 -15 -7 -5 -6 -3
right_child=1 3 5 16 17 9 7 -9 -10 11 -12 -13 -14 14 -16 -17 -18 -19 -20
leaf_value=557.53835448839084 -299.83405054853307 22.347120203292118 0 -921.34912591168677 -86.07628856932358 -377.36433918001023 -22.040417506729792 214.34460484296795 -18.738471178815622 37.200241423517653 -98.408522032651007 -232.7363754739728 -408.97437694126114 197.63908352393872 1.585368369160892 -7.9864763850468981 -11.263357421116229 123.24002844228114 447.4935802446999
leaf_weight=109 58 57 23766 63 60 123 134 522 1331 102 67 115 104 56 72 65 56 61 56
leaf_count=109 58 57 23766 63 60 123 134 522 1331 102 67 115 104 56 72 65 56 61 56
internal_value=-0.000797522 -0.0121946 -0.000590574 -0.00280964 0.0119303 -0.000770836 -0.00060224 0.00729099 -0.000817378 -0.0109226 0.00656238 -0.00112276 -0.0279756 0.0198401 0.00994564 -0.0210029 -0.0185124 -0.00199587 0.0177405
internal_weight=26977 461 26516 299 358 26158 25753 656 25097 405 180 217 162 237 128 188 119 121 113
internal_count=26977 461 26516 299 358 26158 25753 656 25097 405 180 217 162 237 128 188 119 121 113
is_linear=0
shrinkage=0.0500478


Tree=36
num_leaves=18
num_cat=0
split_feature=77 47 37 42 76 107 99 54 35 112 127 112 125 75 42 74 101
split_gain=25.6304 22.1257 21.2066 22.1092 18.037 17.8649 33.501 32.8374 31.5237 25.7114 35.2753 18.9203 16.108 14.1067 15.5238 11.4165 5.13875
threshold=77500.000000000015 93750.000000000015 -10749.999999999998 -1.7717618317383035 82500.000000000015 -19499.999999999996 64246.873975586721 8779.6793942693203 0.2240979927976908 -0.19991999999999996 116.50000000000001 -0.17817460317460315 14.500000000000002 33500.000000000007 -1.1069902513999137 87500.000000000015 -5857.7561055212564
decision_type=10 8 2 10 10 10 2 10 2 10 2 10 2 10 10 10 2
left_child=2 15 3 -1 -3 6 8 -8 -4 10 -7 -11 -6 16 -15 -2 -5
right_child=1 4 5 13 12 9 7 -9 -10 11 -12 -13 -14 14 -16 -17 -18
leaf_value=326.0506690587768 -284.82801732952635 27.921134821645715 -0.34796866951095351 213.62960554931004 -4.4565547025363479 11.725843709774209 22.979268944292826 -1.4076040159051437 2.665427256184191 -2.5040476149585005 0.0002690415176755858 0 -763.33630391512918 35.569947873418535 -20.639858832565857 -388.50611099589702 38.440109098602832
leaf_weight=74 58 108 1290 96 109 393 254 674 307 185 1838 20494 82 617 228 104 66
leaf_count=74 58 108 1290 96 109 393 254 674 307 185 1838 20494 82 617 228 104 66
internal_value=-0.000723321 -0.0124105 -0.000511308 0.00632489 -0.00347374 -0.000810452 -0.00481029 0.00257773 -0.00922834 -0.000360242 0.00472643 -0.00091939 -0.0131745 0.00411127 0.00123565 -0.027367 0.0176282
internal_weight=26977 461 26516 1081 299 25435 2525 928 1597 22910 2231 20679 191 1007 845 162 162
internal_count=26977 461 26516 1081 299 25435 2525 928 1597 22910 2231 20679 191 1007 845 162 162
is_linear=0
shrinkage=0.0500478


Tree=37
num_leaves=21
num_cat=0
split_feature=77 47 100 123 82 38 63 53 76 125 74 125 83 127 49 26 112 54 109 125
split_gain=26.0065 20.7876 18.9588 19.5622 26.4917 24.8353 19.4027 17.1057 16.2349 15.9555 13.2536 12.7894 18.8295 17.8895 10.4567 10.3774 8.94968 5.98764 7.44628 4.94104
threshold=77500.000000000015 93750.000000000015 -4244.0827144193163 4250.0000000000009 40625.000000000007 -13999.999999999998 3250.0000000000005 6639.5251299182155 82500.000000000015 14.500000000000002 87500.000000000015 10.500000000000002 70625.000000000015 74.500000000000014 100416.66666666667 17.500000000000004 -0.17321428571428568 8190.4020859273787 -0.16885964912280699 14.500000000000002
decision_type=8 8 2 10 10 2 8 10 8 2 10 2 10 2 10 2 10 10 10 2
left_child=2 10 7 5 19 15 -7 17 -3 14 -2 12 -9 -13 -10 -4 -6 18 -1 -5
right_child=1 8 3 4 16 6 -8 11 9 -11 -12 13 -14 -15 -16 -17 -18 -19 -20 -21
leaf_value=246.15906889498964 -270.57300299099029 26.523743578458141 203.54075408790334 38.280671351716983 -288.68045573606531 0 0.10862893030909332 0.72860964669452899 -3.3129536990937041 -725.13300474724474 -369.06223663697773 22.240282320531396 55.894519384004433 -0.7367256555051469 76.697031831969568 24.765748309778569 -146.70836418707188 0.53940409342824824 11.676284800164261 -0.016800843291628387
leaf_weight=133 58 108 146 71 72 20174 3841 270 108 82 104 225 92 707 61 113 378 60 98 76
leaf_count=133 58 108 146 71 72 20174 3841 270 108 82 104 225 92 707 61 113 378 60 98 76
internal_value=-0.00068993 -0.0117529 -0.000463287 -0.000808708 -0.00976188 -0.000579145 -0.000754179 0.00482123 -0.00428175 -0.0116354 -0.0267583 0.00215884 0.0101515 -0.000745699 -0.00143709 0.014725 -0.0159201 0.0158481 0.0194925 0.00767655
internal_weight=26977 521 26456 24871 597 24274 24015 1585 359 251 162 1294 362 932 169 259 450 291 231 147
internal_count=26977 521 26456 24871 597 24274 24015 1585 359 251 162 1294 362 932 169 259 450 291 231 147
is_linear=0
shrinkage=0.0500478


Tree=38
num_leaves=21
num_cat=0
split_feature=77 51 37 34 55 127 0 40 23 76 11 125 74 127 74 49 45 48 125 54
split_gain=23.9711 20.478 19.0336 20.6504 16.5221 26.6236 18.7288 40.3707 37.5315 16.2241 15.3096 14.3636 13.1926 13.0693 11.9259 11.8744 9.81059 20.7417 8.33941 1.65167
threshold=77500.000000000015 93416.666666666672 -13749.999999999998 16375.000000000002 648.51779997311962 337.50000000000006 33.000000000000007 2500.0000000000005 1479.3599112878674 82500.000000000015 27350.000000000004 14.500000000000002 49000.000000000007 205.50000000000003 87500.000000000015 100416.66666666667 48750.000000000007 54250.000000000007 12.500000000000002 12599.505519342327
decision_type=8 8 2 2 10 2 2 2 10 8 8 2 10 2 10 10 10 10 2 10
left_child=2 14 3 16 5 13 8 -8 -6 19 -7 15 -5 -4 -2 -11 -1 -18 -14 -3
right_child=1 9 4 12 6 10 7 -9 -10 11 -12 -13 18 -15 -16 -17 17 -19 -20 -21
leaf_value=229.55923893146758 -270.75951760005324 25.475153456057321 0 217.02136846250676 0 50.047795410674112 0 -11.222255108913469 0.00027058029424298938 -3.635809932578431 0 -604.68502967601421 10.919186421515127 0 -363.2858996134164 131.66211393202266 -33.768636595560835 199.53367717067269 -217.40196862809577 16.868878343704868
leaf_weight=71 58 58 1126 75 4879 99 4977 2827 11238 110 119 89 73 482 90 60 71 325 94 56
leaf_count=71 58 58 1126 75 4879 99 4977 2827 11238 110 119 89 73 482 90 60 71 325 94 56
internal_value=-0.000745581 -0.0113704 -0.0005276 0.00752165 -0.000757872 0.00380256 -0.00111487 -0.00312812 -0.000127058 -0.00438869 0.020188 -0.0116622 -0.00366952 0.00142715 -0.0272523 -0.00171898 0.0137445 0.00978766 -0.0120869 0.0102818
internal_weight=26977 521 26456 709 25747 1826 23921 7804 16117 373 218 259 242 1608 148 170 467 396 167 114
internal_count=26977 521 26456 709 25747 1826 23921 7804 16117 373 218 259 242 1608 148 170 467 396 167 114
is_linear=0
shrinkage=0.0500478


Tree=39
num_leaves=22
num_cat=0
split_feature=77 51 100 112 63 124 92 15 127 112 79 76 112 100 1 42 74 50 69 55 102
split_gain=24.9164 19.923 18.5668 42.9189 37.9574 27.6912 22.6935 26.2662 25.5415 20.5836 18.7077 16.8101 16.7142 19.8692 17.3958 16.0421 11.9259 8.92551 7.43638 13.3958 3.0362
threshold=77500.000000000015 93416.666666666672 0.12584617806714962 0.31174089068825916 1250.0000000000002 15.500000000000002 1562.5000000000002 58964.285714285717 94.500000000000014 -0.11696306429548563 120004.00000000001 82500.000000000015 -0.061935920577617321 0.0011029115157725757 9.0000000000000018 -0.92904876660028501 87500.000000000015 55666.666666666679 3500.0000000000005 10820.48809584292 -2746.9305792952214
decision_type=8 8 2 8 10 2 10 10 2 10 10 8 10 2 2 10 10 10 8 10 2
left_child=2 16 3 12 6 15 7 -4 -8 17 -11 20 14 -14 -1 -5 -2 -6 19 -13 -3
right_child=1 11 4 5 9 -7 8 -9 -10 10 -12 18 13 -15 -16 -17 -18 -19 -20 -21 -22
leaf_value=-0.09254365522999243 -257.20860065771296 11.563704001824636 0 -0.1264529200300058 -4.6811574213043485 0.0095589885303158737 -9.3659378590939089e-11 24.935595563449716 -11.827528960582093 0.00627463900050137 -725.60574041325674 -596.34514626144244 0 0 0.00017498865072589057 0.56221575560443393 -345.10424123398144 23.678213040289826 14.737262835338067 -11.638935844975601 30.720194541000655
leaf_weight=1700 58 56 2912 291 215 60 1093 125 2386 4599 69 101 6157 313 5693 773 90 70 57 101 58
leaf_count=1700 58 56 2912 291 215 60 1093 125 2386 4599 69 101 6157 313 5693 773 90 70 57 101 58
internal_value=-0.000730741 -0.0115617 -0.000508685 0.000640806 -0.00202837 0.0100377 -0.00454471 -0.00129955 -0.00731606 0.00124147 0.00207805 -0.00465529 -0.000108008 -0.00197891 0.00150184 0.00788053 -0.0272523 -0.011652 -0.0120451 -0.0166272 0.0102818
internal_weight=26977 521 26456 14987 11469 1124 6516 3037 3479 4953 4668 373 13863 6470 7393 1064 148 285 259 202 114
internal_count=26977 521 26456 14987 11469 1124 6516 3037 3479 4953 4668 373 13863 6470 7393 1064 148 285 259 202 114
is_linear=0
shrinkage=0.0500478


Tree=40
num_leaves=28
num_cat=0
split_feature=34 130 10 51 77 32 121 74 8 37 83 100 51 39 94 54 131 102 76 127 55 15 92 127 92 93 55
split_gain=31.8403 49.19 43.4564 58.162 30.9633 25.8602 25.3628 31.4174 26.0963 21.9627 20.188 17.7166 16.9351 16.1184 21.3102 16.4197 20.1737 15.8711 15.3004 12.3774 10.995 10.7286 10.6218 9.50277 9.39458 7.95113 5.8347
threshold=1625.0000000000002 0.68301270189221941 32500.000000000004 28416.666666666668 77500.000000000015 1132.2451547301728 1.0000000180025095e-35 13500.000000000002 37500.000000000007 18750.000000000004 75625.000000000015 -15880.574142562067 90083.333333333358 0.98332870241733827 0.015777166425813834 1033.8299006464601 0.6830127018922193 -127.77005473357438 82500.000000000015 30.500000000000004 10820.48809584292 54678.571428571442 2775.0000000000005 305.50000000000006 550.00000000000011 0.046416689667803636 11708.24567202935
decision_type=2 2 10 10 10 2 10 10 8 2 10 2 8 2 8 8 2 2 10 2 10 10 10 2 10 10 10
left_child=1 13 3 17 6 -5 7 22 -9 11 -11 -8 26 14 23 16 -15 -3 -14 -16 -20 -17 -2 -1 -4 -26 -6
right_child=4 2 24 5 12 -7 9 8 -10 10 -12 -13 18 15 19 21 -18 -19 20 -21 -22 -23 -24 -25 25 -27 -28
leaf_value=-3.1036415342412873e-05 0.081329271810315934 7.6615472309069119 -8.7577961907192819e-06 -8.7577961907192819e-06 -259.26740239426402 -8.7577961907192819e-06 296.04339649416744 0 0.0017422541219963867 -523.71222159888714 3.0856695588773158 -7.9530647362148102e-06 21.627805879398597 0 -2.1623655542552025 -1.5753205590011046e-05 0.0011096503746427277 0 -669.50257847799287 0 -15.408479846159322 11.766208958231415 0.00093150762055550134 0 2.5047833787728582 1.6928320958005563 -340.23772594287215
leaf_weight=309 401 105 65 790 64 306 97 1893 2916 83 69 15244 110 1453 85 967 755 108 82 426 113 152 97 62 81 79 65
leaf_count=309 401 105 65 790 64 306 97 1893 2916 83 69 15244 110 1453 85 967 755 108 82 426 113 152 97 62 81 79 65
internal_value=-0.000769696 -0.00407601 -0.0117566 -0.0153001 0.000115297 -0.0199983 0.000401594 0.0033927 0.00210037 -0.000610191 -0.0194176 -0.000407478 -0.0130636 -0.00122311 -0.00723871 0.000314512 0.00287372 0.00788019 -0.00568493 -0.000187445 -0.0144285 -0.0045486 0.0153932 -0.0163396 0.00790452 0.0147643 -0.0285263
internal_weight=26977 5743 1534 1309 21234 1096 20800 5307 4809 15493 152 15341 434 4209 882 3327 2208 213 305 511 195 1119 498 371 225 160 129
internal_count=26977 5743 1534 1309 21234 1096 20800 5307 4809 15493 152 15341 434 4209 882 3327 2208 213 305 511 195 1119 498 371 225 160 129
is_linear=0
shrinkage=0.0500478


Tree=41
num_leaves=21
num_cat=0
split_feature=77 51 64 40 77 127 106 21 34 0 131 39 79 76 125 74 102 121 102 111
split_gain=23.8852 20.6751 18.2226 25.9239 27.2429 24.62 20.6888 27.8483 20.6133 29.289 22.1141 18.2882 18.5153 16.1215 13.3003 11.9259 10.1092 7.20185 3.0362 2.57649
threshold=77500.000000000015 93416.666666666672 0.016530054644808747 7004.0000000000009 61500.000000000007 324.50000000000006 14500.000000000002 3779.6447300924528 962.50000000000011 21.000000000000004 0.25000000000000017 1.5590277777777779 127500.00000000001 82500.000000000015 14.500000000000002 87500.000000000015 294.3337733176632 1.0000000180025095e-35 -2746.9305792952214 0.3585714285714286
decision_type=10 8 8 2 8 2 10 10 2 2 2 2 10 10 2 10 2 10 2 10
left_child=2 15 6 8 5 -5 11 17 10 -10 -4 12 -1 18 -15 -2 -6 -8 -3 -9
right_child=1 13 3 4 16 -7 7 19 9 -11 -12 -13 -14 14 -16 -17 -18 -19 -20 -21
leaf_value=0 -231.36011532244498 9.9025421059178083 -0.00031324343576249808 -0.023901761788283241 482.06443308050746 1.4174252743493492 16.766774750497326 -472.37488077983932 0.065462784721931844 0.00023122057025378609 0.012569197436261555 0.5878713988765738 196.68959040194528 -2.0957233447130021 -511.06898907406503 -323.03153814276016 11.253395180141718 -189.30693996549147 28.100292525802633 -212.13116011964141
leaf_weight=17626 58 56 236 2877 66 429 89 86 1427 2865 202 89 89 110 89 90 233 89 58 113
leaf_count=17626 58 56 236 2877 66 429 89 86 1427 2865 202 89 89 110 89 90 233 89 58 113
internal_value=-0.000487731 -0.0117626 -0.000282947 0.0016443 -0.00151114 -0.00287302 -0.00117781 -0.0127838 0.00409189 0.00517351 -0.0060136 -0.000918868 -0.00104495 -0.00363688 -0.0126513 -0.0272523 0.0127711 0.000533358 0.0102818 -0.0255702
internal_weight=26977 461 26516 8335 3605 3306 18181 377 4730 4292 438 17804 17715 313 199 148 299 178 114 199
internal_count=26977 461 26516 8335 3605 3306 18181 377 4730 4292 438 17804 17715 313 199 148 299 178 114 199
is_linear=0
shrinkage=0.0500478


Tree=42
num_leaves=28
num_cat=0
split_feature=38 127 12 89 0 23 102 11 47 62 35 74 95 9 35 55 56 0 51 95 127 45 120 34 26 42 55
split_gain=23.0559 29.6918 28.3622 59.0811 30.8019 25.8322 26.7853 24.0011 20.2552 19.9037 21.4731 19.4869 18.3003 30.2074 20.5949 17.2923 18.057 16.4542 14.3717 13.8658 12.8803 14.7587 12.4337 11.1855 9.39582 7.27152 6.25393
threshold=-3416.6666666666711 298.50000000000006 33500.000000000007 12500.000000000002 33.000000000000007 2036.1671573889098 579.35275002295941 29500.000000000004 11750.000000000002 3750.0000000000005 0.11780381037356698 71000.000000000015 0.12582623338491208 69000.000000000015 0.12529220931189497 3378.8477210254109 51000.000000000007 39.500000000000007 46667.333333333336 0.10753929392607005 269.50000000000006 98750.000000000015 0.11805555555555557 6375.0000000000009 7.5000000000000009 -0.42318340856363218 3133.145863029863
decision_type=2 2 8 10 2 10 2 10 10 10 2 10 8 10 2 8 10 2 10 10 2 10 10 2 2 10 10
left_child=9 2 5 11 -5 7 -7 -2 -3 15 20 -4 14 -14 -10 19 17 -17 22 26 21 -11 -12 -21 -20 -18 -1
right_child=1 8 3 4 -6 6 -8 -9 12 10 18 -13 13 -15 -16 16 25 -19 24 23 -22 -23 -24 -25 -26 -27 -28
leaf_value=46.138601988563956 -5.7013091663600554e-06 91.885781512948427 0.00050966963590011764 -0.042918368927168861 -209.13372417478558 0.0012210823420802906 -0.12138051216487381 -0.00029756629237571997 0 226.60259878131862 -0.096061195875084632 -151.8793669077771 4.9265689208056243 -300.07392283065508 -3.0879642927140014e-05 0.014327933425487847 151.13314692255418 -0.24356331997713018 230.08645431222831 -1.4103665689096143 -0.53738259713293923 -1.5544802191775404 189.40022057558699 0.23620412479772446 -2.9859051524904032 6.6249934203183987 50.408264665829179
leaf_weight=187 5076 98 3817 5050 850 878 550 1473 1358 242 109 76 533 75 980 2735 101 1759 58 107 62 57 135 77 392 60 82
leaf_count=187 5076 98 3817 5050 850 878 550 1473 1358 242 109 76 533 75 980 2735 101 1759 58 107 62 57 135 77 392 60 82
internal_value=-0.0011203 -0.0019208 -0.00270881 -0.000878405 -0.00405239 -0.00492938 0.00104693 -0.00626355 0.00261083 0.00154981 0.00780562 0.00387904 0.00178099 0.00950399 -0.000148041 0.000214697 -0.000654664 -0.00129028 0.00229404 0.0095517 0.017753 0.0220685 0.0121689 0 -0.00264626 0.0155926 0.0167638
internal_weight=26977 20814 17770 9793 5900 7977 1428 6549 3044 6163 1055 3893 2946 608 2338 5108 4655 4494 694 453 361 299 244 184 450 161 269
internal_count=26977 20814 17770 9793 5900 7977 1428 6549 3044 6163 1055 3893 2946 608 2338 5108 4655 4494 694 453 361 299 244 184 450 161 269
is_linear=0
shrinkage=0.0500478


Tree=43
num_leaves=28
num_cat=0
split_feature=54 50 39 38 107 99 46 77 51 32 92 124 0 39 37 31 64 76 74 125 0 26 0 112 99 102 42
split_gain=58.8504 79.5691 44.6377 33.065 30.3447 28.8411 24.3293 20.7133 20.0913 20.0563 47.4148 21.8817 20.7181 56.8909 24.7093 18.7006 24.1461 15.4082 13.7517 12.1954 11.8414 11.7692 11.2013 19.0582 9.38807 3.0362 1.51439
threshold=1033.8299006464601 29667.333333333339 0.98275349390425226 833.33333333333042 2896.0000000000005 28287.534179570986 28002.000000000004 77500.000000000015 93416.666666666672 3319.1278875859261 2125.0000000000005 13.500000000000002 33.000000000000007 0.95380241648898367 -11249.999999999998 28500.000000000004 0.01709526592635886 82500.000000000015 87500.000000000015 14.500000000000002 13.000000000000002 46.500000000000007 39.500000000000007 -0.035098522167487677 31378.963358481171 -2746.9305792952214 0.87857536709774664
decision_type=8 10 2 2 10 2 10 10 8 2 8 2 2 2 2 2 10 10 10 2 2 2 2 8 2 2 10
left_child=1 2 15 5 22 -4 -5 9 18 10 11 -2 14 -14 -11 20 -17 25 -9 -19 -1 -12 23 -3 -24 -10 -6
right_child=7 4 3 6 26 -7 -8 8 17 12 21 -13 13 -15 -16 16 -18 19 -20 -21 -22 -23 24 -25 -26 -27 -28
leaf_value=-0.0032831872108468989 -2.1367452410015057e-05 -0.015963014786599811 2.8533795473098904e-07 -1.1286741840069896e-05 -0.018480504475020816 7.2364634673248882e-07 8.1263532885528734e-06 -219.77999037364438 9.4141105930328397 570.38058634629067 0.0054044058453727147 -0.00011255363162155617 0.0003027673883024166 -139.01897624280289 0.00036793950504750486 1.8386421200687754e-06 -1.1285756843836717e-05 -1.9508638726560503 -306.86237384084848 -485.48896489839876 2.8533795473098904e-07 -0.0080580596149497554 0.0023353279276386559 0 -11.827991348597138 29.651862457118838 -2.5043133922582221
leaf_weight=197 2290 164 993 352 67 782 199 58 56 172 975 644 4933 1373 11973 225 194 110 90 89 133 78 77 578 59 58 58
leaf_count=197 2290 164 993 352 67 782 199 58 56 172 975 644 4933 1373 11973 225 194 110 90 89 133 78 77 578 59 58 58
internal_value=0.000146405 0.00569014 0.00970761 0.0131312 -0.00641735 0.0164697 0.00198248 -0.000832452 -0.0113306 -0.000606456 -0.00382527 -0.00712293 7.84425e-05 -0.00223662 0.00129749 -0.000660892 0.00604721 -0.00331957 -0.026587 -0.0121544 -0.00977372 0.00516497 -0.0028378 -0.0054403 0.00973244 0.0102818 -0.0294216
internal_weight=26977 4078 3075 2326 1003 1775 551 22899 461 22438 3987 2934 18451 6306 12145 749 419 313 148 199 330 1053 878 742 136 114 125
internal_count=26977 4078 3075 2326 1003 1775 551 22899 461 22438 3987 2934 18451 6306 12145 749 419 313 148 199 330 1053 878 742 136 114 125
is_linear=0
shrinkage=0.0500478


Tree=44
num_leaves=31
num_cat=0
split_feature=54 80 0 125 23 42 12 50 127 47 55 46 37 70 127 42 131 11 97 131 63 26 16 59 42 49 99 37 127 42
split_gain=85.1187 52.449 40.2461 34.3876 26.4797 27.1123 26.4969 25.2055 28.5173 31.8492 25.8796 24.2634 19.3421 19.8566 18.7125 18.2952 24.5002 18.0229 17.5271 16.8397 15.8845 15.1102 15.0599 15.0538 14.2427 12.8139 11.8971 10.6699 9.72642 6.36094
threshold=938.80963562504564 29500.000000000004 33.000000000000007 25.500000000000004 1154.7005383793582 0.63734803354971747 35004.000000000007 73500.000000000015 96.500000000000014 96250.000000000015 11779.099482878906 32250.000000000004 -13749.999999999998 81000.000000000015 337.50000000000006 -0.9121275484464263 1.0000000180025095e-35 32500.000000000004 28080.88846739403 -0.68301270189221952 752.00000000000011 5.5000000000000009 27514.705882352944 2750.0000000000005 1.2909944487358056 31750.000000000004 28036.930353102769 4750.0000000000009 174.50000000000003 -0.64549722436789991
decision_type=8 10 2 2 8 10 8 8 2 10 10 10 2 10 2 8 2 8 2 2 10 2 10 10 8 10 2 2 2 8
left_child=1 3 18 15 5 6 11 12 9 -9 -10 -2 14 -14 -6 28 -17 24 29 26 -8 27 -21 -23 -4 -20 -5 -7 -1 -3
right_child=4 2 17 19 7 21 20 8 10 -11 -12 -13 13 -15 -16 16 -18 -19 25 22 -22 23 -24 -25 -26 -27 -28 -29 -30 -31
leaf_value=0.00015628213197942058 -6.9647559573230431e-06 -8.126169828645443e-06 0.00079015590198659366 -0.01177929471799242 178.34955474661078 -0.011643699355337305 0.0049663090688191634 -17.495206838211814 -18.953567634281306 22.961510012026576 -293.40535103814227 -0.01936103605640448 7.6502736045089536e-05 58.728912250975817 -23.392751979014303 2.7105741914971228e-07 0.0010543858771343805 -0.068792186736483643 0 -1.428053558127673e-08 -0.009627530064227877 5.6487654646491365e-07 7.0936581115121201e-07 -5.2803196908547087e-05 8.4052855183423116e-07 -3.8399934501909039 2.4912105042003966e-07 0.0049954988613216157 -0.0016570348065870872 -7.4690643348765244e-05
leaf_weight=111 2216 63 453 113 374 127 383 976 579 427 226 258 16237 250 58 830 309 76 793 98 161 170 79 967 172 70 57 104 146 94
leaf_count=111 2216 63 453 113 374 127 383 976 579 427 226 258 16237 250 58 830 309 76 793 98 161 170 79 967 172 70 57 104 146 94
internal_value=0.000222461 0.00754984 0.00121742 0.013675 -0.000849026 -0.00435562 -0.00162255 -3.38101e-05 -0.00506995 -0.000602627 -0.0125777 -0.00387867 0.000612007 0.000324526 0.0110502 0.0171755 0.0199465 0.0105242 -0.00498903 0 0.00823582 -0.0102226 0.0102978 -0.0126025 0.013474 -0.0019039 -0.0115864 0.000626654 0.00403607 -0.0203781
internal_weight=26977 3464 1721 1743 23513 4386 3018 19127 2208 1403 805 2474 16919 16487 432 1396 1139 701 1020 347 544 1368 177 1137 625 863 170 231 257 157
internal_count=26977 3464 1721 1743 23513 4386 3018 19127 2208 1403 805 2474 16919 16487 432 1396 1139 701 1020 347 544 1368 177 1137 625 863 170 231 257 157
is_linear=0
shrinkage=0.0500478


Tree=45
num_leaves=23
num_cat=0
split_feature=54 131 102 125 11 131 86 28 44 42 23 34 12 28 131 102 7 131 0 49 97 79
split_gain=54.1681 43.2337 39.4151 44.9738 23.7537 25.0475 30.38 21.061 20.2351 19.1374 30.4697 35.5443 22.7579 23.4997 18.2586 18.0047 15.2129 13.8162 12.865 18.2003 13.0777 8.63413
threshold=826.10312969235281 1.0000000180025095e-35 -127.77005473357438 25.500000000000004 26500.000000000004 0.6830127018922193 28875.000000000004 112500.00000000001 28002.000000000004 0.57657966001976846 2036.1671573889098 7375.0000000000009 21500.000000000004 28252.000000000004 -0.68301270189221952 -584.66750077848144 45004.000000000007 0.6830127018922193 39.500000000000007 27583.333333333339 28032.655364643626 120004.00000000001
decision_type=8 2 2 2 8 2 10 2 10 10 8 2 8 2 2 2 8 2 2 10 2 10
left_child=1 2 18 8 -3 6 -6 9 -4 12 16 -12 17 -14 -5 -7 -11 -2 19 -1 -20 -9
right_child=7 4 3 14 5 15 -8 21 -10 10 11 -13 13 -15 -16 -17 -18 -19 20 -21 -22 -23
leaf_value=-1.5870006547218079e-05 -1.333563180246372e-05 0.59188896566383731 2.5749159289156217e-07 -50.040794050945053 -5.2783969198306923e-05 -0.1227876133787399 0 -33.765762197577899 6.3358858096781522e-07 -3.9832235169732064e-05 0.0046389093792279876 -0.071821346143611506 2.2063777783322866e-06 1.6748809881835494e-05 6.7386361616338934e-07 0.0032764668899638262 1.3731143590847135e-05 -0.00036046994108877606 0.0012899544981993655 2.5749159289156217e-07 7.6775806207334903e-06 -603.26531292314257
leaf_weight=203 2167 69 486 89 112 120 434 110 158 2224 1550 3528 1455 11887 77 647 437 739 57 292 57 79
leaf_count=203 2167 69 486 89 112 120 434 110 158 2224 1550 3528 1455 11887 77 647 437 739 57 292 57 79
internal_value=0.000335618 0.00692529 0.0130598 0.0203237 0.000467168 -0.00091018 -0.00920958 -0.000420037 0.0263167 -0.000279396 -0.00233334 -1.89439e-05 0.000686554 0.00157115 -0.0017598 0.00474319 -0.00666922 -0.00330256 0.0030222 -9.28653e-05 0.0180179 -0.016972
internal_weight=26977 2801 1419 810 1382 1313 546 24176 644 23987 7739 5078 16248 13342 166 767 2661 2906 609 495 114 189
internal_count=26977 2801 1419 810 1382 1313 546 24176 644 23987 7739 5078 16248 13342 166 767 2661 2906 609 495 114 189
is_linear=0
shrinkage=0.0500478


Tree=46
num_leaves=23
num_cat=0
split_feature=54 131 102 101 124 28 103 124 124 49 88 131 0 44 102 124 97 128 35 111 79 0
split_gain=56.0972 44.7171 61.4737 23.7655 22.1513 20.9992 19.0266 19.0069 24.4717 16.3966 17.6526 16.3287 26.6977 19.1138 17.4834 20.3178 16.0505 14.9953 9.64514 9.58398 8.63413 6.29714
threshold=826.10312969235281 1.0000000180025095e-35 -127.77005473357438 370.07768292169027 50.500000000000007 112500.00000000001 -5503.9999999999991 67.500000000000014 50.500000000000007 27583.333333333339 1600.0000000000002 0.6830127018922193 10.000000000000002 29750.000000000004 -657.96362917318936 34.500000000000007 28032.655364643626 0.6078576107927941 0.029356492159090378 -0.16904761904761903 120004.00000000001 39.500000000000007
decision_type=8 2 2 2 2 2 8 2 2 10 10 2 2 10 2 2 2 2 2 10 10 2
left_child=1 2 9 4 -4 6 17 8 -8 10 -1 12 -3 -14 -13 -16 -11 21 -5 -19 -7 -2
right_child=5 11 3 18 -6 20 7 -9 -10 16 -12 14 13 -15 15 -17 -18 19 -20 -21 -22 -23
leaf_value=-0.0055442341395403293 56.311651005436083 6.5368322189041378e-06 2.446047063305567e-07 2.446047063305567e-07 -5.1111048169641706e-06 -32.075860239228042 -8.6190994839478723e-06 3.2999849035902839e-06 -0.00038020906603236919 2.446047063305567e-07 0.00015757430245132956 -0.11764405443981589 -5.0142247906906736e-05 0 0.081090423246968135 -0.0002717203116225151 -8.1111551750325973e-06 17.1605000844188 -4.8745831765103714e-05 -5.4207863579291482 -573.07321396360885 -0.75378945282431309
leaf_weight=170 444 96 496 173 62 110 22901 96 211 194 77 91 241 241 611 102 168 116 79 138 79 81
leaf_count=170 444 96 496 173 62 110 22901 96 211 194 77 91 241 241 611 102 168 116 79 138 79 81
internal_value=0.000326343 0.0070324 0.0132711 0.0222949 0.0282118 -0.000442807 -0.000302345 -0.000569087 -0.000671051 0.000894064 -0.00861182 0.000467168 -0.00577028 -0.0108395 0.00520822 0.00803922 0.00795427 0.00736024 0.0082459 -0.00193655 -0.016972 0.0122331
internal_weight=26977 2801 1419 810 558 24176 23987 23208 23112 609 247 1382 578 482 804 713 362 779 252 254 189 525
internal_count=26977 2801 1419 810 558 24176 23987 23208 23112 609 247 1382 578 482 804 713 362 779 252 254 189 525
is_linear=0
shrinkage=0.0500478


Tree=47
num_leaves=24
num_cat=0
split_feature=54 131 102 77 12 42 28 124 101 100 127 28 26 31 51 95 0 127 131 79 51 106 124
split_gain=37.2869 102.377 37.9531 30.6877 22.4206 25.5444 21.3597 20.6907 19.952 35.7216 19.6496 27.4479 44.3156 32.7369 26.8085 25.758 17.3213 16.5387 11.2831 8.63413 7.48648 6.26624 0.34916
threshold=826.10312969235281 1.0000000180025095e-35 -229.33131564994616 27500.000000000004 29500.000000000004 -1.1069902513999137 112500.00000000001 28.500000000000004 -529.0323387128991 -0.043285399568048881 296.50000000000006 91250.000000000015 14.500000000000002 97500.000000000015 66750.000000000015 0.092272755393041375 39.500000000000007 34.500000000000007 -0.68301270189221952 120004.00000000001 28500.666666666668 354.00000000000006 53.500000000000007
decision_type=8 2 2 10 8 8 2 2 2 2 2 2 2 2 10 10 2 2 2 10 8 10 2
left_child=1 2 16 8 5 -4 10 17 20 -10 11 13 -13 -2 15 -12 18 -5 -1 -8 -3 -16 -9
right_child=6 3 4 7 -6 -7 19 22 9 -11 14 12 -14 -15 21 -17 -18 -19 -20 -21 -22 -23 -24
leaf_value=-1.5123493950771664e-05 -1.2940547272999538e-05 49.97159771421736 -2.5042387915076088 -0.0031537762064376474 -2.5292775384760347e-05 2.3236278003163697e-07 -30.470534148353781 -0.00027929857956390645 -4.763273894223056e-05 0.56226590065041659 6.5523272960433866e-07 153.46229724746578 -591.63057044681602 -182.43904765616543 -26.554619024556953 1.2489874413709525 0.00079070967779883519 0 3.9814731099080054e-06 -544.39216299582063 0.02532571434085101 -492.03525195408281 -4.7053581860184368e-05
leaf_weight=241 19618 56 65 163 94 778 110 60 104 267 1833 388 81 476 179 1346 93 609 148 79 66 66 57
leaf_count=241 19618 56 65 163 94 778 110 60 104 267 1833 388 81 476 179 1346 93 609 148 79 66 66 57
internal_value=0.000315213 0.00578275 0.0152428 -0.00379297 0.0211455 0.0237333 -0.000310331 -0.00942756 0.00595212 0 -0.000168825 -0.000761525 0.0111384 -0.00105075 0.00332912 0.00460801 0.00329793 -0.00606966 -0.00088513 -0.016972 0.0232942 -0.012322 -0.0292972
internal_weight=26977 2801 1419 1382 937 843 24176 889 493 371 23987 20563 469 20094 3424 3179 482 772 389 189 122 245 117
internal_count=26977 2801 1419 1382 937 843 24176 889 493 371 23987 20563 469 20094 3424 3179 482 772 389 189 122 245 117
is_linear=0
shrinkage=0.0500478


Tree=48
num_leaves=22
num_cat=0
split_feature=54 99 127 42 127 25 130 28 20 76 0 12 127 79 47 127 64 127 127 101 79
split_gain=39.0596 102.779 46.8572 33.7866 33.2144 26.2342 23.4089 18.2707 20.5875 43.0801 43.0743 31.4589 22.065 28.8464 23.8574 16.0439 15.3876 20.705 17.0517 8.7297 8.52138
threshold=1033.8299006464601 28603.174405234698 316.50000000000006 -1.2909944487358058 338.50000000000006 8.5000000000000018 -0.93301270189221919 112500.00000000001 32250.000000000004 33500.000000000007 39.500000000000007 38500.000000000007 296.50000000000006 28504.000000000004 32250.000000000004 174.50000000000003 -0.017473684210526311 116.50000000000001 34.500000000000007 -28.515230502496703 120004.00000000001
decision_type=8 2 2 8 2 2 2 2 8 10 2 8 2 10 10 2 10 2 2 2 10
left_child=1 2 3 15 19 -5 -3 8 12 11 -11 -10 13 -2 -14 -1 17 -8 -18 -4 -9
right_child=7 6 4 5 -6 -7 16 20 9 10 -12 -13 14 -15 -16 -17 18 -19 -20 -21 -22
leaf_value=0.00029969476264387387 -1.4732414708410127e-05 0.59194169203647606 -4.5248825368799759e-05 6.1626705659194841e-07 47.672323214332195 9.0257454665319723e-07 -3.0499219741581394e-05 -28.945551089243011 4.7117252427136744 0.0008170108559899809 -2.9317478661702085 0.95007779920745539 2.1646432785946164e-06 -0.011762498454300978 243.97292201184442 -2.3789228379541485 -0.11122516593785733 1.002490929623867e-05 -2.1987201723506471e-05 -4.4698653821906451e-05 -517.14653539903145
leaf_weight=92 4616 86 64 1320 84 368 249 110 355 11972 1941 908 1145 1661 112 110 187 168 1283 67 79
leaf_count=92 4616 86 64 1320 84 368 249 110 355 11972 1941 908 1145 1661 112 110 187 168 1283 67 79
internal_value=0.000291098 0.00480704 0.0125134 0.0150722 -0.00895851 0.0174062 -0.00331692 -0.000504649 -0.000365618 0.000685583 -0.000104024 0.00952838 -0.0025097 -0.00373736 0.00345414 -0.00340828 -0.00458039 0.00357036 -0.00703321 -0.0250985 -0.0159263
internal_weight=26977 4078 2105 1890 215 1688 1973 22899 22710 15176 13913 1263 7534 6277 1257 202 1887 417 1470 131 189
internal_count=26977 4078 2105 1890 215 1688 1973 22899 22710 15176 13913 1263 7534 6277 1257 202 1887 417 1470 131 189
is_linear=0
shrinkage=0.0500478


Tree=49
num_leaves=28
num_cat=0
split_feature=59 99 130 26 100 28 64 125 106 102 42 0 39 100 0 112 0 23 52 130 112 10 77 75 119 40 50
split_gain=73.6246 65.3224 41.9429 38.5063 32.687 28.7747 31.6847 25.0487 23.4357 20.3459 19.707 26.4691 26.8924 21.3675 45.606 20.8066 20.442 21.1823 35.034 29.2867 18.3374 16.1849 12.6763 15.9213 14.6611 12.2578 11.7905
threshold=3004.0000000000005 28287.534179570986 -0.6830127018922193 45.500000000000007 4.426532303679779 25750.000000000004 0.01709526592635886 11.500000000000002 3250.0000000000005 674.06779656117044 0.14271181499259711 21.000000000000004 0.86781609195402309 -2198.9541289981821 39.500000000000007 -0.22048611111111108 33.000000000000007 2036.1671573889098 6388.7814843559809 0.93301270189221952 -0.34698996655518388 31004.000000000004 30500.000000000004 22500.000000000004 0.2678571428571429 1850.0000000000002 29250.000000000004
decision_type=8 2 2 2 2 2 10 2 10 2 10 2 2 2 2 8 2 8 8 2 10 8 8 10 10 2 10
left_child=1 3 21 5 7 -1 -7 -5 9 -4 11 12 25 14 -13 -14 17 19 -19 -12 -15 26 23 -18 -24 -2 -3
right_child=10 2 8 4 -6 6 -8 -9 -10 -11 16 13 15 20 -16 -17 22 18 -20 -21 -22 -23 24 -25 -26 -27 -28
leaf_value=-0.011782676196158746 441.09692603982887 2.8826422537156882e-06 -8.0418113033984823e-06 45.124648041079709 13.757753693085965 6.2819911959040553e-07 1.584614708942576e-05 -4.2984221414168745e-05 -2.5038979337055811 0.0072472330495947394 -5.9214794647527257e-05 29.166854638030305 -0.047079306075780189 -4.848895480571751 -4.8429568437039761 0.0020719139777205554 -126.4444886822663 0.0030386686626436136 -0.34576892054236097 0.24806001616002457 -2.667607599973341e-05 -0.00015532316429094344 -235.38918189697901 -4.5582382835271813e-06 -30.777841836687831 86.358773573040452 0.00029655862090770171
leaf_weight=77 130 77 1911 61 56 1234 373 105 59 312 2514 1069 680 544 614 2398 63 3142 3630 152 6697 73 227 384 99 69 227
leaf_count=77 130 77 1911 61 56 1234 373 105 59 312 2514 1069 680 544 614 2398 63 3142 3630 152 6697 73 227 384 99 69 227
internal_value=0.000658394 0.00645312 0.00129608 0.0135297 -0.00533439 0.0161417 0.0176292 -0.0172096 -0.00118135 -0.000245647 -0.000513381 0.000832212 0.00468397 -0.000560237 0.00448152 0.0034431 -0.002141 -0.00147339 0 -0.00525007 -0.00176136 0.0167407 -0.00999881 -0.00388881 -0.0176639 0.0225889 0.0218717
internal_weight=26977 4565 2659 1906 222 1684 1607 166 2282 2223 22412 12201 3277 8924 1683 3078 10211 9438 6772 2666 7241 377 773 447 326 199 304
internal_count=26977 4565 2659 1906 222 1684 1607 166 2282 2223 22412 12201 3277 8924 1683 3078 10211 9438 6772 2666 7241 377 773 447 326 199 304
is_linear=0
shrinkage=0.0500478


Tree=50
num_leaves=32
num_cat=0
split_feature=59 131 98 97 131 54 11 48 44 26 39 0 130 29 91 95 16 26 51 96 29 124 124 112 26 53 94 89 0 44 107
split_gain=53.1121 88.0864 41.434 39.3024 30.1073 42.0215 29.4298 28.033 51.9555 29.3171 28.5993 29.6096 27.0747 27.454 33.788 25.9148 24.9701 24.582 24.1587 21.9427 21.8935 21.594 20.4711 19.1228 18.0023 17.7913 16.6766 15.7936 14.1259 13.4931 6.93092
threshold=3004.0000000000005 1.0000000180025095e-35 28135.466264826002 27886.174677293002 0.6830127018922193 1001.9064032049168 31004.000000000004 38416.666666666679 43750.000000000007 5.5000000000000009 1.2986486486486488 39.500000000000007 0.68301270189221941 17250.000000000004 550.00000000000011 0.07431024860810527 27966.800000000007 38.500000000000007 29250.000000000004 35000.000000000036 40666.666666666679 30.500000000000004 59.500000000000007 0.60357142857142865 16.500000000000004 865.54360876699582 0.018176063220318926 8500.0000000000018 10.000000000000002 47000.000000000007 4500.0000000000009
decision_type=8 2 2 2 2 10 8 10 10 2 2 2 2 2 10 10 10 2 10 2 2 2 2 8 2 10 10 10 2 10 8
left_child=1 2 3 17 5 6 -3 12 9 20 11 -10 19 14 -14 -15 30 -1 25 23 -9 -18 -5 -2 -7 -4 -20 -11 -21 -12 -6
right_child=7 4 18 22 16 24 -8 8 10 27 29 -13 13 15 -16 -17 21 -19 26 28 -22 -23 -24 -25 -26 -27 -28 -29 -30 -31 -32
leaf_value=1.5845074657447974e-07 -9.6892271584747848e-05 -4.0832955894945309e-05 1.2392903319859511e-06 5.9675913857597939e-07 47.417602320538982 -4.8243139840352955e-06 1.1663350687660739e-06 0.071795316237421941 0.0015679932065314705 0.00097660648948272007 9.4753906696275028 -2.7584470916870982 0.75601114267789871 -0.00027997503167832767 0.00035438702230656329 0.012119886410641309 0.0011079484634216306 1.4412168788735074e-07 1.7790236458884375e-05 -5.8118471939427332e-05 -6.2950398280011042 -0.0003013254136444644 7.2686798924434286e-07 0.24735363640760483 2.354751803724289e-06 -2.0484315823151467e-05 0.56190125100676191 4.7534462374745701 -0.54755005450126926 -309.36581332321526 0.17029371234872226
leaf_weight=562 5186 502 427 517 174 283 216 125 9494 375 58 1995 145 795 213 865 777 192 113 271 217 106 77 448 97 348 92 1649 319 257 82
leaf_count=562 5186 502 427 517 174 283 216 125 9494 375 58 1995 145 795 213 865 777 192 113 271 217 106 77 448 97 348 92 1649 319 257 82
internal_value=0.000235447 0.00516014 0.0119817 0.0177119 -0.00185319 -0.00781897 -0.0149997 -0.000758993 0.000578869 0.00735198 -0.000762698 -0.000335017 -0.00308334 0.00188066 0.0144296 -0.0007202 0.00372352 0.0096545 0.00386766 -0.00472569 -0.00580075 -5.21721e-05 0.0275159 -0.00371087 0.00522439 0 0.0190405 0.00967944 -0.0140166 -0.0155959 0.0174134
internal_weight=26977 4565 2328 1348 2237 1098 718 22412 14170 2366 11804 11489 8242 2018 358 1660 1139 754 980 6224 342 883 594 5634 380 775 205 2024 590 315 256
internal_count=26977 4565 2328 1348 2237 1098 718 22412 14170 2366 11804 11489 8242 2018 358 1660 1139 754 980 6224 342 883 594 5634 380 775 205 2024 590 315 256
is_linear=0
shrinkage=0.0500478


Tree=51
num_leaves=30
num_cat=0
split_feature=55 99 127 127 127 102 131 63 47 55 40 101 121 74 92 102 0 102 95 12 26 60 127 106 131 32 106 64 127
split_gain=47.085 90.7553 83.1068 51.8943 28.5637 34.2545 27.278 28.921 24.0913 23.4852 26.6726 23.7402 23.0256 22.9638 21.0928 20.7522 19.1446 28.9708 21.358 19.19 23.2503 17.631 15.3743 14.9954 14.2392 13.4583 13.1468 12.741 0.378269
threshold=1190.0526680445048 28603.174405234698 315.50000000000006 338.50000000000006 133.50000000000003 -229.33131564994616 -0.5 9500.0000000000018 69500.000000000015 2585.2123592902849 5500.0000000000009 -1813.7919017569909 1.0000000180025095e-35 27350.000000000004 1812.5000000000002 -212.56472535406098 33.000000000000007 25.113377388346638 0.017587935482022577 30500.000000000004 9.5000000000000018 -2249.9999999999995 315.50000000000006 28500.000000000004 -0.9330127018922193 1190.0526680445048 2100.0000000000005 -0.07207792207792206 328.50000000000006
decision_type=8 2 2 2 2 2 2 10 10 8 2 2 10 10 10 2 2 2 8 8 2 10 2 10 2 2 10 10 2
left_child=1 2 4 28 13 -6 7 8 21 14 11 -11 -12 -1 15 -8 19 18 -18 20 -3 -2 -16 24 -9 -21 -19 -10 -4
right_child=6 16 3 -5 5 -7 9 23 27 10 12 -13 -14 -15 22 -17 17 26 -20 25 -22 -23 -24 -25 -26 -27 -28 -29 -30
leaf_value=2.5897557739709121 0.017213025571699167 0.0023325141427933782 -3.8789356472302012e-05 42.053837201511946 2.9631071447486934e-06 4.2797779222280671e-07 -1.9228141131522871e-06 179.23474598136264 -35.934909471615562 8.2494162651250775 0.0011776094412931433 2.9346638935876426e-05 -0.012154911653726256 -0.00014887353799562724 -0.010003769038790928 -0.30827212580316948 -49.486134858470187 0.11414158802854447 -3.5200294285517227e-06 -9.9031478307672773e-06 -0.0043318599040580294 -0.0026871962749555251 0.50881372436260253 -50.790495064603356 1.4147411414596676 1.8877330636932674e-05 -2.3783125151612636 -225.86496063649292 -0.028131435826703369
leaf_weight=205 1020 170 77 105 545 975 221 159 254 2154 2420 4372 4976 258 425 405 96 420 384 439 509 5507 102 78 241 82 60 258 60
leaf_count=205 1020 170 77 105 545 975 221 159 254 2154 2420 4372 4976 258 425 405 96 420 384 439 509 5507 102 78 241 82 60 258 60
internal_value=0.000164955 0.00491556 0.012019 -0.0151348 0.0154501 0.018801 -0.000748516 -0.00321423 -0.00404368 0.000467777 0.00104924 0.00338783 -0.000987116 0.00397019 -0.00636391 -0.0125765 -0.00231262 0.00280402 -0.00559382 -0.00657301 -0.0121125 -0.00318036 0.000654422 0.00853384 0.012675 0.000279476 0.0116106 -0.0145852 -0.0355034
internal_weight=26977 4385 2225 242 1983 1520 22592 7517 7039 15075 13922 6526 7396 463 1153 626 2160 960 480 1200 679 6527 527 478 400 521 480 512 137
internal_count=26977 4385 2225 242 1983 1520 22592 7517 7039 15075 13922 6526 7396 463 1153 626 2160 960 480 1200 679 6527 527 478 400 521 480 512 137
is_linear=0
shrinkage=0.0500478


Tree=52
num_leaves=30
num_cat=0
split_feature=95 42 131 2 64 42 39 39 41 22 121 40 44 92 98 87 130 55 112 93 52 37 127 35 20 82 124 32 22
split_gain=47.1771 66.8419 45.4198 48.1676 37.9157 35.526 44.2794 32.4179 29.6535 25.304 21.1082 31.9501 30.593 30.4244 21.2726 19.7579 25.2548 18.7849 18.4877 17.2601 16.9549 16.62 19.2073 13.2772 13.6293 12.8095 11.5659 11.3091 10.577
threshold=0.052248955524539238 0.88561488554009526 1.0000000180025095e-35 28004.000000000004 0.01709526592635886 -0.87113573043497639 0.80229885057471273 1.0434948954516516 1746.0000000000002 363.13651960127385 1.0000000180025095e-35 10504.000000000002 17250.000000000004 1.0000000180025095e-35 55436.822074655131 7500.0000000000009 -0.6830127018922193 2795.8159289360747 -0.09600614439324115 0.092314871765401166 7767.4238280567261 18750.000000000004 78.500000000000014 0.030618621784789728 30625.000000000004 86875.000000000015 30.500000000000004 1217.9025065152932 1089.4095588037903
decision_type=10 10 2 2 10 8 2 2 2 8 10 2 10 10 2 10 2 10 10 10 10 2 2 2 8 10 2 2 10
left_child=1 2 3 4 -1 6 -4 -5 -7 18 12 15 13 -2 17 19 -17 -14 -3 -12 -16 22 -13 24 -11 -23 -20 -25 -15
right_child=10 9 5 7 -6 8 -8 -9 -10 23 11 21 14 28 20 16 -18 -19 26 -21 -22 25 -24 27 -26 -27 -28 -29 -30
leaf_value=1.1344477951472524e-06 -0.0019396862748898883 0.0046546036074430856 97.748606763140373 -0.0001059620756026584 1.502268356252564e-05 -1.0006419308487909e-05 -0.11970249001226108 0.00098864728500718609 0.00089868245903860599 5.1377889260134039e-07 -0.00015206794843672944 0.68965706253851333 0.00026917779717919717 3.2124029948834436 13.612625304126976 8.2683003180586709 0.020551080698724206 -0.0064856508905650522 -0.0057450478612796141 -0.022855460806503924 0.75633925988776007 -420.92707944702835 -4.2734873341878918 -0.008842832718949591 0.10846807393629697 -17.871365062878905 -3.6325398021590915e-05 0.00012677996524483292 0.25738854743729117
leaf_weight=1556 107 86 109 873 453 1396 618 156 1434 204 6531 966 371 173 377 644 3298 1683 480 969 704 116 2559 127 77 78 342 430 60
leaf_count=1556 107 86 109 873 453 1396 618 156 1434 204 6531 966 371 173 377 644 3298 1683 480 969 704 116 2559 127 77 78 342 430 60
internal_value=0.000869868 0.00400051 0.0063185 0.0108298 0.01535 0.00240327 -0.00733604 0.00179157 0.00498142 -0.0046349 -0.00052072 -0.00133647 0.00297806 0.0172341 0.00135467 -8.40962e-06 0.00284117 -0.0015557 -0.0104402 -0.00153378 0.00706398 -0.00536491 -0.00449654 0.00142459 0.0104039 -0.0198519 -0.0128647 -0.00276635 0.0274044
internal_weight=26977 8341 6595 3038 2009 3557 727 1029 2830 1746 18636 15161 3475 340 3135 11442 3942 2054 908 7500 1081 3719 3525 838 281 194 822 557 233
internal_count=26977 8341 6595 3038 2009 3557 727 1029 2830 1746 18636 15161 3475 340 3135 11442 3942 2054 908 7500 1081 3719 3525 838 281 194 822 557 233
is_linear=0
shrinkage=0.0500478


Tree=53
num_leaves=23
num_cat=0
split_feature=95 42 131 64 74 1 42 42 78 95 0 102 40 94 48 16 51 51 74 112 107 42
split_gain=37.9504 49.3084 65.5699 45.8706 41.9036 33.2559 23.0703 18.6736 18.1346 17.3825 17.8747 36.297 28.2236 15.9712 15.2246 13.4288 35.5351 20.0345 14.7053 10.5965 9.50844 5.45194
threshold=0.052248955524539238 1.0887105065597726 1.0000000180025095e-35 0.01709526592635886 29500.000000000004 9.0000000000000018 -1.1070186069251176 -0.42318340856363218 9500.0000000000018 0.054257532335837542 13.000000000000002 -2672.3397583546644 5500.0000000000009 0.061136106149015761 18250.000000000004 28450.000000000004 29083.333333333339 15083.333333333334 59000.000000000007 0.072751322751322761 -4995.9999999999991 1.2198750911856668
decision_type=10 10 2 10 10 2 8 10 10 10 2 2 2 10 10 10 8 8 10 8 10 10
left_child=1 2 3 4 -1 7 -7 -4 -2 13 11 -11 -12 20 -5 17 21 -3 -18 -19 -10 -17
right_child=8 15 5 14 -6 6 -8 -9 9 10 12 -13 -14 -15 -16 16 18 19 -20 -21 -22 -23
leaf_value=1.2766646288955478e-06 0.00043841341748970412 -0.0032643848800536571 -0.74804674750193756 -0.0028761381293254031 1.3724663893775938e-05 -1.3680697509731705 4.717952481192237e-06 9.5470134467893288 0.0018126423976202591 -0.10294354379727672 0.00014618081385357534 0.0030538828232926749 -0.44432723911153266 0.022413718585830526 1.4279155816909204e-05 -0.0054165217761873658 4.2666661416267036e-06 1.0625371663718027e-05 -347.92484339631443 -0.15263386216703134 -0.10560885440547621 -0.15781431899715928
leaf_weight=1659 115 104 61 128 765 499 2956 209 61 1682 7756 3893 4784 71 698 83 554 276 82 81 274 186
leaf_count=1659 115 104 61 128 765 499 2956 209 61 1682 7756 3893 4784 71 698 83 554 276 82 81 274 186
internal_value=0.000832768 0.0036406 0.00535752 0.0105548 0.0140241 0.000764296 -0.000505523 0.0176207 -0.000413313 -0.00054827 -0.000306415 0.00203624 -0.00136437 -0.0107733 0.000116173 -0.00497107 -0.00854435 0.00161154 -0.00171854 0.00764721 -0.0155614 -0.02377
internal_weight=26977 8341 6975 3250 2424 3725 3455 270 18636 18521 18115 5575 12540 406 826 1366 905 461 636 357 335 269
internal_count=26977 8341 6975 3250 2424 3725 3455 270 18636 18521 18115 5575 12540 406 826 1366 905 461 636 357 335 269
is_linear=0
shrinkage=0.0500478


Tree=54
num_leaves=28
num_cat=0
split_feature=108 112 120 76 93 127 26 54 22 125 101 54 130 16 47 95 35 40 59 101 10 10 1 63 0 42 92
split_gain=21.5364 27.6272 28.7098 22.0882 20.3291 24.7404 20.725 19.0801 16.7733 15.1379 14.6659 18.3601 22.6167 20.4924 17.1477 15.5217 14.4292 11.9352 10.4282 10.0696 9.62981 8.05831 7.88882 5.51786 4.39792 2.45685 1.79155
threshold=-0.031754032258064509 -0.24764150943396224 0.13392857142857145 8500.0000000000018 0.083147941928307628 299.50000000000006 4.5000000000000009 764.22220229521076 851.63062725246368 13.500000000000002 -7920.6093055611191 12058.771926304278 1.0000000180025095e-35 55612.500000000007 16250.000000000002 0.14903483720946789 0.21825607981852166 1.0000000180025095e-35 20004.000000000004 -11593.898260958204 97500.000000000015 65030.000000000007 9.0000000000000018 -1249.9999999999998 13.000000000000002 -0.89387707834999797 751.00000000000011
decision_type=8 8 10 8 10 2 2 8 8 2 2 10 2 10 10 10 2 2 8 2 8 8 2 10 2 10 10
left_child=8 10 3 25 6 -6 -4 -5 23 16 11 12 -2 -13 17 -16 18 -12 -10 22 -21 -18 -11 -1 -25 -3 -26
right_child=1 2 4 7 5 -7 -8 -9 9 19 14 13 -14 -15 15 -17 21 -19 -20 20 -22 -23 -24 24 26 -27 -28
leaf_value=0.00064690884378704216 -0.85778555887852803 0.00041647179246588492 -5.0659445472204077 -1.3505938998528628e-08 -2.691572650768268 0.77771743650100189 0.00011749108578376234 3.6421185378616967e-05 36.060969731801258 -2.6729211597913132 92.639064895776002 181.67622717210256 13.37664294106909 -26.303073423296944 -0.19789209381182429 -5.9830739151049466 -1.7445807284679959 -0.0001745330351881363 0.7349038174119118 -0.0054002172178260286 -49.662819909151693 83.871797919078944 31.858512156685354 0.00033182605233031723 0.0079026147342172483 0.0002385072256198442 0.35819855942227669
leaf_weight=79 273 63 442 1644 2360 530 4830 11560 534 70 69 59 395 362 832 531 184 155 253 1115 61 57 170 72 81 80 116
leaf_count=79 273 63 442 1644 2360 530 4830 11560 534 70 69 59 395 362 832 531 184 155 253 1115 61 57 170 72 81 80 116
internal_value=0.000565643 7.63998e-05 0.000681505 0.00211793 -0.00164236 -0.00501651 0.000170067 0.00188695 0.00472679 0.00314885 -0.00470727 -4.23251e-05 0.00492104 -0.00838247 -0.007775 -0.00993015 0.00776729 0.00440323 0.0110894 -6.78512e-05 -0.00212019 -0.00224554 0.00906689 0.015127 0.0186075 0.0216514 0.0228154
internal_weight=26977 24185 21509 13347 8162 2890 5272 13204 2792 2444 2676 1089 668 421 1587 1363 1028 224 787 1416 1176 241 240 348 269 143 197
internal_count=26977 24185 21509 13347 8162 2890 5272 13204 2792 2444 2676 1089 668 421 1587 1363 1028 224 787 1416 1176 241 240 348 269 143 197
is_linear=0
shrinkage=0.0500478


Tree=55
num_leaves=28
num_cat=0
split_feature=32 101 48 89 108 77 42 98 64 111 74 34 0 112 4 101 101 0 89 39 102 127 125 46 22 99 41
split_gain=23.1725 37.3336 28.9993 30.2435 24.4091 25.701 23.9797 21.5874 20.619 20.2483 20.0681 19.2404 18.8717 18.0195 15.8269 14.8669 13.79 12.1271 11.7907 11.6583 13.5063 10.7353 10.6096 9.80292 8.23764 7.14287 4.65191
threshold=1001.9064032049168 -229.86697871738394 29250.000000000004 8500.0000000000018 0.0002142857142857143 77500.000000000015 -0.64549722436790236 9935.8391879223473 0.032522474881015347 -0.15192307692307691 81000.000000000015 18625.000000000004 39.500000000000007 -0.23431372549019605 49000.000000000007 -703.98235182489941 -73.570565512032758 21.000000000000004 3254.0000000000005 1.0161332292479834 -349.83093992772223 261.50000000000006 18.500000000000004 38750.000000000007 2778.4492472930128 29599.915018804841 750.00000000000011
decision_type=2 2 10 8 10 10 10 2 10 8 10 2 2 8 10 2 2 2 10 2 2 2 2 8 8 2 2
left_child=1 12 3 6 5 7 -3 22 14 -7 -11 17 19 -9 23 26 -4 -10 -18 21 -21 -1 -2 -6 -16 -17 -14
right_child=4 2 16 -5 8 9 -8 13 11 10 -12 -13 15 -15 24 25 18 -19 -20 20 -22 -23 -24 -25 -26 -27 -28
leaf_value=3.3226604460917369e-08 0.00013320023360215245 4.2319282561611955e-06 -0.01684648112400269 0.0026471708122504239 -44.740132880686389 29.120704835606336 -8.3095946933630618e-07 -0.082106820867289612 0.55898104137228199 2.8233269722291792 -276.81800579580727 -494.86999366088241 -7.3257335887387206e-05 0.00042701893688888753 3.1277613262553197 0.021370278222827128 0.00019868538192612786 -3.1467174757579879 -0.11942379347201434 1.2430859070767557e-05 -47.528734565636448 0.0007375302920551713 0.28186647003856879 0.69589264522018557 -234.16963307090978 0.0030872809025165966 0.017945363927163754
leaf_weight=958 171 241 64 81 482 105 1304 2996 437 109 214 68 57 16937 57 77 586 614 127 68 61 99 120 459 335 60 90
leaf_count=958 171 241 64 81 482 105 1304 2996 437 109 214 68 57 16937 57 77 586 614 127 68 61 99 120 459 335 60 90
internal_value=0.000176085 -0.00339541 -0.0072597 -0.0110617 0.000783913 0.0013519 -0.012708 0.00161805 -0.00391344 -0.0106878 -0.0170579 0.000933749 0.00278452 0.00140819 -0.00812949 0.0143135 0.000444523 0.00279935 0.00272279 0 -0.0140581 0.00174423 0.0151659 -0.00429278 -0.0167385 0.026172 0.00164864
internal_weight=26977 3873 2403 1626 23104 20652 1545 20224 2452 428 323 1119 1470 19933 1333 284 777 1051 713 1186 129 1057 291 941 392 137 147
internal_count=26977 3873 2403 1626 23104 20652 1545 20224 2452 428 323 1119 1470 19933 1333 284 777 1051 713 1186 129 1057 291 941 392 137 147
is_linear=0
shrinkage=0.0500478


Tree=56
num_leaves=19
num_cat=0
split_feature=124 124 34 20 15 111 37 10 48 131 64 112 32 100 55 125 100 107
split_gain=22.1313 20.0935 19.0417 22.1623 26.0938 24.029 21.5025 19.6214 18.724 16.0597 15.0387 14.2747 24.7838 21.9634 11.6509 8.08302 2.94586 2.92574
threshold=49.500000000000007 66.500000000000014 13875.000000000002 55002.000000000007 62145.000000000007 -0.056873315363881398 -17249.999999999996 52500.000000000007 83583.333333333343 -0.24999999999999994 -0.18019480519480516 -0.23431372549019605 18949.448222757263 660.39794260795327 1001.9064032049168 18.500000000000004 -2.1506322809727859e-05 -1849.9999999999998
decision_type=2 2 2 10 10 10 2 10 10 2 10 10 2 2 10 2 2 8
left_child=2 9 6 4 7 8 17 -4 -5 16 -7 13 -13 -8 -3 -11 -2 -1
right_child=1 14 3 5 -6 10 11 -9 -10 15 -12 12 -14 -15 -16 -17 -18 -19
leaf_value=109.13360170201285 5.9066327451969959e-07 -1.296058719156482e-06 -9.5211331203235705 -24.923926590636537 88.017731777951724 89.620940136280851 -0.0079334355994575539 43.714714243292754 23.941318882453178 -0.011884886079712761 -220.18330933998101 1.1776745236765882e-05 43.938062448960537 -30.898341881864315 0.00012350603529853071 -0.00022057042756722765 -0.0029823020273709137 370.30194449896675
leaf_weight=86 62 74 489 712 105 65 3104 93 172 130 756 20437 56 368 70 72 56 70
leaf_count=86 62 74 489 712 105 65 3104 93 172 130 756 20437 56 368 70 72 56 70
internal_value=0.000487731 -0.0102921 0.000685016 -0.00355166 0.00384174 -0.00665144 0.00111393 0 -0.00067316 -0.0173718 -0.0128195 0.000983361 0.00149181 -0.00195791 0.00407462 -0.0259294 -0.000799044 0.0195591
internal_weight=26977 464 26513 2392 687 1705 24121 582 884 320 821 23965 20493 3472 144 202 118 156
internal_count=26977 464 26513 2392 687 1705 24121 582 884 320 821 23965 20493 3472 144 202 118 156
is_linear=0
shrinkage=0.0500478


Tree=57
num_leaves=26
num_cat=0
split_feature=95 41 55 80 127 29 125 32 58 31 103 32 69 102 130 28 79 63 35 0 1 125 53 79 52
split_gain=39.1858 63.6235 39.2516 37.2917 41.637 26.9306 23.6805 22.3576 19.7362 18.2159 17.5853 14.7049 15.2004 15.8401 14.3198 14.2396 23.8897 15.4994 14.0013 12.5423 11.634 11.406 8.80487 6.74593 1.75245
threshold=0.018196762707835851 1746.0000000000002 1132.2451547301728 28504.000000000004 328.50000000000006 57583.333333333336 21.500000000000004 865.54360876699582 13500.000000000002 33500.000000000007 2500.0000000000005 12058.771926304278 3250.0000000000005 114.26702080869838 0.25000000000000011 112500.00000000001 127500.00000000001 10750.000000000002 0.027045724049428076 13.000000000000002 9.0000000000000018 17.500000000000004 6123.7901114432143 120004.00000000001 18314.352351812769
decision_type=8 2 8 10 2 2 2 2 10 2 8 2 10 2 2 2 8 10 2 2 2 2 8 10 10
left_child=1 2 3 4 -1 6 18 -5 19 -8 15 12 13 -12 -13 16 17 -2 -3 -4 -10 -18 -14 -17 -16
right_child=10 5 8 7 -6 -7 9 -9 20 -11 11 14 22 -15 24 23 21 -19 -20 -21 -22 -23 -24 -25 -26
leaf_value=-2.4013436315016521e-06 0.00013710016651708961 0.045096723786289768 -1.1716053433386916e-05 -5.606424432240852e-07 0.0014215873964916685 419.94454214228375 0.001039492598754357 -0.0050123699876782933 0.00038625640285812731 -0.0031542328409343606 0.21475371656732264 16.968412850831882 -1.9644383753930605 -116.74691986811396 -426.74644896434035 -29.521086725855497 167.64801290667501 16.681104275416793 -2.2440110747498776e-05 0.00031214726220919238 -10.597534944272882 7.7966897181842141 40.08713273114514 -484.84335675599118 -201.59750984706676
leaf_weight=474 20506 84 338 486 69 58 202 210 57 130 751 89 117 648 120 94 113 982 776 213 115 58 163 68 56
leaf_count=474 20506 84 338 486 69 58 202 210 57 130 751 89 117 648 120 94 113 982 776 213 115 58 163 68 56
internal_value=7.22035e-05 -0.00510564 -0.0107492 -0.0161628 -0.0261432 0.00359332 0.00175659 -0.00801992 -0.0011675 0.0131571 0.000781063 -0.00375203 -0.00187288 -0.00410407 -0.0147689 0.00119463 0.00131447 0.00115492 -0.00243279 0.00315806 -0.0160439 0.0198875 0.00849162 -0.0133674 -0.0229762
internal_weight=26977 3212 1962 1239 543 1250 1192 696 723 332 23765 1944 1679 1399 265 21821 21659 21488 860 551 172 171 280 162 176
internal_count=26977 3212 1962 1239 543 1250 1192 696 723 332 23765 1944 1679 1399 265 21821 21659 21488 860 551 172 171 280 162 176
is_linear=0
shrinkage=0.0500478


Tree=58
num_leaves=32
num_cat=0
split_feature=34 95 38 62 42 50 82 127 80 28 127 127 38 53 75 32 1 63 54 130 22 9 35 98 93 127 52 52 51 26 38
split_gain=44.2981 38.1207 57.9512 32.6581 26.6885 24.8679 23.381 23.6035 27.2335 24.0088 19.8568 26.3092 16.8553 16.3004 15.8427 15.7512 15.514 37.9405 20.2689 14.2894 15.69 13.0875 11.8104 10.587 10.5016 8.92346 14.8124 7.60852 7.60589 7.14977 4.19615
threshold=1625.0000000000002 0.030667931651226402 -496.666666666666 -497.99999999999994 1.2909944487358069 72833.333333333358 73125.000000000015 96.500000000000014 97500.000000000015 112500.00000000001 46.500000000000007 62.500000000000007 -13999.999999999998 1072.1269815902422 25500.000000000004 8779.6793942693203 9.0000000000000018 10750.000000000002 19168.105903464166 0.68301270189221941 425.81531362627265 75500.000000000015 0.029356492159090378 30515.134035041188 0.018708286933870152 118.50000000000001 11302.64914481049 590.08904476942109 57583.333333333336 20.500000000000004 666.66666666666708
decision_type=2 10 2 8 10 10 10 2 10 2 2 2 2 10 10 2 2 10 8 2 8 8 2 2 10 2 10 10 10 2 2
left_child=1 2 19 13 -5 12 15 9 -9 -8 23 24 25 -4 -13 29 18 -18 -14 20 -1 -17 -21 27 -12 28 -27 -3 -2 -7 -25
right_child=5 10 3 4 -6 6 7 8 -10 -11 11 14 16 -15 -16 21 17 -19 -20 22 -22 -23 -24 30 -26 26 -28 -29 -30 -31 -32
leaf_value=4.5804791109495101e-07 131.18738664751521 -0.10572215460892842 3.2759902526927449e-06 -1.4888284084559066e-05 -1.0488498517108274e-07 15.820173072880062 22.861211017414345 12.677501039909167 -249.33256520696656 -394.47566206205943 0.15639946415137285 0.16935490980212828 -0.089949118300884132 -45.295713336573314 -9.255723395552155e-06 -213.09582382872529 0.0003667315579901148 210.44601016398215 21.846524375664721 -0.00030556061915311953 0.0052853091167303599 -13.938484147241967 0.00075550717192334838 0.13877140946886884 0.062348314346167354 272.79349349963184 -59.019211484279957 -2.301414388546541 246.27401160952044 -207.47628454748084 -15.1130675821137
leaf_weight=392 92 79 565 1400 238 114 722 222 313 162 108 272 4551 120 1742 307 13501 586 154 139 294 194 72 84 64 89 86 111 84 57 63
leaf_count=392 92 79 565 1400 238 114 722 222 313 162 108 272 4551 120 1742 307 13501 586 154 139 294 194 72 84 64 89 86 111 84 57 63
internal_value=4.99431e-05 -0.00384082 -0.00745368 -0.0116416 -0.015496 0.00111218 -0.00403842 -0.000243753 -0.0086531 0.00462528 0.000692083 0.00251384 0.00168588 -0.00210566 0.000792323 -0.0117188 0.00146972 0.00230507 -0.000987922 0.00316736 0.00682788 -0.0161962 -0.00771955 -0.0104568 0.0212079 0.0125914 0.00308075 -0.0181841 0.0207325 0.000266337 0
internal_weight=26977 5743 3220 2323 1638 21234 2091 1419 535 884 2523 2186 19143 685 2014 672 18792 14087 4705 897 686 501 211 337 172 351 175 190 176 171 147
internal_count=26977 5743 3220 2323 1638 21234 2091 1419 535 884 2523 2186 19143 685 2014 672 18792 14087 4705 897 686 501 211 337 172 351 175 190 176 171 147
is_linear=0
shrinkage=0.0500478


Tree=59
num_leaves=12
num_cat=0
split_feature=104 61 34 77 127 51 42 89 120 33 54
split_gain=19.1002 18.975 16.3712 20.5875 19.4832 15.9184 14.7372 17.2234 11.2792 14.2756 3.101
threshold=-37499.999999999993 -11249.999999999998 1625.0000000000002 77500.000000000015 127.50000000000001 93416.666666666672 1.9390020372768901 8500.0000000000018 1.0000000180025095e-35 34500.000000000007 10820.48809584292
decision_type=8 8 2 10 2 10 10 10 10 2 10
left_child=-1 8 6 4 -4 -5 7 -3 -2 -10 -11
right_child=1 2 3 5 -6 -7 -8 -9 9 10 -12
leaf_value=545.91392300584994 20.645230629351289 -6.6770777319607325e-06 0.02377070533193552 -211.20164259993027 6.0575365410165852e-05 -2.6307185999781346 -47.480818583464497 0.012238027607854394 -0.16768590487234422 -154.78529779708211 -422.18000794409988
leaf_weight=56 65 4751 7780 173 12675 212 72 914 99 68 112
leaf_count=56 65 4751 7780 173 12675 212 72 914 99 68 112
internal_value=0.00042466 0.000354905 0.000513901 0.00117162 0.00139673 -0.0101947 -0.00183924 -0.00150938 -0.0112567 -0.0158125 -0.0241184
internal_weight=26977 26921 26577 20840 20455 385 5737 5665 344 279 180
internal_count=26977 26921 26577 20840 20455 385 5737 5665 344 279 180
is_linear=0
shrinkage=0.0500478


Tree=60
num_leaves=22
num_cat=0
split_feature=43 100 107 92 54 20 35 22 101 127 35 130 77 42 46 127 106 123 54 11 77
split_gain=17.7523 17.7504 18.911 17.0652 17.0327 26.1616 22.4732 25.4293 19.5425 27.6563 20.5385 19.4971 19.1445 18.3827 17.9791 19.2597 15.9213 13.0357 11.5092 10.9791 12.214
threshold=0.45833333333333343 -15880.574142562067 -25999.999999999996 14999.000000000002 1372.3324886684848 27750.000000000004 0.030618621784789728 841.89738614101645 8031.7337267372795 352.50000000000006 0.19563706042524359 0.68301270189221941 77500.000000000015 -0.52958911772673611 26750.000000000004 337.50000000000006 -5003.9999999999991 2750.0000000000005 19529.764713195644 47000.000000000007 34500.000000000007
decision_type=2 2 10 10 8 10 2 10 2 2 2 2 10 8 10 2 10 10 10 8 10
left_child=1 -1 19 18 5 14 11 -8 12 10 -10 -7 13 -6 -2 -16 -14 -5 -4 -3 -21
right_child=4 2 3 17 8 6 7 -9 9 -11 -12 -13 16 -15 15 -17 -18 -19 -20 20 -22
leaf_value=496.73592872786628 3.238728297992333e-06 -11.103285392405375 8.4060084517976607e-05 10.823098095540416 -0.087084671640326503 1.01556686925588e-06 -0.00262334468914973 0.018819200077875055 -12.224325260987898 291.71821864681834 -281.69480641288334 -3.8091864000672404e-05 -4.9059566119895273 0.00020331277445000451 -3.534340578192298e-05 34.562300977703217 -242.3103987853134 -7.6791775107059772 164.41409903319317 13.30292618974069 -7.7415760759222829
leaf_weight=68 80 98 8152 594 114 1187 677 236 1333 107 300 424 210 11991 343 76 108 174 69 180 456
leaf_count=68 80 98 8152 594 114 1187 677 236 1333 107 300 424 210 11991 343 76 108 174 69 180 456
internal_value=2.39727e-05 0.00173201 0.00152799 0.00217594 -0.000937347 -0.00434934 -0.00217753 -0.00846968 -0.000194048 -0.00516787 -0.00688307 0.0012694 0.000487059 0.000822276 -0.0148635 -0.0191099 -0.0115453 0.00934914 0.00147843 -0.00611102 -0.00328634
internal_weight=26977 9791 9723 8989 17186 3023 2524 913 14163 1740 1633 1611 12423 12105 499 419 318 768 8221 734 636
internal_count=26977 9791 9723 8989 17186 3023 2524 913 14163 1740 1633 1611 12423 12105 499 419 318 768 8221 734 636
is_linear=0
shrinkage=0.0500478


Tree=61
num_leaves=21
num_cat=0
split_feature=77 51 82 127 44 50 121 44 121 120 15 74 8 55 57 64 106 13 11 125
split_gain=14.3956 20.3302 15.337 26.7697 35.0941 21.1666 23.3139 22.314 25.6332 22.7026 18.003 12.6862 11.2855 10.9872 9.94971 12.2883 8.69646 7.66787 6.26951 2.14165
threshold=77500.000000000015 93416.666666666672 88125.000000000015 106.50000000000001 106250.00000000001 75083.333333333358 1.0000000180025095e-35 61250.000000000007 0.22649572649572652 0.22649572649572652 74464.285714285725 87500.000000000015 92500.000000000015 8231.0248069064091 30500.000000000004 0.053101503759398504 19500.000000000004 90833.333333333358 92500.000000000015 10.500000000000002
decision_type=10 8 10 2 10 10 10 10 10 8 10 10 8 10 8 8 10 10 8 2
left_child=2 11 5 4 18 7 13 8 -1 -9 -8 -2 -5 -7 15 19 -6 -16 -4 -3
right_child=1 14 3 12 16 6 10 9 -10 -11 -12 -13 -14 -15 17 -17 -18 -19 -20 -21
leaf_value=-5.2708979528178493e-06 -160.26595158317068 456.2741892900064 70.086822201251948 27.481563035954437 19.890658262881519 -0.34595623141594395 -191.71213476906644 11.495583996717288 2.5811882976096099 -24.345873536482866 -19.099345099589868 -240.82129370182011 -346.07546848488573 34.228612361917989 6.4659669228453405 -53.466101453951097 -579.48723847033625 -532.55914107139165 23.581744412199402 25.731930928424845
leaf_weight=21216 58 57 224 61 60 76 265 1741 1580 446 574 90 59 67 56 69 58 69 89 62
leaf_count=21216 58 57 224 61 60 76 265 1741 1580 446 574 90 59 67 56 69 58 69 89 62
internal_value=0 -0.00873888 0.000158386 0.00840294 0.0144242 -9.4883e-06 -0.00721514 0.000266255 -0.000188621 0.00509572 -0.0105231 -0.0239258 -0.0114129 0.0106404 -0.000781069 0.00576114 -0.00744725 -0.0121432 0.0233102 0.0160399
internal_weight=26977 461 26516 551 431 25965 982 24983 22796 2187 839 148 120 143 313 188 118 125 313 119
internal_count=26977 461 26516 551 431 25965 982 24983 22796 2187 839 148 120 143 313 188 118 125 313 119
is_linear=0
shrinkage=0.0500478


Tree=62
num_leaves=11
num_cat=0
split_feature=38 12 101 127 26 17 54 56 74 120
split_gain=13.5763 11.8902 12.2067 22.9476 32.7073 21.9689 17.6585 17.7983 12.9026 7.62133
threshold=-21999.999999999996 112500.00000000001 8753.1278112100972 50.500000000000007 25.500000000000004 63500.000000000007 19168.105903464166 32500.000000000004 63500.000000000007 1.0000000180025095e-35
decision_type=2 10 2 2 2 10 10 8 8 10
left_child=-1 2 6 5 -5 -4 7 -2 -8 -3
right_child=1 9 3 4 -6 -7 8 -9 -10 -11
leaf_value=497.94757528087138 1.5327592068990698e-06 -5.5433213972332318 -80.59724349676496 -186.01671503586664 3.196413059852635 75.893278595095879 180.36706904615224 -10.003569878867072 2.4163069712025109 -213.71836643336525
leaf_weight=89 23365 98 69 810 662 318 127 1153 182 104
leaf_count=89 23365 98 69 810 662 318 127 1153 182 104
internal_value=-0.000116724 -0.000189696 -8.98682e-05 -0.00400402 -0.00692184 0.00654409 0.000195364 3.6582e-05 0.0120397 -0.0122209
internal_weight=26977 26888 26686 1859 1472 387 24827 24518 309 202
internal_count=26977 26888 26686 1859 1472 387 24827 24518 309 202
is_linear=0
shrinkage=0.0500478


Tree=63
num_leaves=17
num_cat=0
split_feature=77 30 106 77 53 127 96 82 26 50 83 110 55 46 40 23
split_gain=12.7223 21.058 24.2085 20.9332 38.1347 20.4574 18.0679 28.8869 22.1006 22.0525 12.5318 11.5218 5.7039 4.46003 1.87794 1.75282
threshold=77500.000000000015 82500.000000000015 -5003.9999999999991 66500.000000000015 8005.2049468993073 138.50000000000003 112215.97410160096 89375.000000000015 16.500000000000004 75083.333333333358 89375.000000000015 -0.09600614439324115 12599.505519342327 86250.000000000015 15504.000000000002 7991.3123663620927
decision_type=10 2 10 8 8 2 2 10 2 10 10 10 10 10 2 10
left_child=3 2 11 6 14 10 7 9 -9 -1 -6 13 -3 -2 -5 -7
right_child=1 12 -4 4 5 15 -8 8 -10 -11 -12 -13 -14 -15 -16 -17
leaf_value=-2.7247027075179608e-06 -180.40724008870944 -8.8371714842845446 -477.77930602051424 195.30426122600602 20.819626800953486 -228.4734850116767 -601.8283589764485 42.644281277311578 -147.35661927206391 -92.044797325940408 -202.35520737572841 46.233224243838251 87.576192663868071 -3.5197393468908462 46.499166318239084 -312.44163410276002
leaf_weight=24536 67 70 119 121 499 58 76 258 68 708 78 72 64 69 57 57
leaf_count=24536 67 70 119 121 499 58 76 258 68 708 78 72 64 69 57 57
internal_value=-8.33338e-05 -0.00830692 -0.0153316 5.26986e-05 0.00768246 0.00201237 -0.000198882 -0.000117275 0.0146164 -0.000317027 0.00612573 -0.00378674 0.00730756 -0.0129859 0.0282686 -0.0165861
internal_weight=26977 461 327 26516 870 692 25646 25570 326 25244 577 208 134 136 178 115
internal_count=26977 461 327 26516 870 692 25646 25570 326 25244 577 208 134 136 178 115
is_linear=0
shrinkage=0.0500478


Tree=64
num_leaves=20
num_cat=0
split_feature=77 47 84 2 50 121 38 39 105 47 11 127 26 75 32 46 34 111 94
split_gain=12.8859 19.6097 16.519 28.5913 20.1137 29.3185 21.701 18.1218 17.4108 17.1988 17.0639 20.3682 14.9206 14.8712 13.6912 9.5813 9.42971 8.7023 6.35421
threshold=77500.000000000015 83750.000000000015 85500.000000000015 92500.000000000015 75083.333333333358 1.0000000180025095e-35 -12333.333333333334 0.93771551724137947 -10499.999999999998 96250.000000000015 92500.000000000015 145.50000000000003 9.5000000000000018 31500.000000000004 17665.782078259788 108750.00000000001 17250.000000000004 -0.25002499833344438 0.098417149757592928
decision_type=10 8 8 2 10 10 2 2 8 10 8 2 2 10 2 10 2 10 10
left_child=2 -2 4 10 6 -6 13 -7 -8 12 11 -4 -5 -1 16 -11 18 -12 -3
right_child=1 14 3 9 5 7 8 -9 -10 15 17 -13 -14 -15 -16 -17 -18 -19 -20
leaf_value=295.53823579071951 -235.40421757092665 -70.770249684373624 50.075323739997486 -5.9111334597287177 28.681146049357089 -13.134457494761877 11.337064310224982 -322.10993825527277 -3.8650380066111777e-06 117.43818399697633 18.828764735226912 8.1356155142159885 -450.58540973907714 51.536034474681934 -381.60861735740895 -8.9897387979596086 90.882907077063692 -269.22029030885284 16.395505708883036
leaf_weight=70 75 137 309 211 56 342 488 251 23699 79 121 131 134 488 74 70 94 67 81
leaf_count=70 75 137 309 211 56 342 488 251 23699 79 121 131 134 488 74 70 94 67 81
internal_value=-2.76827e-05 -0.00830692 0.000109317 0.00604977 -0.000145677 -0.00882901 7.4671e-05 -0.012349 -0.000142601 -0.00261335 0.0131717 0.0185423 -0.00906368 0.00981608 -0.00308225 0.0108798 0.000942714 0 -0.00406902
internal_weight=26977 461 26516 1122 25394 649 24745 593 24187 494 628 440 345 558 386 149 312 188 218
internal_count=26977 461 26516 1122 25394 649 24745 593 24187 494 628 440 345 558 386 149 312 188 218
is_linear=0
shrinkage=0.0500478


Tree=65
num_leaves=19
num_cat=0
split_feature=108 112 56 102 25 91 35 20 35 92 0 45 63 110 94 101 53 53
split_gain=12.617 15.4048 23.3416 22.94 25.0053 21.9571 13.5869 25.7525 20.0837 19.2297 17.7822 37.5258 18.8662 11.0211 5.47356 9.18431 5.86225 4.04609
threshold=-0.19523809523809521 -0.23431372549019605 6500.0000000000009 -7300.5980621021035 7.5000000000000009 9875.0000000000018 0.03086396600871227 27750.000000000004 0.02848243886957184 751.00000000000011 33.000000000000007 46250.000000000007 10750.000000000002 -0.33666666666666661 0.10697243734810094 -2700.353416746078 5849.4998419270569 8817.5846485786769
decision_type=8 8 10 2 2 10 2 8 2 10 2 8 8 10 10 2 10 8
left_child=13 2 -2 4 -4 -5 7 9 -9 -3 12 -12 -8 -1 16 17 -15 -16
right_child=1 6 3 5 -6 -7 10 8 -10 -11 11 -13 -14 14 15 -17 -18 -19
leaf_value=470.44713213467207 0.0051233338313926586 -4.189781746418362e-06 6.3128848494414385 -0.98662570487758594 -9.7796969843095027 2.8790514084235328 0.00013805881939382852 1.1048990430505857e-06 -5.606822865574626e-05 -0.0029810103126669822 0.0058508375837171903 -2.5910824513571624 13.871287160350994 100.19145047960198 206.70957523206062 -1.8484830848940568 1.7650007238290573 -6.6416775996264379
leaf_weight=65 98 366 847 1696 219 247 12301 2230 517 306 3686 2840 1145 108 77 84 85 60
leaf_count=65 98 366 847 1696 219 247 12301 2230 517 306 3686 2840 1145 108 77 84 85 60
internal_value=-2.39727e-05 -0.00017738 -0.00349146 -0.00433633 0.00140164 -0.00758707 0.000254423 -0.00264648 -0.000417265 -0.0114219 0.000761507 -0.00136398 0.00180834 0.00799635 0.00431715 -0.00020674 0.010479 0.00679145
internal_weight=26977 26498 3107 3009 1066 1943 23391 3419 2747 672 19972 6526 13446 479 414 221 193 137
internal_count=26977 26498 3107 3009 1066 1943 23391 3419 2747 672 19972 6526 13446 479 414 221 193 137
is_linear=0
shrinkage=0.0500478


Tree=66
num_leaves=15
num_cat=0
split_feature=93 37 93 106 63 101 127 63 55 127 64 121 59 25
split_gain=12.1446 15.0882 21.8715 14.2929 12.2879 17.9046 26.3403 17.4438 16.134 11.528 10.375 6.97458 6.8476 6.02131
threshold=0.25804533701889726 18750.000000000004 0.048104569292081865 3250.0000000000005 23250.000000000004 8753.1278112100972 351.50000000000006 10750.000000000002 6055.7415019990885 104.50000000000001 0.23669467787114848 1.0000000180025095e-35 30500.000000000004 2.5000000000000004
decision_type=10 2 10 8 10 2 2 10 8 2 10 10 8 2
left_child=1 4 9 -2 5 7 -7 -1 10 13 -6 -10 -4 -3
right_child=3 2 12 -5 8 6 -8 -9 11 -11 -12 -13 -14 -15
leaf_value=1.0496012817945402e-06 29.458200555442495 1.1990663026217545 -429.9518606102024 -5.612356368229368 7.7465368609359322 -35.213927997102331 428.9056408387379 32.150066330346334 94.716471669381249 -476.73911786472559 374.59610016565699 -52.239020139775093 -176.03943019140021 41.522367754709528
leaf_weight=24443 95 58 121 89 82 1088 66 357 105 56 116 188 56 57
leaf_count=24443 95 58 121 89 82 1088 66 357 105 56 116 188 56 57
internal_value=0.000131565 3.53439e-05 -0.0102714 0.0128639 0.000179627 2.29893e-05 -0.00605547 0.00031463 0.00800474 0.00142052 0.0189564 0 -0.0225693 0.0114726
internal_weight=26977 26793 348 184 26445 25954 1154 24800 491 171 198 293 177 115
internal_count=26977 26793 348 184 26445 25954 1154 24800 491 171 198 293 177 115
is_linear=0
shrinkage=0.0500478


Tree=67
num_leaves=19
num_cat=0
split_feature=37 45 107 10 29 0 78 54 80 99 76 127 100 79 39 92 39 53
split_gain=11.6578 22.5607 17.2347 12.5942 30.2814 28.047 39.7161 37.7064 23.7869 25.5749 26.9294 22.2517 15.6071 12.3702 11.9522 10.0197 9.70828 1.83243
threshold=18750.000000000004 48750.000000000007 46000.000000000007 32500.000000000004 32000.666666666668 39.500000000000007 39500.000000000007 7400.3394031619564 29500.000000000004 22574.520308680749 21500.000000000004 345.50000000000006 -2.1506322809727859e-05 35004.000000000007 1.1744421906693714 21875.000000000004 1.0873379099923726 12058.771926304278
decision_type=2 10 8 10 2 2 10 10 10 2 10 2 2 10 2 10 2 10
left_child=3 -2 15 8 13 6 -6 -7 11 -10 -11 12 -1 16 -13 17 -5 -3
right_child=1 2 -4 4 5 7 -8 -9 9 10 -12 14 -14 -15 -16 -17 -18 -19
leaf_value=4.8534135111681873e-05 29.711834464324532 -230.89037501425099 45.801360647712642 0.025974195003617345 -0.012417084058429782 0.24699412892455133 0.025852388072283031 -22.858538255261749 -12.289656525796028 0.52602006817896096 -0.00082452468789450393 -0.059064783019616138 -3.159123977680785e-06 -0.00037744730444559535 4.0923163595507693e-05 -11.68159285254718 0.23572590600595711 -670.87385145126621
leaf_weight=3624 58 73 82 307 505 1131 10713 1086 109 166 5072 188 3473 76 58 57 92 107
leaf_count=3624 58 73 82 307 505 1131 10713 1086 109 166 5072 188 3473 76 58 57 92 107
internal_value=0.000131565 -0.0085631 -0.0141562 0.00026324 0.00130915 0.000852624 0.00188195 -0.00426015 -0.000867182 -0.00341411 -0.00286435 0.000960171 0.00150101 0.0137238 -0.0136825 -0.0210942 0.0173193 -0.0268615
internal_weight=26977 377 319 26600 13910 13435 11218 2217 12690 5347 5238 7343 7097 475 246 237 399 180
internal_count=26977 377 319 26600 13910 13435 11218 2217 12690 5347 5238 7343 7097 475 246 237 399 180
is_linear=0
shrinkage=0.0500478


Tree=68
num_leaves=26
num_cat=0
split_feature=95 127 29 124 127 43 42 12 0 23 0 42 83 38 4 102 101 42 21 21 42 31 42 59 22
split_gain=26.4824 23.6473 24.2355 16.4879 16.3548 28.3457 20.6166 16.2225 13.4298 11.9061 20.4405 26.424 27.8207 21.961 20.6512 19.7828 32.6261 24.0376 19.0695 19.0253 17.2744 15.1769 11.3899 9.99212 3.80633
threshold=0.018196762707835851 324.50000000000006 30750.000000000004 68.500000000000014 196.50000000000003 0.95833333333333337 1.4288690166235207 30500.000000000004 13.000000000000002 1268.5406585126627 39.500000000000007 -0.87113573043497639 47250.000000000007 -10833.333333333332 38500.000000000007 728.30727231612229 -380.60357007707529 -1.1070186069251176 975.90007294851637 1463.8501094227827 -0.24397501823713263 18500.000000000004 -0.81751819648706914 51000.000000000007 1109.400392450417
decision_type=8 2 2 2 2 2 8 8 2 10 2 8 10 2 8 2 2 10 8 10 10 2 10 8 10
left_child=1 3 7 4 5 -1 -6 8 -3 15 13 14 -13 23 -12 16 19 -18 20 -2 -17 -15 -4 -11 -20
right_child=9 2 22 -5 6 -7 -8 -9 -10 10 11 12 -14 21 -16 18 17 -19 24 -21 -22 -23 -24 -25 -26
leaf_value=-2.9842651291003188e-06 0.00042482927163956457 0.04283408142760501 49.893899911715515 8.0062992548107743e-05 -0.0001945908486155255 -47.270626436551495 0.00016384222855491789 0.0024544495832595965 -2.5569030599165307e-05 172.7194031349693 9.4433110238875759 -2.5854124105760063 -318.41076370314192 0.041369166547787974 -1.0461197832897486 40.484104953346353 -2.0302966542124605 -4.7400835009072795e-06 -0.030499440389566403 -0.014544242938422741 0.1090506502394081 0.00023794854179702048 -0.0023985301544396081 -10.731230731654925 0.51202038585744758
leaf_weight=1517 1682 58 57 97 941 165 92 71 117 506 692 1338 246 307 1060 94 241 2126 76 133 294 14816 97 62 92
leaf_count=1517 1682 58 57 97 941 165 92 71 117 506 692 1338 246 307 1060 94 241 2126 76 133 294 14816 97 62 92
internal_value=8.33338e-05 -0.00417146 0.0069545 -0.00583128 -0.00661036 -0.00338485 -0.0116449 0.0169056 0.00702933 0.000667354 9.71082e-05 -0.00344685 -0.00813672 0.000863998 0.000682434 0.00291309 0.00167354 -0.00213171 0.0118229 0.00674454 0.0179354 0.000486146 -0.00765298 0.0105213 -0.0011519
internal_weight=26977 3212 400 2812 2715 1682 1033 246 175 23765 19027 3336 1584 15691 1752 4738 4182 2367 556 1815 388 15123 154 568 168
internal_count=26977 3212 400 2812 2715 1682 1033 246 175 23765 19027 3336 1584 15691 1752 4738 4182 2367 556 1815 388 15123 154 568 168
is_linear=0
shrinkage=0.0500478


Tree=69
num_leaves=17
num_cat=0
split_feature=52 23 130 92 125 110 111 130 48 63 130 15 91 91 111 9
split_gain=11.8872 23.1653 23.0761 21.0635 17.7082 17.0586 15.8941 15.325 15.0999 18.9373 23.5006 17.9806 13.1669 10.3009 9.72681 6.29487
threshold=15234.128064810238 17363.574403478666 0.93301270189221952 1812.5000000000002 24.500000000000004 -0.35504201680672265 0.22474747474747478 0.25000000000000011 112083.33333333336 10750.000000000002 0.68301270189221941 93964.285714285725 22625.000000000004 9875.0000000000018 0.088932806324110686 71000.000000000015
decision_type=8 10 2 10 2 8 10 2 10 10 2 8 10 10 10 8
left_child=5 2 4 -4 7 15 -5 -2 9 11 -11 -7 14 -6 -3 -1
right_child=1 12 3 6 13 8 -8 -9 -10 10 -12 -13 -14 -15 -16 -17
leaf_value=202.57559409971856 -4.919941513175174 215.15239819884439 72.849141123660431 1.9581112198234387 45.576633530360027 -2.5981457920975086e-06 -237.62305968396473 -260.57518409686276 -516.80675246013698 117.4199031442656 -9.3691044417455416 20.478393765699597 -10.048269647345828 -31.419049956614941 22.958744422984033 6.0458842640444166
leaf_weight=78 146 77 75 214 61 24156 59 330 91 787 267 345 76 92 63 60
leaf_count=78 146 77 75 214 61 24156 59 330 91 787 267 345 76 92 63 60
internal_value=0.000138985 -0.00472756 -0.00812064 0.00170274 -0.0138642 0.000372495 -0.00416502 -0.0186115 0.000269129 0.000350375 0.0069129 5.90747e-05 0.00960482 0 0.0189453 0.0177897
internal_weight=26977 1193 977 348 629 25784 273 476 25646 25555 1054 24501 216 153 140 138
internal_count=26977 1193 977 348 629 25784 273 476 25646 25555 1054 24501 216 153 140 138
is_linear=0
shrinkage=0.0500478


Tree=70
num_leaves=24
num_cat=0
split_feature=40 0 84 131 47 94 0 45 109 112 100 63 47 85 9 77 102 22 49 35 5 43 54
split_gain=12.0488 25.9427 33.8631 29.8845 24.0661 19.74 22.3019 26.7149 19.4978 19.4175 18.7851 18.0874 17.5328 25.5582 16.9842 32.732 16.7475 16.3595 12.4846 12.3476 13.3143 9.75985 6.16211
threshold=1250.0000000000002 33.000000000000007 52750.000000000007 -0.68301270189221952 28002.000000000004 0.026536577211157885 21.000000000000004 17250.000000000004 -0.36038961038961032 -0.17321428571428568 0.043237815882093862 -749.99999999999989 13250.000000000002 9250.0000000000018 25500.000000000004 21500.000000000004 -1847.1636010104373 3797.7726265638571 54833.333333333336 0.17371793411273528 69000.000000000015 0.45833333333333343 2866.4595934800432
decision_type=2 2 10 2 10 8 2 8 8 8 2 10 8 10 8 8 2 10 10 2 10 2 10
left_child=8 5 3 10 -5 6 7 -2 -1 18 -3 -8 13 22 16 -16 -14 -11 -7 21 -21 -4 -10
right_child=1 2 19 4 -6 9 11 -9 12 17 -12 -13 14 -15 15 -17 -18 -19 -20 20 -22 -23 -24
leaf_value=348.15336428038626 0.001199714934967133 -2.5548881451027426e-05 -2.7315181290529589 -0.014313139670272127 0.27989734271371047 -0.22599577363380696 0.024706877073596638 -0.0013489463894230537 -0.014298470740244018 0.011206315078734359 -49.241942738673401 -6.3488184279607676e-06 -4.3719563787622615 50.122149063382231 0.12939030594412584 8.4369190364263139e-06 -0.0012763216446563907 0.013223027964640564 5.0294840498533429 -308.65715784705463 -33.953939502723713 -202.02254323807676 0.1354953122446233
leaf_weight=70 395 375 272 745 1433 1593 236 2595 60 4242 534 462 174 128 221 7230 1173 3738 586 189 82 367 77
leaf_count=70 395 375 272 745 1433 1593 236 2595 60 4242 534 462 174 128 221 7230 1173 3738 586 189 82 367 77
internal_value=8.70438e-05 -0.000661612 -0.00421615 -0.00163491 0.00146722 0.000350251 -0.00276549 -0.00468163 0.00157188 0.00150183 -0.0092756 0.00513898 0.00134111 0.0140204 0.000932224 0.00188632 -0.00418804 0.00265788 -0.00263662 -0.012721 -0.0221319 -0.00834247 0
internal_weight=26977 17844 3997 3087 2178 13847 3688 2990 9133 10159 909 698 9063 265 8798 7451 1347 7980 2179 910 271 639 137
internal_count=26977 17844 3997 3087 2178 13847 3688 2990 9133 10159 909 698 9063 265 8798 7451 1347 7980 2179 910 271 639 137
is_linear=0
shrinkage=0.0500478


Tree=71
num_leaves=26
num_cat=0
split_feature=58 130 23 0 76 48 92 46 0 51 99 40 50 53 11 11 10 39 101 46 131 43 120 11 112
split_gain=15.8796 30.3588 28.493 27.2031 26.936 34.0533 21.5847 20.1325 19.4315 33.7349 30.643 29.8346 24.515 21.3295 19.0676 16.3879 32.3114 15.6098 17.9356 20.9695 18.3491 15.1393 14.0767 7.84989 5.9801
threshold=2750.0000000000005 0.68301270189221941 958.92660297095688 33.000000000000007 30500.000000000004 27916.666666666668 1812.5000000000002 28252.000000000004 33.000000000000007 16916.666666666668 19974.806624224333 9500.0000000000018 18083.333333333339 4360.8065539189856 26500.000000000004 31750.000000000004 28004.000000000004 0.72301587301587311 -442.56665638846056 28002.000000000004 0.25000000000000017 0.45833333333333343 0.13392857142857145 32500.000000000004 -0.067816091954022981
decision_type=8 2 8 2 10 10 10 10 2 8 2 2 8 10 10 8 10 2 2 8 2 2 10 8 10
left_child=1 3 17 6 5 -5 14 -8 9 13 -11 12 -10 -4 -1 16 22 -2 20 -20 -19 -13 -3 -17 -18
right_child=2 15 8 4 -6 -7 7 -9 11 10 -12 21 -14 -15 -16 23 24 18 19 -21 -22 -23 -24 -25 -26
leaf_value=0.00060423677285886921 47.524752980138224 1.4569416829412243e-05 0.16706303227444119 1.0107667811939635e-05 -45.19239485915503 0.63406565192996389 -0.15286213052894454 5.7349518837033997e-07 -1.7368636701013511 -0.013221551083480403 0.0035385656883717277 1.2919969914089471 0.064898333737195987 -0.26670095001638833 5.5755725796333682e-06 0.083598573872152276 -1.3371092552306996e-05 -0.0002653442266331661 -0.0001321753619294386 -0.010987584124190663 0.29939300933866481 -193.59210508521284 -0.014528092043943145 -0.00069963585268948564 -0.023498483762132462
leaf_weight=279 103 203 853 325 69 583 85 115 787 525 11313 280 5158 126 1485 91 77 537 1423 1124 200 773 76 98 289
leaf_count=279 103 203 853 325 69 583 85 115 787 525 11313 280 5158 126 1485 91 77 537 1423 1124 200 773 76 98 289
internal_value=1.65525e-05 0.00303302 -0.000465707 0.00545669 0.0123107 0.0147279 0.00193231 -0.0133305 0.000249824 0.00141687 0.000659063 -0.00185825 -0.000445347 0.0103478 0.00379437 -0.00526076 -0.00919276 -0.00470914 -0.00535927 -0.00736005 0.00128076 -0.00962231 0.00300929 0.00703813 -0.0190063
internal_weight=26977 3775 23202 2941 977 908 1964 200 19815 12817 11838 6998 5945 979 1764 834 645 3387 3284 2547 737 1053 279 189 366
internal_count=26977 3775 23202 2941 977 908 1964 200 19815 12817 11838 6998 5945 979 1764 834 645 3387 3284 2547 737 1053 279 189 366
is_linear=0
shrinkage=0.0500478


Tree=72
num_leaves=23
num_cat=0
split_feature=59 75 55 80 18 0 29 100 131 51 80 50 80 127 0 101 69 33 34 28 28 69
split_gain=12.9208 23.9793 22.1855 21.6018 29.2558 23.6028 28.9887 26.2138 17.4512 32.7769 22.539 17.3435 16.5488 30.313 16.8908 15.589 14.3634 16.6087 14.6802 11.9924 8.7426 8.46757
threshold=3004.0000000000005 22500.000000000004 1866.3636829447485 31004.000000000004 31500.000000000004 33.000000000000007 28750.000000000004 13.37810175716004 -0.5 64916.666666666679 10500.000000000002 31416.666666666668 30500.000000000004 201.50000000000003 39.500000000000007 -11593.898260958204 3733.3333333333335 27500.000000000004 18625.000000000004 31750.000000000004 28750.000000000004 -167.33333333333329
decision_type=8 10 8 10 10 2 2 2 2 10 10 10 10 2 2 2 10 2 2 2 2 10
left_child=1 -1 12 5 11 7 -7 -3 9 10 -4 -5 13 20 21 -11 17 -10 -18 -6 -2 -14
right_child=2 3 8 4 19 6 -8 -9 16 15 -12 -13 14 -15 -16 -17 18 -19 -20 -21 -22 -23
leaf_value=2.1709815682214106 2.3742157622208317 9.5292057325637261e-06 -0.013576248716478598 -0.014896234207236844 0.0022940502982978415 0.00014113601000277144 2.4278437212853392 -3.4824884901942477e-05 0.002773117284883362 0.90280513344684721 -0.00023205114167376714 0.016600460164020985 -0.014344817175893788 -29.575889105344686 0.525039156274135 -191.14945068114383 53.867982444165982 -4.8458816278680041 -56.965359398684626 0.13053112645017961 0.00078745509540226525 -45.030672906986375
leaf_weight=60 67 1721 179 582 277 753 239 756 11419 137 6545 70 61 64 80 477 455 2474 139 107 65 250
leaf_count=60 67 1721 179 582 277 753 239 756 11419 137 6545 70 61 64 80 477 455 2474 139 107 65 250
internal_value=0.000142695 0.00257417 -0.000343685 0.00209768 -0.00414104 0.00402123 0.0105648 0.00131047 -7.54887e-05 -0.00207217 -0.00102621 -0.0107004 -0.00992749 0.000989372 -0.0158906 -0.0131461 0.000921975 0.000579603 0.00855233 0.00646539 0.0156057 -0.0212236
internal_weight=26977 4565 22412 4505 1036 3469 992 2477 21825 7338 6724 652 587 196 391 614 14487 13893 594 384 132 311
internal_count=26977 4565 22412 4505 1036 3469 992 2477 21825 7338 6724 652 587 196 391 614 14487 13893 594 384 132 311
is_linear=0
shrinkage=0.0500478


Tree=73
num_leaves=15
num_cat=0
split_feature=38 32 49 42 25 107 112 100 112 111 102 79 10 0
split_gain=13.0156 17.0372 17.4918 22.706 19.4278 17.1994 17.7002 16.1763 13.0983 21.146 18.4685 10.3872 7.93157 6.10717
threshold=-21999.999999999996 13419.512796399666 54833.333333333336 1.5445590440357171 1.5000000000000002 -16499.999999999996 -0.4686274509803921 -5826.9799435169107 -0.29705882352941171 0.037185185185185189 -7300.5980621021035 71500.000000000015 120004.00000000001 10.000000000000002
decision_type=2 2 10 10 2 10 8 2 10 10 2 10 8 2
left_child=-1 7 5 4 -4 6 -3 12 9 -9 -10 -7 13 -2
right_child=1 2 3 -5 -6 11 -8 8 10 -11 -12 -13 -14 -15
leaf_value=430.61105184440328 -0.79138178323716524 16.966257741004206 7.8142681329555383 -705.26280785079837 -120.48305273783977 24.257708444705802 -7.7756442447923932 -0.12431999571196531 12.446299683807474 -47.583641378066062 8.512147197707681e-06 43.537310311411282 -16.132689015371888 41.819010229739696
leaf_weight=89 90 67 229 62 970 136 111 2080 254 152 22094 61 59 523
leaf_count=89 90 67 229 62 970 136 111 2080 254 152 22094 61 59 523
internal_value=0.000242867 0.000171085 -0.0047628 -0.00764208 -0.00587032 0.00436543 -0.00608041 0.000499246 0.0002808 -0.00335802 0.000653683 0.0147856 0.0081569 0.00999601
internal_weight=26977 26888 1636 1261 1199 375 178 25252 24580 2232 22348 197 672 613
internal_count=26977 26888 1636 1261 1199 375 178 25252 24580 2232 22348 197 672 613
is_linear=0
shrinkage=0.0500478


Tree=74
num_leaves=24
num_cat=0
split_feature=42 3 0 80 16 127 88 1 55 51 89 112 63 0 54 130 35 13 0 124 92 1 39
split_gain=11.7336 16.7396 15.6985 46.8402 27.0269 25.952 23.1438 19.4354 18.7181 25.8075 16.0472 14.7269 14.0695 14.0435 11.982 25.263 13.8211 27.6521 14.2938 13.5666 12.2415 5.01426 1.59141
threshold=-0.16951587590520381 3.5000000000000004 33.000000000000007 87500.000000000015 71016.666666666672 104.50000000000001 14500.000000000002 9.0000000000000018 1516.5750888103105 30250.000000000004 12500.000000000002 -0.35504201680672265 7750.0000000000009 10.000000000000002 938.80963562504564 -0.93301270189221919 0.0420168961824239 27116.666666666668 33.000000000000007 7.5000000000000009 1812.5000000000002 9.0000000000000018 0.86425061425061445
decision_type=10 2 2 10 10 2 8 2 8 10 10 10 8 2 8 2 2 8 2 2 10 2 2
left_child=2 14 3 6 8 12 10 -8 9 -4 -1 -10 -6 -5 15 19 17 -16 -18 -2 -17 -15 -7
right_child=1 -3 4 13 5 22 7 -9 11 -11 -12 -13 -14 21 16 20 18 -19 -20 -21 -22 -23 -24
leaf_value=7.6388032815222559e-05 2.1122409660546472e-06 -49.454954399200119 0.12291641966960679 9.7114685141342054 11.46381707637787 -116.45081659498497 4.7015863297860401 199.11475647270038 -4.5150942576951865 -0.030591172840214217 -0.8420351548001086 0.03204868638425816 -405.61483784994505 231.02810456216156 0.00015706943790205793 1.1486737246559274e-05 -0.00010061299247247862 -0.016327055490944532 -45.608067372215103 0.00013228403916370156 -0.022317907725051433 231.54087758415048 -402.00425467475395
leaf_weight=3704 76 78 269 105 178 72 248 300 661 75 611 5168 79 60 57 1373 11198 742 1230 94 276 255 68
leaf_count=3704 76 78 269 105 178 72 248 300 661 75 611 5168 79 60 57 1373 11198 742 1230 94 276 255 68
internal_value=0.000161245 -0.000754113 0.00134633 0.0033797 -0.000258317 -0.0128955 0.00194333 0.011631 0.000526157 0.0118346 0.000659851 -0.000110911 -0.00249286 0.0194201 -0.000618339 0.00315773 -0.00115354 -0.00755124 -0.000724411 0.0214539 0.00111897 0.0247399 -0.0301882
internal_weight=26977 15124 11853 5283 6570 397 4863 548 6173 344 4315 5829 257 420 15046 1819 13227 799 12428 170 1649 315 140
internal_count=26977 15124 11853 5283 6570 397 4863 548 6173 344 4315 5829 257 420 15046 1819 13227 799 12428 170 1649 315 140
is_linear=0
shrinkage=0.0500478


Tree=75
num_leaves=21
num_cat=0
split_feature=131 51 127 22 100 112 101 127 49 93 15 54 54 23 55 105 79 102 22 0
split_gain=14.8478 36.2149 23.3146 33.6901 28.5089 25.421 24.0698 23.4702 23.3041 17.8921 17.8029 13.1876 13.9066 10.9532 9.75795 8.55227 11.2797 4.78693 4.10793 0.851141
threshold=-0.68301270189221952 66250.000000000015 177.50000000000003 7703.2888651966314 -30.379445547456267 -0.225705329153605 -153.75041701338338 205.50000000000003 11083.333333333334 0.063417921809757069 10678.571428571429 408.24829046386282 826.10312969235281 14367.908045682596 3206.7626323478439 -5003.9999999999991 81000.000000000015 -463.81000905342256 474.6311465491886 33.000000000000007
decision_type=2 10 2 10 2 10 2 2 8 10 8 8 8 10 10 10 10 2 10 2
left_child=1 2 4 9 5 -1 -6 -5 14 -4 17 -12 -13 15 18 16 -3 -10 -2 -17
right_child=8 13 3 7 6 -7 -8 -9 10 -11 11 12 -14 -15 -16 19 -18 -19 -20 -21
leaf_value=-12.89230554703215 -0.0064238973534857654 -56.542842911329032 7.8174984343519781e-05 191.67852446333649 -2.1315032435197243 0.0064717912941253831 -1.0736039974642283e-05 -5.3068603981664095 0.07688588023745016 -0.82843147602400724 -0.092831861103280608 0.00022602552390661222 0.00020841802578954832 3.4709953190474456 0.0001564162201661645 -243.83905887531077 20.491970994302328 87.379070487501295 -0.014532905272251616 -273.71015829926318
leaf_weight=151 99 114 3199 168 310 760 817 56 60 1317 89 1911 17261 94 76 160 86 84 89 76
leaf_count=151 99 114 3199 168 310 760 817 56 60 1317 89 1911 17261 94 76 160 86 84 89 76
internal_value=4.2523e-05 -0.00187529 -0.00085565 0.0010334 -0.00534518 0.00103679 -0.0106757 0.0198741 0.000765604 4.34528e-05 0.000977164 0.000833781 0.000934226 -0.0144681 -0.0138852 -0.0177982 -0.00838621 0.0184279 -0.0199518 -0.0247508
internal_weight=26977 7308 6778 4740 2038 911 1127 224 19669 4516 19405 19261 19172 530 264 436 200 144 188 236
internal_count=26977 7308 6778 4740 2038 911 1127 224 19669 4516 19405 19261 19172 530 264 436 200 144 188 236
is_linear=0
shrinkage=0.0500478


Tree=76
num_leaves=29
num_cat=0
split_feature=64 35 127 103 102 20 36 94 0 101 33 72 80 110 0 99 39 92 33 21 69 46 53 22 48 11 88 69
split_gain=12.4803 26.7705 24.146 23.9368 23.8072 19.9797 18.325 21.9315 25.52 20.6656 19.1427 17.906 16.2948 15.058 14.8303 13.5065 13.3769 15.9463 15.013 11.7041 11.648 10.2357 12.0308 9.29711 9.07061 8.86263 5.66975 4.77507
threshold=0.016807909604519777 0.11780381037356698 58.500000000000007 1500.0000000000002 5875.1718571164392 49500.000000000007 0.91666666666666685 0.035798985840386585 13.000000000000002 3152.5273192948739 30500.000000000004 52500.000000000007 10500.000000000002 0.037386443046820407 10.000000000000002 48756.897350172709 0.77836257309941537 4375.0000000000009 34500.000000000007 2439.7501823716475 1250.0000000000002 38750.000000000007 4026.9874752696937 10894.095588038355 42500.666666666679 61000.000000000007 20500.000000000004 -1.0000000180025095e-35
decision_type=10 2 2 10 2 10 2 10 2 2 2 10 8 10 2 2 2 10 2 10 10 8 10 10 10 8 8 10
left_child=3 2 5 12 11 13 9 10 -9 25 -8 -4 27 -2 -11 21 17 -14 -18 -6 -7 22 -5 26 -23 -3 -17 -1
right_child=1 6 4 15 19 20 7 8 -10 14 -12 -13 16 -15 -16 23 18 -19 -20 -21 -22 24 -24 -25 -26 -27 -28 -29
leaf_value=-0.0030007163136067665 28.357665290863025 0.011735252764975897 0.0026161384993361064 -0.072059992825273381 -13.906679845464538 662.8701349483365 -0.0045298042899079103 0.3821675712362293 0.0010491248691753307 28.250641528910837 36.128741512286169 23.268736417369134 7.1997855997786386 -0.2423457556200122 -210.75784090325902 -182.14573298864033 2.1958202192304061e-06 -0.096880600648565185 -10.335899425996171 -4.6832806422628943 194.32853585604229 16.93888545411496 -121.30128539564151 7.5048072275292919 -3.1732726679878485 -5.0215708068700913 -278.87393624065555 -0.012615399442905273
leaf_weight=71 198 596 1777 195 90 141 757 856 2156 59 72 402 586 162 358 331 15234 576 997 318 138 116 139 92 179 172 111 98
leaf_count=71 198 596 1777 195 90 141 757 856 2156 59 72 402 586 162 358 331 15234 576 997 318 138 116 139 92 179 172 111 98
internal_value=0.000142695 0.00176997 0.00533154 -0.000563677 0.0030716 0.0141162 -0.000476975 0.00115792 0.00318643 -0.00593953 -0.00595453 0.00520617 -9.09609e-05 0.00551268 -0.0149056 -0.00751171 4.86886e-05 0.00524023 -0.000311146 -0.00779442 0.024348 -0.00213389 -0.00831874 -0.0134273 0.00419348 -0.000774512 -0.0164319 -0.0154489
internal_weight=26977 8252 3226 18725 2587 639 5026 3841 3012 1185 829 2179 17562 360 417 1163 17393 1162 16231 408 279 629 334 534 295 768 442 169
internal_count=26977 8252 3226 18725 2587 639 5026 3841 3012 1185 829 2179 17562 360 417 1163 17393 1162 16231 408 279 629 334 534 295 768 442 169
is_linear=0
shrinkage=0.0500478


Tree=77
num_leaves=21
num_cat=0
split_feature=9 0 39 51 92 39 23 96 130 16 64 28 15 131 127 51 32 44 86 99
split_gain=12.7636 24.3748 19.7577 17.4955 18.8825 15.0438 18.439 14.2921 14.1786 14.0264 11.9758 10.707 9.3614 9.20385 16.3412 18.189 8.56226 5.95038 1.06834 0.242005
threshold=15004.000000000002 21.000000000000004 0.60188679245283028 16667.333333333339 1375.0000000000002 1.3182720953326716 12132.529526303049 15250.042139624442 0.68301270189221941 20000.133333333335 0.029857397504456332 9750.0000000000018 15360.389610389613 -0.68301270189221952 301.50000000000006 14916.66666666667 3561.3660101257651 10250.000000000002 15751.000000000002 15073.281011131732
decision_type=8 2 2 8 10 2 8 2 2 8 10 2 10 2 2 8 2 10 10 2
left_child=1 13 -2 4 10 9 -7 11 18 -5 -4 -3 -6 17 15 -15 -13 -1 -9 -16
right_child=2 7 3 5 12 6 -8 8 -10 -11 -12 16 -14 14 19 -17 -18 -19 -20 -21
leaf_value=0.15627053751932837 409.06315228363792 -0.011965416069309268 -0.002302893986029635 -0.0024713570489884474 -1.4789010817671657 -95.086737830690268 18.852618577640026 -49.431100251963656 -0.14289973003766368 5.8526434037589685e-05 0.22830045257019899 -0.00046426421435623972 0.39160751226425294 -0.0086324119872996461 0.36750119141907556 0.21501092921031487 -0.32972137612548491 0.010139366428369778 -4.3634723624728888 0.43191062727886609
leaf_weight=68 73 57 195 881 56 415 123 67 90 22475 77 876 317 258 68 61 590 84 86 60
leaf_count=68 73 57 195 881 56 415 123 67 90 22475 77 876 317 258 68 61 590 84 86 60
internal_value=-9.8174e-05 -0.00361331 0.000231636 0.000144635 0.00826516 -6.68584e-05 -0.00832725 -0.00662012 -0.0181317 0.000115535 -0.00108011 -0.00462349 0.015586 0.00490311 0.000770906 -0.00481455 -0.00361008 0.0155291 -0.0273416 0.0160842
internal_weight=26977 2365 24612 24539 645 23894 538 1766 243 23356 272 1523 373 599 447 319 1466 152 153 128
internal_count=26977 2365 24612 24539 645 23894 538 1766 243 23356 272 1523 373 599 447 319 1466 152 153 128
is_linear=0
shrinkage=0.0500478


Tree=78
num_leaves=28
num_cat=0
split_feature=23 112 38 97 130 42 37 131 130 112 109 74 100 40 0 112 76 89 0 79 4 42 101 74 101 34 125
split_gain=13.4562 16.4907 21.2968 24.3968 23.6108 22.4334 16.7849 20.7531 20.1612 16.4533 25.0901 17.1449 15.7768 15.7735 24.8911 22.9898 17.3329 16.9127 16.8001 16.0211 14.2682 14.1488 12.3244 12.1702 10.7955 9.31291 1.25154
threshold=912.87092917540861 -0.070197044334975353 -666.66666666666686 28000.000000000011 0.68301270189221941 0.12539246564387937 -2764.9999999999995 1.0000000180025095e-35 1.0000000180025095e-35 -0.23431372549019605 -0.28285714285714281 69000.000000000015 170.65827202529911 8004.0000000000009 39.500000000000007 0.42245581962218165 13500.000000000002 14500.000000000002 33.000000000000007 112500.00000000001 25500.000000000004 0.81649658092772792 -60.469993182316095 97500.000000000015 -959.96122948211803 4625.0000000000009 16.500000000000004
decision_type=8 10 2 2 2 8 2 2 2 10 8 10 2 2 2 10 10 10 2 10 8 8 2 8 2 2 2
left_child=1 21 6 5 -5 -4 7 -3 -8 10 11 -2 23 16 17 -16 18 -15 -11 -18 -14 22 24 -12 -1 -24 -23
right_child=9 2 3 4 -6 -7 8 -9 -10 13 12 -13 20 14 15 -17 19 -19 -20 -21 -22 26 25 -25 -26 -27 -28
leaf_value=-2.8282548283429855e-05 216.49118749665448 2.7065965371561975 -3.4708767230429979e-05 2.6427274175496112e-05 -0.023172545827525173 -0.00025812100634500692 -0.00011430559452279655 -2.2027839807351381 0.046449964251421741 0.15700997617802911 -0.31958487625963145 -1.1440275106341637 4.4753031184446055 0.015033319472359417 -201.06834026341767 8.7283466173302386 0.01039577076192811 -0.21851915662898833 -1.1303538892074014 433.41911213453994 -33.945738946188612 0.076562735478018729 -1.1005233563717662 3.3619113252851625 0.81943537535256949 0.24008760971526485 0.43596320377836684
leaf_weight=188 99 117 612 1661 586 738 612 223 541 344 2382 95 103 2949 202 159 8479 4358 762 66 476 59 123 734 197 56 56
leaf_count=188 99 117 612 1661 586 738 612 223 541 344 2382 95 103 2949 202 159 8479 4358 762 66 476 59 123 734 197 56 56
internal_value=-0.000131565 -0.00227997 -0.00328174 -0.00537989 -0.00206744 -0.0107287 0.00163729 -0.00788069 0.00463133 0.00044342 -0.00248118 0.0147567 -0.00345058 0.00111218 -0.000560627 -0.0133466 0.00246221 4.7402e-05 -0.00333772 0.00323753 -0.011097 0.00491505 0.00123015 -0.00195674 0.00657787 -0.00908097 0.0208474
internal_weight=26977 5769 5090 3597 2247 1350 1493 340 1153 21208 3889 194 3695 17319 7668 361 9651 7307 1106 8545 579 679 564 3116 385 179 115
internal_count=26977 5769 5090 3597 2247 1350 1493 340 1153 21208 3889 194 3695 17319 7668 361 9651 7307 1106 8545 579 679 564 3116 385 179 115
is_linear=0
shrinkage=0.0500478


Tree=79
num_leaves=22
num_cat=0
split_feature=23 28 38 55 42 64 109 35 127 102 51 29 127 69 9 95 40 127 9 35 55
split_gain=25.5461 15.0464 13.6678 22.3692 18.5642 13.3152 21.8766 20.8148 28.0476 23.111 18.1809 26.1334 21.6067 15.1821 16.0046 15.0606 14.8847 10.8555 9.63874 9.15533 8.11814
threshold=915.38572988885051 9750.0000000000018 7503.3333333333348 5435.9892245471428 1.5445590440357171 0.016530054644808747 0.081666666666666679 0.10651992416244342 201.50000000000003 5875.1718571164392 53583.333333333343 69333.333333333358 50.500000000000007 832.66666666666686 13500.000000000002 0.17209427537260175 10504.000000000002 50.500000000000007 33500.000000000007 0.25865229971055265 6646.3026123349018
decision_type=8 2 2 10 8 10 10 2 2 2 10 2 2 8 10 10 2 2 8 2 10
left_child=1 -1 3 4 -3 6 13 8 9 -7 11 -9 -12 14 -2 -10 18 -18 -8 -15 -5
right_child=5 2 -4 20 -6 7 16 10 15 -11 12 -13 -14 19 -16 -17 17 -19 -20 -21 -22
leaf_value=-0.012943741242535278 -0.10795157989270704 -4.0841367073042255e-05 -387.16994228255288 0.4970977431134922 0.001337782484294529 28.00022647415468 -50.248257488456531 0.021389595087818375 0.038948556396428545 1.4718582138024763 13.073312817686229 378.09896255117025 -13.917063866967256 -0.19778150917468901 0.0065745349935460873 -12.606195593387072 2.697773977749319 -208.22201424087581 0.44961194260310894 26.519315608473971 -0.0044098980288636083
leaf_weight=87 975 5068 59 224 292 799 364 3710 626 325 243 138 934 1908 9696 105 85 468 648 84 139
leaf_count=87 975 5068 59 224 292 799 364 3710 626 325 243 138 934 1908 9696 105 85 468 648 84 139
internal_value=-0.000391269 -0.00331515 -0.00295836 -0.00266542 -0.00350849 0.00041233 -0.000449899 0.00222461 0.00676097 0.011726 0.000506934 0.00220864 -0.00487656 0.000224933 0.000989018 -0.000608875 -0.00603221 -0.0126976 -0.00216694 -0.0037621 0.00916505
internal_weight=26977 5869 5782 5723 5360 21108 14228 6880 1855 1124 5025 3848 1177 12663 10671 731 1565 553 1012 1992 363
internal_count=26977 5869 5782 5723 5360 21108 14228 6880 1855 1124 5025 3848 1177 12663 10671 731 1565 553 1012 1992 363
is_linear=0
shrinkage=0.0500478


Tree=80
num_leaves=23
num_cat=0
split_feature=55 23 89 23 22 101 12 111 95 74 130 98 96 42 86 108 100 111 124 131 101 49
split_gain=24.3833 15.442 18.4174 22.1167 17.2129 16.689 15.296 20.6703 17.7168 15.2929 14.9081 14.673 14.574 13.7609 12.8697 12.6669 10.9674 14.9809 10.5271 10.5149 8.22368 7.36104
threshold=590.08904476942109 915.38572988885051 1004.0000000000001 480.6604651500673 408.24829046386304 -839.34020463202421 112500.00000000001 -0.11651583710407239 0.027941357694606317 61000.000000000007 0.68301270189221941 19995.250495354969 28000.000279690088 1.0446622962027086 27125.000000000004 0.17914438502673799 -0.013211485013016498 0.067816091954023008 1.5000000000000002 0.25000000000000017 -28.515230502496703 27225.000000000004
decision_type=8 8 10 10 10 2 8 10 10 8 2 2 2 10 8 10 2 10 2 2 2 10
left_child=10 2 3 5 11 -2 8 14 -3 -9 16 -4 -12 -6 -8 -10 18 20 -1 -20 -18 -5
right_child=1 6 4 21 13 -7 7 9 15 -11 12 -13 -14 -15 -16 -17 17 -19 19 -21 -22 -23
leaf_value=0.0006149856829484045 0.5013833197881733 13.038617700525444 -0.0089062608240698758 1.01074207942461 -0.00027206194278031322 -1.251634622802399e-05 16.162950608994525 -0.023427255248196263 0.0075146099519712009 -62.644190986537815 -0.0004986324403420902 -0.0035199711904531886 -0.81252272251642466 0.53491854533163563 -0.023378415514308026 -50.821319543843742 6.8551241164815563e-05 -1.4196445949888439 -0.00035116329151180567 -0.0023393689307990768 -1.1116355716055284e-06 0.00038507306547695973
leaf_weight=73 106 111 181 130 1387 2340 105 669 18134 384 64 626 103 208 713 720 86 66 136 102 322 211
leaf_count=73 106 111 181 130 1387 2340 105 669 18134 384 64 626 103 208 713 720 86 66 136 102 322 211
internal_value=-0.00042095 -0.00012484 -0.00257325 0.000124212 -0.00578488 -0.00147015 0.000475353 -0.00381808 0.000910119 -0.00848427 -0.00828091 -0.0118047 -0.0221291 -0.00259797 0.00194732 0.000780115 -0.00501611 0 -0.0122822 -0.0174681 0.00340478 0.0120837
internal_weight=26977 26025 5189 2787 2402 2446 20836 1871 18965 1053 952 807 167 1595 818 18854 785 474 311 238 408 341
internal_count=26977 26025 5189 2787 2402 2446 20836 1871 18965 1053 952 807 167 1595 818 18854 785 474 311 238 408 341
is_linear=0
shrinkage=0.0500478


Tree=81
num_leaves=27
num_cat=0
split_feature=23 0 89 102 26 50 80 38 131 51 100 39 112 55 91 102 92 107 8 102 31 120 23 92 42 125
split_gain=18.2265 17.2738 19.987 17.2148 16.9801 16.079 20.6864 17.1508 11.3356 34.1719 22.2794 19.0563 17.7495 14.7301 15.5764 14.2944 25.559 16.2537 11.4489 13.0866 10.6061 9.29032 20.8672 12.2762 8.66917 4.69195
threshold=994.81413963286775 39.500000000000007 3750.0000000000005 -1007.6903267106944 8.5000000000000018 28250.000000000004 30500.000000000004 1166.6666666666699 -0.68301270189221952 66250.000000000015 -339.44190081095979 0.963409192324855 -0.26568627450980387 516.39777949432244 550.00000000000011 5311.8444301627869 7875.0000000000009 -19499.999999999996 79000.000000000015 -7647.6659152846796 42504.000000000007 1.0000000180025095e-35 651.25872818282949 751.00000000000011 0.16221885350534263 20.500000000000004
decision_type=8 2 10 2 2 10 10 2 2 10 2 2 10 8 10 2 10 8 10 2 2 10 10 10 10 2
left_child=1 2 3 -1 -5 21 -7 -8 9 10 11 -2 -12 14 -10 17 -17 -15 19 -11 25 23 -23 -3 -20 -4
right_child=8 5 20 4 -6 6 7 -9 13 18 12 -13 -14 15 -16 16 -18 -19 24 -21 -22 22 -24 -25 -26 -27
leaf_value=12.045488991266287 -0.13115511882493372 -2.1700927705805229 -0.017397343422169233 0.0019615389965357381 -7.0813260411741827e-05 2.3060074430889816 0.57238829082160114 -46.409367541803107 0.041221500385235435 -5.7694220334295601 -8.0806921781947025 0.082465577178688354 -0.0025359254492914054 -0.92731134311762786 -1.3556949450647591 -89.03147137434469 0.65032226701748519 0.022211864610569208 32.89249445844014 -193.81947557396271 -0.00087663459595390487 1.1248013566527826 -0.038423495753613382 0.0028185825740416936 -153.56927081048931 -0.00080544591823962985
leaf_weight=106 1185 125 159 1174 4012 100 211 61 60 86 228 979 2696 1632 80 398 1330 11380 96 211 93 134 170 68 137 66
leaf_count=106 1185 125 159 1174 4012 100 211 61 60 86 228 979 2696 1632 80 398 1330 11380 96 211 93 134 170 68 137 66
internal_value=-0.000283677 -0.00260162 -0.00363757 -0.00285404 -0.00329819 0.00384343 0.0117516 0.00363312 0.000439247 -0.00145967 -0.000156551 0.00364823 -0.00304282 0.00117002 -0.0147292 0.00133729 -0.00288996 0.00191479 -0.0135281 -0.0202103 -0.0159184 -0.00169579 0.00325374 -0.010479 -0.00402235 -0.0217671
internal_weight=26977 6479 5610 5292 5186 869 372 272 20498 5618 5088 2164 2924 14880 140 14740 1728 13012 530 297 318 497 304 193 233 225
internal_count=26977 6479 5610 5292 5186 869 372 272 20498 5618 5088 2164 2924 14880 140 14740 1728 13012 530 297 318 497 304 193 233 225
is_linear=0
shrinkage=0.0500478


Tree=82
num_leaves=27
num_cat=0
split_feature=33 52 42 0 16 42 97 77 62 95 93 87 50 14 112 120 10 38 35 74 6 64 22 121 51 125
split_gain=17.3344 20.6443 20.9625 23.5442 21.9419 18.1 21.3879 18.1444 17.804 16.451 16.3677 19.5624 15.594 19.0749 14.1436 13.9876 17.2699 15.5896 11.9634 10.3689 10.0625 8.30696 7.49515 3.92343 3.84789 2.19278
threshold=14500.000000000002 7005.8867426102979 -1.1069902513999137 33.000000000000007 38666.80000000001 1.5860645438769614 28793.654909215733 29500.000000000004 5750.0000000000009 0.23851946143893116 0.13778630854883275 12500.000000000002 59583.333333333336 59357.142857142862 1.4000800000000002 0.20714285714285716 18500.000000000004 6166.6666666666661 0.068675234712179498 61000.000000000007 87500.000000000015 -0.01600102406554019 2778.4492472930128 1.0000000180025095e-35 74250.000000000015 14.500000000000002
decision_type=2 10 10 2 8 8 2 10 10 10 8 10 8 10 8 8 8 2 2 8 8 10 10 10 10 2
left_child=5 9 10 14 -5 8 23 -8 12 15 11 -3 13 -1 -4 16 -2 -17 -10 -11 -14 -9 -20 -7 -12 -25
right_child=1 2 3 4 -6 6 7 21 18 19 24 -13 20 -15 -16 17 -18 -19 22 -21 -22 -23 -24 25 -26 -27
leaf_value=-0.00029326326444848252 -2.3879026981955587 12.316410564474847 -0.072025130905553694 34.169229297511698 -23.922173457399705 0.10174172020639688 -42.744032957534543 2.3614929475191158 233.24786563253508 0.4155636764541209 220.18653238670836 -25.582338014334567 -11.169626056770024 5.4959384088035836 14.925799665682241 16.969709479570771 0.037423363478627958 -47.148079252305912 244.14426392401282 -10.549832203699792 0.33093324378032218 -0.1124231149909647 -2.6948851614278344 0.10155891010791333 34.269244481279948 0.16566890883092536
leaf_weight=13004 83 649 4480 145 1525 69 93 72 78 79 146 163 232 110 325 890 4040 182 58 75 71 81 144 57 63 63
leaf_count=13004 83 649 4480 145 1525 69 93 72 78 79 146 163 232 110 325 890 4040 182 58 75 71 81 144 57 63 63
internal_value=-0.000157535 0.00116447 -0.000506742 -0.00158333 -0.00670087 -0.00137357 0.00857183 -0.000387378 -0.0017058 0.00354376 0.00610888 0.00257617 -0.00198008 -0.00170149 0.000155356 0.00405319 0.00265586 0.00921925 0.0106179 -0.0121316 -0.0132593 0.009312 0.00291869 0.0211546 0.0186803 0.0122303
internal_weight=26977 12845 7496 6475 1670 14132 435 246 13697 5349 1021 812 13417 13114 4805 5195 4123 1072 280 154 303 153 202 189 209 120
internal_count=26977 12845 7496 6475 1670 14132 435 246 13697 5349 1021 812 13417 13114 4805 5195 4123 1072 280 154 303 153 202 189 209 120
is_linear=0
shrinkage=0.0500478


Tree=83
num_leaves=29
num_cat=0
split_feature=54 101 1 50 16 111 92 29 131 33 29 124 63 0 51 121 102 23 99 16 63 12 19 22 11 0 0 95
split_gain=16.3348 31.0088 23.2003 22.3189 30.5037 28.5935 23.5072 21.8991 42.5408 35.0201 29.4983 48.2981 24.2694 21.3446 19.7376 19.6949 19.421 19.0029 21.7715 25.6932 21.4174 30.6933 19.8865 18.8653 14.7679 9.78303 8.96509 8.61752
threshold=826.10312969235281 -548.83753993328162 11.000000000000002 27750.000000000004 28450.000000000004 0.067816091954023008 550.00000000000011 44250.000000000007 0.25000000000000017 27500.000000000004 37583.333333333336 9.5000000000000018 4750.0000000000009 39.500000000000007 26750.000000000004 0.13392857142857145 -45.931049958428041 5477.2255750517215 52434.171691288931 55000.133333333339 -2249.9999999999995 45004.000000000007 37250.000000000007 4462.9118765201156 26500.000000000004 39.500000000000007 10.000000000000002 0.030667931651226402
decision_type=8 2 2 10 10 10 10 2 2 2 2 2 10 2 10 10 2 10 2 10 8 8 10 10 10 2 2 10
left_child=1 13 7 6 16 -6 25 10 12 -10 15 -12 -9 24 -8 -2 -5 18 23 -20 22 -22 -19 -4 -1 -3 -26 -15
right_child=2 3 17 4 5 -7 14 8 9 -11 11 -13 -14 27 -16 -17 -18 20 19 -21 21 -23 -24 -25 26 -27 -28 -29
leaf_value=2.4387529983318657 0.16075250577361913 1.3438078513938626e-05 -0.00088059081243521448 0.00017977962404196714 0.0023889630054094195 -2.4608491424090722 0.00017698687227233942 -1.1935748816555782 15.213639724111916 -1.1826799127097722 11.601667367855731 -0.24334043281589532 1.5923796699528074 -0.026005862540152948 -0.1467209598616275 -1.4919187905709104 2.0089472840855026e-05 -14.485891407919162 5.1482577351041954 0.0096820054979037257 -0.54240490371087291 -151.64943060136605 0.031631119740023396 -3.180267290531182 0.00023351006379114097 0.11555433263484591 -0.029034901083396732 2.59812247133133
leaf_weight=69 319 402 11248 207 751 98 69 3126 1919 1847 1532 353 1400 60 161 271 394 68 194 422 334 283 486 374 85 82 361 62
leaf_count=69 319 402 11248 207 751 98 69 3126 1919 1847 1532 353 1400 60 161 271 394 68 194 422 334 283 486 374 85 82 361 62
internal_value=3.51029e-05 0.00365833 -0.000376569 0.00655899 0.0101279 0.00369859 -0.000413756 0.00134268 8.401e-05 0.00403632 0.00547301 0.00856266 -0.00315998 -0.00586401 -0.0137631 -0.00404836 0.0188202 -0.00177228 -0.00116906 0.0079244 -0.007887 -0.0142943 -0.000352843 -0.00167016 -0.0105351 0.00554782 -0.0140533 0.0120338
internal_weight=26977 2801 24176 2164 1450 849 714 10767 8292 3766 2475 1885 4526 637 230 590 601 13409 12238 616 1171 617 554 11622 515 484 446 122
internal_count=26977 2801 24176 2164 1450 849 714 10767 8292 3766 2475 1885 4526 637 230 590 601 13409 12238 616 1171 617 554 11622 515 484 446 122
is_linear=0
shrinkage=0.0500478


Tree=84
num_leaves=29
num_cat=0
split_feature=42 61 35 74 102 35 0 11 26 55 41 51 16 131 26 89 121 95 54 112 100 92 125 125 1 125 93 101
split_gain=17.2839 22.0765 20.5742 24.5744 20.2412 17.3598 20.2363 18.5378 17.21 16.0833 12.8448 17.25 28.2503 27.0742 21.3723 14.1929 13.9171 16.1458 15.8163 15.0602 14.0678 20.7438 18.9152 11.6114 8.75656 7.09141 5.40355 4.74014
threshold=0.14271181499259711 5265.0000000000009 0.027045724049428076 31004.000000000004 624.24747674394723 0.03086396600871227 33.000000000000007 28004.000000000004 7.5000000000000009 8779.6793942693203 1.0000000180025095e-35 16667.333333333339 20183.333333333339 -0.5 11.500000000000002 4500.0000000000009 1.0000000180025095e-35 0.083887001778497575 938.80963562504564 0.21583850931677021 935.34445590216285 1.0000000180025095e-35 14.500000000000002 11.500000000000002 9.0000000000000018 13.500000000000002 0.07175167621647259 2511.2621013895173
decision_type=8 10 2 8 2 2 2 10 2 10 2 8 8 2 2 10 8 8 10 8 2 10 2 2 2 2 10 2
left_child=1 2 3 4 -1 7 -7 -4 -3 24 16 13 14 26 -13 -15 17 18 -2 -19 21 -18 -22 -14 -10 -5 -12 -11
right_child=10 8 5 25 -6 6 -8 -9 9 27 11 12 23 15 -16 -17 20 19 -20 -21 22 -23 -24 -25 -26 -27 -28 -29
leaf_value=0.00015651420546566907 0.00015646903664943575 359.09070262844023 -3.9078435295923839e-05 0.0010220357754608387 -0.12676210805606308 0.011637883209259599 -0.053242687712625046 -0.028997539123464554 0.1147744403888928 13.550782611583776 -0.040630261752323558 -0.026801769095154269 0.0001110299933913214 4.8252496036550134 -0.0014746770841723132 0.026291325087187727 -0.0076163802796770878 0.60891170972789088 -0.0014485398297341297 0.099202753952715148 0.042856735979839605 0.013149775547240514 -49.690098181931504 -0.050401605077082481 242.37187375718091 -0.059990779026076503 0.00057980901583970751 -136.29858670438037
leaf_weight=1122 569 96 455 60 83 5668 6543 234 105 71 75 114 1465 145 151 86 787 487 1538 482 642 2340 814 2395 226 90 67 67
leaf_count=1122 569 96 455 60 83 5668 6543 234 105 71 75 114 1465 145 151 86 787 487 1538 482 642 2340 814 2395 226 90 67 67
internal_value=-5.42232e-06 0.00113424 0.000733381 0.00659672 0.00907419 0.000100554 0.000552882 -0.00759445 0.0108416 0.00625513 -0.00141146 -0.0035355 -0.00449767 0.00652151 -0.0203829 0.0173487 -0.000136678 0.00243737 0 0.00777537 -0.00190919 0 -0.00596831 -0.00334205 0.0124461 -0.0117933 -0.00967465 -0.00709944
internal_weight=26977 14820 14255 1355 1205 12900 12211 689 565 469 12157 4498 4125 373 265 231 7659 3076 2107 969 4583 3127 1456 3860 331 150 142 138
internal_count=26977 14820 14255 1355 1205 12900 12211 689 565 469 12157 4498 4125 373 265 231 7659 3076 2107 969 4583 3127 1456 3860 331 150 142 138
is_linear=0
shrinkage=0.0500478


Tree=85
num_leaves=29
num_cat=0
split_feature=131 35 82 19 127 63 100 127 89 23 81 124 95 56 52 4 33 12 125 120 106 54 42 127 63 11 16 123
split_gain=17.945 29.309 23.4394 28.4207 23.1109 24.5722 35.9451 27.4814 19.444 27.8306 18.3607 17.7302 16.349 21.1949 19.0861 18.3568 32.3907 19.6828 16.8761 16.788 15.7468 17.5902 15.2411 14.9632 14.1315 13.0344 11.5275 4.62249
threshold=-0.5 0.030147913548188826 26750.000000000004 28750.000000000004 219.50000000000003 4250.0000000000009 77.944092381634633 157.50000000000003 20500.000000000004 1017.0952554312051 27750.000000000004 7.5000000000000009 0.09097176522945391 15004.000000000002 6038.7409649338178 54500.000000000007 28500.000000000004 49000.000000000007 9.5000000000000018 0.37980769230769235 2100.0000000000005 5435.9892245471428 1.5860645438769614 199.50000000000003 -6249.9999999999991 92500.000000000015 88190.476190476198 4250.0000000000009
decision_type=2 2 10 10 2 10 2 2 10 10 10 2 8 8 10 8 2 10 2 10 8 10 10 2 10 8 10 10
left_child=1 2 -1 10 5 6 -3 -7 9 -6 -4 -10 15 14 18 20 17 -17 -14 25 22 -22 -2 -5 -16 -15 -18 -21
right_child=12 4 3 23 8 7 -8 -9 11 -11 -12 -13 13 19 24 16 26 -19 -20 27 21 -23 -24 -25 -26 -27 -28 -29
leaf_value=-0.0031017114381467143 -0.0003632946255090184 0.00035684154753715813 -2.3456811882812976e-07 0.0068040173423307686 -0.0029416668300134264 -15.828690531291537 -34.108708676719573 35.868984553360541 -9.3230697811255574 -0.0023170902767588276 7.7329219509189299e-05 -238.41882654224983 1.9493074879242038 0.98323080378594419 -0.47607297427630907 0.00032924334902037353 -2.2762697702309742 11.885770260245261 0.03745665672766154 -61.513344788254692 -0.94621856114989078 0.34952963071131282 2.249510920322864 -0.10668110529719861 11.908901340392665 -9.6485914205590166 -525.31312119451752 -295.43491006331709
leaf_weight=79 6983 3102 185 130 641 95 1270 681 406 1793 527 66 976 3319 131 562 265 740 2171 59 731 239 128 82 536 893 130 57
leaf_count=79 6983 3102 185 130 641 95 1270 681 406 1793 527 66 976 3319 131 562 265 740 2171 59 731 239 128 82 536 893 130 57
internal_value=-0.000150115 -0.00197178 0.00601914 0.00842314 -0.00299377 -0.000932101 -0.0024246 0.00719573 -0.00657203 -0.00464075 0.0133043 -0.0160258 0.000759335 0.00242066 0.00513956 -0.000603427 0.00409121 0.00797739 0.00341534 0 -0.00161548 -0.00761297 -0.000766345 -0.00698342 0.0129277 0.000545349 -0.00817529 -0.0185588
internal_weight=26977 9057 1003 924 8054 5148 4372 776 2906 2434 712 472 17920 8142 3814 9778 1697 1302 3147 4328 8081 970 7111 212 667 4212 395 116
internal_count=26977 9057 1003 924 8054 5148 4372 776 2906 2434 712 472 17920 8142 3814 9778 1697 1302 3147 4328 8081 970 7111 212 667 4212 395 116
is_linear=0
shrinkage=0.0500478


Tree=86
num_leaves=27
num_cat=0
split_feature=12 64 46 127 127 127 127 124 0 127 91 127 127 94 34 12 111 52 94 7 93 107 125 89 92 15
split_gain=14.5295 17.7938 17.5132 18.2738 24.4836 16.1293 31.7241 19.9905 24.7802 17.7806 16.0813 16.0787 15.9022 26.2764 18.3738 20.5 16.3816 15.8921 15.7847 13.9759 13.6077 13.5371 9.40828 7.8757 6.83757 1.19321
threshold=21500.000000000004 0.016807909604519777 21250.000000000004 34.500000000000007 74.500000000000014 343.50000000000006 298.50000000000006 34.500000000000007 13.000000000000002 253.50000000000003 2125.0000000000005 355.50000000000006 40.500000000000007 0.083695850342860506 17250.000000000004 69000.000000000015 0.67708333333333337 12533.27798417843 0.017535093736471666 23500.000000000004 0.039716863433947577 5004.0000000000009 19.500000000000004 3750.0000000000005 751.00000000000011 15000.285714285716
decision_type=10 10 10 2 2 2 2 2 2 2 10 2 2 10 2 10 10 10 10 8 10 10 2 10 10 10
left_child=5 2 19 17 -5 6 7 9 -9 -1 18 25 13 24 15 -14 -15 -4 -8 22 -16 -12 -2 -13 -3 -7
right_child=1 12 3 4 -6 11 10 8 -10 -11 21 23 14 16 20 -17 -18 -19 -20 -21 -22 -23 -24 -25 -26 -27
leaf_value=-0.0049932072400832132 -0.0037809455707746831 -15.199692473956866 -0.12900620374168764 0.075194015304881595 -6.1935473035542983e-05 -2.3734724378830427 0.00054946767475819711 -3.5745840340926304e-05 0.015526526464526926 -0.0094750308987880689 -0.77204450620744669 0.0099480190205320316 0.049725078711324783 269.20962204953719 14.197346470683156 12.081458303086736 1.8253408121617247 7.706068711226008 4.7559361341067303 4.9898605195250605 -146.36122438306646 11.373124353204801 0.6135339156546662 -0.51735118770309774 0.30147683987488899 -0.02463610210532597
leaf_weight=4576 179 65 1128 1636 11100 57 158 114 64 523 126 60 4855 165 141 521 57 203 321 58 356 76 141 64 124 109
leaf_count=4576 179 65 1128 1636 11100 57 158 114 64 523 126 60 4855 165 141 521 57 203 321 58 356 76 141 64 124 109
internal_value=0 0.000639551 -0.000314969 -0.000615121 -1.54131e-05 -0.00211325 -0.00151075 -0.00285267 0.0132916 -0.00346235 0.00856208 -0.0136775 0.00286543 0.0124588 0.00215443 0.00303279 0.0240648 -0.00618999 0.0136098 0.0102507 -0.00690651 -0.0024291 0.00526526 0 -0.000241296 -0.023746
internal_weight=26977 20729 14445 14067 12736 6248 5958 5277 178 5099 681 290 6284 411 5873 5376 222 1331 479 378 497 202 320 124 189 166
internal_count=26977 20729 14445 14067 12736 6248 5958 5277 178 5099 681 290 6284 411 5873 5376 222 1331 479 378 497 202 320 124 189 166
is_linear=0
shrinkage=0.0500478


Tree=87
num_leaves=18
num_cat=0
split_feature=28 42 0 29 99 95 84 39 40 34 16 39 92 38 130 24 23
split_gain=13.7857 13.744 15.6927 37.693 42.5975 28.4303 24.4936 18.1568 15.1213 13.7863 26.2099 23.735 13.8716 15.4323 11.4177 4.74365 3.79733
threshold=9750.0000000000018 0.10403129732206043 33.000000000000007 51916.666666666672 15073.281011131732 0.056644415767050448 42250.000000000007 0.95380241648898367 9500.0000000000018 5625.0000000000009 67016.666666666672 1.0178628389154707 7501.0000000000009 20833.333333333336 0.93301270189221952 2.5000000000000004 507.41626340523311
decision_type=2 10 2 2 2 10 10 2 2 2 10 2 8 2 2 2 10
left_child=16 2 3 4 -2 6 -4 -7 -5 10 11 -3 14 -14 -11 -12 -1
right_child=1 9 5 8 -6 7 -8 -9 -10 12 15 -13 13 -15 -16 -17 -18
leaf_value=-0.0085017964637685954 0.22917940114315966 -0.0095693227204452572 0.10283126216438965 187.65866684064929 -4.0155254324631583e-06 -0.11820513631183655 -3.9977923419089874 -89.682765444260298 6.0557911537655373 -0.039965485669784043 10.390241741727806 0.00048195197143790206 0.025843059079218349 -334.77962871945039 0.16578133955015212 159.95332174283311 -0.013417348721080994
leaf_weight=56 369 2102 1144 797 5353 5040 122 864 728 2950 89 3810 2931 110 341 110 61
leaf_count=56 369 2102 1144 797 5353 5040 122 864 728 2950 89 3810 2931 110 341 110 61
internal_value=-0.000172375 -8.92861e-05 0.000954218 0.00260215 0.000698752 -0.000683286 0.00607318 -0.00216854 0.00959781 -0.00131468 0.00035139 -0.00021936 -0.00295433 -0.000442734 -0.00521112 0.018117 -0.0171464
internal_weight=26977 26860 14417 7247 5722 7170 1266 5904 1525 12443 6111 5912 6332 3041 3291 199 117
internal_count=26977 26860 14417 7247 5722 7170 1266 5904 1525 12443 6111 5912 6332 3041 3291 199 117
is_linear=0
shrinkage=0.0500478


Tree=88
num_leaves=18
num_cat=0
split_feature=28 12 26 47 28 54 47 42 1 92 26 102 23 64 94 55 23
split_gain=13.6201 14.2983 28.3223 24.0435 36.4463 31.3014 22.4612 21.9248 20.5523 28.8769 26.6921 22.6315 22.1303 24.4171 13.9568 12.3847 3.79733
threshold=9750.0000000000018 50004.000000000007 14.500000000000002 57000.000000000007 26250.000000000004 8892.7316916245309 78750.000000000015 -0.64549722436789991 11.000000000000002 7875.0000000000009 41.500000000000007 415.94747639726125 504.00693299383505 0.018019480519480522 0.12637085048272484 6812.9531070931198 507.41626340523311
decision_type=2 8 2 10 2 10 10 10 2 10 2 2 10 10 10 10 10
left_child=16 8 3 4 -3 -5 7 -4 9 11 -11 -2 13 -10 -14 -8 -1
right_child=1 2 6 5 -6 -7 15 -9 12 10 -12 -13 14 -15 -16 -17 -18
leaf_value=-0.0080763002937267129 0.18021243711665491 22.459438714497193 0.28826872260723446 143.63347916449496 -0.69007571989120375 1.6552832366147887 65.830095935233771 -0.26167876722329581 0.00014486384280138544 4.9475233059159667 214.35819088264356 -1.9854434742348084 -0.00067684253083356903 -0.0018333469063332327 -1.1188685713230331 -137.00758206611741 -0.012745839997334665
leaf_weight=56 1838 207 890 572 975 1554 79 3280 2192 1759 351 1021 10062 467 1069 544 61
leaf_count=56 1838 207 890 572 975 1554 79 3280 2192 1759 351 1021 10062 467 1069 544 61
internal_value=-0.000265127 -0.000182442 -0.001945 0.00157112 -0.00405314 0.00479499 -0.00441385 -0.00302177 0.000567991 0.00333142 0.0077691 0 -0.000413385 0.00366547 -0.00140667 -0.013357 -0.0171464
internal_weight=26977 26860 8101 3308 1182 2126 4793 4170 18759 4969 2110 2859 13790 2659 11131 623 117
internal_count=26977 26860 8101 3308 1182 2126 4793 4170 18759 4969 2110 2859 13790 2659 11131 623 117
is_linear=0
shrinkage=0.0500478


Tree=89
num_leaves=16
num_cat=0
split_feature=111 53 48 10 101 15 77 111 64 127 29 26 42 74 42
split_gain=14.833 12.3429 25.2484 20.3933 25.3097 24.695 30.589 22.348 20.0559 16.0582 25.1951 16.5766 15.3402 8.80923 3.31517
threshold=-0.45643939393939387 7005.8867426102979 37583.333333333336 32500.000000000004 -730.03252544743179 43250.000000000007 66500.000000000015 0.11852502194907814 -0.10300618921308576 74.500000000000014 44250.000000000007 9.5000000000000018 1.5706158053166273 87500.000000000015 -0.52958911772673611
decision_type=8 10 10 10 2 10 10 10 10 2 2 2 8 8 10
left_child=13 3 14 4 12 8 -7 -6 -5 11 -11 -4 -2 -1 -3
right_child=1 2 9 5 7 6 -8 -9 -10 10 -12 -13 -14 -15 -16
leaf_value=321.5254678401227 -0.014075529892952774 -1.4665471919326187 -0.22642417414796773 8.3157800244079709 0.000127272134188297 -0.0057030789635562646 76.910347900131654 -0.33203430375382703 0.023962385698440954 1.2683453035794077 -2.4614576725271444 30.750543040074682 0.14610936835169999 6.6809134927226808 -6.4760558932252579
leaf_weight=60 3035 58 1659 210 7309 4297 162 1523 2572 750 4670 427 78 67 100
leaf_count=60 3035 58 1659 210 7309 4297 162 1523 2572 750 4670 427 78 67 100
internal_value=-0.000272547 -0.000361435 -0.0020624 0.00030757 -0.000950579 0.00241084 5.52258e-05 0.000396119 0.00610979 -0.00161255 -0.00306356 0.00205907 -0.00483415 0.0165951 -0.0218107
internal_weight=26977 26850 7664 19186 11945 7241 4459 8832 2782 7506 5420 2086 3113 127 158
internal_count=26977 26850 7664 19186 11945 7241 4459 8832 2782 7506 5420 2086 3113 127 158
is_linear=0
shrinkage=0.0500478


Tree=90
num_leaves=12
num_cat=0
split_feature=29 79 63 1 52 14 77 50 55 16 52
split_gain=10.3068 21.0241 17.3333 24.008 17.103 25.9576 22.6179 13.1789 12.3286 6.91354 4.62817
threshold=109583.33333333336 127500.00000000001 23250.000000000004 9.0000000000000018 10551.272016880977 37143.42857142858 66500.000000000015 67333.333333333358 10820.48809584292 105750.00000000001 11636.742756881415
decision_type=2 10 10 2 8 8 8 10 10 10 10
left_child=1 2 4 -4 6 -6 -1 -5 -2 -3 -10
right_child=8 9 3 7 5 -7 -8 -9 10 -11 -12
leaf_value=-1.4077749398473719e-05 -600.9916388108677 191.41522529995521 -86.74013232092652 346.41967994640942 224.2105403282699 -9.8698543106743752 15.735880717158382 76.803183476331938 -229.9761606678193 13.83578127077007 58.95343648280101
leaf_weight=22872 101 104 90 140 80 2676 539 199 60 58 58
leaf_count=22872 101 104 90 140 80 2676 539 199 60 58 58
internal_value=-0.000287387 -0.000190618 -0.000308439 0.00961903 -0.000479878 -0.00420789 -3.1899e-05 0.0159654 -0.0110567 0.0176282 0
internal_weight=26977 26758 26596 429 26167 2756 23411 339 219 162 118
internal_count=26977 26758 26596 429 26167 2756 23411 339 219 162 118
is_linear=0
shrinkage=0.0500478


Tree=91
num_leaves=21
num_cat=0
split_feature=37 33 23 47 0 56 20 77 54 35 42 51 121 34 26 127 22 47 5 79
split_gain=12.7411 13.5011 17.6685 26.903 20.3885 18.8262 17.0497 16.1619 18.3992 17.2418 14.8685 14.1446 13.7126 13.0227 12.9234 10.5208 7.05708 9.44629 5.18395 4.17863
threshold=-17249.999999999996 28500.000000000004 11779.828853429588 44500.000000000007 33.000000000000007 34500.000000000007 51750.000000000007 66500.000000000015 12662.273100947275 0.10361161552366703 -0.56535963940210288 79250.000000000015 0.26136363636363641 17626.000000000004 15.500000000000002 104.50000000000001 11886.019694590967 68250.000000000015 69000.000000000015 107500.00000000001
decision_type=2 2 8 10 2 10 10 10 8 2 10 10 10 2 2 2 8 8 8 10
left_child=13 7 3 14 6 -5 -4 11 9 -9 -6 12 -2 16 -3 -13 17 -1 -15 -10
right_child=1 2 4 5 10 -7 -8 8 19 -11 -12 15 -14 18 -16 -17 -18 -19 -20 -21
leaf_value=283.57201095605444 -1.9887889071120284e-05 -5.143224251004991 73.397143839582924 -6.9731218950989673 0.3672429677380758 -189.8119266205745 6.0700650615762379 156.04732796924131 -149.28231334655499 5.8450971127607918 -150.13460454438081 4.8231169079373251 3.3446193045296662 -130.71005252284283 212.63615732434249 -322.62078573456478 248.06565894801105 -11.831343620133561 117.56471351814976 10.892242716853199
leaf_weight=111 21357 85 147 768 180 709 763 233 68 212 163 98 1524 60 98 132 56 86 62 65
leaf_count=111 21357 85 147 768 180 709 763 233 68 212 163 98 1524 60 98 132 56 86 62 65
internal_value=-0.000235447 -0.000372329 -0.00358646 -0.00698201 0.000754357 -0.00930029 0.00482258 1.46248e-05 0.00827074 0.0133017 -0.00940591 -0.000183885 -5.01344e-05 0.00887367 0.0105043 -0.0124713 0.0154627 0.00926514 -0.00318631 -0.00699202
internal_weight=26977 26602 2913 1660 1253 1477 910 23689 578 445 343 23111 22881 375 183 230 253 197 122 133
internal_count=26977 26602 2913 1660 1253 1477 910 23689 578 445 343 23111 22881 375 183 230 253 197 122 133
is_linear=0
shrinkage=0.0500478


Tree=92
num_leaves=31
num_cat=0
split_feature=127 127 64 52 54 111 35 86 85 101 127 28 42 0 125 101 38 127 122 35 47 0 87 125 55 110 125 82 42 83
split_gain=10.9629 32.8172 25.945 26.1967 20.6956 20.2324 32.0352 19.7591 22.2336 20.7424 20.8961 19.9673 19.4691 17.7079 17.6721 14.6487 24.2415 17.4555 16.2704 20.324 14.0094 12.8615 13.9392 10.6557 9.68581 9.53669 9.32603 6.56426 6.39883 3.79175
threshold=206.50000000000003 296.50000000000006 0.13188405797101452 9755.2057704550989 6304.7289326625132 0.21583850931677021 0.2091854296765365 69375.000000000015 79750.000000000015 -1499.8579850349304 287.50000000000006 39500.000000000007 -0.80532176687289436 21.000000000000004 16.500000000000004 -703.98235182489941 -10833.333333333332 12.500000000000002 2250.0000000000005 0.049981782624076342 108750.00000000001 10.000000000000002 5530.0000000000009 4.5000000000000009 5144.5397099759548 -0.20156249999999998 17.500000000000004 77250.000000000015 -0.40824829046386418 43875.000000000007
decision_type=2 2 10 10 10 10 2 10 10 2 2 2 10 2 2 2 2 2 10 2 8 2 10 2 10 10 2 10 10 10
left_child=5 7 3 4 -3 15 12 9 28 11 -11 -2 24 -14 23 16 20 -18 19 -17 -1 -8 -23 -4 -7 -5 -20 -10 -9 -16
right_child=1 2 14 25 -6 6 21 8 27 10 -12 -13 13 -15 29 18 17 -19 26 -21 -22 22 -24 -25 -26 -27 -28 -29 -30 -31
leaf_value=60.664235869475611 -0.078974289172996717 -3.4635008339566481e-05 73.615435356210597 3.0979528232735634 7.3147848046987987 -6.5982332037597695 -0.015391532048078261 -38.946055519748299 21.626804340130565 -0.0020745393603391151 -0.034090816745197053 0.58072019644375206 3.140544853677091 -93.367455059599564 249.60216095600697 -5.4846562977740928e-06 -6.3390800033712678 -0.004347638897157626 -165.89391867989494 0.050097209969226314 -25.495392141497579 -58.52726303766795 -226.99239438737504 -4.0664542170250719 135.32719186291848 -227.07049677152517 2.5037703054413449 -101.97092657384015 -6.5062683666450569 239.1461973915502
leaf_weight=676 775 2601 71 66 641 56 110 90 101 2972 369 939 552 666 189 2488 296 6180 210 5538 67 185 163 172 159 192 116 73 197 67
leaf_count=676 775 2601 71 66 641 56 110 90 101 2972 369 939 552 666 189 2488 296 6180 210 5538 67 185 163 172 159 192 116 73 197 67
internal_value=-0.000231736 -0.00160345 0.00181261 0.00022753 0.00151053 0.000504142 -0.00435926 -0.00411671 -0.0141384 -0.00315602 -0.0054625 0.00122238 -0.000520301 -0.00311343 0.0124681 0.00110847 -0.000519249 -0.00152901 0.00253953 0.00300422 0.00798424 -0.0158609 -0.0205538 0.00181944 0.0131014 -0.0149737 -0.0082166 0 -0.0226376 0.0216736
internal_weight=26977 9515 3999 3500 3242 17462 1891 5516 461 5055 3341 1714 1433 1218 499 15571 7219 6476 8352 8026 743 458 348 243 215 258 326 174 287 256
internal_count=26977 9515 3999 3500 3242 17462 1891 5516 461 5055 3341 1714 1433 1218 499 15571 7219 6476 8352 8026 743 458 348 243 215 258 326 174 287 256
is_linear=0
shrinkage=0.0500478


Tree=93
num_leaves=29
num_cat=0
split_feature=9 130 51 127 59 102 124 127 16 77 47 120 43 73 0 112 109 42 50 29 50 102 26 131 102 53 102 23
split_gain=20.6005 19.4645 27.6559 20.5941 28.5789 21.3035 35.218 20.2783 18.9938 27.6661 21.1671 18.5141 16.945 22.2541 22.9895 20.192 16.7963 16.6475 15.5285 38.9413 36.9528 14.8758 19.5816 12.0317 10.608 9.21502 6.4078 2.03807
threshold=26500.000000000004 0.93301270189221952 17416.666666666668 298.50000000000006 7504.0000000000009 1.0000000180025095e-35 22.500000000000004 141.50000000000003 28450.000000000004 22500.000000000004 27750.000000000004 0.27922077922077926 0.45833333333333343 28004.000000000004 21.000000000000004 -0.50384615384615372 -0.056349206349206336 -0.12539246564387976 37416.666666666679 31916.666666666668 44250.000000000007 -141.97553151757526 33.500000000000007 -0.68301270189221952 -167.59252276747426 10016.638981097474 1038.6447198489097 1591.6448515084069
decision_type=10 2 10 2 10 2 2 2 10 10 8 10 2 10 2 10 10 8 10 2 10 2 2 2 2 10 2 10
left_child=1 3 26 5 24 7 -7 -1 9 21 23 -6 18 14 -14 -15 -4 -12 19 -10 -20 -2 -23 -11 -5 -18 27 -3
right_child=8 2 16 4 11 6 -8 -9 12 10 17 -13 13 15 -16 -17 25 -19 20 -21 -22 22 -24 -25 -26 -27 -28 -29
leaf_value=0.0056630177425155692 3.2983819693634913 20.769540639206493 9.4721000936154134 -0.0004521922196289831 -0.02720788967597677 -0.026532540319140253 -0.0047387294501875163 -0.01156633536513077 0.00081491256602965901 -0.61151521364006489 5.1399745535100933e-05 43.198021936666308 -1.1093165439196246 0.63293831606428552 -0.0010223525431231287 -0.0052641130891726449 -0.41010699453553318 0.00058896255444400043 6.8859476251189857 -3.6514878271350573 0.24799836956851698 -0.015154531349516481 0.10067881765133957 4.9571867371742806e-05 2.1188366066236348 22.128204039447706 0.48873803551940598 3.7251384331470234
leaf_weight=1212 89 56 88 60 644 1934 214 1945 834 205 773 62 148 266 200 11051 291 388 1077 284 3874 86 64 603 332 60 72 65
leaf_count=1212 89 56 88 60 644 1934 214 1945 834 205 773 62 148 266 200 11051 291 388 1077 284 3874 86 64 603 332 60 72 65
internal_value=-0.000391269 -0.00272321 0.00551581 -0.00357008 0.00254335 -0.00487444 -0.00874893 -0.00216895 0.000421379 0.00479825 0.00271438 -0.0032442 -0.000112653 -0.00123934 -0.0136988 -0.000835304 -0.00101162 0.00709446 0.00201893 -0.00321263 0.00324249 0.0209195 0.00916696 -0.00332992 0.0134396 -0.00636104 0.0212338 0.0287533
internal_weight=26977 7035 632 6403 1098 5305 2148 3157 19942 2208 1969 706 17734 11665 348 11317 439 1161 6069 1118 4951 239 150 808 392 351 193 121
internal_count=26977 7035 632 6403 1098 5305 2148 3157 19942 2208 1969 706 17734 11665 348 11317 439 1161 6069 1118 4951 239 150 808 392 351 193 121
is_linear=0
shrinkage=0.0500478


Tree=94
num_leaves=28
num_cat=0
split_feature=9 40 39 38 5 80 39 0 47 130 39 127 20 3 127 112 99 124 127 100 99 47 25 97 52 76 32
split_gain=21.6464 16.6836 16.4761 30.7664 22.4924 39.4978 17.665 15.7505 33.5057 18.8459 22.1237 18.8258 17.3361 15.4031 14.2719 13.4205 11.5377 11.3977 19.9821 15.6735 15.6425 23.0041 17.3883 12.9063 10.1141 14.5005 11.0099
threshold=26500.000000000004 2500.0000000000005 1.239737274220033 2041.6666666666672 19500.000000000004 22400.000000000004 1.506756756756757 39.500000000000007 43000.000000000007 -0.6830127018922193 1.0873379099923726 157.50000000000003 25750.000000000004 1.5000000000000002 203.50000000000003 0.40312500000000007 16531.331409194005 7.5000000000000009 32.500000000000007 -0.37364291107405728 28765.296165642834 29750.000000000004 2.5000000000000004 28000.000057021411 4035.2607187858589 18500.000000000004 5640.6247014725232
decision_type=10 2 2 2 8 8 2 2 10 2 2 2 10 2 2 10 2 2 2 2 2 10 2 2 10 8 2
left_child=2 17 3 13 16 -6 24 9 11 10 -3 -9 -11 14 -1 -10 -5 20 19 -19 22 -22 -2 -20 25 -4 -26
right_child=1 7 6 4 5 -7 -8 8 15 12 -12 -13 -14 -15 -16 -17 -18 18 23 -21 21 -23 -24 -25 26 -27 -28
leaf_value=-0.00051919137332004177 44.897810729894545 -0.0021685957473124452 0.00071472801189828572 -0.019530694291426048 -0.0049597300575593712 -0.02105014185134273 -0.026185588428329687 -24.117229788288537 -167.43039704547533 4.7785227817458633 -0.82129665588570888 2.4998216358696124 0.0036865989757253075 41.25340798317815 -0.020045693799174397 -17.497675268080766 3.0842580204888366 -1.5084502101375592 -3.11472462110747e-05 -0.025346365344047415 -0.03212118926844508 0.10998268470231705 0.00099905175909506668 0.00044516388053354207 -80.546243272650216 4.6322827654270515 12.231839771186637
leaf_weight=2960 176 1392 222 61 343 752 74 185 391 65 554 220 9026 82 1984 142 94 106 593 119 407 3701 899 1966 206 174 83
leaf_count=2960 176 1392 222 61 343 752 74 185 391 65 554 220 9026 82 1984 142 94 106 593 119 407 3701 899 1966 206 174 83
internal_value=-0.000561933 0.000270818 -0.00295078 -0.0038097 -0.010866 -0.0134496 0.00387284 -0.000898056 -0.00712698 -0.000348734 -0.00482699 0.00330702 0.000588474 -0.00200973 -0.00240729 -0.0154152 0.00601503 0.00205306 -0.000465607 -0.0147258 0.00344487 0.00197153 0.00886843 0.000721434 0.0066194 0.0117974 0
internal_weight=26977 19942 7035 6276 1250 1095 759 11975 938 11037 1946 405 9091 5026 4944 533 155 7967 2784 225 5183 4108 1075 2559 685 396 289
internal_count=26977 19942 7035 6276 1250 1095 759 11975 938 11037 1946 405 9091 5026 4944 533 155 7967 2784 225 5183 4108 1075 2559 685 396 289
is_linear=0
shrinkage=0.0500478


Tree=95
num_leaves=25
num_cat=0
split_feature=83 96 124 11 51 29 95 26 63 77 108 38 63 39 26 39 16 125 40 124 63 12 36 69
split_gain=21.8937 23.8975 22.9482 45.5799 20.6911 32.2602 30.8213 30.356 34.957 15.4124 14.4246 14.2511 12.4843 12.3799 21.8966 15.6099 11.9454 10.5678 10.2996 9.23037 8.96075 8.5987 8.93835 6.75277
threshold=26625.000000000004 27000.000000000015 22.500000000000004 19500.000000000004 20583.333333333339 19416.666666666668 0.12834771792598776 48.500000000000007 752.00000000000011 22500.000000000004 0.17028985507246377 3083.3333333333326 425.00000000000006 0.85028735632183916 31.500000000000004 0.86781609195402309 20683.333333333339 22.500000000000004 4400.0000000000009 43.500000000000007 -1749.9999999999998 55500.000000000007 0.91666666666666685 3250.0000000000005
decision_type=8 2 2 10 10 2 10 2 10 10 8 2 10 2 2 2 10 2 2 2 10 8 2 10
left_child=2 9 4 12 5 16 -7 8 -6 -2 13 19 18 14 -3 -15 -1 20 -4 -5 -11 22 -12 -23
right_child=1 10 3 11 7 6 -8 -9 -10 17 21 -13 -14 15 -16 -17 -18 -19 -20 -21 -22 23 -24 -25
leaf_value=-0.007786734930688881 19.63710840503088 9.3838839649810843 0.0042739679849280194 -0.02031797331053007 -0.0080137186816636469 6.373144699864266 -2.9171607876673469 218.05394773286162 -6.335472908726449 -0.28486786500513228 -294.42456775859461 -0.012836171965571984 -0.011220171654784554 -3.6368323084618464 -0.7272436827633918 -1.0659704141856839e-05 0.07430598455132921 -0.025089806784121298 0.00032912643850471052 -0.0016374015508621089 0.031042069817316834 -231.66169549042212 6.9605316078456365 -11.529418035949714
leaf_weight=3097 68 1686 57 141 1154 352 176 71 456 58 70 95 66 325 615 17338 341 82 74 68 84 135 268 100
leaf_count=3097 68 1686 57 141 1154 352 176 71 456 58 70 95 66 325 615 17338 341 82 74 68 84 135 268 100
internal_value=-0.000662104 0.000103123 -0.00328683 -0.0136115 -0.0023292 -0.000301704 0.011126 -0.00698411 -0.00850213 0.0142645 -8.99691e-05 -0.0257913 0.00424652 0.000125137 0.00358334 -0.000314255 -0.00212273 0.00661335 0.0138474 -0.0333552 0.0152183 -0.00790774 -0.00204676 -0.0153702
internal_weight=26977 20829 6148 501 5647 3966 528 1681 1610 292 20537 304 197 19964 2301 17663 3438 224 131 209 142 573 338 235
internal_count=26977 20829 6148 501 5647 3966 528 1681 1610 292 20537 304 197 19964 2301 17663 3438 224 131 209 142 573 338 235
is_linear=0
shrinkage=0.0500478


Tree=96
num_leaves=26
num_cat=0
split_feature=83 75 80 124 0 111 39 42 76 63 47 6 127 16 125 51 29 95 127 92 109 125 55 125 4
split_gain=19.6958 27.862 18.4507 22.5718 20.5935 22.8125 25.4933 16.919 16.384 15.2896 14.3084 12.9064 12.3795 26.0857 49.1508 21.2251 30.9845 20.0694 18.2987 12.2168 9.46534 8.90129 8.81713 0.446221 0.396852
threshold=21125.000000000004 20500.000000000004 17500.000000000004 22.500000000000004 33.000000000000007 0.20576923076923079 0.90378681626928481 -0.89387707834999797 17500.000000000004 3250.0000000000005 16250.000000000002 9500.0000000000018 74.500000000000014 57333.466666666674 7.5000000000000009 36833.333333333336 30041.666666666668 0.1600920694530025 16.500000000000004 1562.5000000000002 0.13961038961038963 10.500000000000002 5496.9669803177158 20.500000000000004 23500.000000000004
decision_type=8 8 10 2 2 8 2 10 10 10 10 10 2 10 2 10 2 10 2 10 10 2 8 2 8
left_child=2 19 4 8 5 6 -1 21 11 -10 -5 -4 15 17 -15 16 -3 -14 -17 24 -9 -6 -21 -12 -2
right_child=1 12 3 10 7 -7 -8 20 9 -11 23 -13 13 14 -16 18 -18 -19 -20 22 -22 -23 -24 -25 -26
leaf_value=1.7052305014477314 6.7389516136863845 0.033301665826793538 8.1290400038960868 -0.00022087575304479616 40.484646722206932 5.3824360674217688 -0.0027806342111790466 -2.3096741823936413 -0.0014406082377547485 17.178412699048948 -0.0041713945951224254 -0.28186514846337557 -4.7124871447732408e-05 5.8701846643085203 -8.2565765853353312 -0.32817470487776707 -0.28285242775811231 3.6849425140422478 4.6239262715502027 -0.19953588547192475 0.091847017728764815 -0.11395244460723059 21.585920929700059 -0.0021960160549153078 4.1823416370397242
leaf_weight=139 58 944 60 70 209 77 570 319 1051 75 121 1384 11865 751 2700 589 1090 1389 2691 100 106 428 69 60 62
leaf_count=139 58 944 60 70 209 77 570 319 1051 75 121 1384 11865 751 2700 589 1090 1389 2691 100 106 428 69 60 62
internal_value=-0.000717755 -8.95571e-05 -0.00367392 -0.00622038 0.000106104 0.00634275 0.00316017 -0.004322 -0.00470669 0 -0.0207189 -0.00823225 -0.000302092 -0.00097931 -0.00485375 0.00178789 -0.0021608 1.48108e-05 0.00429851 0.01527 -0.0120507 0.000541846 0.00494004 -0.0280792 0.0277619
internal_weight=26977 22308 4669 2821 1848 786 709 1062 2570 1126 251 1444 22019 16705 3451 5314 2034 13254 3280 289 425 637 169 181 120
internal_count=26977 22308 4669 2821 1848 786 709 1062 2570 1126 251 1444 22019 16705 3451 5314 2034 13254 3280 289 425 637 169 181 120
is_linear=0
shrinkage=0.0500478


Tree=97
num_leaves=26
num_cat=0
split_feature=9 124 22 50 31 130 39 74 43 42 125 28 102 80 77 55 63 32 80 12 77 23 62 125 102
split_gain=17.6494 25.812 28.2568 24.9164 29.5276 19.8614 18.1492 16.1095 15.1288 14.5447 31.3077 14.9001 16.5724 20.5629 18.5809 13.3785 13.3058 11.7379 14.4461 8.53858 5.68703 4.69339 3.39014 2.51222 0.682934
threshold=26500.000000000004 22.500000000000004 913.87353346266229 15250.000000000002 28500.000000000004 0.93301270189221952 0.87026647966339421 9500.0000000000018 0.27500000000000008 -1.6328949943016937 21.500000000000004 112500.00000000001 33.108159176117631 137500.00000000003 18500.000000000004 10820.48809584292 3250.0000000000005 4713.4529311957758 31004.000000000004 30500.000000000004 39000.000000000007 1.0000000180025095e-35 -749.99999999999989 18.500000000000004 -244.21080800482193
decision_type=10 2 10 10 2 2 2 8 2 10 2 2 2 10 10 10 8 2 10 10 10 10 10 2 2
left_child=1 2 7 21 22 16 -7 23 -9 10 17 12 14 -14 -11 -13 -4 18 -2 -6 -19 -3 -5 -1 -12
right_child=9 3 5 4 19 6 -8 8 -10 11 24 15 13 -15 -16 -17 -18 20 -20 -21 -22 -23 -24 -25 -26
leaf_value=0.10728528174519165 0.066761103030925403 0.05995746513432243 -0.2779080088292144 -0.0035853198797822262 0.064194777306157261 49.479954684389298 -0.0046333281586274193 -0.41772862057530991 0.0021810487952664062 25.172674861929501 93.915064266500778 -738.99951069229405 0.0019616836198419786 159.0524367865406 -0.001364206847231966 -5.5683234512711737 0.51903412784416936 166.73620780647587 -2.0059788769312243 -1.2255464720866189 -3.2499068474276855 -0.003658755288966563 -0.012094293925653567 0.31327254555831352 0.11787554054496738
leaf_weight=62 101 86 3113 61 64 101 338 416 1762 141 112 81 8184 77 10862 86 545 75 110 61 57 57 294 75 56
leaf_count=62 101 86 3113 61 64 101 338 416 1762 141 112 81 8184 77 10862 86 545 75 110 61 57 57 294 75 56
internal_value=-0.000795667 -0.00295078 -0.00196559 -0.0127169 -0.0182498 -0.00447955 0.00531975 0.0023955 0.00123769 -2.49005e-05 0.00827778 -0.000254761 -0.000114097 0.00156817 -0.00139575 -0.0150405 -0.00571409 0 -0.00771955 0.00114785 0.0111387 0.00444673 -0.0256118 0.018994 0.0258164
internal_weight=26977 7035 6412 623 480 4097 439 2315 2178 19942 511 19431 19264 8261 11003 167 3658 343 211 125 132 143 355 137 168
internal_count=26977 7035 6412 623 480 4097 439 2315 2178 19942 511 19431 19264 8261 11003 167 3658 343 211 125 132 143 355 137 168
is_linear=0
shrinkage=0.0500478


Tree=98
num_leaves=29
num_cat=0
split_feature=58 35 37 95 131 94 62 0 22 37 77 28 0 120 83 39 37 73 0 73 35 21 35 54 121 90 11 54
split_gain=15.8048 21.9911 21.7017 27.9353 27.2498 21.434 20.9085 20.6146 20.4015 18.7361 18.2829 14.2277 13.2105 31.7888 32.2034 30.0067 24.568 20.3069 19.6114 12.8718 13.2631 12.1825 11.555 10.7377 9.95451 9.85242 7.1077 5.52517
threshold=2750.0000000000005 0.0420168961824239 -1.0000000180025095e-35 0.04151606031552986 -0.9330127018922193 0.015777166425813834 190.00000000000003 10.000000000000002 2344.0361546937161 -749.99999999999989 28500.000000000004 28252.000000000004 13.000000000000002 1.0000000180025095e-35 79375.000000000015 1.0655913978494624 3250.0000000000005 87500.000000000015 21.000000000000004 32500.000000000004 0.023005988268420752 755.92894601841806 0.02848243886957184 826.10312969235281 1.0000000180025095e-35 325.00000000000006 28004.000000000004 826.10312969235281
decision_type=8 2 2 10 2 10 10 2 10 2 10 2 2 8 10 2 2 8 2 10 2 8 2 10 10 10 10 10
left_child=2 9 5 4 11 6 27 -6 10 21 -5 -4 13 16 -15 18 -3 -17 -14 20 -11 24 25 -8 -2 -7 -24 -1
right_child=1 12 3 8 7 22 23 -9 -10 19 -12 -13 15 14 -16 17 -18 -19 -20 -21 -22 -23 26 -25 -26 -27 -28 -29
leaf_value=-0.038387561049277943 -0.0052587830902067981 -0.006164824539614356 0.00010707244776921707 -0.086460455910213549 0.00074553221813833707 0.0022799902057309284 0.45031391337085508 8.5078465695936011e-05 1.9542929654353562 0.00030154304469404126 0.064621219467649024 2.1914198478100873 0.12837257841249203 0.17806982820769207 -97.02070571324424 -0.35364984502085722 0.017543516244889416 16.446481429185855 -0.074309138017499901 2.1007050095103423 -0.047287760324427122 -3.661994219579034 0.031581444006535495 -0.0056962003721805184 1.0037063286415497 -0.12322824151300092 -0.007422701194323437 -0.0018792264273573807
leaf_weight=234 61 2017 175 326 323 111 126 1716 84 140 59 80 2096 3979 324 2360 1052 252 9950 98 722 61 211 77 90 105 90 58
leaf_count=234 61 2017 175 326 323 111 126 1716 84 140 59 80 2096 3979 324 2360 1052 252 9950 98 722 61 211 77 90 105 90 58
internal_value=-0.000484021 -0.00097903 0.00250306 0.00483065 0.00714661 -0.00364699 -0.0111599 0.00507289 -0.00604281 -0.00766722 -0.0112281 0.0227298 -0.000613144 0.00109891 0.00389324 -0.00148815 -0.00275252 -0.00635393 -0.000415068 -0.0107081 -0.0127326 0.00511638 0.00317207 0.000224853 0.0133472 -0.0050227 0.00971819 -0.0197036
internal_weight=26977 23202 3775 2763 2294 1012 495 2039 469 1172 385 255 22030 7372 4303 14658 3069 2612 12046 960 862 212 517 203 151 216 301 292
internal_count=26977 23202 3775 2763 2294 1012 495 2039 469 1172 385 255 22030 7372 4303 14658 3069 2612 12046 960 862 212 517 203 151 216 301 292
is_linear=0
shrinkage=0.0500478


Tree=99
num_leaves=24
num_cat=0
split_feature=54 12 64 15 127 92 35 35 78 14 15 120 125 38 23 50 119 54 29 99 22 47 0
split_gain=19.1925 19.8002 21.2195 19.2663 17.0087 21.4452 16.2937 14.6416 13.5765 14.8682 13.2645 13.0676 12.3062 11.7305 10.0524 9.67248 9.92367 9.45498 9.00177 7.99682 7.27279 7.02098 1.35814
threshold=1033.8299006464601 31004.000000000004 -0.01680790960451977 26035.71428571429 138.50000000000003 751.00000000000011 0.0420168961824239 0.030147913548188826 9500.0000000000018 9785.7142857142881 10035.714285714288 0.13392857142857145 10.500000000000002 166.666666666667 1105.8881072455172 30541.666666666668 1.0000000180025095e-35 1516.5750888103105 10916.66666666667 26102.469350653144 534.52248382456503 31250.000000000004 21.000000000000004
decision_type=8 10 10 10 2 10 2 2 8 8 8 10 2 2 10 8 10 10 2 2 10 8 2
left_child=1 3 13 19 7 -6 11 -5 18 14 -11 15 -4 -3 -10 16 -2 22 -8 -1 -14 -17 -13
right_child=6 2 12 4 5 -7 8 -9 9 10 -12 17 20 -15 -16 21 -18 -19 -20 -21 -22 -23 -24
leaf_value=-0.011884410189019598 -0.035363749829834271 -0.044942645989474152 -0.0005923327935962859 -0.005657881890464702 0.00050553642014830775 0.00014964561947283152 0.10111283314954379 0.049708706228786516 -2.5059684442608412 0.40536747134366224 -0.0036809948375965723 -45.23670926832677 -2.542279805099434 2.4213919825446037 1.0135282534065226 0.039722371242034087 0.001787304422968541 -0.067108719983934875 -0.10922158784737097 -0.060824001355047133 -0.060141093002932806 -0.0017812708355472611 -0.12171224022296553
leaf_weight=58 290 72 79 832 1349 909 88 485 100 97 21599 80 105 69 57 81 139 87 59 61 59 147 75
leaf_count=58 290 72 79 832 1349 909 88 485 100 97 21599 80 105 69 57 81 139 87 59 61 59 147 75
internal_value=-0.000305938 0.0028446 -0.00776046 0.00400663 0.00471349 0.00734899 -0.000876159 3.50114e-05 -0.000595782 -0.000707417 -0.000585677 -0.00749084 -0.0169083 0.00660208 -0.0159838 -0.00340936 -0.00799504 -0.0175917 0.0143742 -0.0152157 -0.0246327 0.0043268 -0.0250871
internal_weight=26977 4078 384 3694 3575 2258 22899 1317 22000 21853 21696 899 243 141 157 657 429 242 147 119 164 228 155
internal_count=26977 4078 384 3694 3575 2258 22899 1317 22000 21853 21696 899 243 141 157 657 429 242 147 119 164 228 155
is_linear=0
shrinkage=0.0500478


Tree=100
num_leaves=30
num_cat=0
split_feature=55 127 99 127 124 86 102 96 48 26 0 1 40 0 83 26 0 76 93 7 52 124 95 131 125 56 0 38 124
split_gain=20.2366 20.8809 18.9026 23.0993 21.5225 30.9129 15.7718 13.7132 18.5311 14.3848 12.8403 12.1637 19.9954 25.5848 33.5554 23.0406 21.7282 29.351 18.5125 18.3544 19.7301 35.6197 19.9787 11.4832 13.2764 12.2306 10.9434 5.27256 4.90857
threshold=1001.9064032049168 135.50000000000003 27898.674570339532 338.50000000000006 54.500000000000007 28250.000000000004 -512.42170151990092 27998.225688962979 31416.666666666668 9.5000000000000018 21.000000000000004 11.000000000000002 5500.0000000000009 13.000000000000002 79375.000000000015 51.500000000000007 39.500000000000007 33500.000000000007 0.12885235010439219 9500.0000000000018 3561.3660101257651 21.500000000000004 0.050133039553472238 0.25000000000000017 19.500000000000004 14500.000000000002 33.000000000000007 -666.66666666666958 3.5000000000000004
decision_type=8 2 2 2 2 10 2 2 10 2 2 2 2 2 8 2 2 8 10 10 10 2 10 2 2 10 2 2 2
left_child=1 7 3 6 5 -4 -3 10 9 -9 28 12 16 14 -14 -15 18 -18 -2 23 21 -21 -22 25 -25 -13 -10 -6 -1
right_child=11 2 4 -5 27 -7 -8 8 26 -11 -12 19 13 15 -16 -17 17 -19 -20 20 22 -23 -24 24 -26 -27 -28 -29 -30
leaf_value=-1.5048436215243923 3.3211174059844075 0.019330074825189999 0.00093817259568726896 85.874591039759963 -0.0047370898446503704 0.0023125308417615144 -0.0026670740848621401 -0.00084206943673631517 0.019325639676715536 -0.097135450156008454 44.759501892718731 0.042898362354794911 0.44549882956729464 -4.2249413958483331 -90.500993774111024 198.3924673041212 25.111540647581418 -5.6929490717955451 198.37997931391479 0.0023793769147143896 0.0010302388400952416 -0.0036319295828819557 -0.19336861251621695 0.23313463088799005 -2.5963090986561363 8.9176407346953432 0.10590690809422884 -4.4055087408433216e-06 34.145295597177949
leaf_weight=60 2261 174 457 60 56 1018 544 574 106 475 72 429 2668 3315 445 67 425 1124 462 3834 1601 456 5644 200 93 161 56 79 61
leaf_count=60 2261 174 457 60 56 1018 544 574 106 475 72 429 2668 3315 445 67 425 1124 462 3834 1601 456 5644 200 93 161 56 79 61
internal_value=-0.000213186 0.00316452 0.00602812 -0.000123318 0.0091229 0.0109389 -0.00291229 -0.00156298 -0.00366757 -0.00623179 0.010479 -0.0007747 0.000441126 -0.00128576 0.00194256 -0.00431683 0.00311359 -0.00151368 0.0058197 -0.00184519 -0.00238983 0.000255612 -0.00398399 0.00502616 -0.0025279 0.00911693 0.0115414 -0.009075 0
internal_weight=26977 3792 2388 778 1610 1475 718 1404 1211 1049 193 23185 10767 6495 3113 3382 4272 1549 2723 12418 11535 4290 7245 883 293 590 162 135 121
internal_count=26977 3792 2388 778 1610 1475 718 1404 1211 1049 193 23185 10767 6495 3113 3382 4272 1549 2723 12418 11535 4290 7245 883 293 590 162 135 121
is_linear=0
shrinkage=0.0500478


Tree=101
num_leaves=21
num_cat=0
split_feature=64 94 100 107 112 53 34 38 47 94 12 124 63 63 11 127 111 37 120 127
split_gain=15.7058 16.3421 15.9721 21.2534 13.98 17.8769 13.9411 17.177 15.9485 13.62 13.1773 15.3514 12.7509 12.3006 10.7591 10.5237 10.3253 7.48893 7.41852 4.39694
threshold=-0.040408163265306114 0.26367626367286778 406.17733289933591 -6499.9999999999991 0.3675324675324676 5545.2664205413366 18125.000000000004 -12333.333333333334 53750.000000000007 0.048259567890648648 17500.000000000004 59.500000000000007 7750.0000000000009 -749.99999999999989 75500.000000000015 62.500000000000007 0.13961038961038963 -19249.999999999996 0.13392857142857145 105.50000000000001
decision_type=8 10 2 8 8 10 2 2 10 10 10 2 8 10 8 2 10 2 10 2
left_child=1 2 4 19 5 -1 7 14 16 -5 13 -12 -6 -9 17 -10 -8 -2 -17 -4
right_child=6 -3 3 9 12 -7 8 10 15 -11 11 -13 -14 -15 -16 18 -18 -19 -20 -21
leaf_value=0.0029743187571164781 564.78178251462225 28.687321777211935 -46.942772540069406 4.7290455206937638 12.185123447196052 -0.41806594901240157 56.286544658317681 0.028121196872684502 -12.145945900417361 -66.729155898529058 0.0010411592243951566 -0.0017906104347265854 -3.4323110409466304 -0.023598126761359348 -11.74994725641494 -85.971618553241555 -36.639417581321986 112.66984721300155 -577.88994482986971 -200.04574808088509
leaf_weight=2257 86 95 58 116 337 3339 91 935 109 787 15095 207 95 2618 88 81 94 211 113 165
leaf_count=2257 86 95 58 116 337 3339 91 935 109 787 15095 207 95 2618 88 81 94 211 113 165
internal_value=-0.000176085 -0.00217352 -0.00247512 -0.00797976 -0.00141022 -0.00210905 0.000547705 0.000769668 -0.00774757 -0.00425185 0.000543867 0.00119008 0.00713344 -0.00218075 0.0112281 -0.0148978 0.0029164 0.0158648 -0.02189 -0.0219602
internal_weight=26977 7249 7154 1126 6028 5596 19728 19240 488 903 18855 15302 432 3553 385 303 185 297 194 223
internal_count=26977 7249 7154 1126 6028 5596 19728 19240 488 903 18855 15302 432 3553 385 303 185 297 194 223
is_linear=0
shrinkage=0.0500478


Tree=102
num_leaves=29
num_cat=0
split_feature=12 127 51 51 102 102 54 95 0 76 56 77 14 7 125 120 59 28 32 38 30 124 42 125 53 93 63 61
split_gain=13.0313 17.1744 28.8514 21.6454 22.5286 21.0709 29.9797 20.3514 16.9691 14.6472 34.5021 21.5864 16.6577 18.5971 13.5136 21.0364 17.4292 12.9444 12.9375 11.0202 10.6187 10.2835 9.56651 9.53928 8.31332 7.65201 6.21702 1.62964
threshold=50004.000000000007 96.500000000000014 56000.000000000007 87916.666666666672 6126.1835257956855 10693.177051788984 8892.7316916245309 0.16134635046184964 21.000000000000004 17500.000000000004 10004.000000000002 17500.000000000004 17071.428571428576 15004.000000000002 14.500000000000002 1.0000000180025095e-35 27500.000000000004 26250.000000000004 5640.6247014725232 2503.3333333333326 49000.000000000007 2.5000000000000004 -0.36122983223655114 14.500000000000002 4451.5879332557261 0.058890521643466961 9500.0000000000018 -1.0000000180025095e-35
decision_type=8 2 8 10 2 2 8 10 2 10 10 10 10 10 2 10 10 2 2 2 2 2 10 2 10 10 10 10
left_child=9 2 7 4 8 6 -4 17 -3 10 12 19 13 -1 15 -13 -16 -2 24 21 -9 -11 -14 -5 -12 -7 -6 -25
right_child=1 3 5 23 26 25 -8 20 -10 11 18 14 22 -15 16 -17 -18 -19 -20 -21 -22 -23 -24 27 -26 -27 -28 -29
leaf_value=-0.00095991439612540578 20.138397972257607 0.009700394704439513 49.996901113099611 -26.98734694198308 -360.27029166303555 36.450580655614438 1.5828539024256174 -30.528654228394277 -1.2121063294804566 28.327850616280063 -0.39334481654169851 -0.00011219455701126767 0.76925372846691475 0.14471051336952553 -0.00014766297997977784 0.077823594926359457 8.0572363342172704 -0.24504698851818199 0.10642683703268419 -0.00020129498466931264 -5.0044234112925583 0.010497489858006264 -0.38365954108976863 -207.45624971950943 -5.6909953887631088 -249.3288439016907 -4.4742638279541884 -496.14731654526247
leaf_weight=2067 90 2535 568 101 106 71 1702 113 1879 67 236 2416 76 254 7769 4773 459 520 95 90 60 138 246 84 190 134 66 72
leaf_count=2067 90 2535 568 101 106 71 1702 113 1879 67 236 2416 76 254 7769 4773 459 520 95 90 60 138 246 84 190 134 66 72
internal_value=-0.000124145 -0.00180913 0.000950517 -0.00370725 -0.00285689 0.00365489 0.00510781 -0.00732275 -0.00210691 0.00058833 -0.00249608 0.00122273 -9.31361e-05 0.0013123 0.000950757 0.00253963 -0.000413027 -0.00260867 -0.0142388 0.0146254 -0.0225133 0.0209706 -0.010786 -0.0179249 -0.01798 -0.0113204 -0.0206341 -0.0258764
internal_weight=26977 8101 3258 4843 4586 2475 2270 783 4414 18876 3164 15712 2643 2321 15417 7189 8228 610 521 295 173 205 322 257 426 205 172 156
internal_count=26977 8101 3258 4843 4586 2475 2270 783 4414 18876 3164 15712 2643 2321 15417 7189 8228 610 521 295 173 205 322 257 426 205 172 156
is_linear=0
shrinkage=0.0500478


Tree=103
num_leaves=22
num_cat=0
split_feature=35 16 58 124 0 42 86 37 82 64 95 12 42 15 127 105 127 101 29 25 32
split_gain=11.1984 23.6772 17.5285 26.919 23.1997 28.8493 24.997 24.1732 16.8575 21.7918 13.6148 11.8039 20.7109 19.4226 11.4232 9.042 8.89932 14.5604 10.5999 0.32792 0.176567
threshold=0.02593387480592638 26589.117647058829 2750.0000000000005 48.500000000000007 33.000000000000007 1.2437208917552443 70500.000000000015 -12249.999999999998 27125.000000000004 0.055050505050505051 0.038878656370997029 28004.000000000004 1.5505847767289238 27025.000000000004 295.50000000000006 -1.0000000180025095e-35 112.50000000000001 -273.96492436386683 28250.000000000004 10.500000000000002 865.54360876699582
decision_type=2 10 8 2 2 10 10 2 10 10 8 10 8 10 2 10 2 2 2 2 2
left_child=1 19 3 8 7 6 -6 15 14 -10 -9 12 13 -3 -2 -4 18 -18 -13 -1 -5
right_child=2 11 4 20 5 -7 -8 10 9 -11 -12 16 -14 -15 -16 -17 17 -19 -20 -21 -22
leaf_value=-0.97976262903089051 -0.014946152045538412 0.0014912821988935171 523.4587974996341 -6.981439296184486e-05 -0.12964008436774038 -88.738225042779263 -109.66644939693336 -0.0022619410888912693 0.01418192747943698 -2.0573436815219335 0.011200871254167218 -0.12672890317119376 0.0014060615358606281 -0.0017206340393773477 0.0042562277621246937 383.19377364027861 0.096632646121289467 -0.00012006893866602437 0.014250266940755348 -0.087748726960680007 -0.0047891513547932748
leaf_weight=59 442 142 68 62 6872 88 731 2524 1466 101 12487 148 108 581 76 108 247 259 264 56 88
leaf_count=59 442 142 68 62 6872 88 731 2524 1466 101 12487 148 108 581 76 108 247 259 264 56 88
internal_value=-0.000279967 -0.0040201 0 0.00422588 -0.00041543 -0.00266015 -0.00229609 0.000708151 0.00577627 0.0083843 0.000476438 -0.00242668 -0.00678092 -0.00999806 -0.00172353 0.0190498 0.00130077 0.00589837 -0.00385495 -0.0259609 -0.0157328
internal_weight=26977 1864 25113 2235 22878 7691 7603 15187 2085 1567 15011 1749 831 723 518 176 918 506 412 115 150
internal_count=26977 1864 25113 2235 22878 7691 7603 15187 2085 1567 15011 1749 831 723 518 176 918 506 412 115 150
is_linear=0
shrinkage=0.0500478


Tree=104
num_leaves=13
num_cat=0
split_feature=111 112 78 9 109 31 5 118 74 37 77 101
split_gain=12.1104 14.1677 18.6702 15.8666 15.274 14.4092 12.7963 20.5023 12.1847 11.6429 8.96101 8.63849
threshold=-0.45643939393939387 -0.17817460317460315 9500.0000000000018 15004.000000000002 -0.27097902097902088 21004.000000000004 63500.000000000007 0.18333333333333338 63500.000000000007 -9249.9999999999982 39000.000000000007 -73.570565512032758
decision_type=8 10 10 10 8 2 8 10 10 2 10 2
left_child=10 4 -3 11 8 -5 9 -8 -2 -6 -1 -4
right_child=1 2 3 5 6 -7 7 -9 -10 -11 -12 -13
leaf_value=272.85191532362899 181.94546063473643 0.10032105538963264 0.00048235751091193639 0.015553303072237989 1.7886072146250416 0.00015905633636587653 6.3962620455302508 -191.75290712571322 -10.370216590581343 -0.43565394350508851 3.5975641612859679 -0.033131421955948183
leaf_weight=60 99 103 1165 697 614 17730 776 118 83 3775 67 1690
leaf_count=60 99 103 1165 697 614 17730 776 118 83 3775 67 1690
internal_value=-0.000194636 -0.0002757 0.000297007 0.000183227 -0.0025532 0.000730299 -0.00307669 0.00222886 0.0113753 -0.00420449 0.0150486 -0.00327393
internal_weight=26977 26850 21385 21282 5465 18427 5283 894 182 4389 127 2855
internal_count=26977 26850 21385 21282 5465 18427 5283 894 182 4389 127 2855
is_linear=0
shrinkage=0.0500478


Tree=105
num_leaves=20
num_cat=0
split_feature=111 127 61 42 77 64 42 55 55 124 52 130 124 69 118 121 39 26 26
split_gain=11.2172 37.3963 25.8169 17.2903 21.0335 17.9405 16.697 16.7741 14.9403 14.6828 14.3347 14.1108 24.6643 20.2466 12.1006 13.4734 11.0824 10.8236 9.776
threshold=0.21980676328502416 350.50000000000006 750.00000000000011 1.5706158053166273 54500.000000000007 0.267948717948718 -0.085316805637095705 8779.6793942693203 2572.2698549879774 1.5000000000000002 15069.278091589991 1.0000000180025095e-35 60.500000000000007 -1416.6666666666663 1.0000000180025095e-35 1.0000000180025095e-35 1.229419703103914 22.500000000000004 6.5000000000000009
decision_type=8 2 8 10 10 10 10 8 10 2 10 2 2 10 10 10 2 2 2
left_child=3 2 14 5 8 11 7 -4 17 -10 -3 13 -13 -1 16 -16 -2 -5 -8
right_child=1 10 6 4 -6 -7 18 -9 9 -11 -12 12 -14 -15 15 -17 -18 -19 -20
leaf_value=1.0988855587827937 -0.77551391958620242 523.87495758248451 47.722536099154837 -0.95968788316803189 -126.3563667255281 188.95395856011089 12.315976368245639 -3.8277197621695667 1.6522878920757207 19.922133172044351 58.81111619637943 0.0022754872188854745 -0.0032527732916085668 -0.0052517744154901022 -2.6171477034723405 -60.048122365248432 4.8670002460383106 0.0032270344269545188 -9.8440619578390649
leaf_weight=928 377 87 326 96 111 111 175 180 89 236 61 13039 71 8814 347 887 79 174 789
leaf_count=928 377 87 326 96 111 111 175 180 89 236 61 13039 71 8814 347 887 79 174 789
internal_value=-0.000168665 -0.00290152 -0.00411345 0.000204921 0.00790672 -2.38042e-05 0.000609195 0.00806388 0.011805 0.0190935 0.0212645 -0.000131222 0.000931009 -0.0015815 -0.00833681 -0.0109257 -0.00086494 0.00219022 -0.00310313
internal_weight=26977 3308 3160 23669 706 22963 1470 506 595 325 148 22852 13110 9742 1690 1234 456 270 964
internal_count=26977 3308 3160 23669 706 22963 1470 506 595 325 148 22852 13110 9742 1690 1234 456 270 964
is_linear=0
shrinkage=0.0500478


Tree=106
num_leaves=13
num_cat=0
split_feature=38 64 94 29 0 88 32 124 35 15 127 127
split_gain=10.845 10.8768 18.016 14.2151 23.7326 18.7335 13.1536 15.1447 16.427 13.3676 13.2238 13.0255
threshold=-21999.999999999996 -0.041649999999999993 0.26367626367286778 44250.000000000007 33.000000000000007 14500.000000000002 764.22220229521076 52.500000000000007 0.122574912011586 26035.71428571429 229.50000000000003 219.50000000000003
decision_type=2 10 10 2 2 8 2 2 2 10 2 2
left_child=-1 2 3 5 -5 -2 9 8 -8 -3 -11 -9
right_child=1 6 -4 4 -6 -7 7 11 -10 10 -12 -13
leaf_value=336.09190591747665 -0.016774120239987238 -0.080514667748619831 19.882302418702157 -0.072975087348529963 -10.798369777581774 14.571912656455003 0.0083256731389279599 -0.0021960133564734303 -0.0014850481530138951 -0.00035348462600862823 0.00038729956419718281 0.00033885760372467846
leaf_weight=89 3214 81 98 2513 1225 358 7403 161 9667 1448 583 137
leaf_count=89 3214 81 98 2513 1225 358 7403 161 9667 1448 583 137
internal_value=-0.000242867 -0.000308812 -0.00194454 -0.00225806 -0.00441442 0 0.000302928 0.000766178 0.000973031 -0.00340658 -0.00248395 -0.010315
internal_weight=26977 26888 7408 7310 3738 3572 19480 17368 17070 2112 2031 298
internal_count=26977 26888 7408 7310 3738 3572 19480 17368 17070 2112 2031 298
is_linear=0
shrinkage=0.0500478


Tree=107
num_leaves=22
num_cat=0
split_feature=55 28 35 100 22 94 33 22 12 12 1 100 101 0 38 59 10 77 127 94 38
split_gain=10.3476 22.1224 13.5956 29.7222 17.203 15.2552 14.3848 13.3133 12.9302 12.1893 16.7234 11.8525 12.85 36.3616 15.3735 10.7283 9.24964 6.08733 7.30323 4.10708 2.81242
threshold=532.06016849974446 26750.000000000004 0.19681774975025748 156.05218157070252 851.63062725261614 0.036129784186492431 57500.000000000007 16576.910199203157 50004.000000000007 28004.000000000004 9.0000000000000018 -9229.574933050344 689.39567498529698 13.000000000000002 8750.0000000000018 24500.000000000004 27350.000000000004 29500.000000000004 204.50000000000003 0.12314027423690653 166.666666666667
decision_type=10 2 2 2 10 10 2 10 8 10 2 2 2 2 2 10 10 10 2 8 2
left_child=1 19 11 4 5 -4 -6 8 -5 10 -3 15 14 -14 -13 -2 -12 18 -11 -1 -19
right_child=2 9 3 7 6 -7 -8 -9 -10 17 16 12 13 -15 -16 -17 -18 20 -20 -21 -22
leaf_value=43.837543273920659 221.06222253742337 14.716235220367096 0.0030687306567561069 -1.7592777169557243 -0.25566433879906297 0.29671036004602197 122.86879406925377 30.758248343179108 -166.71401421880373 0.00030810921711352073 -3.9161553280738777 -4.4177282149622189e-05 0.7024194569803387 -0.007524201464517254 -133.40691983337152 0.65872381999305873 -0.00043979701158276721 0.0011360978703553917 -0.031836659958268121 12.591563326740001 0.17199874013245561
leaf_weight=56 102 83 1236 1374 2693 260 80 66 347 199 291 12671 2031 4505 311 93 353 56 57 56 57
leaf_count=56 102 83 1236 1374 2693 260 80 66 347 199 291 12671 2031 4505 311 93 353 56 57 56 57
internal_value=-0.000187216 -0.00471032 1.73284e-05 -0.00204805 0.00017485 0.0045398 -0.00210839 -0.00746538 -0.00839013 -0.00701308 -0.0107666 0.000662355 0.000527959 0.00234165 -0.00036973 0.0129076 -0.0136199 0 -0.00385804 0.015709 0.00993733
internal_weight=26977 1208 25769 6056 4269 1496 2773 1787 1721 1096 727 19713 19518 6536 12982 195 644 369 256 112 113
internal_count=26977 1208 25769 6056 4269 1496 2773 1787 1721 1096 727 19713 19518 6536 12982 195 644 369 256 112 113
is_linear=0
shrinkage=0.0500478


Tree=108
num_leaves=13
num_cat=0
split_feature=110 61 95 125 54 29 112 32 80 64 32 8
split_gain=9.76243 10.2968 11.5739 13.2405 9.8562 13.2292 10.797 8.92563 17.1793 10.6306 8.37522 7.88356
threshold=-0.44097222222222215 -11249.999999999998 0.20928887916946906 14.500000000000002 19418.630699202487 60166.666666666679 -0.34698996655518388 764.22220229521076 35004.000000000007 -0.041649999999999993 13419.512796399666 81000.000000000015
decision_type=8 8 10 2 10 2 10 2 8 8 2 10
left_child=-1 2 3 -2 7 6 -6 8 -3 -9 -5 -7
right_child=1 4 -4 10 5 11 -8 9 -10 -11 -12 -13
leaf_value=287.87807792203847 9.1810917784114459 -0.00073430145735659913 11.931219747400215 -3.9717093143399027 2.6232311677163556 -158.81622606941667 106.64695895189281 -0.05592832383355948 1.6206002224387022 0.0014971608372310993 -361.69177006997262 49.326056696635739
leaf_weight=68 82 2113 97 59 75 63 117 6709 74 17342 118 60
leaf_count=68 82 2113 97 59 75 63 117 6709 74 17342 118 60
internal_value=-0.000157535 -0.000213725 -0.00864591 -0.0143422 -9.22029e-05 0.00865898 0.0169675 -0.000205839 -0.00326703 6.43413e-05 -0.0220115 -0.00276196
internal_weight=26977 26909 356 259 26553 315 192 26238 2187 24051 177 123
internal_count=26977 26909 356 259 26553 315 192 26238 2187 24051 177 123
is_linear=0
shrinkage=0.0500478


Tree=109
num_leaves=22
num_cat=0
split_feature=32 16 131 112 49 88 127 32 52 50 124 59 10 127 8 107 127 9 54 127 54
split_gain=11.1894 15.5785 9.83299 9.8056 12.7465 12.273 12.4908 9.80189 9.30209 28.7557 16.3788 19.7638 13.8467 14.0078 13.9653 12.042 11.5854 10.7842 8.1114 3.43358 1.89207
threshold=764.22220229521076 26589.117647058829 0.25000000000000017 0.037185185185185189 31083.333333333339 2500.0000000000005 318.50000000000006 516.39777949432244 3561.3660101257651 14416.66666666667 32.500000000000007 16500.000000000004 15004.000000000002 149.50000000000003 50004.000000000007 4500.0000000000009 225.50000000000003 30500.000000000004 865.54360876699582 175.50000000000003 764.22220229521076
decision_type=2 8 2 8 8 10 2 2 10 8 2 10 10 2 8 10 2 8 10 2 10
left_child=1 2 -1 5 7 6 -3 -5 10 -10 11 15 14 -14 -11 -2 17 -12 -18 -13 -7
right_child=8 3 -4 4 -6 20 -8 -9 9 12 16 19 13 -15 -16 -17 18 -19 -20 -21 -22
leaf_value=-0.04353566568268314 0.0069819352744136653 -0.00014060801728344859 -0.13291517969443911 0.89624074024461842 0.58005593491476815 0.066179391809082153 0.0010409071867651259 -1.1420515314597817 -11.780639187405772 -0.4309724143930595 -0.0013521946734603408 -3.49091274937369 0.055941367299820882 -0.02571426499688002 0.26009129873826387 -0.62211316122418081 -0.0036796039736479453 0.000785217818814647 0.002564083254286456 -0.018784283508208717 2.1255329481713012
leaf_weight=100 5371 1311 76 59 71 56 220 237 82 1298 193 72 7577 8654 713 511 75 56 126 62 57
leaf_count=100 5371 1311 76 59 71 56 220 237 82 1298 193 72 7577 8654 713 511 75 56 126 62 57
internal_value=-0.000153825 -0.00358705 -0.0179279 -0.00221034 -0.00960768 -0.000423224 -0.00172727 -0.0144087 0.000141152 -0.000425811 0.00177896 0.00249408 -0.000279593 0.000193992 -0.00419888 0.00295912 -0.00729211 -0.0145145 0.000719059 -0.0161105 0.0151394
internal_weight=26977 2187 176 2011 367 1644 1531 296 24790 18324 6466 6016 18242 16231 2011 5882 450 249 201 134 113
internal_count=26977 2187 176 2011 367 1644 1531 296 24790 18324 6466 6016 18242 16231 2011 5882 450 249 201 134 113
is_linear=0
shrinkage=0.0500478


Tree=110
num_leaves=13
num_cat=0
split_feature=78 75 84 49 37 0 111 26 55 35 38 92
split_gain=9.88992 12.254 15.6452 10.8844 11.0066 15.8428 9.55198 35.8195 18.1571 8.24449 5.70329 5.10023
threshold=9500.0000000000018 11250.000000000002 12750.000000000002 16083.333333333334 179.00000000000003 33.000000000000007 0.21980676328502416 47.500000000000007 19289.386125805115 0.2462817360343533 -2958.3333333333326 2625.0000000000005
decision_type=10 10 10 8 2 2 8 2 10 2 2 10
left_child=9 3 11 4 5 -2 8 -8 -4 -1 -11 -3
right_child=1 2 6 -5 -6 -7 7 -9 -10 10 -12 -13
leaf_value=-0.0034825729698779021 0.37892489464879353 25.512253902782859 9.7184653137414659e-05 -4.6293416081219654 -4.5586138962228997 -0.97733666198552305 -4.2196244146508359 164.88189802397153 18.020968043273129 0.21853775120263202 0.11417713607820396 0.04368257005522596
leaf_weight=81 231 71 22402 85 84 407 2808 313 313 57 69 56
leaf_count=81 231 71 22402 85 84 407 2808 313 313 57 69 56
internal_value=-8.33338e-05 -0.000175578 5.63407e-06 -0.00624002 -0.00386339 -0.0012443 -7.3455e-05 -0.00267465 0.000275212 0.0107344 0.0186724 0.0173683
internal_weight=26977 26770 25963 807 722 638 25836 3121 22715 207 126 127
internal_count=26977 26770 25963 807 722 638 25836 3121 22715 207 126 127
is_linear=0
shrinkage=0.0500478


Tree=111
num_leaves=20
num_cat=0
split_feature=44 34 94 111 64 26 78 55 77 50 56 29 0 11 125 5 83 131 93
split_gain=12.0669 17.0793 12.4133 9.45719 27.9886 26.7151 19.492 16.8139 22.4836 15.1744 22.9189 14.2379 11.3074 8.78477 10.8369 8.75545 7.63695 7.43768 7.39672
threshold=10250.000000000002 3375.0000000000005 0.10199156436823849 0.21980676328502416 0.061553030303030311 50.500000000000007 15004.000000000002 19289.386125805115 59000.000000000007 14416.66666666667 9500.0000000000018 14750.000000000002 10.000000000000002 13500.000000000002 10.500000000000002 45004.000000000007 68875.000000000015 0.25000000000000017 0.10375495337507974
decision_type=10 2 10 8 8 2 8 10 10 10 10 2 2 8 2 8 10 2 10
left_child=1 -1 13 7 12 6 -6 9 15 10 -2 -11 17 14 -3 -9 -14 -5 -7
right_child=3 2 -4 4 5 18 -8 8 -10 11 -12 -13 16 -15 -16 -17 -18 -19 -20
leaf_value=-0.17717568842125189 -0.01480781114982632 0.1084628221311853 -1.6544509897420687 -3.7371258674466099 47.704001383846482 661.97995132288145 -2.7386720892588898 8.0636863473198908 -21.173276087598769 0.4388177310703677 -11.972504210316647 -6.3370394937787228e-06 -24.303982785207051 0.0023237068626177438 0.36871803017615684 58.036129247650742 14.751229313700593 5.1584698377779636 150.58709848371743
leaf_weight=86 486 75 56 75 65 57 1684 78 94 318 61 22128 1084 72 133 141 88 138 58
leaf_count=86 486 75 56 75 65 57 1684 78 94 318 61 22128 1084 72 133 141 88 138 58
internal_value=-0.000113014 0.00824481 0.0135931 -0.000254264 -0.00278485 0.00112414 -0.000312127 9.00169e-05 0.0115697 -5.85959e-05 -0.00828194 0.000133596 -0.00818553 0.01806 0.0232876 0.0205488 -0.0101388 0.00160819 0.0242564
internal_weight=26977 422 336 26555 3249 1864 1749 23306 313 22993 547 22446 1385 280 208 219 1172 213 115
internal_count=26977 422 336 26555 3249 1864 1749 23306 313 22993 547 22446 1385 280 208 219 1172 213 115
is_linear=0
shrinkage=0.0500478


Tree=112
num_leaves=15
num_cat=0
split_feature=44 94 99 125 30 47 38 50 51 125 41 118 32 52
split_gain=14.0086 14.8335 11.6087 9.75912 9.20214 12.1294 19.0049 12.7106 13.2912 7.56566 7.07501 6.49876 5.10852 4.42595
threshold=10250.000000000002 0.10816832498762539 14627.55480155873 18.500000000000004 8500.0000000000018 11750.000000000002 -500.666666666666 13750.000000000002 16667.333333333339 14.500000000000002 2104.0000000000005 1.0000000180025095e-35 3087.5907730448776 3046.8256129620481
decision_type=10 10 2 2 2 8 2 8 8 2 2 10 2 10
left_child=1 2 3 12 9 6 -6 10 -9 13 -7 -11 -1 -2
right_child=4 -3 -4 -5 5 7 -8 8 -10 11 -12 -13 -14 -15
leaf_value=0.0042647556714659135 -0.038320453866743549 -1.8761785981415757 -0.0048236563483719285 0.19990693076956037 81.097466989283987 -0.00028779765388834067 -0.40069122975884436 0.062731074294148828 -0.00022692521909278187 0.23999692413493712 -1.6480506139930984 -4.2052750516090294 0.37485033987829935 -6.681437841869589
leaf_weight=110 72 67 68 110 63 101 62 1189 24715 76 112 105 67 60
leaf_count=110 72 67 68 110 63 101 62 1189 24715 76 112 105 67 60
internal_value=-5.73633e-05 0.00895228 0.0132906 0.0177962 -0.000209036 -9.90165e-05 0.0152847 -0.000181883 -7.32622e-05 -0.00871388 -0.0122938 -0.000797453 0.00862438 -0.0178392
internal_weight=26977 422 355 287 26555 26242 125 26117 25904 313 213 181 177 132
internal_count=26977 422 355 287 26555 26242 125 26117 25904 313 213 181 177 132
is_linear=0
shrinkage=0.0500478


Tree=113
num_leaves=14
num_cat=0
split_feature=44 94 34 11 125 73 77 16 11 19 99 59 20
split_gain=14.6387 15.182 10.6225 10.7127 9.41548 9.03974 20.3463 18.2894 13.03 14.852 11.4229 10.7762 11.5328
threshold=10250.000000000002 0.10816832498762539 3375.0000000000005 13500.000000000002 10.500000000000002 102500.00000000001 82500.000000000015 110700.00000000001 92500.000000000015 91250.000000000015 74954.544396775964 29500.000000000004 101250.00000000001
decision_type=10 10 2 10 2 10 10 10 10 10 2 10 10
left_child=1 2 -1 4 -4 6 8 11 10 -10 -2 -7 -13
right_child=5 -3 3 -5 -6 7 -8 -9 9 -11 -12 12 -14
leaf_value=-0.047781691188250493 -0.00022760815601689409 -1.7822799955079005 0.18736063523841701 -0.000139631270283025 0.33795029352222256 -78.905238861039962 -325.3341399359964 -92.943550676658717 -130.47378253278225 69.35569820951082 13.01093722318851 4.8224266008655965 114.65203632853017
leaf_weight=70 24507 67 94 56 135 57 82 94 282 69 1234 102 128
leaf_count=70 24507 67 94 56 135 57 82 94 282 69 1234 102 128
internal_value=-2.39727e-05 0.00918811 0.0135706 0.01792 0.0226883 -0.000178883 -0.000298115 0.00742961 -0.000210827 -0.00975941 -7.1782e-05 0.0139922 0.0189305
internal_weight=26977 422 355 285 229 26555 26174 381 26092 351 25741 287 230
internal_count=26977 422 355 285 229 26555 26174 381 26092 351 25741 287 230
is_linear=0
shrinkage=0.0500478


Tree=114
num_leaves=20
num_cat=0
split_feature=51 50 32 127 43 93 32 29 83 81 55 79 84 83 20 63 91 89 80
split_gain=12.5173 13.6877 18.362 11.1867 11.4795 13.102 11.2969 11.1013 14.0703 13.1354 12.6827 8.44929 8.31796 7.40977 6.8363 5.0155 5.71716 4.75399 4.27477
threshold=12750.000000000002 14416.66666666667 3511.8717577077277 261.50000000000006 0.40833333333333338 0.04875789353078943 2483.2774042918909 14750.000000000002 12875.000000000002 13750.000000000002 3779.3291033476103 17500.000000000004 12750.000000000002 13750.000000000002 10750.000000000002 425.00000000000006 1375.0000000000002 5034.0000000000009 16500.000000000004
decision_type=8 8 2 2 2 10 2 2 8 8 10 10 10 10 10 10 10 10 10
left_child=3 2 11 6 -5 13 -1 10 12 -10 18 14 -9 -6 -2 16 -8 -12 -3
right_child=1 7 -4 4 5 -7 15 8 9 -11 17 -13 -14 -15 -16 -17 -18 -19 -20
leaf_value=-1.2744628890523682 0.71251158621086974 0.25237832103932129 -11.601048226687134 38.152123318760403 0.3770398466257403 -2.473128180545705 0.1850348486116267 -0.16457528604820806 5.0996887372121424 -3.5452639758603331e-05 0.55636864871255276 0.088125538301967968 -6.5757037085430552 0.0024558120602658465 -0.13957778350988015 -0.14554508241288669 -0.0039807425602254544 -0.93115512579430693 4.8253539077131089
leaf_weight=76 74 64 72 101 81 96 117 211 181 24935 123 63 233 73 179 59 87 76 76
leaf_count=76 74 64 72 101 81 96 117 211 181 24935 123 63 233 73 179 59 87 76 76
internal_value=0 -0.000173092 -0.00947548 0.00664388 0.0128746 0.00593223 0 -2.49704e-05 -0.000152563 0 0.0089298 -0.00344546 -0.00895954 0.0153306 -0.0080177 0.00507609 0.00919341 0 0.0203507
internal_weight=26977 26287 388 690 351 250 339 25899 25560 25116 339 316 444 154 253 263 204 199 140
internal_count=26977 26287 388 690 351 250 339 25899 25560 25116 339 316 444 154 253 263 204 199 140
is_linear=0
shrinkage=0.0500478


Tree=115
num_leaves=13
num_cat=0
split_feature=73 127 77 63 74 102 125 18 89 112 127 100
split_gain=9.46548 17.474 16.7246 11.0475 30.9828 24.0677 18.2197 17.6248 15.7902 11.2694 10.8088 11.2366
threshold=102500.00000000001 104.50000000000001 82500.000000000015 -13749.999999999998 69000.000000000015 -7300.5980621021035 13.500000000000002 81000.000000000015 34500.000000000007 -0.225705329153605 46.500000000000007 -375.08255194381485
decision_type=10 2 10 8 10 2 2 10 10 8 2 2
left_child=2 10 3 4 8 6 -5 -6 -1 -7 -2 -12
right_child=1 -3 -4 5 7 9 -8 -9 -10 -11 11 -13
leaf_value=-0.84371182968489855 -0.3889663658710415 -146.86262098318417 -309.05188168604559 -0.30402769742498476 -45.356653235614935 -0.27868442543386618 12.620935074584233 18.908208791482679 67.724670738896194 0.0001107735397721051 280.23370100317157 8.537288169375536
leaf_weight=149 93 83 82 276 648 2158 445 60 158 22620 107 98
leaf_count=149 93 83 82 276 648 2158 445 60 158 22620 107 98
internal_value=-0.000101884 0.00769065 -0.000221885 -0.000143299 -0.00525949 5.28377e-05 0.00905719 -0.0111249 0.00758897 -0.000201809 0.0136465 0.0200055
internal_weight=26977 381 26596 26514 1015 25499 721 708 307 24778 298 205
internal_count=26977 381 26596 26514 1015 25499 721 708 307 24778 298 205
is_linear=0
shrinkage=0.0500478


Tree=116
num_leaves=17
num_cat=0
split_feature=111 112 87 54 111 32 95 120 131 125 50 52 45 64 90 74
split_gain=10.7748 11.5553 14.7632 29.1871 22.1006 17.2629 17.2417 14.8746 13.1519 11.9895 18.1288 23.188 17.6855 13.0349 6.81446 5.79936
threshold=-0.45643939393939387 -0.225705329153605 5004.0000000000009 8367.5566576299425 -0.11651583710407239 6055.7415019990885 0.1398369636454454 0.22649572649572652 1.0000000180025095e-35 14.500000000000002 100416.66666666667 10820.48809584292 112500.00000000001 0.01574900793650794 12250.000000000002 87500.000000000015
decision_type=8 10 8 8 10 2 10 10 2 2 10 10 10 10 10 8
left_child=15 2 4 8 5 -2 -6 -5 -4 10 11 -3 13 -11 -12 -1
right_child=1 9 3 7 6 -7 -8 -9 -10 12 14 -13 -14 -15 -16 -17
leaf_value=272.48084514135138 -0.9123772891473072 0.0069212252367643317 1.1780895551133972 -1.0637450265606596 0.095221428903400004 -0.44358990604302345 -1.4857320686381461 -213.83298268339229 50.045928391479379 -0.00248454941958105 178.10883259686676 -20.226587973932254 -602.08418624192734 0.026296281765933766 30.154699317614622 9.6754346894024845
leaf_weight=60 852 9547 377 816 717 546 461 149 262 7862 124 879 108 4093 57 67
leaf_count=60 852 9547 377 816 717 546 461 149 262 7862 124 879 108 4093 57 67
internal_value=-0.000109304 -0.000186237 -0.0026077 0.00105685 -0.00496748 -0.00921739 0 -0.00428975 0.00943479 0.000251477 0.00148558 0.00118982 -0.000816842 -0.000614945 0.0171665 0.0142753
internal_weight=26977 26850 4180 1604 2576 1398 1178 965 639 22670 10607 10426 12063 11955 181 127
internal_count=26977 26850 4180 1604 2576 1398 1178 965 639 22670 10607 10426 12063 11955 181 127
is_linear=0
shrinkage=0.0500478


Tree=117
num_leaves=17
num_cat=0
split_feature=38 112 127 28 120 95 93 92 102 2 64 100 51 95 127 20
split_gain=9.2593 9.67839 17.0171 28.4046 25.9745 18.473 14.6503 27.9161 19.1428 18.168 15.9603 14.6037 18.8484 12.8409 11.8149 8.6396
threshold=-21999.999999999996 -0.17817460317460315 149.50000000000003 26250.000000000004 0.22649572649572652 0.18784015445357519 0.13228756555322779 7875.0000000000009 -974.692194492054 92500.000000000015 0.25462962962962971 -4434.9097871773656 66250.000000000015 0.1739025115582318 178.50000000000003 49500.000000000007
decision_type=2 10 2 2 10 10 10 10 2 2 10 2 10 10 2 10
left_child=-1 2 3 5 -5 -2 10 8 -8 -9 13 12 -4 -3 -13 -12
right_child=1 6 11 4 -6 -7 7 9 -10 -11 15 14 -14 -15 -16 -17
leaf_value=329.99987864115855 41.377531129418209 8.5714129484678052e-05 182.98511736777331 0.015614216999904899 -198.48011194938465 -8.9445004730884801 27.680551912249115 20.981642654107279 -14.295037188274764 -251.62667993878935 5.6798125974704918 -7.7475725140969818 -14.40146135660258 3.5306616551258481 -0.25794282727110279 307.1559937355712
leaf_weight=89 344 18094 209 2271 206 59 113 545 719 131 155 332 102 1409 2027 172
leaf_count=89 344 18094 209 2271 206 59 113 545 719 131 155 332 102 1409 2027 172
internal_value=-5.36532e-05 -0.00011525 -0.00198231 0.00062373 -0.00131047 0.0129515 0.000360982 -0.00437119 -0.0105514 0.00294504 0.00073163 -0.00486766 0.00493743 0.000536062 -0.00625051 0.0116857
internal_weight=26977 26888 5550 2880 2477 403 21338 1508 832 676 19830 2670 311 19503 2359 327
internal_count=26977 26888 5550 2880 2477 403 21338 1508 832 676 19830 2670 311 19503 2359 327
is_linear=0
shrinkage=0.0500478


Tree=118
num_leaves=29
num_cat=0
split_feature=64 42 120 124 21 56 120 94 99 23 42 131 36 0 109 63 110 89 100 127 127 29 51 64 12 52 112 112
split_gain=9.88909 15.4852 25.4162 25.6549 16.9004 18.1498 19.2451 15.6447 14.5477 16.8964 15.9094 14.3239 14.0801 13.172 30.6903 20.894 12.614 12.3642 12.3152 10.1912 36.8784 36.6636 25.004 17.0833 16.1008 13.7331 8.75985 6.18207
threshold=-0.03141447368421052 0.8016048160562026 0.13392857142857145 60.500000000000007 2439.7501823711218 16500.000000000004 0.20714285714285716 0.092353402151587424 60554.033347374869 2249.6183218783158 -0.37710833867916288 -0.9330127018922193 0.91666666666666685 13.000000000000002 0.036038961038961044 -749.99999999999989 -0.20156249999999998 23500.000000000004 -542.32994287635836 104.50000000000001 92.500000000000014 48166.666666666679 52583.333333333336 -0.058147396889790391 30500.000000000004 8190.4020859273787 0.12613636363636366 -0.12508748250349927
decision_type=8 8 8 2 8 10 10 10 2 10 10 2 2 2 10 8 10 10 2 2 2 2 10 10 10 10 8 10
left_child=12 4 3 7 8 6 -6 -3 9 -2 -10 -7 16 15 -15 -4 27 26 -19 20 22 24 -14 -22 -21 -23 -18 -1
right_child=1 2 13 -5 5 11 -8 -9 10 -11 -12 -13 19 14 -16 -17 17 18 -20 21 23 25 -24 -25 -26 -27 -28 -29
leaf_value=130.89407031592413 -0.00034533457063199758 0.010611077981534524 -40.378592773427691 -0.0067037839568887822 0.16934699311252546 43.230535578891399 25.111769264344595 1.6103428346406274 213.62993588669454 -0.19609861127938 0.70552808825456415 -1.253512695061596 -0.34927159195636004 0.11284059360462444 -88.389698258929485 1.4750319730240777 0.010662567462869451 0.28284552436435706 -166.06710386259854 -0.04154645498337399 139.70933398566413 -0.96693881053326347 3.8704095009191293 0.10940891517061746 0.033146775006609834 -138.10719717530301 10.857636514137765 1.7124586864192375
leaf_weight=134 6663 2264 89 73 1248 225 721 308 150 2958 402 1992 964 491 422 749 851 233 183 1337 140 732 930 148 1626 744 136 64
leaf_count=134 6663 2264 89 73 1248 225 721 308 150 2958 402 1992 964 491 422 749 851 233 183 1337 140 732 930 148 1626 744 136 64
internal_value=-4.2523e-05 0.000584121 0.00318511 0.00629363 -0.000198369 0.00246058 0.00596383 0.00719138 -0.00131286 -0.00178341 0.0064922 -0.000562006 -0.0014965 -0.00139639 -0.00562683 0.00297286 0.00265067 0.000816286 -0.00621017 -0.00253073 0.000181524 -0.00390925 -0.00226753 0.0168733 -0.000623149 -0.010356 0.00399205 0.0144622
internal_weight=26977 18755 4396 2645 14359 4186 1969 2572 10173 9621 552 2217 8222 1751 913 838 1601 1403 416 6621 2182 4439 1894 288 2963 1476 987 198
internal_count=26977 18755 4396 2645 14359 4186 1969 2572 10173 9621 552 2217 8222 1751 913 838 1601 1403 416 6621 2182 4439 1894 288 2963 1476 987 198
is_linear=0
shrinkage=0.0500478


Tree=119
num_leaves=23
num_cat=0
split_feature=121 41 39 112 112 35 0 38 38 77 95 54 54 112 11 127 120 99 5 127 21 95
split_gain=9.36751 20.4154 20.3247 22.2515 20.389 18.5951 26.1338 26.0137 21.9354 20.6514 18.2794 18.0237 17.5512 17.2757 18.5844 16.4216 16.0552 15.4174 15.264 12.7307 9.88276 5.09246
threshold=1.0000000180025095e-35 37500.000000000007 1.0568733153638816 0.2202020202020202 0.17752100840336138 0.19681774975025748 33.000000000000007 -3316.6666666666638 -500.666666666666 33500.000000000007 0.2240999981511477 4181.3071354895201 408.24829046386304 0.88194444444444453 55500.000000000007 12.500000000000002 0.20714285714285716 11591.052599091419 63500.000000000007 298.50000000000006 377.96447300932516 0.09097176522945391
decision_type=10 2 2 10 10 2 2 2 2 10 10 8 10 10 8 2 10 2 10 2 10 8
left_child=1 2 17 4 -4 12 8 9 19 -8 -5 -10 20 15 -15 -14 -9 21 -19 -7 -2 -1
right_child=5 -3 3 10 -6 6 7 16 11 -11 -12 -13 13 14 -16 -17 -18 18 -20 -21 -22 -23
leaf_value=0.15191087932164229 -0.00050366393037483707 197.75702212521665 0.010046515987008883 -0.67465003397307166 16.858466778786045 0.24244000733479637 0.11788159244569314 -43.100978979171941 0.030726288704500559 -64.891354407102099 48.877418915535642 -2.2871967640774056 -5.1805775082806642 -4.2090159242026699 -493.23967061092367 0.0052020205063987961 -2.1678723621521505 -0.00089783835044875875 16.284148160211352 20.157215221385417 -2.4443004104734087 45.4992704633665
leaf_weight=68 73 85 1733 525 179 770 903 367 699 406 107 1204 362 192 81 13698 226 4696 338 75 108 82
leaf_count=68 73 85 1733 525 179 770 903 367 699 406 107 1204 362 192 81 13698 226 4696 338 75 108 82
internal_value=7.59136e-05 0.0015428 0.00124253 0.00491198 0.0076315 -0.000511598 -0.00326939 -0.00777669 -7.13844e-05 -0.00362248 -0.00299152 -0.00312359 0.000358291 0.000568796 -0.0117962 0.000825407 -0.0165515 -0.000520342 -0.0010327 0.00655079 -0.0149839 0.0150762
internal_weight=26977 7813 7728 2544 1912 19164 4650 1902 2748 1309 632 1903 14514 14333 273 14060 593 5184 5034 845 181 150
internal_count=26977 7813 7728 2544 1912 19164 4650 1902 2748 1309 632 1903 14514 14333 273 14060 593 5184 5034 845 181 150
is_linear=0
shrinkage=0.0500478


Tree=120
num_leaves=24
num_cat=0
split_feature=51 76 130 102 125 127 51 28 100 23 51 51 1 45 102 42 35 42 80 97 100 55 26
split_gain=15.4124 22.1932 15.6744 23.8387 29.6518 17.0649 13.2322 13.1698 35.6167 30.1772 27.3846 15.3053 14.3875 12.7145 11.9794 11.9278 11.459 9.87612 22.64 13.6761 8.85239 5.94159 3.67959
threshold=12750.000000000002 17500.000000000004 0.68301270189221941 8.9617170189412736 12.500000000000002 84.500000000000014 16916.666666666668 26250.000000000004 1.0000000180025095e-35 2367.0386097299629 26916.666666666668 16667.333333333339 9.0000000000000018 26750.000000000004 -480.13558058929442 -0.59762567024112967 0.32213261346796002 -0.59592133267205349 12500.000000000002 14986.046369710926 13.37810175716004 2673.932045947297 41.500000000000007
decision_type=8 8 2 2 2 2 10 2 2 8 10 10 2 10 2 10 2 10 10 2 2 10 2
left_child=14 2 6 4 -4 -5 16 8 9 -3 12 -10 -9 -8 21 -12 -2 22 20 -20 -19 -1 -16
right_child=1 7 3 5 -6 -7 13 10 11 -11 15 -13 -14 -15 17 -17 -18 18 19 -21 -22 -23 -24
leaf_value=0.3008984238789838 -0.010342000939803154 0.011236393817832197 90.28471789169383 -9.0398356143438079 -0.15292901015612781 0.022610007352476296 -1.7488353898613067 12.908353485369592 2.2372700946505097 0.9059981128100173 0.042107401133852383 -0.0073692891155883377 -0.059583001400688708 2.5455129201235702 0.28202268714466738 -0.00049274434025256867 -14.825725137128256 0.1422450080931274 0.57600731173349917 0.0011358973296252187 -8.3305595416150755 -0.12686202202850413 70.52051719291461
leaf_weight=68 984 967 164 123 137 292 892 89 210 304 6108 752 670 75 105 14461 59 58 116 94 81 110 58
leaf_count=68 984 967 164 123 137 292 892 89 210 304 6108 752 670 75 105 14461 59 58 116 94 81 110 58
internal_value=0.000138985 -4.74465e-05 -0.00432752 0.00180582 0.0126869 -0.00562559 -0.00661327 0.000439496 0.00409533 0.00962572 4.67456e-05 -0.00300578 -0.00926246 -0.0108889 0.0075112 0.000401237 -0.00243779 0.0114721 0.00582762 0.0164722 -0.00881837 -0.00275218 0.0220591
internal_weight=26977 26287 2726 716 301 415 2010 23561 2233 1271 21328 962 759 967 690 20569 1043 512 349 210 139 178 163
internal_count=26977 26287 2726 716 301 415 2010 23561 2233 1271 21328 962 759 967 690 20569 1043 512 349 210 139 178 163
is_linear=0
shrinkage=0.0500478


Tree=121
num_leaves=20
num_cat=0
split_feature=47 93 76 89 127 21 16 2 55 44 102 54 52 32 119 95 30 55 45
split_gain=16.1886 13.9446 12.9275 26.8465 28.6556 15.4629 15.6703 11.8452 11.5945 12.8611 10.9335 11.5103 10.914 9.39684 7.78086 4.35962 4.27232 4.23183 2.71499
threshold=11750.000000000002 0.11385500851066545 17500.000000000004 1850.0000000000002 149.50000000000003 5000.0000000005339 19483.333333333339 19500.000000000004 516.39777949432244 26750.000000000004 -480.13558058929442 3206.7626323478439 2483.2774042918909 13419.512796399666 0.2678571428571429 0.068368401957005429 11500.000000000002 2795.8159289360747 17250.000000000004
decision_type=8 10 8 10 2 10 10 2 10 10 2 10 10 2 10 10 2 10 10
left_child=1 10 3 4 -2 6 -5 14 9 -9 17 12 -12 -10 18 -13 -6 -1 -4
right_child=2 -3 7 5 16 -7 -8 8 13 -11 11 15 -14 -15 -16 -17 -18 -19 -20
leaf_value=0.069825027113714855 0.31563340497431652 -1.876316299291237 92.582303542522496 -0.17047933020777464 -0.06835666004301684 16.943937716093007 -11.589644498320617 39.637752205371704 0.0014501655493516627 -0.0060533924141574456 0.04269855813395268 -0.01520094721169098 0.39394324396451069 -8.1766237809302691 -0.023716043547359292 0.34675803933702076 0.67739497737730237 -0.06461368903138788 0.014871617760263583
leaf_weight=78 104 85 61 2265 66 62 200 67 20663 1007 59 65 241 1632 71 67 61 62 61
leaf_count=78 104 85 61 2265 66 62 200 67 20663 1007 59 65 241 1632 71 67 61 62 61
internal_value=6.10733e-05 0.00781118 -0.000125342 -0.00337084 0.0126322 -0.0049252 -0.00561689 0.000246205 0.000134744 -0.00492473 0.0107966 0.0147365 0.0201753 0.000388135 0.0125276 0.00071584 -0.00190336 0 0.0200769
internal_weight=26977 657 26320 2758 231 2527 2465 23562 23369 1074 572 432 300 22295 193 132 127 140 122
internal_count=26977 657 26320 2758 231 2527 2465 23562 23369 1074 572 432 300 22295 193 132 127 140 122
is_linear=0
shrinkage=0.0500478


Tree=122
num_leaves=20
num_cat=0
split_feature=47 94 108 42 11 123 2 10 112 112 68 0 119 78 23 32 78 128 53
split_gain=15.5313 13.5168 11.7613 12.0595 11.5506 10.9113 18.6715 16.5882 15.8287 14.06 13.1074 12.9009 8.96832 7.97304 9.45368 6.90716 10.4095 8.26464 4.54343
threshold=11750.000000000002 0.10697243734810094 -0.031754032258064509 -1.7717618317383035 13500.000000000002 3250.0000000000005 54500.000000000007 79000.000000000015 1.4000800000000002 1.5857142857142861 4750.0000000000009 39.500000000000007 1.0000000180025095e-35 13500.000000000002 827.68198679477803 12291.517046945724 64500.000000000007 0.6078576107927941 2795.8159289360747
decision_type=8 10 10 10 10 10 2 10 10 10 10 2 10 10 10 2 10 2 10
left_child=1 4 3 -2 13 8 11 -8 10 -10 -4 -7 -3 14 -1 16 -5 -17 -6
right_child=2 12 5 15 18 6 7 -9 9 -11 -12 -13 -14 -15 -16 17 -18 -19 -20
leaf_value=0.26318792811330666 140.32133517860504 7.4345245913672047 -0.00095326433997850119 0.032215734753718805 0.38669659318538713 49.673028510393955 -224.91315870035751 15.90567546015923 126.00120274144356 -15.041875792108531 213.90163397702059 -43.977541343077789 -3.2894158986622686 0.43371682199795747 0.082508922329926765 6.0569659936211746 24.799710719667729 -99.772159153401361 -0.013671392889833801
leaf_weight=163 70 60 22655 1808 58 142 263 104 73 58 179 76 73 58 159 281 508 103 86
leaf_count=163 70 60 22655 1808 58 142 263 104 73 58 179 76 73 58 159 281 508 103 86
internal_value=6.84935e-05 0.0076594 -0.000113934 0.00295911 0.0114007 -0.000484325 -0.00723504 -0.0142135 -0.000302724 0.0168477 -0.000411847 0.00361497 -0.00551402 0.015955 0.0117115 0.00233202 0.00340905 -0.00361623 0
internal_weight=26977 657 26320 2770 524 23550 585 367 22965 131 22834 218 133 380 322 2700 2316 384 144
internal_count=26977 657 26320 2770 524 23550 585 367 22965 131 22834 218 133 380 322 2700 2316 384 144
is_linear=0
shrinkage=0.0500478


Tree=123
num_leaves=20
num_cat=0
split_feature=47 11 94 83 0 71 127 80 0 39 101 83 31 39 95 53 54 29 95
split_gain=12.7771 14.1913 12.6367 11.0644 15.1271 15.929 12.4055 12.3225 17.5588 22.8197 17.1202 15.0855 20.2901 15.5138 11.4876 7.09245 6.29304 4.72123 3.77479
threshold=11750.000000000002 14500.000000000002 0.10697243734810094 12375.000000000002 33.000000000000007 13500.000000000002 164.50000000000003 17500.000000000004 39.500000000000007 0.91010101010101019 201.08247258377199 15125.000000000002 21004.000000000004 0.60188679245283028 0.20173382124904068 2572.2698549879774 3206.7626323478439 17750.000000000004 0.046840350967442705
decision_type=8 10 10 8 2 10 2 10 2 2 2 10 2 2 10 10 10 2 10
left_child=1 2 15 4 14 6 -6 8 9 -5 -10 12 -9 -13 -2 -1 -17 -7 -3
right_child=3 18 -4 7 5 17 -8 11 10 -11 -12 13 -14 -15 -16 16 -18 -19 -20
leaf_value=-0.0063902871591472593 -4.1659367545309438 0.0023309590180475999 -1.3960626572157526 2.2447289969452129 2.6085450158437871 -92.694173524203407 -1.0171931904293625 0.020577856897485803 -4.9566451084423822 0.009182844472669538 0.65378325364756229 472.83726303066391 -1.1713184324032515 1.1553210445123029e-05 13.059525200101666 0.39990564525867328 0.25102719135178941 -17.620117917207711 -0.056902318084791077
leaf_weight=57 57 73 111 199 217 75 298 371 137 247 68 59 462 23999 64 221 111 67 84
leaf_count=57 57 73 111 199 217 75 298 371 137 247 68 59 462 23999 64 221 111 67 84
internal_value=1.28425e-05 0.00690046 0.0111484 -0.00015196 -0.006023 -0.00917727 -0.00453841 1.94416e-05 0.00681064 0.0124909 -0.00456526 -0.000150631 -0.00676469 7.05628e-05 0.00929335 0.0154604 0.0182449 -0.0242266 -0.00531182
internal_weight=26977 657 500 26320 778 657 515 25542 651 446 205 24891 833 24058 121 389 332 142 157
internal_count=26977 657 500 26320 778 657 515 25542 651 446 205 24891 833 24058 121 389 332 142 157
is_linear=0
shrinkage=0.0500478


Tree=124
num_leaves=14
num_cat=0
split_feature=78 108 123 106 38 112 93 112 42 67 0 29 110
split_gain=14.8711 10.5187 10.1285 17.6313 13.9084 13.1312 13.4931 11.8698 7.49971 5.32817 5.26152 4.71265 0.284904
threshold=9500.0000000000018 -0.046886446886446879 3250.0000000000005 15500.000000000002 3336.6666666666683 1.4000800000000002 0.29160058508773951 1.5857142857142861 -1.7717618317383035 0.25000000000000006 39.500000000000007 10916.66666666667 0.10912698412698414
decision_type=8 10 10 8 2 10 8 10 10 2 2 2 10
left_child=11 8 5 4 -4 6 -3 -7 -2 -10 -11 -1 -5
right_child=1 2 3 12 -6 7 -8 -9 9 10 -12 -13 -14
leaf_value=0.23138401647477957 223.39199435148902 -0.00085320788431432959 8.0985325269259221 -222.19050477350694 -211.25106758266443 119.69511974692823 16.764595215792998 -14.289063648085024 -17.214765996428458 1.697737287904137 -0.56367933018018268 0.21594589722830551 -214.17900843268865
leaf_weight=88 57 23470 373 56 72 73 110 58 69 1839 564 59 89
leaf_count=88 57 23470 373 56 72 73 110 58 69 1839 564 59 89
internal_value=-2.02626e-05 -0.000115499 -0.000442588 -0.00692055 -0.00144546 -0.000272095 -0.000369108 0.0153476 0.00294427 0.00242554 0.00289043 0.0157138 -0.0220366
internal_weight=26977 26830 24301 590 445 23711 23580 131 2529 2472 2403 147 145
internal_count=26977 26830 24301 590 445 23711 23580 131 2529 2472 2403 147 145
is_linear=0
shrinkage=0.0500478


Tree=125
num_leaves=17
num_cat=0
split_feature=78 60 128 38 0 64 29 95 54 77 32 51 124 91 12 125
split_gain=14.9931 10.3638 13.0993 11.6825 11.2673 10.0985 13.1994 22.251 14.6406 13.0464 19.2832 11.6903 7.58396 6.4017 5.35506 4.88613
threshold=9500.0000000000018 -1249.9999999999998 -0.8783796973249266 20833.333333333336 39.500000000000007 -0.089898989898989881 47333.333333333336 0.21739788687345915 10254.964136156201 66500.000000000015 8999.8285240682908 79250.000000000015 7.5000000000000009 9875.0000000000018 50004.000000000007 17.500000000000004
decision_type=8 10 2 2 2 8 2 10 10 8 2 10 2 10 8 2
left_child=12 2 13 4 -4 6 8 -8 -3 11 -11 -7 -1 14 -2 -15
right_child=1 5 3 -5 -6 9 7 -9 -10 10 -12 -13 -14 15 -16 -17
leaf_value=2.1751411700147991 1.2994115992182973 -0.096242770346584364 0.2574945629050362 -326.14998898302332 -5.3871807221109504 -0.00043752464120754768 -25.78733051162645 11.127095566462945 51.712982404957295 32.32508594547285 1.7697947492472652 -127.81391476036609 0.10432893063335356 59.04400629961502 72.285832860091247 -12.945566635890533
leaf_weight=84 202 1175 2534 59 518 19787 849 161 110 265 540 369 63 57 138 66
leaf_count=84 202 1175 2534 59 518 19787 849 161 110 265 540 369 63 57 138 66
internal_value=-7.96237e-05 -0.000175185 0.00232188 0.00107577 0.00157172 -0.000567913 -0.0037234 -0.00800425 -0.000191376 -0.000212293 0.00600755 -0.000471526 0.0157138 0.0102067 0.0137266 0
internal_weight=26977 26830 3574 3111 3052 23256 2295 1010 1285 20961 805 20156 147 463 340 123
internal_count=26977 26830 3574 3111 3052 23256 2295 1010 1285 20961 805 20156 147 463 340 123
is_linear=0
shrinkage=0.0500478


Tree=126
num_leaves=19
num_cat=0
split_feature=78 10 29 1 80 127 93 42 53 8 26 127 80 95 78 9 35 53
split_gain=9.93419 10.4485 24.323 24.6275 23.6588 18.7634 33.178 18.3434 13.9058 23.2857 24.5652 16.0874 24.7822 16.2457 13.1683 9.17518 8.24449 4.32956
threshold=9500.0000000000018 32500.000000000004 32000.666666666668 11.000000000000002 39500.000000000007 219.50000000000003 0.041339864235360686 -0.85283684451530151 4133.1984307908233 50004.000000000007 48.500000000000007 30.500000000000004 31004.000000000004 0.021640324583650884 67500.000000000015 31750.000000000004 0.2462817360343533 3068.6479587136482
decision_type=10 10 2 2 10 2 10 10 8 8 2 2 10 10 10 10 2 8
left_child=16 8 3 4 -3 7 -7 -4 11 10 -10 12 -2 -13 -11 -5 -1 -18
right_child=1 2 5 15 -6 6 -8 -9 9 14 -12 13 -14 -15 -16 -17 17 -19
leaf_value=-0.03967013274829842 -0.0040503077867469961 4.6565690579857693 6.4868171472799014 0.018151730623237612 -4.8971425554256029 -0.29129681690319942 0.32986150451962776 0.0087180193639638769 -0.43038785732330537 1.637797711158294 188.06199439159374 -0.00078860956694710809 -4.6760439670442455 0.0068959438321599771 -10.727959558612822 0.032396712172426269 2.1040896468779762 0.19869078000893778
leaf_weight=81 577 65 1946 65 76 1691 2226 7915 2595 398 95 2459 236 5810 347 269 67 59
leaf_count=81 577 65 1946 65 76 1691 2226 7915 2595 398 95 2459 236 5810 347 269 67 59
internal_value=-0.000105594 -0.00019801 0.00071944 0.011837 -0.00450873 0.000319319 -0.00259114 0.00149646 -0.00125894 -0.00397364 -0.00616986 -0.000208925 -0.0069306 0.000429132 0.00367755 0.0193265 0.0107344 0.0186724
internal_weight=26977 26770 14253 475 141 13778 3917 9861 12517 3435 2690 9082 813 8269 745 334 207 126
internal_count=26977 26770 14253 475 141 13778 3917 9861 12517 3435 2690 9082 813 8269 745 334 207 126
is_linear=0
shrinkage=0.0500478


Tree=127
num_leaves=19
num_cat=0
split_feature=38 34 0 9 44 44 26 102 31 84 92 53 73 55 8 51 63 106
split_gain=9.02007 14.9758 16.0928 11.8193 11.5136 11.6271 18.7388 18.6125 12.9156 16.5193 15.0822 10.2332 10.1906 8.76014 7.07677 5.91182 4.04768 1.64369
threshold=-12333.333333333334 12250.000000000002 39.500000000000007 92500.000000000015 112500.00000000001 93750.000000000015 14.500000000000002 5875.1718571164392 92500.000000000015 88750.000000000015 14999.000000000002 11198.819222193641 69000.000000000015 10696.566276344542 77000.000000000015 51916.666666666672 -2749.9999999999995 -1.0000000180025095e-35
decision_type=2 2 2 8 10 10 2 2 2 8 10 8 10 10 8 8 10 10
left_child=1 14 3 15 5 8 7 -7 9 -2 -10 -4 -13 -6 16 -3 -1 -18
right_child=4 2 11 -5 13 6 -8 -9 10 -11 -12 12 -14 -15 -16 -17 17 -19
leaf_value=45.432714750127964 -0.00052638617101071795 261.94406985332279 14.247663667673871 219.81563630361461 -658.486015474091 395.52770516073076 -491.35676894676351 42.795256847143555 -247.81765417167185 20.721776741780239 -4.3050608921345841 -214.25750207072366 -5.0609806234771195 -19.585635870906135 -3.1988057273470227 -10.59452703290518 243.89818275219508 183.31322203443528
leaf_weight=99 24551 64 105 63 71 94 66 184 249 475 330 79 59 89 60 193 78 68
leaf_count=99 24551 64 105 63 71 94 66 184 249 475 330 79 59 89 60 193 78 68
internal_value=-6.10733e-05 0.00494028 0 0.00743822 -0.000235606 -0.00014449 0.00894538 0.0149766 -0.000275423 -9.58286e-05 -0.00765399 -0.00956778 -0.0185024 -0.013532 0.0138242 0.00172126 0.0175807 0.0235738
internal_weight=26977 868 563 320 26109 25949 344 278 25605 25026 579 243 138 160 305 257 245 146
internal_count=26977 868 563 320 26109 25949 344 278 25605 25026 579 243 138 160 305 257 245 146
is_linear=0
shrinkage=0.0500478


Tree=128
num_leaves=11
num_cat=0
split_feature=108 62 0 100 112 38 0 50 39 106
split_gain=10.5813 11.433 11.325 9.01488 16.9223 15.501 15.3587 18.0936 16.3171 13.9266
threshold=-0.39444444444444443 -28749.999999999996 21.000000000000004 -2702.6381703470684 -0.29705882352941171 -17166.666666666661 39.500000000000007 47333.333333333336 0.8582010582010583 354.00000000000006
decision_type=10 8 2 2 10 2 2 8 2 10
left_child=-1 2 -2 6 9 -6 8 -8 -3 -5
right_child=1 3 -4 4 5 -7 7 -9 -10 -11
leaf_value=170.90693577705977 -131.8242778132641 151.00576821356194 -10.518159734495603 -0.57167432651471817 497.45325725718328 -0.00010006490216278336 93.356843419023292 -22.918390203333555 0.46459282137926372 -43.708289143485715
leaf_weight=67 57 538 58 1788 72 21903 96 400 1807 191
leaf_count=67 57 538 58 1788 72 21903 96 400 1807 191
internal_value=-8.70438e-05 -0.00014491 -0.0157339 -6.89587e-05 -0.000392593 0 0.00258601 -0.00521345 0.00432634 -0.00482237
internal_weight=26977 26910 115 26795 23954 21975 2841 496 2345 1979
internal_count=26977 26910 115 26795 23954 21975 2841 496 2345 1979
is_linear=0
shrinkage=0.0500478


Tree=129
num_leaves=7
num_cat=0
split_feature=114 62 88 112 112 107
split_gain=8.36994 12.0246 10.0067 13.8174 11.7145 11.3207
threshold=-12499.999999999998 -28749.999999999996 60500.000000000007 1.4000800000000002 1.5857142857142861 51000.000000000007
decision_type=8 8 10 10 10 10
left_child=-1 -2 3 5 -5 -3
right_child=1 2 -4 4 -6 -7
leaf_value=415.81520197652628 -109.17319131763776 -9.2454054374777419e-05 -66.352382212973751 123.5157064390167 -1.6322202471271996 -547.64733780207689
leaf_weight=56 109 26501 105 77 68 61
leaf_count=56 109 26501 105 77 68 61
internal_value=-0.000116724 -0.000165298 -8.94459e-05 -2.04674e-05 0.0152481 -0.000112896
internal_weight=26977 26921 26812 26707 145 26562
internal_count=26977 26921 26812 26707 145 26562
is_linear=0
shrinkage=0.0500478


Tree=130
num_leaves=31
num_cat=0
split_feature=131 51 22 94 0 121 127 10 125 125 59 130 45 45 7 34 25 21 94 1 45 127 0 110 125 51 1 125 64 53
split_gain=8.29737 22.8042 27.4657 33.6958 17.7331 17.4038 16.2144 15.083 12.3655 11.4286 22.2185 30.0639 26.2983 33.3816 18.8261 18.6313 17.4775 16.2332 15.1245 14.9105 26.7034 21.3434 13.6461 11.3658 14.4442 11.3346 8.60336 7.24866 5.70127 1.35952
threshold=-0.68301270189221952 63500.000000000007 5409.088810349419 0.088693259907282426 33.000000000000007 0.13392857142857145 219.50000000000003 42500.000000000007 8.5000000000000018 8.5000000000000018 29500.000000000004 0.68301270189221941 61250.000000000007 83750.000000000015 75500.000000000015 18125.000000000004 1.5000000000000002 5345.2248382490307 0.041428740308944646 11.000000000000002 59500.000000000007 78.500000000000014 39.500000000000007 -0.056349206349206336 11.500000000000002 80250.000000000015 9.0000000000000018 9.5000000000000018 -0.056873315363881398 8669.6793814499561
decision_type=2 10 10 10 2 10 2 8 2 2 10 2 10 10 8 2 2 10 10 2 10 2 2 10 2 8 2 2 10 10
left_child=1 2 3 6 23 7 -1 -4 -5 10 12 17 22 -14 -13 19 25 -12 -18 21 -21 -11 -2 24 -3 -17 -7 -6 -25 -29
right_child=9 4 5 8 27 26 -8 -9 -10 15 11 14 13 -15 -16 16 18 -19 -20 20 -22 -23 -24 28 -26 -27 -28 29 -30 -31
leaf_value=0.004643594583443743 0.0014263837123487273 52.043005099101684 74.364797982217709 -3.5155629326329776 -54.719773950576375 18.491660287488966 -0.055002785973708578 -32.547080486690106 -0.9700520338262214 13.997588012871086 -28.622648225760326 -5.5113994604964871 106.0015456263487 -13.151267995675685 39.22646423249013 31.52294433807684 13.791199784382343 1.241140791561139 -193.64896099617559 -0.00090614935328245372 -23.026779336308781 0.018126294714477666 2.0018174595014027 -9.2169935947659969 -14.934595234384826 -55.41754047449848 33.295312387655478 -311.68185485991648 -213.06243452631102 -83.789650940391169
leaf_weight=3613 3206 62 68 375 59 254 1022 136 939 1558 248 244 459 188 169 87 59 72 398 8355 261 3655 644 71 162 66 293 66 116 72
leaf_count=3613 3206 62 68 375 59 254 1022 136 939 1558 248 244 459 188 169 87 59 72 398 8355 261 3655 644 71 162 66 293 66 116 72
internal_value=-8.70438e-05 -0.00153299 -0.000656529 -0.00182418 -0.0108158 0.00829801 0.000139467 -0.00337526 -0.00889312 0.000439948 0.00244788 -0.00550687 0.00379212 0.0131717 0.0030024 -0.000273513 -0.00881921 -0.0170614 -0.0138258 9.01816e-05 -0.00117258 0.00221595 0.00215553 -0.00422742 0.00263513 0.00480459 0.0130185 -0.0233173 -0.0134527 -0.0299054
internal_weight=26977 7308 6700 5949 608 751 4635 204 1314 19669 5230 733 4497 647 413 14439 610 320 457 13829 8616 5213 3850 411 224 153 547 197 187 138
internal_count=26977 7308 6700 5949 608 751 4635 204 1314 19669 5230 733 4497 647 413 14439 610 320 457 13829 8616 5213 3850 411 224 153 547 197 187 138
is_linear=0
shrinkage=0.0500478


Tree=131
num_leaves=16
num_cat=0
split_feature=38 51 44 26 54 18 111 9 47 127 82 127 38 121 55
split_gain=8.30531 14.8163 11.4772 9.77645 11.2868 18.4815 14.0069 9.22791 16.0939 15.0201 11.3977 23.8268 21.3342 10.9298 8.76014
threshold=-12333.333333333334 49000.000000000007 112500.00000000001 49.500000000000007 10348.088133275156 39000.000000000007 -0.075961538461538455 15004.000000000002 11750.000000000002 298.50000000000006 85625.000000000015 106.50000000000001 20833.333333333336 0.26136363636363641 10696.566276344542
decision_type=2 8 10 2 8 10 8 10 8 2 10 2 2 8 10
left_child=1 -1 7 4 6 -6 -3 8 9 -2 12 -12 -9 -10 -4
right_child=2 3 14 -5 5 -7 -8 10 13 -11 11 -13 -14 -15 -16
leaf_value=232.38665751698105 0.0018983634458239413 202.37397171512404 -626.23078087681552 -53.85087344862913 189.00457920617944 -24.284635206361436 -8.1090895868650694 0.0002182997735205168 -0.13974520845991897 66.288518003859679 40.588540848034519 -79.86849431623628 -671.24756671082196 2.7374339354409636 -15.033701710142816
leaf_weight=101 555 164 71 56 57 365 125 21452 2936 97 431 148 69 261 89
leaf_count=101 555 164 71 56 57 365 125 21452 2936 97 431 148 69 261 89
internal_value=-8.70438e-05 0.00471029 -0.000254773 0.00201135 0.0038528 -0.000934225 0.0114921 -0.000163775 -0.00242898 0.00458251 0.000221733 0.00713755 2.5399e-05 -0.0039251 -0.013532
internal_weight=26977 868 26109 767 711 422 289 25949 3849 652 22100 579 21521 3197 160
internal_count=26977 868 26109 767 711 422 289 25949 3849 652 22100 579 21521 3197 160
is_linear=0
shrinkage=0.0500478


Tree=132
num_leaves=9
num_cat=0
split_feature=110 64 0 28 62 1 102 59
split_gain=8.22995 9.32169 9.26055 8.36095 12.783 49.8052 10.8625 8.46448
threshold=-0.44097222222222215 -0.29289215686274506 21.000000000000004 112500.00000000001 10750.000000000002 9.0000000000000018 4449.5633693922655 29500.000000000004
decision_type=8 8 2 2 10 2 2 10
left_child=-1 2 -2 4 6 -6 -3 -5
right_child=1 3 -4 7 5 -7 -8 -9
leaf_value=243.86669226428211 -104.69916225101508 0.00022580227701124577 8.9629525888107295 -467.90034330069511 -71.791329196488164 206.91694993840295 -5.6304170166016476 35.455974507283024
leaf_weight=68 87 24039 79 107 209 521 1786 81
leaf_count=68 87 24039 79 107 209 521 1786 81
internal_value=-6.84935e-05 -0.000120739 -0.0118616 -3.91525e-05 2.81226e-05 0.00655437 -0.00014906 -0.0104914
internal_weight=26977 26909 166 26743 26555 730 25825 188
internal_count=26977 26909 166 26743 26555 730 25825 188
is_linear=0
shrinkage=0.0500478


Tree=133
num_leaves=19
num_cat=0
split_feature=101 62 127 127 13 73 26 83 9 54 52 33 120 20 1 107 95 93
split_gain=8.41611 15.3649 14.6803 18.7597 15.9927 21.1195 14.2591 29.75 19.5484 14.1422 13.8755 13.4559 20.2741 16.7479 10.6965 6.98276 14.4519 1.80355
threshold=8753.1278112100972 10750.000000000002 351.50000000000006 50.500000000000007 62500.000000000007 71000.000000000015 25.500000000000004 68875.000000000015 63500.000000000007 18852.468475007048 15234.128064810238 30500.000000000004 0.13392857142857145 106250.00000000001 9.0000000000000018 -29499.999999999996 0.13340667525176628 0.063417921809757069
decision_type=2 10 2 2 10 8 2 10 10 10 10 2 8 10 2 8 10 10
left_child=1 9 3 4 -2 -6 7 -5 -8 11 -4 13 -13 -1 -3 -11 -17 -16
right_child=2 14 10 6 5 -7 8 -9 -10 15 -12 12 -14 -15 17 16 -18 -19
leaf_value=0.0001130010264035367 -115.1715773335266 -14.116845480565688 365.99612555161798 -226.87576065809392 196.27564181151718 -85.245836361859787 8.9069383464940017 7.8461195452602244 -131.40086200538829 -0.57784087025896425 -54.530075255535266 1.7132441440974275 -91.227499677783058 105.15178526058214 562.52611523027144 -4.3440104553603458 32.061142012727998 184.99807369987155
leaf_weight=23258 62 71 75 528 198 129 406 268 148 100 58 603 566 87 72 113 173 62
leaf_count=23258 62 71 75 528 198 129 406 268 148 100 58 603 566 87 72 113 173 62
internal_value=-6.84935e-05 0.000165294 -0.00330875 -0.0046248 0.00472072 0.00955889 -0.00747223 -0.0117793 -0.000892492 4.40599e-05 0.012165 -9.78299e-05 -0.00533709 0.000156318 0.0137329 0.00952427 0.0135202 0.0219791
internal_weight=26977 25105 1872 1739 389 327 1350 796 554 24900 133 24514 1169 23345 205 386 286 134
internal_count=26977 25105 1872 1739 389 327 1350 796 554 24900 133 24514 1169 23345 205 386 286 134
is_linear=0
shrinkage=0.0500478


Tree=134
num_leaves=23
num_cat=0
split_feature=83 77 51 4 95 63 89 101 127 80 0 26 12 127 50 125 55 105 120 53 93 107
split_gain=9.6243 15.5684 15.3199 20.3107 21.0634 15.8065 28.4451 19.3946 15.1687 14.0595 30.8266 19.6219 14.3967 13.6766 13.0425 10.3037 9.74137 7.58836 5.52176 5.40973 5.21751 3.0362
threshold=81875.000000000015 66500.000000000015 74250.000000000015 26500.000000000004 0.1467981358234238 13750.000000000002 38500.000000000007 7354.7097557529714 133.50000000000003 122504.00000000001 21.000000000000004 15.500000000000002 102500.00000000001 42.500000000000007 74250.000000000015 7.5000000000000009 13307.256976362745 -5003.9999999999991 0.13392857142857145 10551.272016880977 0.02383221265461229 13500.000000000002
decision_type=10 8 8 10 10 10 10 2 2 10 2 2 8 2 10 2 8 10 10 8 10 10
left_child=1 2 5 -4 -5 7 -7 -1 13 10 19 12 -12 16 -15 -11 -3 -10 -17 -2 -19 -20
right_child=9 8 3 4 -6 6 -8 -9 17 15 11 -13 -14 14 -16 18 -18 20 21 -21 -22 -23
leaf_value=0.00039389483658272545 -45.108970328357323 -24.196324083146983 37.844488422084936 -47.848990821820323 -5.0955823325394753 47.993172910786988 -2.4369264341456058 -73.112465977313732 96.433472959280962 138.14423160166965 88.872057711725233 -339.58351824050834 -8.3818216848444003 238.26131975662361 31.955956264536631 25.302930688691184 8.3834971718141631 -2.6847956124923558 -251.01004246805337 -305.973343110418 -194.27389215463029 -0.35882088062437467
leaf_weight=22267 59 90 99 463 651 431 579 944 58 67 89 61 56 147 276 88 157 61 58 144 76 56
leaf_count=22267 59 90 99 463 651 431 579 944 58 67 89 61 56 147 276 88 157 61 58 144 76 56
internal_value=0 0.000150179 -6.67457e-05 -0.00555565 -0.00761726 0.000200252 0.00632355 -5.80456e-05 0.00674592 -0.00587844 -0.0117895 0.000941908 0.0118538 0.0104139 0.0158717 0.00238266 0.000185191 -0.00479648 -0.0024291 -0.0255596 -0.011816 -0.0102818
internal_weight=26977 26299 25434 1213 1114 24221 1010 23211 865 678 409 206 145 670 423 269 247 195 202 203 137 114
internal_count=26977 26299 25434 1213 1114 24221 1010 23211 865 678 409 206 145 670 423 269 247 195 202 203 137 114
is_linear=0
shrinkage=0.0500478


Tree=135
num_leaves=21
num_cat=0
split_feature=112 112 0 127 88 125 100 35 38 8 84 34 42 94 23 124 124 101 35 91
split_gain=8.94692 21.9616 20.9594 25.1935 22.6328 16.6229 21.0397 19.1812 15.1067 13.0838 28.6618 12.7582 12.1747 17.1908 16.3678 13.5651 11.9703 11.3989 10.133 7.94761
threshold=0.033908045977011504 0.03509852216748769 10.000000000000002 317.50000000000006 750.00000000000011 14.500000000000002 474.08288172502949 0.19374506174177303 8416.6666666666697 97500.000000000015 80500.000000000015 7375.0000000000009 0.84757937952601281 0.20763149247052634 14994.251772159092 62.500000000000007 70.500000000000014 863.87683242302785 0.075929777940320395 550.00000000000011
decision_type=8 8 2 2 10 2 2 2 2 8 10 2 8 10 10 2 2 2 2 10
left_child=8 19 3 4 -3 7 -7 -4 12 10 11 -10 13 16 -15 18 -1 -5 -14 -2
right_child=1 2 5 17 -6 6 -8 -9 9 -11 -12 -13 15 14 -16 -17 -18 -19 -20 -21
leaf_value=-0.0025807789841827485 2.2168081861736035 -0.0017508503927017786 0.34899640941920268 -0.36837000039953899 3.2894045293347998 0.0096075920612705562 -9.3812971211622038 -0.61387575839710984 16.028018045414584 -302.29702567917741 36.284957154490456 -142.14782785601673 -0.00082894240700522568 27.598520085876586 -5.6636140070869887 -0.11739835559976654 0.0054661892554923328 -0.019980214927777153 0.022915708572280813 0.41721760876064334
leaf_weight=13575 58 393 2956 61 969 2287 2050 818 74 108 59 356 711 205 121 56 79 215 1768 58
leaf_count=13575 58 393 2956 61 969 2287 2050 818 74 108 59 356 711 205 121 56 79 215 1768 58
internal_value=7.59136e-05 0.00128283 0.00100041 0.00616039 0.00902043 -1.80307e-05 -0.00215582 0.00238445 -0.000608029 -0.00842604 -0.00437117 -0.0092496 -0.000311856 -0.000901716 0.0103499 0.00285841 -0.0011871 -0.0071757 0.00348765 0.022784
internal_weight=26977 9865 9749 1638 1362 8111 4337 3774 17112 597 489 430 16515 13980 326 2535 13654 276 2479 116
internal_count=26977 9865 9749 1638 1362 8111 4337 3774 17112 597 489 430 16515 13980 326 2535 13654 276 2479 116
is_linear=0
shrinkage=0.0500478


Tree=136
num_leaves=18
num_cat=0
split_feature=63 54 123 55 93 51 79 8 101 9 62 100 37 1 89 55 103
split_gain=8.77352 30.2845 23.8319 19.3158 16.795 16.1362 12.2474 14.8399 12.4802 11.6092 8.6751 11.0825 7.10306 6.86216 8.15351 6.69736 6.53981
threshold=10750.000000000002 6508.9500405774552 2750.0000000000005 8779.6793942693203 0.17981070438249716 53583.333333333343 127500.00000000001 102500.00000000001 17049.539046755584 61000.000000000007 -28749.999999999996 -5826.9799435169107 -5251.9999999999991 11.000000000000002 13500.000000000002 10016.638981097474 2500.0000000000005
decision_type=8 8 10 10 10 8 10 10 2 8 10 2 2 2 10 10 10
left_child=6 4 3 5 13 -3 8 -8 10 -5 -1 -12 -4 16 -15 -10 -2
right_child=1 2 12 9 -6 -7 7 -9 15 -11 11 -13 -14 14 -16 -17 -18
leaf_value=-72.844939910210087 320.06493238458876 59.486851649838783 -13.25743453330149 -208.06817348709626 -84.521742591347603 0.32375516449194153 340.75903199153021 3.1798399873930907 -431.54488776981879 -12.998298622723082 12.969955651826963 -0.00085989540377910743 -281.04965656581646 2.2544351891939938 -9.8120497243307305 -5.1164720184373573 87.896283805537337
leaf_weight=103 263 307 73 119 74 472 61 96 86 177 870 23865 94 119 64 58 76
leaf_count=103 263 307 73 119 74 472 61 96 86 177 870 23865 94 119 64 58 76
internal_value=-6.47834e-05 0.0032611 -0.00104254 0.00152928 0.012538 0.00582316 -0.00031636 0.0134727 -0.000412496 -0.00904254 -0.000318179 -0.000248693 -0.0185848 0.0158339 0.00618635 -0.0150104 0.0203627
internal_weight=26977 1838 1242 1075 596 779 25139 157 24982 296 24838 24735 167 522 183 144 339
internal_count=26977 1838 1242 1075 596 779 25139 157 24982 296 24838 24735 167 522 183 144 339
is_linear=0
shrinkage=0.0500478


Tree=137
num_leaves=21
num_cat=0
split_feature=61 130 21 70 45 55 101 62 51 85 11 87 54 52 26 26 86 10 8 22
split_gain=9.28571 33.239 18.2095 12.769 13.4343 14.3217 11.808 16.8151 15.9351 17.7612 14.8297 14.6455 9.37568 7.6393 7.565 5.94026 5.83335 7.98994 5.08589 1.58739
threshold=5265.0000000000009 0.68301270189221941 7867.9579246944759 102500.00000000001 53750.000000000007 8779.6793942693203 8753.1278112100972 12000.000000000002 42333.333333333336 85625.000000000015 55500.000000000007 43500.000000000007 18949.448222757263 6812.9531070931198 7.5000000000000009 13.500000000000002 52625.000000000007 69000.000000000015 35004.000000000007 10894.095588038355
decision_type=8 2 10 8 10 10 2 10 8 10 8 10 10 10 2 2 10 8 8 10
left_child=6 3 16 4 13 -6 7 11 15 14 -11 12 -1 -2 -10 -8 -3 -18 -17 -4
right_child=1 2 19 -5 5 -7 8 -9 9 10 -12 -13 -14 -15 -16 18 17 -19 -20 -21
leaf_value=-0.00063686797836679497 23.573222428481355 43.433200496821165 -439.61455196933372 -23.681466506109508 295.91548948737517 1.2344382879041913 -25.992711044654744 285.90430893720713 -4.2166926681525787 50.813267095248335 -24.421345949795104 213.24673089248134 12.493568540020632 -7.5226042043389523 -173.34093706874614 10.671434337750506 -25.767178373709346 13.749772561935401 190.71205317600771 -235.63065050278263
leaf_weight=23961 197 79 75 63 299 97 65 84 107 92 336 73 345 186 547 57 65 109 72 68
leaf_count=23961 197 79 75 63 299 97 65 84 107 92 336 73 345 186 547 57 65 109 72 68
internal_value=-0.000105594 0.00411224 -0.00752674 0.00983374 0.0117153 0.0183289 -0.000316763 -6.32578e-05 -0.00500784 -0.00747282 0 -0.000149689 -0.000226317 0.00427483 -0.01265 0.00762329 0 -0.00451641 0.0140581 -0.0216514
internal_weight=26977 1238 396 842 779 396 25739 24463 1276 1082 428 24379 24306 383 654 194 253 174 129 143
internal_count=26977 1238 396 842 779 396 25739 24463 1276 1082 428 24379 24306 383 654 194 253 174 129 143
is_linear=0
shrinkage=0.0500478


Tree=138
num_leaves=20
num_cat=0
split_feature=112 108 51 130 127 47 8 120 52 48 111 64 130 94 95 109 39 92 5
split_gain=7.80085 11.8954 12.3032 25.0329 24.0642 15.2971 15.8494 14.4745 10.312 24.5403 13.1209 11.6163 23.8246 13.7623 10.8226 9.7089 9.15038 9.10556 8.81948
threshold=-0.225705329153605 -0.28174603174603169 45666.666666666679 0.68301270189221941 190.50000000000003 64500.000000000007 55500.000000000007 0.27922077922077926 17187.650926634502 53583.333333333343 -0.061935920577617321 0.25462962962962971 0.68301270189221941 0.20383763085490009 0.16564523537427203 -0.099919999999999995 1.506756756756757 4125.0000000000009 16500.000000000004
decision_type=8 10 10 2 2 10 8 10 10 10 8 10 2 10 10 10 2 10 10
left_child=1 -1 3 4 -3 6 -4 -7 11 -10 -11 15 13 -13 -12 18 -17 -14 -2
right_child=8 2 5 -5 -6 7 -8 -9 9 10 14 12 17 -15 -16 16 -18 -19 -20
leaf_value=187.6562891394658 -0.18002134478087703 -4.2396315489928238 -0.027661103031154034 95.227870287879611 -0.14461443712403876 -4.1812637784576125 2.6470448467384484 -247.77515264984501 32.243649258660255 16.238869558124044 -262.15488845160144 231.76371148787103 13.200221149735398 -7.0136546721471147 -40.056420562887389 -0.00011715705248654151 -0.18773112712464196 -45.749222097039876 0.92380427604436943
leaf_weight=76 331 356 951 103 722 822 323 64 94 103 180 299 56 95 169 20261 94 82 1796
leaf_count=76 331 356 951 103 722 822 323 64 94 103 180 299 56 95 169 20261 94 82 1796
internal_value=-0.000116724 -0.0023553 -0.00285791 -0.00697456 -0.00935334 -0.000507388 0.00289842 -0.00562883 0.000199497 -0.00656323 -0.0116652 0.000369487 0.00767159 0.0141292 -0.0163656 0.000186803 -0.000139943 -0.0092375 0.00340608
internal_weight=26977 3417 3341 1181 1078 2160 1274 886 23560 546 452 23014 532 394 349 22482 20355 138 2127
internal_count=26977 3417 3341 1181 1078 2160 1274 886 23560 546 452 23014 532 394 349 22482 20355 138 2127
is_linear=0
shrinkage=0.0500478


Tree=139
num_leaves=25
num_cat=0
split_feature=112 52 51 123 130 77 63 107 22 125 101 76 100 101 36 51 52 106 50 51 0 63 30 127
split_gain=7.98472 11.5183 19.2958 25.4148 16.7195 15.1991 16.9697 13.8839 11.5864 8.89674 19.8821 29.1039 19.7049 18.6486 18.008 16.7752 14.0703 20.3221 12.7008 12.4539 9.70708 12.7692 10.8259 9.59504
threshold=-0.225705329153605 2747.7112689719384 45666.666666666679 1.0000000180025095e-35 0.68301270189221941 34500.000000000007 -8249.9999999999982 -5503.9999999999991 4258.1531362620763 14.500000000000002 1419.8444516668135 29500.000000000004 -2125.3478479357032 514.10768477955037 0.75000000000000011 17583.333333333339 10820.48809584292 4500.0000000000009 100416.66666666667 16583.333333333339 39.500000000000007 2750.0000000000005 33500.000000000007 202.50000000000003
decision_type=8 10 10 10 2 10 10 10 10 2 2 10 2 2 2 10 10 8 8 10 2 8 2 2
left_child=1 7 3 4 -3 8 -7 -1 -4 12 13 19 20 15 -13 -11 17 -14 -18 -12 22 -22 -2 -15
right_child=9 2 5 -5 -6 6 -8 -9 -10 10 11 14 16 23 -16 -17 18 -19 -20 -21 21 -23 -24 -25
leaf_value=6.0083985604181835 -0.99025019565804295 -2.3604390674193754 -10.757475833764127 27.373769357053266 90.276817253533594 -8.7670421691517326 0.30670220929080633 -0.085172669125497688 97.056070605075547 0.030172156069907387 -0.09738045432330461 -253.53255921425747 -0.00033765345353841867 0.68861028829194804 -0.062881354253795971 -0.0015035644753413836 -74.114972099147337 2.1728715976992765 45.7627613931962 -18.238877822087275 9.4808744531225031 -66.126191926720153 29.718661087501495 0.0025447931306139919
leaf_weight=71 109 861 82 99 92 981 964 97 170 949 185 186 7072 770 2564 6773 667 2153 122 569 108 65 729 539
leaf_count=71 109 861 82 99 92 981 964 97 170 949 185 186 7072 770 2564 6773 667 2153 122 569 108 65 729 539
internal_value=-0.000179796 -0.00244312 -0.00315427 -0.00872963 -0.0113628 -0.000385079 -0.00197686 0.00996064 0.0109996 0.000140024 -0.000762139 -0.00396682 0.00118419 0.000459416 -0.00148961 -0.000453041 0.000489278 0.00105722 -0.00587605 -0.0126979 0.0078482 -0.00197484 0.0101187 0.00598853
internal_weight=26977 3417 3249 1052 953 2197 1945 168 252 23560 12535 3504 11025 9031 2750 7722 10014 9225 789 754 1011 173 838 1309
internal_count=26977 3417 3249 1052 953 2197 1945 168 252 23560 12535 3504 11025 9031 2750 7722 10014 9225 789 754 1011 173 838 1309
is_linear=0
shrinkage=0.0500478


Tree=140
num_leaves=22
num_cat=0
split_feature=37 0 58 91 7 112 74 95 26 9 47 121 131 12 96 77 102 42 47 51 118
split_gain=8.40523 15.5364 12.6639 12.8193 12.2821 12.2516 12.2318 11.2505 10.8724 10.6847 24.0975 12.7655 11.8642 10.5334 9.28312 9.26011 8.93925 8.93475 8.70653 16.4954 12.8659
threshold=-11749.999999999998 33.000000000000007 24500.000000000004 11625.000000000002 63500.000000000007 -0.23431372549019605 67500.000000000015 0.081244543803736427 31.500000000000004 26500.000000000004 16250.000000000002 0.27922077922077926 -0.9330127018922193 112500.00000000001 70008.403008651498 66500.000000000015 -10953.108416133606 -1.3789922346811434 11750.000000000002 14916.66666666667 0.18333333333333338
decision_type=2 2 8 10 10 8 8 10 2 10 10 10 2 8 2 10 2 10 10 10 10
left_child=1 17 7 4 -4 9 -5 -3 -9 10 12 -12 -2 14 -11 -15 -7 -1 20 -20 -18
right_child=5 2 3 6 -6 16 -8 8 -10 13 11 -13 -14 15 -16 -17 18 -19 19 -21 -22
leaf_value=768.83363601403994 -0.85973827855063956 -22.138917821888537 -9.3295486610247771 183.17733035057185 -164.4303510166425 42.906983506632827 -8.626389397788305 139.59533711807683 -9.1962796634037023 -0.090680802773998564 -4.0362486925359322 0.25639722407707155 0.27949161498337488 -24.731922153751761 79.857572559076203 1.4831007915296923 0.1786466031709904 109.32141379795075 -0.2243791986985619 -0.00024140082143414492 -3.1967405880192667
leaf_weight=83 119 61 258 74 97 57 77 260 98 1835 378 92 160 177 76 101 758 94 583 21338 201
leaf_count=83 119 61 258 74 97 57 77 260 98 1835 378 92 160 177 76 101 758 94 583 21338 201
internal_value=-0.000272547 0.00398421 0.00112907 -0.00392972 -0.00937017 -0.000462085 0.00747645 0.00770974 0.0113749 -0.00350491 -0.00871971 -0.0156699 0.002298 -0.00161972 -0.000181078 -0.0106937 -6.31024e-05 0.0175491 -0.000122313 -0.000335402 0.00452474
internal_weight=26977 1102 925 506 355 25875 151 419 358 2938 749 470 279 2189 1911 278 22937 177 22880 21921 959
internal_count=26977 1102 925 506 355 25875 151 419 358 2938 749 470 279 2189 1911 278 22937 177 22880 21921 959
is_linear=0
shrinkage=0.0500478


Tree=141
num_leaves=22
num_cat=0
split_feature=37 0 54 106 124 105 112 9 47 121 131 42 54 125 106 102 95 28 80 55 63
split_gain=7.90588 14.4709 12.1523 16.3393 13.854 10.2624 10.2188 10.9064 20.2854 11.5028 10.4056 10.057 9.7471 12.8861 12.652 8.92978 8.82649 8.27476 9.65189 7.68525 5.88727
threshold=-11749.999999999998 33.000000000000007 8892.7316916245309 -18499.999999999996 3.5000000000000004 2500.0000000000005 -0.23431372549019605 26500.000000000004 16250.000000000002 0.27922077922077926 -0.9330127018922193 -1.3729509338918888 6812.9531070931198 12.500000000000002 -10499.999999999998 -10953.108416133606 0.1150391667503743 112500.00000000001 137500.00000000003 10696.566276344542 -13749.999999999998
decision_type=2 2 8 8 2 8 8 10 10 10 2 10 10 2 10 2 10 2 10 10 10
left_child=1 11 4 20 16 -5 7 8 10 -10 -2 -1 14 -14 -9 -8 -3 18 -17 -19 -4
right_child=6 2 3 5 -6 -7 15 12 9 -11 -12 -13 13 -15 -16 17 -18 19 -20 -21 -22
leaf_value=733.4631211116241 -0.81671027307901201 14.038251314920897 0.089791923501935628 -44.497704285313816 -13.77571594950197 11.490122660475921 40.759583574403699 47.180842159453313 -3.8342433437452925 0.2435651082625975 0.26550367581768808 93.386717114799026 -5.2882212873198675 0.05072916863308926 0.029247613216972439 -0.00023066181405218293 171.4640427784345 -630.22433595498808 101.9630533706715 -14.065816033365175 181.64800756808447
leaf_weight=86 119 138 93 267 78 78 57 93 378 92 160 91 620 867 609 22652 206 65 85 78 65
leaf_count=86 119 138 93 267 78 78 57 93 378 92 160 91 620 867 609 22652 206 65 85 78 65
internal_value=-0.000235447 0.00389358 0.00112907 -0.00385403 0.00753733 -0.010216 -0.000419536 -0.00319854 -0.0084533 -0.0148224 0.00158671 0.0169913 -0.0013 -0.00365998 0.00340471 -5.43754e-05 0.0121235 -0.000113564 -2.84426e-05 -0.0120168 0.00870989
internal_weight=26977 1102 925 503 422 345 25875 2938 749 470 279 177 2189 1487 702 22937 344 22880 22737 143 158
internal_count=26977 1102 925 503 422 345 25875 2938 749 470 279 177 2189 1487 702 22937 344 22880 22737 143 158
is_linear=0
shrinkage=0.0500478


Tree=142
num_leaves=24
num_cat=0
split_feature=108 112 38 125 52 55 76 94 127 112 8 83 69 102 25 62 52 39 55 23 93 23 55
split_gain=7.60575 13.6976 15.694 14.5275 22.7931 19.876 14.9419 13.434 13.3199 11.9997 11.7058 17.6206 11.5757 10.1479 26.1552 11.1413 9.74417 9.48327 6.12945 6.18511 6.18214 1.90285 1.76758
threshold=0.036038961038961044 0.033908045977011504 8416.6666666666697 14.500000000000002 18039.275658354909 19418.630699202487 45500.000000000007 0.05083911274417937 298.50000000000006 0.65686274509803932 97500.000000000015 71625.000000000015 2583.3333333333335 248.08800744481599 3.5000000000000004 12000.000000000002 7005.8867426102979 0.84273937856689929 7702.6917772327706 5529.4405362275638 0.050230150813527115 14994.251772159092 6331.1365504736377
decision_type=10 8 2 2 10 10 8 10 2 10 8 10 10 2 2 10 10 2 10 10 10 10 10
left_child=1 2 13 4 6 7 -3 -5 9 12 11 -4 17 15 -15 -1 -14 -2 19 20 -10 -6 -11
right_child=8 3 10 5 21 -7 -8 -9 18 22 -12 -13 16 14 -16 -17 -18 -19 -20 -21 -22 -23 -24
leaf_value=-0.00021777512723230157 3.5817151797674125 0.03372790662154846 -105.45304156543435 0.037847412429395058 -205.19307437813217 240.60854288854028 7.5960049111300254 -0.78391500184162244 7.6071202076251874 -241.64540328612065 -317.40321684059677 32.85849708950105 92.870186226938472 -2.0132002458970613 -0.00073404024912942611 350.76741461918596 -6.0931361006932434 -40.221226660066165 -82.801183176990932 196.24755450874648 -0.34438021182049061 -26.051053417425546 -135.63078477511272
leaf_weight=13528 203 2353 343 1871 59 61 1443 2598 64 60 99 91 104 576 1373 63 181 1436 59 81 170 56 105
leaf_count=13528 203 2353 343 1871 59 61 1443 2598 64 60 99 91 104 576 1373 63 181 1436 59 81 170 56 105
internal_value=-0.000209476 4.88364e-05 -0.00079988 0.00168886 0.00392514 -0.000197908 0.00463689 -0.000637125 -0.00286069 -0.00447302 -0.00924623 -0.00503668 -0.00321943 -0.000495643 -0.00387065 0 0.00573225 -0.00490655 0.00557356 0.00865898 0.00337035 -0.0174384 -0.0176112
internal_weight=26977 24514 16073 8441 3911 4530 3796 4469 2463 2089 533 434 1924 15540 1949 13591 285 1639 374 315 234 115 165
internal_count=26977 24514 16073 8441 3911 4530 3796 4469 2463 2089 533 434 1924 15540 1949 13591 285 1639 374 315 234 115 165
is_linear=0
shrinkage=0.0500478


Tree=143
num_leaves=29
num_cat=0
split_feature=127 50 125 51 29 125 112 112 98 100 0 48 111 127 63 1 0 39 42 25 57 46 74 28 26 83 100 55
split_gain=10.9915 22.6022 39.0836 21.528 19.1992 17.6887 35.2713 30.0838 17.4701 20.5214 20.2356 19.4033 31.8236 22.5275 17.252 39.4595 17.2083 22.8398 20.3849 16.068 15.6086 15.4437 14.0032 13.0215 10.8047 10.7845 7.20216 6.79455
threshold=74.500000000000014 67333.333333333358 7.5000000000000009 46500.000000000007 109583.33333333336 12.500000000000002 0.045983086680761107 0.40312500000000007 40528.301601260973 -1.0040760775445958 33.000000000000007 39250.000000000007 0.11324786324786326 34.500000000000007 13750.000000000002 9.0000000000000018 33.000000000000007 0.95380241648898367 -1.1069902513999137 6.5000000000000009 39000.000000000007 69500.000000000015 61000.000000000007 45500.000000000007 37.500000000000007 60625.000000000007 -2198.9541289981821 8025.9843075042463
decision_type=2 10 2 10 2 2 10 8 2 2 2 10 10 2 10 2 2 2 10 2 10 10 8 2 2 10 2 10
left_child=3 14 20 8 5 6 -5 -7 11 22 -11 12 -1 -13 21 24 17 -4 -18 -17 26 23 -10 -2 -16 -6 -3 -23
right_child=1 2 16 4 25 7 -8 -9 9 10 -12 13 -14 -15 15 19 18 -19 -20 -21 -22 27 -24 -25 -26 -27 -28 -29
leaf_value=0.013381474520090402 0.0003915340654156723 200.01088824104161 190.38809855421914 -4.6127075076589605 21.219267296446102 72.238640026168412 44.062151853229352 0.96201090602342965 -0.59358688942877635 3.3637657818021216 -211.44219936038041 0.06937510878729207 -7.3597667533818472 261.73301681019257 -270.47864083289409 15.381000256780171 -5.317240146422141 -32.54906612223305 -278.91666642168042 469.1225338900536 -53.153136372836471 182.85227037780268 -1.6658080887954934 -0.21737488690278456 2.5501409885641868 -759.82006454106181 17.288475220251165 7.4804056736193134
leaf_weight=2772 12817 87 114 596 56 717 509 405 218 365 94 139 299 86 72 98 166 820 299 192 67 93 113 5408 118 56 143 58
leaf_count=2772 12817 87 114 596 56 717 509 405 218 365 94 139 299 86 72 98 166 820 299 192 67 93 113 5408 118 56 143 58
internal_value=-0.000138985 -0.0007108 -0.00624469 0.00165794 0.00549166 0.00657569 0.00184939 0.0110347 -0.000488709 -0.00719491 0 0.00106095 0 0.0151659 -0.00020149 0.00912088 -0.00981791 -0.00555409 -0.0178718 0.0208652 0.00984801 -0.000457284 -0.0166486 -0.000601105 -0.00778174 -0.0139598 0.0163468 0.0153041
internal_weight=26977 20552 1696 6425 2339 2227 1105 1122 4086 790 459 3296 3071 225 18856 480 1399 934 465 290 297 18376 331 18225 190 112 230 151
internal_count=26977 20552 1696 6425 2339 2227 1105 1122 4086 790 459 3296 3071 225 18856 480 1399 934 465 290 297 18376 331 18225 190 112 230 151
is_linear=0
shrinkage=0.0500478


Tree=144
num_leaves=30
num_cat=0
split_feature=63 0 38 59 10 94 25 37 99 1 23 32 11 0 95 127 111 59 74 120 82 75 54 100 69 21 59 22 53
split_gain=12.5364 21.2392 32.1031 25.0427 23.8185 22.9905 19.5262 19.0512 15.8074 15.6729 13.4196 12.839 12.8139 26.1511 18.6647 18.1578 17.6673 14.4194 12.3851 12.3073 12.1078 16.0644 11.4652 10.4728 10.2747 8.69293 8.15455 8.0008 7.05244
threshold=425.00000000000006 21.000000000000004 -1124.999999999998 6500.0000000000009 28004.000000000004 0.017535093736471666 6.5000000000000009 9750.0000000000018 85077.77214724732 9.0000000000000018 182.57418583494601 764.22220229521076 19500.000000000004 21.000000000000004 0.051594033752984013 32.500000000000007 0.20576923076923079 24500.000000000004 49000.000000000007 0.20714285714285716 89375.000000000015 87500.000000000015 8367.5566576299425 -375.08255194381485 -2249.9999999999995 2439.7501823698517 16500.000000000004 497.24515809854296 632.45553203367592
decision_type=8 2 2 10 10 10 2 2 2 2 10 2 10 2 10 2 10 10 10 10 10 10 10 2 10 10 10 10 10
left_child=12 2 9 4 28 6 -4 19 -7 18 -11 -6 13 24 15 -15 20 25 -2 -5 22 -22 -14 -16 -1 -18 -9 -26 -3
right_child=1 3 5 7 11 8 -8 26 -10 10 -12 -13 16 14 23 -17 17 -19 -20 -21 21 -23 -24 -25 27 -27 -28 -29 -30
leaf_value=-2.7744556354537151 249.2258951649647 1.8121341115451453 0.0071576338642124994 -0.66562591293971052 -0.027053456043876718 0.35440631503086834 -0.023910723258735254 -389.58587981039364 -95.511184613081866 -0.037754369237891348 99.743912023152134 2.29561348387048 -0.00090472586344110583 -0.10473203456721158 0.13921611579759471 0.16998256543800691 -5.6711177927349361 4.7025607070834203 -5.2599642526875954 1.8417875740701457 58.298323851596052 -4.0506301180495239 -2.026955839762381 -0.96612880924700639 0.0069877423804356907 -191.12699667486612 -227.32715785964746 0.91148542181096925 -0.0064340716494862369
leaf_weight=60 106 110 543 2082 56 2904 448 62 220 70 471 384 10941 59 587 329 65 95 135 1470 159 235 2684 848 343 168 60 612 671
leaf_count=60 106 110 543 2082 56 2904 448 62 220 70 471 384 10941 59 587 329 65 95 135 1470 159 235 2684 848 343 168 60 612 671
internal_value=-7.22035e-05 0.0013486 0.00368682 -0.000949595 0.00519206 0.00185879 -0.00468126 -0.00304828 0.00400074 0.0130103 0.0177669 0.0144701 -0.000893723 0.00214825 -0.00134131 0.00819368 -0.00150994 -0.0130134 0.00142323 -0.00230809 -0.00122402 0.00731223 -0.00148711 -0.00407092 0.00860438 -0.0197521 -0.0224899 0.00997994 0
internal_weight=26977 9792 4897 4895 1221 4115 991 3674 3124 782 541 440 17185 2838 1823 388 14347 328 241 3552 14019 394 13625 1435 1015 233 122 955 781
internal_count=26977 9792 4897 4895 1221 4115 991 3674 3124 782 541 440 17185 2838 1823 388 14347 328 241 3552 14019 394 13625 1435 1015 233 122 955 781
is_linear=0
shrinkage=0.0500478


Tree=145
num_leaves=28
num_cat=0
split_feature=64 35 50 100 107 127 15 102 94 42 124 64 127 112 63 93 52 51 125 55 16 63 0 12 124 30 23
split_gain=10.9311 28.7777 14.2456 13.6396 16.5981 17.1069 16.5151 15.4608 14.2028 13.6636 16.6853 14.5389 13.5297 13.9604 13.1315 16.0976 14.0484 12.7809 13.1292 12.7216 11.8551 11.8376 11.4497 10.6461 9.40806 8.18051 6.61377
threshold=0.016530054644808747 0.10651992416244342 25250.000000000004 1352.671607905748 18500.000000000004 219.50000000000003 47500.285714285717 -3244.1937166913035 0.048259567890648648 1.4817195528927096 74.500000000000014 -0.02899159663865546 60.500000000000007 -0.03390804597701149 23250.000000000004 0.15027664537184018 2866.4595934800432 40666.666666666679 14.500000000000002 2572.2698549879774 88190.476190476198 -16249.999999999998 33.000000000000007 92500.000000000015 49.500000000000007 49000.000000000007 345.74590364211605
decision_type=8 2 10 2 8 2 10 2 10 8 2 10 2 8 8 10 10 8 2 10 8 8 2 8 2 2 10
left_child=3 2 26 4 9 7 17 -6 -8 10 -1 -11 13 -4 16 20 19 18 -5 -3 -16 -10 -19 -18 -14 -17 -2
right_child=1 14 12 6 5 -7 8 -9 21 11 -12 -13 24 -15 15 25 23 22 -20 -21 -22 -23 -24 -25 -26 -27 -28
leaf_value=-0.002381846420974628 0.13173507842470661 -0.14117310234539995 597.62156849776125 2.3370148976143068 -7.2702620471471437 -18.776842535709321 6.8870871394974245 4.9365901642943077 18.836566467472039 -0.16461022974126341 0.0052902010236462894 0.12980948722067814 0.29584950684714889 11.25462205680364 78.864655714817175 21.688503812766534 -0.025244767731876425 16.248548042170821 -121.14834284827874 0.60161258990965338 -27.775760326810733 -190.89263512807497 0.050685349618365738 -10.48901965594904 -0.0074160759062819898 -158.27644317935372 -39.267678402318502
leaf_weight=15158 61 70 78 149 119 104 97 692 73 282 58 426 1893 523 286 60 4526 139 176 369 58 700 296 389 62 76 57
leaf_count=15158 61 70 78 149 119 104 97 692 73 282 58 426 1893 523 286 60 4526 139 176 369 58 700 296 389 62 76 57
internal_value=-0.000320778 0.00115217 0.00545877 -0.00101042 -0.00057331 0.00594187 -0.00539347 0.00854731 -0.0100918 -0.000961343 -0.00128889 0.0057711 0.00629739 0.0130146 -0.000788244 0.00704614 -0.00153161 0 -0.00747749 0.00690696 0.0129903 -0.0124513 0.00559721 -0.00232989 0.00411446 -0.00647902 -0.0107714
internal_weight=26977 8508 2674 18469 16839 915 1630 811 870 15924 15216 708 2556 601 5834 480 5354 760 325 439 344 773 435 4915 1955 136 118
internal_count=26977 8508 2674 18469 16839 915 1630 811 870 15924 15216 708 2556 601 5834 480 5354 760 325 439 344 773 435 4915 1955 136 118
is_linear=0
shrinkage=0.0500478


Tree=146
num_leaves=32
num_cat=0
split_feature=62 35 26 69 130 89 1 77 112 101 130 35 55 127 51 125 16 0 105 9 51 120 42 111 51 16 7 120 8 5 102
split_gain=9.81608 29.0218 16.9343 16.8259 16.516 22.0718 21.5682 13.5965 11.5367 21.2857 10.2958 66.9044 25.2693 22.5315 32.7006 22.0362 21.6504 19.936 14.4873 18.0175 14.5198 14.4705 19.9793 17.2074 10.1813 10.1064 7.66113 7.1932 6.95214 5.27842 2.75858
threshold=3750.0000000000005 0.11780381037356698 9.5000000000000018 1666.0000000000002 0.68301270189221941 11500.000000000002 11.000000000000002 34500.000000000007 0.19605786151138899 20331.859619915391 0.68301270189221941 0.029339133496338186 3699.081839371162 74.500000000000014 14916.66666666667 23.500000000000004 59683.333333333336 21.000000000000004 -9499.9999999999982 97500.000000000015 71833.333333333358 1.0000000180025095e-35 -0.3227486121839504 0.18301435406698566 44750.000000000007 30900.133333333335 102500.00000000001 0.20714285714285716 30500.000000000004 49000.000000000007 10693.177051788984
decision_type=10 2 2 10 2 10 2 10 10 2 2 2 8 2 10 2 10 2 8 8 10 10 10 10 10 10 8 10 8 10 2
left_child=10 2 3 30 6 29 7 -3 26 -10 12 15 21 14 -13 25 -15 -17 19 -14 -20 22 -1 -23 -7 -12 -4 -5 -8 -6 -2
right_child=1 4 8 27 5 24 28 -9 9 -11 11 13 18 16 -16 17 -18 -19 20 -21 -22 23 -24 -25 -26 -27 -28 -29 -30 -31 -32
leaf_value=-0.0035253432141166417 545.94934713371276 169.0857179152803 -2.5563250231056838 233.34175998251348 -0.11798813901566027 8.669985528654907 -1.3534888448452702 1.9316761540169751 26.046073897254768 -121.32367362946518 -0.39776773845659807 -49.041851139085722 2.4446317461908484 0.039947893566063583 4.5388159497453593 -0.28300434914753464 -4.1707240617400725 2.3597179699288744 -0.11613094612666099 -21.264111167891976 -98.522019211998469 0.037694445818182473 0.0011112809985273735 -1.8305285392021455 -118.54736472673031 -0.0046971831066652337 105.52097249066276 -42.758989589660281 -25.44714232832489 10.811359247819125 198.98538287190564
leaf_weight=1169 126 214 428 67 100 63 70 831 433 73 425 71 1333 3610 816 86 1181 80 8891 173 505 3417 1470 406 500 78 56 89 91 67 58
leaf_count=1169 126 214 428 67 100 63 70 831 433 73 425 71 1333 3610 816 86 1181 80 8891 173 505 3417 1470 406 500 78 56 89 91 67 58
internal_value=-0.000532252 0.00202006 0.00773463 0.0175264 -0.00180531 -0.0077843 0.00165341 0.00443993 0.00413127 0.00944194 -0.000892589 0.000811263 -0.00152717 0.00260724 0.00995517 -0.0140818 0.0011999 0.000571353 -0.00300129 0.00145729 -0.00373782 0.000928445 -0.00187431 0.00291647 -0.0126501 -0.0193006 -0.00102092 0.00376603 -0.0149802 0.0073612 0.0278958
internal_weight=26977 3266 1330 340 1936 730 1206 1045 990 506 23711 6347 17364 5678 887 669 4791 166 10902 1506 9396 6462 2639 3823 563 503 484 156 161 167 184
internal_count=26977 3266 1330 340 1936 730 1206 1045 990 506 23711 6347 17364 5678 887 669 4791 166 10902 1506 9396 6462 2639 3823 563 503 484 156 161 167 184
is_linear=0
shrinkage=0.0500478


Tree=147
num_leaves=22
num_cat=0
split_feature=62 131 74 93 92 47 91 54 26 57 112 101 130 32 54 33 12 92 111 16 40
split_gain=11.7768 27.5364 26.182 24.3587 19.354 30.9872 12.7646 12.5342 16.1828 11.2653 8.98352 11.0134 15.2306 16.5864 14.4536 13.0128 9.579 6.77058 8.06354 6.16924 0.245875
threshold=3750.0000000000005 0.6830127018922193 71000.000000000015 0.17981070438249716 4375.0000000000009 68250.000000000015 7375.0000000000009 4464.6699308926954 37.500000000000007 14500.000000000002 1.4000800000000002 7682.5922032074714 0.68301270189221941 8892.7316916245309 18949.448222757263 34500.000000000007 63500.000000000007 3625.0000000000005 0.36602870813397131 74916.666666666672 11500.000000000002
decision_type=10 2 10 10 10 8 10 10 2 10 10 2 2 2 10 2 8 10 10 10 2
left_child=10 3 4 7 6 -6 -3 8 -2 -9 11 14 13 -13 15 -1 -16 -5 -19 -14 -4
right_child=1 2 20 17 5 -7 -8 9 -10 -11 -12 12 19 -15 16 -17 -18 18 -20 -21 -22
leaf_value=-0.0012229552642267019 170.41014543249696 1.228308917187142 863.26879239346431 -24.378627935802264 197.52784230634651 -19.234021162403 -167.83171801791099 2.7110563282332931 -3.3709028808658044 -1.9253337666622556 39.377541208549957 -19.102637342782455 -70.681664040452745 -229.50014085312768 106.51603995133769 -15.181234990470717 2.2229101281131998 -15.517281808187009 -398.93255075796861 45.537424595760349 233.70822582587363
leaf_weight=21580 163 173 60 56 453 154 62 354 78 1495 63 293 159 250 127 956 203 67 86 80 65
leaf_count=21580 163 173 60 56 453 154 62 354 78 1495 63 293 159 250 127 956 203 67 86 80 65
internal_value=-0.00044321 0.00235693 0.00944341 -0.000541982 0.00592212 0.0107514 -0.00567466 0.00100273 0.0117022 -0.000295268 -0.000837715 -0.000897083 -0.00675789 -0.0114624 -0.000687023 -0.00084808 0.00962317 -0.0167868 -0.0221903 0.00309327 0.0309924
internal_weight=26977 3266 967 2299 842 607 235 2090 241 1849 23711 23648 782 543 22866 22536 330 209 153 239 125
internal_count=26977 3266 967 2299 842 607 235 2090 241 1849 23711 23648 782 543 22866 22536 330 209 153 239 125
is_linear=0
shrinkage=0.0500478


Tree=148
num_leaves=23
num_cat=0
split_feature=62 130 101 93 69 60 127 64 7 33 96 103 37 110 128 112 125 0 52 11 125 63
split_gain=10.2045 31.8828 19.9587 17.6654 13.0575 14.1588 13.5797 11.957 11.3367 10.8281 9.96272 9.69156 10.5575 9.36155 9.07979 8.249 7.74732 7.66228 6.82172 6.6976 4.23103 1.08209
threshold=10750.000000000002 0.68301270189221941 20331.859619915391 0.13228756555322779 3250.0000000000005 2250.0000000000005 147.50000000000003 0.036038961038961044 45004.000000000007 24500.000000000004 51173.702999860361 -5503.9999999999991 1650.0000000000002 0.32916666666666672 1.0000000180025095e-35 0.65686274509803932 15.500000000000002 21.000000000000004 12058.771926304278 45004.000000000007 11.500000000000002 18750.000000000004
decision_type=10 2 2 10 10 10 2 10 8 2 2 8 2 10 2 8 2 2 10 8 2 10
left_child=4 2 13 20 5 11 15 10 -9 -4 -7 14 -13 21 -1 18 19 -11 -6 -8 -3 -2
right_child=1 3 9 -5 6 7 16 8 -10 17 -12 12 -14 -15 -16 -17 -18 -19 -20 -21 -22 -23
leaf_value=71.721068467271309 210.86752271161447 88.012769863830528 -108.41013017855167 -392.23801617068983 108.63821894931289 -0.20426281014566564 106.7606040580564 -1.7448598078302078 1.7954401484257385 185.01400856669397 -21.418304687476908 -0.0036058312771756781 0.0059113155149193488 5.9629639982102116 -0.92799899929654295 -4.3739973181708347 -22.60748244730793 -13.879129073706787 5.7183119090791319 -1.7409336349847619 -76.91219274287954 466.81654773687518
leaf_weight=369 64 63 78 108 220 670 83 564 511 100 430 16211 6336 75 339 84 108 91 113 105 91 164
leaf_count=369 64 63 78 108 220 670 83 564 511 100 430 16211 6336 75 339 84 108 91 113 105 91 164
internal_value=-0.000509992 0.00490176 0.0116678 -0.00906961 -0.000690881 -0.000885391 0.00594063 -0.00475604 -0.00078608 0.000907675 -0.00844034 -0.000514139 -0.000703401 0.0204687 0.00520754 0.0118033 -0.00166403 0.00800023 0.0153558 0.00365883 0.000615178 0.02561
internal_weight=26977 834 572 262 26143 25430 713 2175 1075 269 1100 23255 22547 303 708 417 296 191 333 188 154 228
internal_count=26977 834 572 262 26143 25430 713 2175 1075 269 1100 23255 22547 303 708 417 296 191 333 188 154 228
is_linear=0
shrinkage=0.0500478


Tree=149
num_leaves=23
num_cat=0
split_feature=38 42 14 122 78 47 112 93 120 117 95 98 75 63 52 102 48 120 97 26 32 105
split_gain=8.38826 11.9097 16.4567 11.1545 7.90484 8.05236 7.62427 18.1302 17.6036 17.0406 16.0145 18.7629 18.7878 14.4367 24.7645 17.6507 14.1221 12.653 12.0771 4.32399 2.9684 0.127308
threshold=-12333.333333333334 -1.4652984190954839 37143.42857142858 1.0000000180025095e-35 56500.000000000007 108750.00000000001 -0.29289215686274506 0.10432069202160082 0.22649572649572652 -1299.9999999999998 0.16863176346056827 64630.866531845815 19500.000000000004 13750.000000000002 7702.6917772327706 6126.1835257956855 63500.000000000007 0.20714285714285716 69996.833393686728 18.500000000000004 12127.779608940544 1.0000000180025095e-35
decision_type=2 10 8 8 10 8 10 8 10 10 10 2 10 10 10 2 10 10 2 2 2 8
left_child=1 3 -3 19 20 -6 7 8 9 -2 13 12 -12 15 -15 -8 17 -9 -13 -1 -4 -10
right_child=6 2 4 -5 5 -7 10 16 21 -11 11 18 -14 14 -16 -17 -18 -19 -20 -21 -22 -23
leaf_value=349.99721313184534 0.10365847262078041 148.0291997425264 -19.134228084152781 1.7806224485894653 13.196036785299157 -52.596427340326471 -0.0017779525770035163 2.673759140110755 -86.825031051563073 -2.7191449334434528 -1.1778111776883788 -34.038311909807838 9.033937003412106 276.26091945159141 -2.3781499252404954 -132.99447162258875 -136.56639728849694 66.184633857282961 0.58224498345480324 123.4345314078261 -63.045297583434632 -250.3814447832699
leaf_weight=71 947 56 62 102 327 65 20316 443 60 1005 280 96 1155 119 195 365 84 95 890 96 89 59
leaf_count=71 947 56 62 102 327 65 20316 443 60 1005 280 96 1155 119 195 365 84 95 890 96 89 59
internal_value=-0.0004395 0.00436531 7.68074e-05 0.0130763 -0.00228682 0.00100528 -0.000607446 -0.00313648 -0.00542907 -0.00414638 -0.000307579 0.00352981 0.00720446 -0.000760159 0.00979342 -0.000931399 0.00416149 0.00740121 -0.00161635 0.0209476 -0.0120426 -0.0242817
internal_weight=26977 868 599 269 543 392 26109 2693 2071 1952 23416 2421 1435 20995 314 20681 622 538 986 167 151 119
internal_count=26977 868 599 269 543 392 26109 2693 2071 1952 23416 2421 1435 20995 314 20681 622 538 986 167 151 119
is_linear=0
shrinkage=0.0500478


Tree=150
num_leaves=12
num_cat=0
split_feature=104 61 57 60 11 49 12 69 82 103 4
split_gain=8.67856 9.4954 8.70805 8.44365 14.711 17.5697 10.8383 8.34175 9.7264 9.65567 4.70526
threshold=-37499.999999999993 -14499.999999999998 34500.000000000007 -2249.9999999999995 49000.000000000007 39250.000000000007 45004.000000000007 3250.0000000000005 52375.000000000007 8500.0000000000018 63500.000000000007
decision_type=8 8 10 10 8 10 10 10 8 10 10
left_child=-1 2 -2 4 5 -3 -6 9 -9 -5 -4
right_child=1 3 10 7 6 -7 -8 8 -10 -11 -12
leaf_value=341.63315967382306 4.2241066480731764 -0.071439660400087715 -211.31210459323711 -0.0023793761037516938 -2.5132533215903736 8.9724946674000829 0.46663946217172986 -1.3546845396011282 47.207039652715558 -151.37853876954435 -83.356300958713362
leaf_weight=56 88 293 71 22170 567 741 1514 482 521 395 79
leaf_count=56 88 293 71 22170 567 741 1514 482 521 395 79
internal_value=-0.00040982 -0.000459003 -0.0103912 -0.000361822 0.00206974 0.00694973 -0.000262389 -0.000692042 0.00372941 -0.000897997 -0.0177026
internal_weight=26977 26921 238 26683 3115 1034 2081 23568 1003 22565 150
internal_count=26977 26921 238 26683 3115 1034 2081 23568 1003 22565 150
is_linear=0
shrinkage=0.0500478


Tree=151
num_leaves=11
num_cat=0
split_feature=108 61 34 62 1 52 128 43 59 7
split_gain=7.60938 9.12037 8.85455 9.30223 29.2776 9.58909 7.05029 6.226 2.79753 2.14555
threshold=-0.28174603174603169 -14499.999999999998 31875.000000000004 10750.000000000002 9.0000000000000018 18949.448222757263 1.0000000180025095e-35 0.22500000000000003 24500.000000000004 97500.000000000015
decision_type=8 8 2 10 2 10 2 2 10 8
left_child=7 6 3 5 -5 -3 9 -1 -8 -2
right_child=1 2 -4 4 -6 -7 8 -9 -10 -11
leaf_value=250.04675577723981 -118.22900235211233 -0.0023024726537664844 -229.60192578313951 -56.850932206568444 97.225961606054341 9.8726116635825907 -10.217209665209012 4.4975205742823006 -270.92350027527067 82.649617112582035
leaf_weight=61 57 25398 70 195 615 309 60 83 72 57
leaf_count=61 57 25398 70 195 615 309 60 83 72 57
internal_value=-0.00040982 -0.000479158 -0.00038195 -0.000326342 0.00492336 -0.000500144 -0.0100566 0.0109095 -0.0178392 0
internal_weight=26977 26833 26587 26517 810 25707 246 144 132 114
internal_count=26977 26833 26587 26517 810 25707 246 144 132 114
is_linear=0
shrinkage=0.0500478


Tree=152
num_leaves=9
num_cat=0
split_feature=38 28 79 112 4 55 83 23
split_gain=8.40675 7.53658 12.0602 11.8378 10.9969 10.8417 9.52952 5.52128
threshold=-21999.999999999996 112500.00000000001 127500.00000000001 1.4000800000000002 87500.000000000015 10820.48809584292 83750.000000000015 20449.333771293714
decision_type=2 2 10 10 10 10 10 10
left_child=-1 2 3 6 -5 -3 -2 -4
right_child=1 5 7 4 -6 -7 -8 -9
leaf_value=237.53246690099775 -0.0012168285610432096 -500.17269349634819 118.77445252297429 -1.1638369873990728 95.784494167848763 44.318223497085484 -25.651424930467314 28.744482414937799
leaf_weight=89 25960 90 97 58 56 93 463 71
leaf_count=89 25960 90 97 58 56 93 463 71
internal_value=-0.000354169 -0.000413037 -0.000335289 -0.000427929 0.0154392 -0.0105043 -0.000505532 0.0128969
internal_weight=26977 26888 26705 26537 114 183 26423 168
internal_count=26977 26888 26705 26537 114 183 26423 168
is_linear=0
shrinkage=0.0500478


Tree=153
num_leaves=18
num_cat=0
split_feature=38 51 33 9 7 33 95 0 39 120 20 16 34 45 6 21 128
split_gain=8.02944 10.8092 9.28664 13.4109 13.385 7.80298 20.3689 24.6149 17.2811 16.4768 14.5709 14.3529 9.73563 8.77547 14.6018 7.65591 3.36409
threshold=-12333.333333333334 49000.000000000007 51000.000000000007 47000.000000000007 112500.00000000001 34500.000000000007 0.2240999981511477 33.000000000000007 0.94957627118644072 0.13392857142857145 106250.00000000001 89226.190476190488 19000.000000000004 106250.00000000001 87500.000000000015 7559.2894601846083 1.0000000180025095e-35
decision_type=2 8 2 8 8 2 10 2 2 10 10 10 2 10 10 10 2
left_child=1 -1 3 -3 -5 10 9 12 -9 11 13 -7 -8 14 -2 -11 -12
right_child=5 2 -4 4 -6 6 7 8 -10 15 16 -13 -14 -15 -16 -17 -18
leaf_value=200.44348139383857 -0.0016526360988715415 -49.399452396056404 159.57025200471685 1.1025211810260085 294.3270996168402 3.5322195251982653 82.077676129326619 13.360702671711957 -168.56190054070828 -93.333776289530249 115.39426064896509 -178.39887180037826 -14.896164623742154 -702.24334535124012 27.090045874566311 -281.97424430747702 40.520297056413554
leaf_weight=101 23949 100 77 531 59 445 198 76 72 263 77 188 81 60 432 209 59
leaf_count=101 23949 100 77 531 59 445 198 76 72 263 77 188 81 60 432 209 59
internal_value=-0.000339328 0.00436531 0.00201135 0 0.00303464 -0.000503944 -0.00397666 0.00500224 -0.0106195 -0.00763397 -0.000278798 -0.00196293 0.0140343 -0.000378629 -0.000322089 -0.01476 0.0158778
internal_weight=26977 868 767 690 590 26109 1532 427 148 1105 24577 633 279 24441 24381 472 136
internal_count=26977 868 767 690 590 26109 1532 427 148 1105 24577 633 279 24441 24381 472 136
is_linear=0
shrinkage=0.0500478


Tree=154
num_leaves=16
num_cat=0
split_feature=100 0 111 54 22 95 127 83 100 80 0 127 0 84 95
split_gain=7.6536 8.04499 22.7629 24.7005 18.7219 24.6988 15.9387 14.4087 13.899 18.0044 28.5779 14.7898 10.5756 17.6947 16.1725
threshold=-15880.574142562067 10.000000000000002 0.081666666666666679 2585.2123592902849 4258.153136263234 0.18784015445357519 257.50000000000006 26125.000000000004 -500.57808909951922 71500.000000000015 33.000000000000007 122.50000000000001 39.500000000000007 42750.000000000007 0.12942688053716647
decision_type=2 2 10 10 10 10 2 8 2 10 2 2 2 10 10
left_child=-1 2 4 -4 7 -6 -5 -2 12 11 -11 -10 14 -14 -3
right_child=1 8 3 6 5 -7 -8 -9 9 10 -12 -13 13 -15 -16
leaf_value=151.1812257021563 -0.0092622586678669152 0.00029193831179049527 -1.3096783317360694 7.1479838753593938 -2.8853480502081505 11.189437736367568 -0.0086253934583900935 0.003723762473677979 -0.063449728939270048 -2.5978566045320264 -150.90211610459099 0.00040886766782296001 0.52272434704606185 -9.9862093246020152 2.4176670429345908
leaf_weight=106 783 3277 92 606 433 137 215 2187 4669 1459 642 9021 773 644 1933
leaf_count=106 783 3277 92 606 433 137 215 2187 4669 1459 642 9021 773 644 1933
internal_value=-0.000328198 -0.000389088 0.00153805 0.00857902 -0.000224961 -0.00856118 0.0114824 0.00131201 -0.000781112 -0.00159371 -0.00592268 -0.000913503 0.00112427 -0.00264168 0.00218842
internal_weight=26977 26871 4453 913 3540 570 821 2970 22418 15791 2101 13690 6627 1417 5210
internal_count=26977 26871 4453 913 3540 570 821 2970 22418 15791 2101 13690 6627 1417 5210
is_linear=0
shrinkage=0.0500478


Tree=155
num_leaves=23
num_cat=0
split_feature=83 35 22 11 2 31 131 91 47 64 23 22 0 105 39 127 38 93 123 127 24 99
split_gain=11.1323 20.072 21.8887 19.0503 16.7148 29.7659 15.8033 14.4165 19.7916 12.0237 10.7077 9.46804 8.454 33.8775 14.8137 13.9608 13.8619 17.5646 15.5999 7.81123 6.19708 5.15841
threshold=26375.000000000004 0.027709422799107278 928.78273166393149 10500.000000000002 27350.000000000004 28500.000000000004 0.25000000000000017 9125.0000000000018 20250.000000000004 0.020842379504993489 595.96343326806573 408.24829046386304 10.000000000000002 -1.0000000180025095e-35 1.1112000000000004 257.50000000000006 5333.3333333333339 0.040892430456539404 3250.0000000000005 200.50000000000003 2.5000000000000004 26309.656260354404
decision_type=8 2 10 10 2 2 2 10 10 10 10 10 2 10 2 2 2 10 10 2 2 2
left_child=1 21 3 11 5 6 10 8 -4 -5 -2 -3 13 14 -6 -15 17 -14 -18 -7 -8 -1
right_child=4 2 7 9 12 19 20 -9 -10 -11 -12 -13 16 15 -16 -17 18 -19 -20 -21 -22 -23
leaf_value=-0.28858837429744888 -0.039067776211461826 0.015620223212181265 -0.052078219176515228 0.0061634550996946241 -0.85563402500893915 36.959289386048361 0.001682379973913048 20.004347378278066 -2.2253524053017255 -0.02127733118966342 0.013822383552662543 2.1514479570753577 -0.0043533060513439971 0.03050240813016708 0.92858005681762157 -0.0020100496565033125 -1.0864373655655624 0.50009964069207236 -224.55839880899788 50.039071509279971 0.072596060741211083 -0.056300151121145711
leaf_weight=101 179 180 2308 1501 573 133 87 69 1080 543 189 267 7279 1999 224 639 2389 6850 116 74 103 94
leaf_count=101 179 180 2308 1501 573 133 87 69 1080 543 189 267 7279 1999 224 639 2389 6850 116 74 103 94
internal_value=-0.000298518 -0.00217379 -0.00161422 0.00190527 0.000244813 0.0074945 0.00106472 -0.00420878 -0.00472251 -4.70295e-05 -0.00458302 0.0112382 -2.22494e-05 0.00222649 -0.00669369 0.00500247 -0.00049915 9.53503e-05 -0.00393052 0.0236377 0.0129829 -0.0179771
internal_weight=26977 6143 5948 2491 20834 765 558 3457 3388 2044 368 447 20069 3435 797 2638 16634 14129 2505 207 190 195
internal_count=26977 6143 5948 2491 20834 765 558 3457 3388 2044 368 447 20069 3435 797 2638 16634 14129 2505 207 190 195
is_linear=0
shrinkage=0.0500478


Tree=156
num_leaves=26
num_cat=0
split_feature=10 48 11 99 79 0 9 102 83 111 127 74 8 23 102 18 94 41 0 7 43 75 1 47 24
split_gain=9.71552 31.66 22.2591 20.6914 19.7153 19.0653 17.8516 12.023 11.4521 18.6552 35.4691 22.487 14.8314 18.3957 16.1481 13.5907 12.4814 11.5497 11.1334 10.9656 10.0424 9.19964 9.13433 8.46928 4.63675
threshold=32500.000000000004 32000.666666666668 30500.000000000004 35906.55394219239 35004.000000000007 39.500000000000007 31750.000000000004 -127.77005473357438 30125.000000000004 0.078461538461538485 94.500000000000014 29500.000000000004 54500.000000000007 262.61286571785223 1704.3944775444363 31500.000000000004 0.14268046158998007 8500.0000000000018 33.000000000000007 63500.000000000007 0.63333333333333341 74000.000000000015 11.000000000000002 58250.000000000007 1.5000000000000002
decision_type=10 10 8 2 10 2 10 2 10 10 2 10 10 10 2 10 10 2 2 10 2 10 2 10 2
left_child=8 4 24 7 6 -5 -2 -4 9 15 11 -11 13 20 -15 16 -1 -12 -17 23 -10 -21 -8 -14 -3
right_child=1 2 3 5 -6 -7 22 -9 12 10 17 -13 19 14 -16 18 -18 -19 -20 21 -22 -23 -24 -25 -26
leaf_value=0.00026331779831409202 -0.09288837604402897 0.62310855608940152 -0.0041354326807262832 0.050023401612564397 -0.041333157138264361 -1.9987054710015839 0.3132900870337415 -0.23206375525762246 0.043436692231120386 -4.3739904932118305 -0.1553706688568369 0.69522856363319752 0.28188167807778375 -3.4442685978913499 4.6434174666626236 -0.042558030665878481 -1.9505785131409463 31.144176779805761 2.7208120330085372 -47.164538448269106 -0.0063862597038071714 15.230921707904365 0.11090584513396796 41.23939648916744 90.768282819553832
leaf_weight=8506 88 67 195 11058 77 2070 75 259 102 498 1219 85 81 888 148 112 351 177 154 110 110 108 235 75 129
leaf_count=8506 88 67 195 11058 77 2070 75 259 102 498 1219 85 81 888 148 112 351 177 154 110 110 108 235 75 129
internal_value=-0.000461761 0.000424535 0 -0.00025761 0.0130949 9.11846e-05 0.0177375 -0.0107369 -0.00147048 -0.000874012 -0.00527702 -0.0156374 -0.00542003 -0.00808174 -0.0108883 5.99065e-05 -0.000253774 -0.000784583 0.0111717 0.00291461 0.00464962 -0.00361497 0.0233739 0.0132419 0.0166255
internal_weight=26977 14253 13778 13582 475 13128 398 454 12724 11102 1979 583 1622 1248 1036 9123 8857 1396 266 374 212 218 310 156 196
internal_count=26977 14253 13778 13582 475 13128 398 454 12724 11102 1979 583 1622 1248 1036 9123 8857 1396 266 374 212 218 310 156 196
is_linear=0
shrinkage=0.0500478


Tree=157
num_leaves=22
num_cat=0
split_feature=12 44 94 32 0 52 102 48 16 0 40 44 0 40 26 110 38 12 125 0 101
split_gain=8.97787 15.2197 14.5061 15.5073 18.6997 15.2054 17.0909 12.7933 11.5123 10.9849 10.8339 9.81707 17.1494 9.58597 18.9682 10.6995 9.01242 6.88904 4.81532 4.72518 1.93124
threshold=28004.000000000004 27750.000000000004 0.19971489650509275 764.22220229521076 21.000000000000004 2105.3100959880271 -480.13558058929442 30250.000000000004 28108.333333333339 21.000000000000004 5500.0000000000009 25250.000000000004 33.000000000000007 9500.0000000000018 31.500000000000004 0.033908045977011504 -166.66666666666967 11250.000000000002 18.500000000000004 33.000000000000007 -730.03252544743179
decision_type=10 10 10 2 2 10 2 10 10 2 2 10 2 2 2 10 2 10 2 2 2
left_child=2 11 3 4 16 6 -5 -6 19 -7 17 18 20 15 -15 -10 -1 -4 -2 -3 -13
right_child=1 8 10 5 7 9 -8 -9 13 -11 -12 12 -14 14 -16 -17 -18 -19 -20 -21 -22
leaf_value=-0.033052547605463771 0.26254114313619281 -0.00055579536555576924 -11.37481867926823 0.20546253894677496 0.0013374898187540534 0.0039414002334621501 0.00073609199035908751 -1.9485900755240928 0.0038491707419797249 -0.17620824964884507 -146.99258510771855 3.7055568455837449 -0.0030866469782870969 0.044632158338571641 -0.18569690868188152 2.2291003484993341 -0.0020494541958761383 5.186558632283754 -1.9029279631046241 -10.46051068045308 0.013344938399789863
leaf_weight=277 91 60 62 291 527 3154 1525 61 7254 3424 100 67 72 5518 2404 1482 349 71 56 75 57
leaf_count=277 91 60 62 291 527 3154 1525 61 7254 3424 100 67 72 5518 2404 1482 349 71 56 75 57
internal_value=-0.000239157 0.000443647 -0.00144866 -0.00112445 -0.00641507 -0.000333334 0.00368586 0 0.000217299 -0.00147489 -0.0138003 0.0108547 0.0181387 0.000348231 -0.000896332 0.00150011 -0.0124173 -0.00255804 0 -0.0141727 0.0292585
internal_weight=26977 17136 9841 9608 1214 8394 1816 588 16793 6578 233 343 196 16658 7922 8736 626 133 147 135 124
internal_count=26977 17136 9841 9608 1214 8394 1816 588 16793 6578 233 343 196 16658 7922 8736 626 133 147 135 124
is_linear=0
shrinkage=0.0500478


Tree=158
num_leaves=11
num_cat=0
split_feature=93 109 46 83 19 50 48 80 0 125
split_gain=13.7551 10.1895 9.20269 7.64644 15.8927 15.302 13.3545 12.6916 13.4928 9.58489
threshold=0.25804533701889726 0.53311965811965822 58250.000000000007 81875.000000000015 88750.000000000015 74250.000000000015 105083.33333333336 122504.00000000001 21.000000000000004 7.5000000000000009
decision_type=10 10 8 10 8 10 8 10 2 2
left_child=1 3 -2 4 5 -1 -6 8 -5 -9
right_child=2 -3 -4 7 6 -7 -8 9 -10 -11
leaf_value=6.4333765783354448e-05 6.1406282902060898 -114.8114606339102 83.953600945618589 -149.53270666500532 30.697730149979815 -26.659159963026724 -25.749412342866624 116.48959429670643 -1.9141794182205996 -13.292354944475379
leaf_weight=24591 97 67 87 203 461 891 135 66 190 189
leaf_count=24591 97 67 87 203 461 891 135 66 190 189
internal_value=-0.000127855 -0.000229592 0.0134007 -0.000172122 -3.05559e-05 -0.000227656 0.00802197 -0.00553401 -0.0112541 0.00251223
internal_weight=26977 26793 184 26726 26078 25482 596 648 393 255
internal_count=26977 26793 184 26726 26078 25482 596 648 393 255
is_linear=0
shrinkage=0.0500478


Tree=159
num_leaves=7
num_cat=0
split_feature=93 88 63 80 31 127
split_gain=11.6145 7.75887 20.0915 10.933 10.4691 7.33685
threshold=0.33839077269924284 60500.000000000007 38750.000000000007 132500.00000000003 122500.00000000001 74.500000000000014
decision_type=10 10 10 10 2 2
left_child=1 2 3 4 -1 -5
right_child=-2 -3 -4 5 -6 -7
leaf_value=-0.00070861545857041396 56.794683173206842 -67.201430996194333 447.16129669073314 15.35996376187887 -275.83927213021838 109.37346140777699
leaf_weight=26483 61 110 59 56 130 78
leaf_count=26483 61 110 59 56 130 78
internal_value=-0.000124145 -0.000182062 -0.000119336 -0.000192567 -0.000272514 0.0139098
internal_weight=26977 26916 26806 26747 26613 134
internal_count=26977 26916 26806 26747 26613 134
is_linear=0
shrinkage=0.0500478


Tree=160
num_leaves=10
num_cat=0
split_feature=46 34 62 1 30 118 69 64 44
split_gain=8.18238 8.72847 8.46027 30.8168 18.9227 11.1006 9.67881 10.8333 10.7918
threshold=117502.00000000001 31875.000000000004 10750.000000000002 9.0000000000000018 79000.000000000015 0.2678571428571429 3250.0000000000005 0.18990384615384617 51250.000000000007
decision_type=10 2 10 2 2 10 10 8 10
left_child=1 2 6 5 -5 -4 7 -1 -8
right_child=-2 -3 3 4 -6 -7 8 -9 -10
leaf_value=-0.0008368079826012307 102.50194830396885 -237.77470819356856 -0.20426948308414178 180.28022541586839 -7.8684329264043384 -175.3760301449197 -1.3979864023229982 -6.2882187416642275 53.359020603892873
leaf_weight=24688 63 79 100 389 230 97 293 636 402
leaf_count=24688 63 79 100 389 230 97 293 636 402
internal_value=-0.000116724 -0.000167201 -0.000109883 0.00488726 0.0105438 -0.0117745 -0.000274888 -0.000442496 0.00551988
internal_weight=26977 26914 26835 816 619 197 26019 25324 695
internal_count=26977 26914 26835 816 619 197 26019 25324 695
is_linear=0
shrinkage=0.0500478


Tree=161
num_leaves=29
num_cat=0
split_feature=12 111 127 0 111 38 42 100 101 127 97 112 50 53 119 98 127 102 52 16 105 130 123 86 125 56 23 54
split_gain=7.35481 14.4564 23.3481 12.7885 37.2713 16.4629 18.6478 23.3709 15.47 14.8251 16.7005 12.6645 12.3271 12.2498 11.9389 16.7013 13.4498 11.6873 17.0599 17.3054 14.4463 16.6456 11.5349 9.93811 9.50977 9.08401 8.02589 7.38235
threshold=28004.000000000004 0.078461538461538485 94.500000000000014 10.000000000000002 -0.13423423423423422 5333.3333333333339 0.84757937952601281 -0.37364291107405728 -7692.4866515657186 243.50000000000003 49988.994087150779 -0.30602006688963207 59000.000000000007 2572.2698549879774 1.0000000180025095e-35 30299.780257492868 341.50000000000006 -1415.5179715357096 764.22220229521076 29533.466666666671 -7499.9999999999991 0.68301270189221941 3250.0000000000005 63875.000000000007 19.500000000000004 8500.0000000000018 1041.6609195242906 3607.8551316709813
decision_type=10 10 2 2 10 2 10 2 2 2 2 10 10 10 10 2 2 2 8 10 8 2 10 10 2 10 10 10
left_child=1 17 24 4 9 6 8 -8 -5 10 -2 -7 13 -4 16 -16 -6 20 19 -19 23 -22 -13 -1 26 -26 -3 -20
right_child=3 2 12 5 14 11 7 -9 -10 -11 -12 22 -14 -15 15 -17 -18 18 27 -21 21 -23 -24 -25 25 -27 -28 -29
leaf_value=133.70253607037148 -1.7080196996152486 0.29975544961511774 -0.87894207054013862 5.0378965606849748 0.14323567466742695 -207.39802277882995 -0.15542517894528715 0.22715252683432374 -0.00866041510868178 -5.2593969908827818 0.13235417922954126 -0.73095515805797173 -235.19916737792485 0.22508477439805896 0.1111757353558223 -0.17779224561218865 -0.034987464783227014 -0.00082697194400966115 0.0047215858310867944 -47.013716099741089 -1.8430921615751934 10.441464313826049 -193.67018637045723 -0.15110372058822397 -0.1027448032410649 -118.18363683986802 -4.6555571257517743 -0.0077345916361866033
leaf_weight=64 79 60 306 1545 1661 87 248 630 9575 107 336 2062 64 984 66 525 109 1049 3433 79 834 167 106 154 63 128 291 2165
leaf_count=64 79 60 306 1545 1661 87 248 630 9575 107 336 2062 64 984 66 525 109 1049 3433 79 834 167 106 154 63 128 291 2165
internal_value=-0.000138985 -0.00123511 -0.00516502 0.000478689 0.00351968 -0.000122607 0.00060023 0.00761266 2.66519e-05 -0.00839044 -0.00346758 -0.00405542 -0.00147301 -0.000229359 0.00624522 0 0.00829937 -0.000270301 0.000520104 -0.00504366 -0.00479082 -0.00742766 -0.00318033 0.00633929 -0.0139654 -0.0235231 -0.00806023 0.00167935
internal_weight=26977 9841 1896 17136 2883 14253 11998 878 11120 522 415 2255 1354 1290 2361 591 1770 7945 6726 1128 1219 1001 2168 218 542 191 351 5598
internal_count=26977 9841 1896 17136 2883 14253 11998 878 11120 522 415 2255 1354 1290 2361 591 1770 7945 6726 1128 1219 1001 2168 218 542 191 351 5598
is_linear=0
shrinkage=0.0500478


Tree=162
num_leaves=11
num_cat=0
split_feature=93 109 12 55 23 53 109 55 61 54
split_gain=7.07958 8.8179 7.10266 6.33806 13.3779 7.63011 6.24254 5.29695 3.81669 2.75163
threshold=0.25804533701889726 0.53311965811965822 112500.00000000001 19418.630699202487 10450.347823990354 15981.712589510693 -0.061553030303030297 6331.1365504736377 -1.0000000180025095e-35 14505.170023787674
decision_type=10 10 10 10 10 10 10 8 10 8
left_child=1 2 3 5 -5 -1 -4 -2 -8 -9
right_child=7 -3 6 4 -6 -7 8 9 -10 -11
leaf_value=0.00018617875973224259 -2.7890322152808453 -109.02874010206253 4.5654733582960931 -6.2017536702144493 51.426088619888503 -11.634961261621202 -8.936247013661907 131.52467682858915 -165.17568180999373 9.1987361735960498
leaf_weight=25442 56 67 63 140 181 765 58 63 77 65
leaf_count=25442 56 67 63 140 181 765 58 63 77 65
internal_value=-6.10733e-05 -0.000136204 -8.22439e-05 -3.62766e-06 0.00695103 -9.72392e-05 -0.0094686 0.00964272 -0.0156292 0.0153169
internal_weight=26977 26793 26726 26528 321 26207 198 184 135 128
internal_count=26977 26793 26726 26528 321 26207 198 184 135 128
is_linear=0
shrinkage=0.0500478


Tree=163
num_leaves=24
num_cat=0
split_feature=109 0 40 127 127 62 110 130 9 32 40 42 64 42 29 80 127 77 23 42 43 91 45
split_gain=5.79524 26.0585 22.1406 15.2357 14.4837 12.3059 16.6961 13.3732 10.5685 12.546 10.8786 9.40646 10.7069 13.7597 12.0933 7.80768 18.313 10.893 10.6157 8.82727 7.0696 5.83066 3.0919
threshold=0.09232954545454547 13.000000000000002 10504.000000000002 324.50000000000006 50.500000000000007 10750.000000000002 0.30602006688963218 0.68301270189221941 32500.000000000004 10254.964136156201 5500.0000000000009 0.4864591139094514 0.035401002506265669 0.76166879497453555 45834.000000000007 122504.00000000001 44.500000000000007 82500.000000000015 11179.697302297287 1.1070186069251193 0.63333333333333341 17125.000000000004 48750.000000000007
decision_type=10 2 2 2 2 10 10 2 10 2 2 10 10 10 2 10 2 10 10 10 2 10 10
left_child=5 11 8 4 -4 15 7 21 10 -10 -3 22 14 -14 -13 17 -17 19 -18 -1 -8 -7 -2
right_child=1 2 3 -5 -6 6 20 -9 9 -11 -12 12 13 -15 -16 16 18 -19 -20 -21 -22 -23 -24
leaf_value=-0.0010557296082825153 8.3382892667147637 -2.0856329670611338 1.6844337532287574 30.554498249286638 -187.80482234967255 494.03198094715782 -140.1575286853369 0.85704771449040107 6.0770130008628618 -133.02509822152078 -95.266311152303459 2.3596517269757133 -9.4375057390566717 9.2351503754748876 -197.05764270561417 -65.25586468818129 -6.6166774744818424 -230.04358576801386 136.96018467869624 0.066907417367392238 16.992439221042954 73.241846350915807 10.84137180633302
leaf_weight=20032 87 543 118 108 567 150 59 106 891 108 198 149 79 323 100 85 67 85 179 2740 70 67 66
leaf_count=20032 87 543 118 108 567 150 59 106 891 108 198 149 79 323 100 85 67 85 179 2740 70 67 66
internal_value=-6.47834e-05 -0.00202207 -0.00455824 -0.0115091 -0.0143364 0.000203056 0.00836131 0.0145974 -0.00126159 0.00194519 -0.00585153 0.0057047 0.00267477 0.00791005 -0.00496063 3.43638e-05 0.00764312 -6.7702e-05 0.0148912 0 -0.00568182 0.0216483 0.017039
internal_weight=26977 3337 2533 793 685 23640 452 323 1740 999 741 804 651 402 249 23188 331 22857 246 22772 129 217 153
internal_count=26977 3337 2533 793 685 23640 452 323 1740 999 741 804 651 402 249 23188 331 22857 246 22772 129 217 153
is_linear=0
shrinkage=0.0500478


Tree=164
num_leaves=25
num_cat=0
split_feature=95 42 5 39 64 57 38 112 121 111 127 81 26 94 23 23 37 28 95 83 125 65 9 102
split_gain=7.72957 15.1633 22.2536 10.3802 22.9493 18.5114 17.036 13.2072 7.02287 16.3738 35.3717 25.1809 18.8741 12.3152 11.6862 20.9114 16.1115 13.2877 11.0978 8.93403 7.74021 6.78138 6.55138 3.55391
threshold=0.012403600675980104 1.5706158053166273 29500.000000000004 0.98332870241733827 1.0000000180025095e-35 11500.000000000002 -333.33333333333297 0.03509852216748769 1.0000000180025095e-35 0.21980676328502416 326.50000000000006 61250.000000000007 7.5000000000000009 0.013396436833178097 449.77644510898523 932.18319939897174 -1.0000000180025095e-35 17750.000000000004 0.052248955524539238 28625.000000000004 23.500000000000004 1.0000000180025095e-35 35004.000000000007 -16.751437265009368
decision_type=8 8 10 2 8 10 2 8 10 8 2 10 2 10 8 8 2 2 10 10 2 2 8 2
left_child=1 3 -3 4 5 -1 21 -8 14 13 12 -12 -11 19 20 16 -16 -17 -15 -10 23 -5 -6 -2
right_child=8 2 -4 6 22 -7 7 -9 9 10 11 -13 -14 18 15 17 -18 -19 -20 -21 -22 -23 -24 -25
leaf_value=-0.048397468964886094 0.003341870489742813 -0.016037768814842982 0.15391256258590574 0.097790586600259535 -0.0054704526437278547 0.39914057592866431 0.00022818111211276329 -0.18035872526477684 0.0010595900828222946 2.4708005012099346 253.65335903515324 -99.591201932368378 -30.248385851582931 0.019695765241288112 -0.13784736324902028 0.27746624041560686 -0.00069606286751103784 0.022242725704838106 -0.0084917699101453477 -0.15487341245944564 -0.060649660255603012 0.00071529235510677056 40.341710868106617 1.6895404315906546
leaf_weight=184 101 76 74 108 185 59 1135 156 276 416 163 62 1445 3276 362 350 850 4077 12923 420 57 67 63 92
leaf_count=184 101 76 74 108 185 59 1135 156 276 416 163 62 1445 3276 362 350 850 4077 12923 420 57 67 63 92
internal_value=-9.8174e-05 -0.00301132 -0.0183592 -0.00170933 -0.00800474 -0.0189473 0.000270034 -0.00158345 0.000140698 -0.0003188 -0.00450341 0.0138456 -0.00684663 0.000186369 0.00165587 0.00114373 -0.00461238 0.00276736 0.000478572 -0.00630019 0.0122762 0.0149265 0.00198295 0.0171368
internal_weight=26977 2107 150 1957 491 243 1466 1291 24870 18981 2086 225 1861 16895 5889 5639 1212 4427 16199 696 250 175 248 193
internal_count=26977 2107 150 1957 491 243 1466 1291 24870 18981 2086 225 1861 16895 5889 5639 1212 4427 16199 696 250 175 248 193
is_linear=0
shrinkage=0.0500478


Tree=165
num_leaves=25
num_cat=0
split_feature=23 42 4 39 8 38 107 16 102 131 93 21 42 64 42 101 38 42 101 112 39 123 112 96
split_gain=11.4353 14.0529 20.5712 10.0279 16.5542 10.6263 11.8238 8.71717 7.79789 6.84319 18.3068 26.1752 20.0452 22.8919 17.457 13.6895 13.527 12.9586 20.508 19.0236 13.7284 13.0964 12.6342 11.5673
threshold=345.74590364211605 1.5706158053166273 28004.000000000004 0.96609195402298864 35004.000000000007 -542.33333333333201 3250.0000000000005 31016.666666666668 -21.467699213948432 -0.68301270189221952 0.066973534418083916 6362.0901028034878 0.79059178479438463 0.070802005012531338 1.2256730605346735 1781.8020943892764 3166.6666666666702 -0.36122983223655114 -1593.7618965761665 -0.52899159663865536 0.86781609195402309 3250.0000000000005 0.37638888888888894 51173.702999860361
decision_type=8 8 10 2 8 2 8 10 2 2 10 10 8 10 10 2 2 8 2 10 2 10 8 2
left_child=1 3 -3 4 8 7 -7 -5 -1 10 12 15 13 -2 -14 -12 -13 18 19 -11 -20 22 -19 -23
right_child=9 2 -4 5 -6 6 -8 -9 -10 17 11 16 14 -15 -16 -17 -18 21 20 -21 -22 23 -24 -25
leaf_value=-0.083886568066480316 -0.013574673623004645 -0.0096808496112774974 0.067512954046070314 0.0008146324482519936 23.928524549478805 -9.8978185535012687e-05 -0.236610860236103 1.5781218129442642 -0.006222318326857653 -4.787482378462613 -0.68235558817745301 34.597002718014458 0.20728311376454275 1.2516975470028491 -0.030549677886917464 -165.61268310783487 -51.247210874100936 -0.00936142810259449 -0.18214964288095073 8.0744449984175048 0.035198420057344797 32.786056073892027 2.9154063579396277 -150.74659123322115
leaf_weight=205 2903 68 70 100 105 1245 117 77 140 220 1368 294 780 376 464 449 157 9064 1654 2319 2822 69 1686 225
leaf_count=205 2903 68 70 100 105 1245 117 77 140 220 1368 294 780 376 464 449 157 9064 1654 2319 2822 69 1686 225
internal_value=-0.000164955 -0.00368812 -0.0192151 -0.00248607 -0.00906196 -0.000419585 -0.00205125 0.0108556 -0.0145373 0.000128728 -0.001215 -0.00489188 0.000585286 -0.00141724 0.00601976 -0.00761736 0.00562046 0.000645424 0.00233158 0.00592597 0.000244995 -0.000407411 -0.000102042 -0.0107918
internal_weight=26977 2127 138 1989 450 1539 1362 177 345 24850 6791 2268 4523 3279 1244 1817 451 18059 7015 2539 4476 11044 10750 294
internal_count=26977 2127 138 1989 450 1539 1362 177 345 24850 6791 2268 4523 3279 1244 1817 451 18059 7015 2539 4476 11044 10750 294
is_linear=0
shrinkage=0.0500478


Tree=166
num_leaves=29
num_cat=0
split_feature=1 0 99 28 40 0 22 94 50 15 77 92 80 28 12 13 46 29 54 55 101 73 112 21 89 54 127 38
split_gain=9.21705 18.4181 23.6213 24.2528 20.6287 18.6028 29.0295 23.4205 16.75 24.178 19.6549 16.7355 17.8188 15.6228 32.1589 27.9363 16.7858 27.5005 14.7283 14.1084 13.6886 18.5312 16.8275 10.0792 9.02963 8.2491 7.52275 7.16506
threshold=11.000000000000002 39.500000000000007 38511.695692528425 34250.000000000007 10004.000000000002 13.000000000000002 1336.3062095542152 0.059499420627210003 38416.666666666679 31464.285714285717 30500.000000000004 4875.0000000000009 77000.000000000015 34250.000000000007 33500.000000000007 38166.666666666679 37750.000000000007 38750.000000000007 3175.3993692266063 3763.863263545406 2243.5426440615743 14500.000000000002 0.10912698412698414 1812.653934349891 4500.0000000000009 3763.863263545406 214.50000000000003 -4166.6666666666661
decision_type=2 2 2 2 2 2 8 10 8 10 8 10 10 2 10 10 10 2 8 8 2 10 8 10 10 10 2 2
left_child=1 4 3 -3 8 6 -6 -7 9 -1 -10 23 -13 14 20 18 19 -18 -15 -17 22 -22 -2 -4 -16 -20 -26 -5
right_child=13 2 11 27 5 7 -8 -9 10 -11 -12 12 -14 15 24 16 17 -19 25 -21 21 -23 -24 -25 26 -27 -28 -29
leaf_value=0.26253114354692381 -0.00099984144923452047 -15.964273704192674 -129.64207052379422 118.56603454582753 -2.0292586436712932 2.7645177953596596 2.3963673251636113 -29.242395789288107 74.361098650877906 -3.7545095938379682 1.4418488130604923 0.23986669954593798 -85.686521877639365 2.0720398115095451 -0.00076238693764758901 21.868327599233609 -0.71780960286810314 -0.050317404847378351 -1.7814800271501225 0.0033195538718351005 4.6029008392391262 -10.537230616380596 0.13388715673988993 -7.901704515479369 0.25049080234337434 -0.41224364469962343 0.05670900084010471 -2.1117447500342181
leaf_weight=201 8824 79 83 218 354 493 1905 1428 498 159 3924 824 457 76 72 102 91 3685 158 144 192 555 1428 93 67 631 179 57
leaf_count=201 8824 79 83 218 354 493 1905 1428 498 159 3924 824 457 76 72 102 91 3685 158 144 192 555 1428 93 67 631 179 57
internal_value=-0.000283677 0.000840318 -0.00372362 0.00757117 0.0017861 -0.00074098 0.00227778 -0.00439535 0.00403695 -0.00606501 0.00490838 -0.00661577 -0.00440341 -0.00104355 -4.08109e-06 -0.00340776 -0.00159084 -0.00246266 -0.0115923 0.0108623 -0.000477316 -0.00700671 0 -0.0212935 0.015606 -0.0137173 0.0201287 0.0149582
internal_weight=26977 10773 1811 354 8962 4180 2259 1921 4782 360 4422 1457 1281 16204 11317 4887 4022 3776 865 246 10999 747 10252 176 318 789 246 275
internal_count=26977 10773 1811 354 8962 4180 2259 1921 4782 360 4422 1457 1281 16204 11317 4887 4022 3776 865 246 10999 747 10252 176 318 789 246 275
is_linear=0
shrinkage=0.0500478


Tree=167
num_leaves=30
num_cat=0
split_feature=120 0 40 101 112 26 32 56 101 63 130 62 59 26 102 127 0 127 26 7 127 15 11 49 26 3 57 112 22
split_gain=8.93244 14.7346 21.743 17.9994 30.4124 18.0072 14.5008 22.2759 19.1794 20.62 17.1854 14.4236 20.5993 22.7719 18.2464 17.5056 14.0102 24.9966 19.017 12.7266 12.3156 11.7314 11.4994 10.5028 10.3468 9.73875 9.45904 8.16097 3.02263
threshold=1.0000000180025095e-35 10.000000000000002 1.0000000180025095e-35 1362.2171302438239 -0.22048611111111108 49.500000000000007 12127.779608940544 51000.000000000007 -7692.4866515657186 -1.0000000180025095e-35 0.25000000000000011 -1.0000000180025095e-35 19500.000000000004 6.5000000000000009 -3938.0242582248243 204.50000000000003 13.000000000000002 170.50000000000003 19.500000000000004 75500.000000000015 28.500000000000004 54678.571428571442 79000.000000000015 42333.333333333336 14.500000000000002 1.0000000180025095e-35 34500.000000000007 -0.40550595238095233 1483.4107438471701
decision_type=8 2 2 2 10 2 2 10 2 10 2 10 10 2 2 2 2 2 2 8 2 10 10 10 2 2 8 8 10
left_child=11 2 28 4 -4 -5 8 10 27 -10 -8 14 16 20 15 24 18 -18 -13 25 -14 -15 -9 -17 -1 -16 -21 -3 -2
right_child=1 6 3 5 -6 -7 7 22 9 -11 -12 12 13 21 19 23 17 -19 -20 26 -22 -23 -24 -25 -26 -27 -28 -29 -30
leaf_value=-6.1043571026131893 0.33975448182170792 -1.5405944104347782 3.8472535596100905 3.1717481368896299 -0.090399387982555202 -2.9704205315408152 1.0527987052632584 3.5148307016415052 -0.093138357687494719 0.031362216423958637 -91.310169152117965 0.0022348290948903983 0.32590663379293294 0.49417687383781633 0.0023265305982806341 0.045458570889274769 -0.063641397678994793 0.0011955548689831913 -0.011621623841565641 2.9289076702968746 -8.8402766047724608 0.03219997419778399 85.086794399728248 -11.476376594130553 1.5378419985434981 0.44546304671233222 -2.738101274591016 17.185425303004511 220.54958860646627
leaf_weight=214 60 228 178 835 687 80 455 138 5114 9247 833 451 93 424 2259 58 879 1231 1298 208 88 335 70 182 336 81 79 779 57
leaf_count=214 60 228 178 835 687 80 455 138 5114 9247 833 451 93 424 2259 58 879 1231 1298 208 88 335 70 182 336 81 79 779 57
internal_value=-0.000164955 0.00042923 0.00460898 0.00308643 -0.00189951 0.00801481 -2.94446e-05 -0.00474019 0.000416531 -3.80601e-05 -0.00728827 -0.00154631 -0.00332429 0.00318215 0.000891683 -0.00567917 -0.00496302 -0.00208306 -0.00831315 0.00294874 -0.0122558 0.0071592 0.00996994 -0.0169111 -0.000355398 0.00162214 0.0129548 0.00708603 0.0255262
internal_weight=26977 18761 1897 1780 865 915 16864 1496 15368 14361 1288 8216 4799 940 3417 790 3859 2110 1749 2627 181 759 208 240 550 2340 287 1007 117
internal_count=26977 18761 1897 1780 865 915 16864 1496 15368 14361 1288 8216 4799 940 3417 790 3859 2110 1749 2627 181 759 208 240 550 2340 287 1007 117
is_linear=0
shrinkage=0.0500478


Tree=168
num_leaves=21
num_cat=0
split_feature=61 131 55 61 49 1 120 50 55 95 112 108 51 110 93 58 125 125 91 32
split_gain=8.39391 28.7178 17.8165 13.8464 10.7878 14.26 10.5935 10.3392 9.97542 16.6851 9.35611 12.0125 11.9123 10.6581 11.4435 8.89915 7.82026 7.03202 4.13452 2.25502
threshold=5265.0000000000009 0.6830127018922193 8025.9843075042463 13750.000000000002 82083.333333333358 9.0000000000000018 0.13392857142857145 55666.666666666679 19418.630699202487 0.14188845215969451 -0.225705329153605 -0.28174603174603169 45666.666666666679 -0.19677419354838707 0.082478609884231516 37500.000000000007 8.5000000000000018 20.500000000000004 8625.0000000000018 10820.48809584292
decision_type=10 2 10 10 10 2 10 8 10 10 10 8 8 10 10 10 2 2 10 2
left_child=8 2 3 17 5 -3 19 -7 10 -10 11 -1 -13 15 -15 -12 -11 -2 -8 -4
right_child=1 4 6 -5 -6 7 18 -9 9 16 13 12 -14 14 -16 -17 -18 -19 -20 -21
leaf_value=180.08059172315569 53.542025631324343 -2.4036137901724741 -18.857909740812254 -92.176588203299104 -5.6504590664355403 127.48098175100994 -232.52609213129435 394.04840464203306 -13.270441318411065 0.61955582990905567 3.3330579715776505 -0.49493731868573915 -0.24106641411411245 0.00052315422904665356 -0.91714242340284013 -6.101399995306636 129.86099015113828 -1.4350083793709241 -47.818651991185639 24.222521299526036
leaf_weight=78 230 72 58 75 97 97 88 168 90 60 727 1455 2571 17191 3367 141 144 107 98 63
leaf_count=78 230 72 58 75 97 97 88 168 90 60 727 1455 2571 17191 3367 141 144 107 98 63
internal_value=-0.000135275 0.00402493 -0.00186769 0.0045795 0.0142103 0.0184185 -0.0111471 0.0237512 -0.000329285 0.00876589 -0.000442846 -0.00263159 -0.00305525 -1.38337e-05 -0.000252967 0.00540025 0.016951 0.00927729 -0.0185701 0
internal_weight=26977 1153 719 412 434 337 307 265 25824 294 25530 4104 4026 21426 20558 868 204 337 186 121
internal_count=26977 1153 719 412 434 337 307 265 25824 294 25530 4104 4026 21426 20558 868 204 337 186 121
is_linear=0
shrinkage=0.0500478


Tree=169
num_leaves=27
num_cat=0
split_feature=92 51 112 127 26 31 63 49 131 77 53 52 112 109 64 50 23 16 102 48 35 101 101 38 47 102
split_gain=7.60635 20.8799 32.8105 24.3893 21.4053 23.8659 19.7961 27.6553 16.0117 20.4639 14.1487 13.8272 11.9535 18.2956 14.1527 11.1151 18.635 19.0213 13.7626 22.3483 13.9485 12.5809 10.5499 10.4047 9.7988 7.12819
threshold=9125.0000000000018 57333.333333333336 1.970588235294118 104.50000000000001 17.500000000000004 67500.000000000015 7750.0000000000009 92583.333333333358 -0.5 34500.000000000007 4881.9347305341489 8817.5846485786769 -0.225705329153605 -0.24828767123287668 0.037386443046820407 43500.000000000007 3048.2706610449941 47000.133333333339 5311.8444301627869 49333.333333333336 0.12786975156816824 -229.86697871738394 -10137.971348579418 -4166.6666666666661 16250.000000000002 -2071.7367446933417
decision_type=8 8 8 2 2 2 8 10 2 10 10 10 8 10 10 8 10 10 2 10 2 2 2 2 10 2
left_child=12 2 8 6 22 -6 7 -3 9 -2 -10 -8 13 23 24 16 21 -18 19 -17 -20 -14 -5 -1 -15 -16
right_child=1 3 -4 4 5 -7 11 -9 10 -11 -12 -13 15 14 25 18 17 -19 20 -21 -22 -23 -24 -25 -26 -27
leaf_value=149.36885257735207 36.603009397483568 2.9500309477699522 -99.758388969445406 -41.158131171120885 -10.536324448105836 1.6457447582616183 18.526531747499895 129.38585935829107 -0.45199184716638391 -0.1718341221507845 5.2819848243779122 -107.09250902774934 0.0074190239993436533 0.010721783123523513 5.3215478881202891 -0.20311016330119369 0.78821578554828675 -0.55359427905913727 -1.7121072015351761 0.94042590316352137 -181.2688572589708 -0.0026037374977122421 -279.47521628507229 -2.4443690967827973 -1.9508875128486651 -3.476772526524698
leaf_weight=98 351 1246 56 98 541 1047 164 230 215 1075 1480 349 4448 206 143 2490 1292 241 172 2452 249 7079 145 56 982 72
leaf_count=98 351 1246 56 98 541 1047 164 230 215 1075 1480 349 4448 206 143 2490 1292 241 172 2452 249 7079 145 56 982 72
internal_value=-0.000187216 0.00122214 0.00423313 -0.00122975 -0.00543002 -0.00314435 0.00253633 0.00554905 0.004982 0.000908252 0.00828277 -0.00572117 -0.000691073 -0.0049078 -0.00679874 -0.000323023 0.000451813 0.00563641 -0.00224728 -0.00145679 -0.0109827 -0.00022105 -0.0193552 0.010852 -0.00899357 0.00435532
internal_weight=26977 6997 3177 3820 1831 1588 1989 1476 3121 1426 1695 513 19980 1557 1403 18423 13060 1533 5363 4942 421 11527 243 154 1188 215
internal_count=26977 6997 3177 3820 1831 1588 1989 1476 3121 1426 1695 513 19980 1557 1403 18423 13060 1533 5363 4942 421 11527 243 154 1188 215
is_linear=0
shrinkage=0.0500478


Tree=170
num_leaves=14
num_cat=0
split_feature=93 38 55 100 48 0 43 42 20 122 44 10 63
split_gain=8.5041 8.16326 12.951 13.3349 10.2862 27.668 29.0604 20.2403 18.7253 11.0479 9.90815 8.40642 5.56467
threshold=0.33839077269924284 15833.333333333334 7702.6917772327706 20.919878323973538 51583.333333333336 33.000000000000007 0.45833333333333343 -1.1866111313364176 69000.000000000015 3250.0000000000005 47000.000000000007 59000.000000000007 7000.0000000000009
decision_type=10 2 8 2 8 2 2 10 10 8 10 10 10
left_child=1 4 12 -4 8 7 -7 -6 9 -1 -10 -5 -3
right_child=-2 2 3 11 5 6 -8 -9 10 -11 -12 -13 -14
leaf_value=-0.0025735483471496889 48.047367977468816 -305.52048789356485 -244.0795111657682 53.846291671375894 410.04361158024824 0.483350267061884 -154.04792136481817 3.4379329013620299 -3.9202946581902007 6.4829453051677923 -213.87159660009854 -4.9506238806497933 -96.295590999490514
leaf_weight=18993 61 58 72 66 160 1819 574 4162 75 610 94 177 56
leaf_count=18993 61 58 72 66 160 1819 574 4162 75 610 94 177 56
internal_value=-0.000179796 -0.000230402 -0.00706704 -0.00109146 -0.000111326 0.00157146 -0.00269357 0.0039803 -0.000693281 -0.000538434 -0.0172003 0.00385848 -0.0214562
internal_weight=26977 26916 429 315 26487 6715 2393 4322 19772 19603 169 243 114
internal_count=26977 26916 429 315 26487 6715 2393 4322 19772 19603 169 243 114
is_linear=0
shrinkage=0.0500478


Tree=171
num_leaves=26
num_cat=0
split_feature=91 77 127 6 0 127 15 102 44 11 94 79 64 59 127 64 32 54 35 110 79 42 125 127 96
split_gain=8.04993 24.1985 25.4549 17.4279 14.5108 27.7208 14.4488 14.0714 19.005 17.3866 13.6098 15.5235 13.9452 13.5181 11.2336 12.3933 11.0513 20.0857 10.0931 9.56752 8.34822 5.44933 5.11437 4.71177 4.48306
threshold=9375.0000000000018 30500.000000000004 78.500000000000014 61000.000000000007 21.000000000000004 94.500000000000014 55535.714285714297 9829.3181489636427 81250.000000000015 92500.000000000015 0.14957042609513913 81000.000000000015 0.267948717948718 13500.000000000002 285.50000000000006 0.050423728813559332 18949.448222757263 9371.9270738018531 0.19681774975025748 0.10912698412698414 97500.000000000015 -0.18407693163033981 22.500000000000004 193.50000000000003 56545.686160950812
decision_type=8 8 2 8 2 2 10 2 10 8 10 10 10 10 2 8 2 10 2 10 10 10 2 2 2
left_child=10 3 7 13 5 -4 -6 9 -9 -3 12 14 16 23 15 -12 17 -1 -16 -14 -13 -18 -5 -2 -15
right_child=1 2 4 22 6 -7 -8 8 -10 -11 11 20 19 24 18 -17 21 -19 -20 -21 -22 -23 -24 -25 -26
leaf_value=-8.2691848784757213e-05 -7.9448834344701131 46.661775720129754 -13.21738514344533 16.492989782453172 -14.279222346661511 1.181039137338048 -4.6651102904463455 -125.50687658761267 57.65046418632911 -2.90062836452746 -4.052201291830511 45.236767577026662 310.06191488363345 141.67244866381145 12.874706637709487 -24.880953652078155 26.692056310602045 -4.780536236420307 -4.4621323947925484 5.5143694316014953 -15.135541928174922 0.36449787767519964 -39.424649924561571 22.014924189329797 19.562642178952629
leaf_weight=19755 57 609 209 75 475 1165 553 83 229 262 394 77 71 236 102 288 115 1723 73 99 71 71 64 63 58
leaf_count=19755 57 609 209 75 475 1165 553 83 229 262 394 77 71 236 102 288 115 1723 73 99 71 71 64 63 58
internal_value=-0.000135275 0.00188472 0.000319795 0.0116164 -0.00257942 0.000651683 -0.00708733 0.00637174 -0.002216 0.00967914 -0.000510357 -0.0062059 -0.000238185 0.0168156 -0.00890509 -0.01184 -0.00036017 -0.000475125 0.0013885 0.0139082 0.00795819 0.011665 -0.00244954 0.000785993 0.0226095
internal_weight=26977 4138 3585 553 2402 1374 1028 1183 312 871 22839 1005 21834 414 857 682 21664 21478 175 170 148 186 139 120 294
internal_count=26977 4138 3585 553 2402 1374 1028 1183 312 871 22839 1005 21834 414 857 682 21664 21478 175 170 148 186 139 120 294
is_linear=0
shrinkage=0.0500478


Tree=172
num_leaves=28
num_cat=0
split_feature=112 42 108 0 96 95 51 42 125 94 35 124 0 32 0 38 33 95 54 1 55 130 83 35 42 35 131
split_gain=8.43626 13.7859 12.4535 10.7163 15.2158 13.2362 11.329 10.824 10.5427 10.0902 20.1536 24.4385 21.4359 19.7919 15.613 13.0199 10.5878 14.9139 21.7655 14.6528 23.9064 19.2357 10.2662 8.01628 14.7558 8.91195 3.51933
threshold=-0.22967032967032966 -0.84845981371864343 -0.28174603174603169 13.000000000000002 70156.888965202568 0.19649812609768397 73500.000000000015 0.86969281956298039 14.500000000000002 0.013396436833178097 0.023005988268420752 30.500000000000004 39.500000000000007 764.22220229521076 21.000000000000004 1166.6666666666672 34500.000000000007 0.21489145447529548 19418.630699202487 11.000000000000002 5062.9201007730308 -0.93301270189221919 52125.000000000007 0.15944204545617321 -1.2909944487358058 0.13236846712270234 -0.5
decision_type=8 10 10 2 2 10 10 10 2 8 2 2 2 2 2 2 2 10 10 2 10 2 10 2 10 2 2
left_child=1 2 -1 5 6 7 -5 -3 -7 10 11 14 13 -12 -2 -14 19 18 -18 21 -21 -11 -19 25 -25 -4 -13
right_child=9 3 23 4 -6 8 -8 -9 -10 16 12 26 15 -15 -16 -17 17 22 -20 20 -22 -23 -24 24 -26 -27 -28
leaf_value=193.71390652547916 -0.0071486293930688579 -0.41816083515881858 -0.48366331898449433 -1.7867403973362495 26.999277151642303 -0.24351155569654906 -187.5861702327887 0.23785990508083463 13.866267504589505 -1.2144501950711011 -0.017741610894899302 0.0027954664831799383 0.5312485943858376 -0.0047710978639565124 0.021703611657988755 -0.83630474134361166 -77.265981277980842 60.182478110175438 46.265457340717361 0.013175569471884731 -0.27523075475389785 2.9612074978097236 -21.727346870183368 -7.3580200829534386 1.5821198906352751 14.196878637370482 0.0020137059200715161
leaf_weight=57 219 620 217 1017 108 119 130 193 103 480 389 66 342 4089 238 112 872 227 82 7800 2614 5832 156 244 388 206 57
leaf_count=57 219 620 217 1017 108 119 130 193 103 480 389 66 342 4089 238 112 872 227 82 7800 2614 5832 156 244 388 206 57
internal_value=-0.000135275 -0.00246859 0.0019725 -0.00471394 -0.00783775 -0.000719906 -0.00961915 -0.00386187 0.00979402 0.000193002 -0.00166924 0.00703937 -0.0027377 -0.00381937 0.00118985 0.0074475 0.000772717 -0.00347202 -0.0069031 0.00112468 -9.23957e-06 0.00302709 0.00453451 0.000516974 -0.00283375 0.00599035 0.0266991
internal_weight=26977 3402 1112 2290 1255 1035 1147 813 222 23575 5512 580 4932 4478 457 454 18063 1337 954 16726 10414 6312 383 1055 632 423 123
internal_count=26977 3402 1112 2290 1255 1035 1147 813 222 23575 5512 580 4932 4478 457 454 18063 1337 954 16726 10414 6312 383 1055 632 423 123
is_linear=0
shrinkage=0.0500478


Tree=173
num_leaves=17
num_cat=0
split_feature=111 112 35 130 29 107 10 131 42 39 101 19 35 102 55 124
split_gain=8.69676 11.4142 13.1569 12.2533 31.9554 15.0317 12.0372 14.4993 10.6717 15.8965 11.7714 19.2477 10.6197 10.2196 9.91454 2.6564
threshold=-0.4868421052631578 -0.23431372549019605 0.14976034879701441 0.68301270189221941 47333.333333333336 -38999.999999999993 87500.000000000015 0.25000000000000017 0.096055191944540805 1.0156288156288158 -2478.074054334003 27750.000000000004 0.25561457886689914 1006.0292086701758 6055.7415019990885 2.5000000000000004
decision_type=8 8 2 2 2 10 8 2 10 2 2 8 2 2 10 2
left_child=-1 2 6 5 -5 -4 7 -2 10 13 11 -3 -12 -10 -11 -8
right_child=1 8 3 4 -6 -7 15 -9 9 14 12 -13 -14 -15 -16 -17
leaf_value=46.865896252578487 -0.0011233387524683391 -3.9328131848679453 9.9985692987614208 69.900922089578444 -9.2148624408425803 -1.6684672868820962 -3.5729969188802251 100.48555154320661 -0.077124309072055322 0.0048623038011841348 -6.6589337207446506e-06 5.64263330350086 0.37510572388769647 0.030964085647858082 -0.19974650165605273 -44.454829637659415
leaf_weight=111 820 141 94 155 422 1389 56 208 1799 5881 9265 2129 620 786 3045 56
leaf_count=111 820 141 94 155 422 1389 56 208 1799 5881 9265 2129 620 786 3045 56
internal_value=-0.000157535 -0.00022338 -0.00303063 -0.00543376 0.000425209 -0.00784765 0.00113562 0.00300754 0.000147855 -0.000934249 0.00118939 0.0044471 0.000419736 -0.00438927 4.4412e-05 -0.0139598
internal_weight=26977 26866 3200 2060 577 1483 1140 1028 23666 11511 12155 2270 9885 2585 8926 112
internal_count=26977 26866 3200 2060 577 1483 1140 1028 23666 11511 12155 2270 9885 2585 8926 112
is_linear=0
shrinkage=0.0500478


Tree=174
num_leaves=28
num_cat=0
split_feature=40 0 94 1 87 50 94 127 120 59 121 63 0 46 99 38 127 0 127 9 1 111 42 26 112 72 9
split_gain=8.35901 22.5811 28.7935 15.5696 13.9905 28.542 17.9361 16.8402 18.217 17.0384 16.0903 15.4153 21.706 24.1848 17.5845 17.3739 13.7266 13.2129 28.142 23.2185 19.9618 18.9249 17.0641 14.2878 5.89692 4.66422 4.32868
threshold=8004.0000000000009 39.500000000000007 0.13247587535041477 9.0000000000000018 7500.0000000000009 44000.000000000007 0.10309330746691657 104.50000000000001 0.29285714285714287 12500.000000000002 0.13392857142857145 -1249.9999999999998 39.500000000000007 16750.000000000004 59598.601112258235 2833.3333333333335 48.500000000000007 13.000000000000002 219.50000000000003 49000.000000000007 9.0000000000000018 0.063508064516129045 1.0238565673457651 48.500000000000007 0.34166666666666673 50504.000000000007 40004.000000000007
decision_type=2 2 8 2 10 10 10 2 10 10 10 8 2 10 2 2 2 2 2 10 2 10 10 2 8 10 8
left_child=4 17 24 -4 11 6 26 8 -7 -9 -8 15 14 -14 -13 16 -1 18 22 23 -21 -20 -2 -19 -3 -5 -6
right_child=1 2 3 25 5 7 10 9 -10 -11 -12 12 13 -15 -16 -17 -18 19 21 20 -22 -23 -24 -25 -26 -27 -28
leaf_value=-0.88828725750629567 0.016194629144227458 -189.69901602276431 -204.01717808913887 80.06870366966838 25.080044355538917 52.790670054719875 36.211154620453179 30.755515974388604 -38.006955688357323 -6.1983763680012913 -0.54352144940385216 -0.0017321392841886509 -1.0383128865847759 0.47218958223144941 285.31705714899414 0.35799988597010757 -0.032708889582269474 -6.1441373223714901 -0.16366966218556289 -5.8327501041619163 0.72554716619331505 0.34198504876393954 2.8790142477039131 11.568449706846749 -67.406958351013316 11.055579514521266 242.78313112967919
leaf_weight=521 2285 149 56 62 186 645 122 271 141 1142 305 8503 311 1957 169 112 2733 1401 943 872 2018 469 1299 111 73 56 65
leaf_count=521 2285 149 56 62 186 645 122 271 141 1142 305 8503 311 1957 169 112 2733 1401 943 872 2018 469 1299 111 73 56 65
internal_value=-0.000176085 -0.00134832 -0.0130534 0.00111273 0.000480292 0.00366606 0.0126451 0.000793941 0.0067236 -0.00236628 0.00570148 -0.000146638 0.00074974 0.00511231 -0.000368808 -0.003119 -0.00384102 -0.000830131 0.000900369 -0.00283988 -0.000137092 -0.0050217 0.00329223 -0.00786261 -0.0249568 0.0124334 0.0234834
internal_weight=26977 9794 396 174 17183 2877 678 2199 786 1413 427 14306 10940 2268 8672 3366 3254 9398 4996 4402 2890 1412 3584 1512 222 118 251
internal_count=26977 9794 396 174 17183 2877 678 2199 786 1413 427 14306 10940 2268 8672 3366 3254 9398 4996 4402 2890 1412 3584 1512 222 118 251
is_linear=0
shrinkage=0.0500478


Tree=175
num_leaves=26
num_cat=0
split_feature=109 0 38 55 54 125 106 89 35 79 0 127 52 110 38 54 53 130 42 48 26 15 31 91 23
split_gain=9.51852 18.3603 19.6695 16.6082 13.9631 12.2985 11.895 21.8926 15.4866 14.0329 12.7987 17.8974 16.9874 11.2603 10.4331 10.0984 9.92805 17.0576 16.8321 9.00959 11.7952 8.15239 8.11196 7.84809 4.18079
threshold=0.09232954545454547 13.000000000000002 3333.3333333333353 12058.771926304278 11198.819222193641 17.500000000000004 9500.0000000000018 11500.000000000002 0.10930362951667777 127500.00000000001 10.000000000000002 129.50000000000003 9966.5548085837818 0.42261904761904767 10583.333333333338 2648.8823288137369 5183.2706328218355 0.68301270189221941 -1.1070186069251176 49000.000000000007 37.500000000000007 110071.42857142859 67500.000000000015 8625.0000000000018 4676.3036783292819
decision_type=8 2 2 10 8 2 10 10 2 10 2 2 10 10 2 10 10 2 8 10 2 10 2 10 10
left_child=6 15 3 13 23 -5 9 8 -8 16 11 -9 -12 -3 -6 -2 18 -18 -1 20 -17 -11 -21 -4 -10
right_child=1 2 4 5 14 -7 7 10 24 21 12 -13 -14 -15 -16 19 17 -19 -20 22 -22 -23 -24 -25 -26
leaf_value=-0.095200937887905207 -9.5628128173701246 -1.8103284283636323 -161.23381513584792 -218.58630984878613 -76.48777777866222 -72.831195406338693 -1.6019539853566236 36.900893919386974 6.3076146881742918 289.19849755983904 4.1619254031184081 -18.210623111732502 -58.167997027266068 25.560047817032764 78.105987314929621 6.1844910712558852 -0.32119377356419837 0.18198964511688542 0.002788350417534577 -32.810993286011509 -0.42474812110428167 10.250220623288653 28.960467731789521 -11.407980448400002 12.576194124386394
leaf_weight=1954 101 1539 448 69 60 90 82 171 131 56 919 123 510 142 59 237 5824 2807 10823 95 117 56 284 186 94
leaf_count=1954 101 1539 448 69 60 90 82 171 131 56 919 123 510 142 59 237 5824 2807 10823 95 117 56 284 186 94
internal_value=-2.39727e-05 -0.00249437 -0.00460713 -0.00168206 -0.011456 -0.0170257 0.000327079 0.00398726 0.0163225 -9.12252e-06 0.00165109 0.0111294 -0.000172124 -8.68998e-05 0.00285292 0.00382475 -0.000112022 -0.0014314 0.000763372 0.00605128 0.0117834 0.0174582 0.000121106 -0.014463 0.0230873
internal_weight=26977 3427 2593 1840 753 159 23550 2030 307 21520 1723 294 1429 1681 119 834 21408 8631 12777 733 354 112 379 634 225
internal_count=26977 3427 2593 1840 753 159 23550 2030 307 21520 1723 294 1429 1681 119 834 21408 8631 12777 733 354 112 379 634 225
is_linear=0
shrinkage=0.0500478


Tree=176
num_leaves=23
num_cat=0
split_feature=112 95 98 0 89 93 121 63 102 99 51 55 127 91 108 28 55 127 96 93 24 61
split_gain=10.2302 11.3286 17.1861 26.2038 14.0237 13.4776 12.86 12.0223 17.7648 16.8431 16.431 11.7161 11.566 11.309 10.4568 11.5251 11.24 34.2187 14.1778 9.81797 5.729 5.1356
threshold=-0.22967032967032966 0.16863176346056827 65276.041655802233 21.000000000000004 44500.000000000007 0.058198300185501838 0.34523809523809529 13750.000000000002 5311.8444301627869 78063.546273534957 50666.666666666679 4181.3071354895201 58.500000000000007 1812.5000000000002 -0.22474747474747472 83750.000000000015 12662.273100947275 14.500000000000002 25513.274192693989 0.092314871765394838 1.5000000000000002 9750.0000000000018
decision_type=10 10 2 2 10 10 10 10 2 2 10 10 2 10 8 2 8 2 2 10 2 10
left_child=14 7 3 13 5 -4 -6 8 19 -10 21 -5 -12 -3 20 16 17 -16 -18 -2 -1 -9
right_child=1 2 4 11 6 -7 -8 10 9 -11 12 -13 -14 -15 15 -17 18 -19 -20 -21 -22 -23
leaf_value=-2.3323917448364129 0.0013336001424855302 0.95667577142342353 -3.5489647944078593 -2.2689540116623186 19.34661067159276 -103.25871779700014 -88.38664826780898 407.51343672147283 -168.42786924377208 11.0948163396145 191.38745418327781 6.3885163196879891 -24.651675000251114 52.910651915996922 -25.492174076149013 -212.89661013508947 90.694857959820467 -0.2980651884470169 0.27949176419723881 -0.87688633870340704 162.95523904345526 75.108002023737882
leaf_weight=56 16822 98 159 296 646 139 102 106 336 202 76 760 143 264 131 58 62 2902 988 2487 85 59
leaf_count=56 16822 98 159 296 646 139 102 106 336 202 76 760 143 264 131 58 62 2902 988 2487 85 59
internal_value=1.65525e-05 0.000447445 0.0036509 0.00725545 -0.0010465 -0.010315 0.00239573 4.68065e-05 -0.000113268 -0.00906809 0.00879652 0.00302254 0 0.0189403 -0.00221854 -0.0027168 -0.00233886 -0.00390633 0.00199359 0.00012679 0.0107888 0.0206001
internal_weight=26977 22695 2464 1418 1046 298 748 20231 19847 538 384 1056 219 362 4282 4141 4083 3033 1050 19309 141 165
internal_count=26977 22695 2464 1418 1046 298 748 20231 19847 538 384 1056 219 362 4282 4141 4083 3033 1050 19309 141 165
is_linear=0
shrinkage=0.0500478


Tree=177
num_leaves=29
num_cat=0
split_feature=112 95 76 0 41 94 1 23 40 102 4 63 130 52 102 9 61 50 51 13 57 125 127 53 56 90 88 22
split_gain=9.22532 10.6045 13.8964 28.7563 23.7078 16.0379 14.9475 14.5095 11.1446 10.6009 16.0065 13.3958 10.7571 10.5558 16.0064 18.6074 13.9225 16.3672 21.7731 15.0827 9.82582 9.55019 9.36337 8.92818 8.37784 5.85065 5.66076 4.98638
threshold=-0.22967032967032966 0.16863176346056827 59000.000000000007 21.000000000000004 3750.0000000000005 0.079953107927661068 9.0000000000000018 16010.951711645466 19500.000000000004 6446.2856026878699 97500.000000000015 13750.000000000002 0.68301270189221941 2903.929456989807 -1.0000000180025095e-35 24500.000000000004 -3249.9999999999995 71833.333333333358 54000.000000000007 67666.666666666672 48500.000000000007 9.5000000000000018 76.500000000000014 8367.5566576299425 34500.000000000007 325.00000000000006 3750.0000000000005 513.55259101274748
decision_type=10 10 10 2 2 10 2 10 2 2 10 10 2 8 2 10 8 10 8 10 10 2 2 8 10 10 10 8
left_child=13 9 3 4 -3 -5 7 -4 -8 11 21 24 -13 14 15 26 17 18 -15 -19 23 -11 -12 -18 -2 -22 -1 -16
right_child=1 2 6 5 -6 -7 8 -9 -10 10 22 12 -14 16 27 -17 20 19 -20 -21 25 -23 -24 -25 -26 -27 -28 -29
leaf_value=0.15207596352706163 0.00067444547675936579 6.986641454748356 -41.671973470106657 11.382392224753602 177.73233304535052 -0.0077524072393375257 26.111241472573568 4.9308752996977017 -24.373911195668967 -12.367320586899615 136.88535886106018 434.95369935213716 -2.6266212788214842 -1.4523660330826984 -1.9074157059393164 42.108941966689827 -0.42138977165294694 -169.02625618138865 24.131037812785284 9.0280214507481098 -0.55326345134614496 -158.26190810669237 -47.828518121496749 -10.077625934470653 -15.81599715340518 33.850861172778288 -0.074531226154554361 0.55341265304098786
leaf_weight=105 18934 255 120 126 190 1067 336 65 305 101 70 144 89 225 61 68 2076 113 364 123 109 233 59 841 601 62 78 57
leaf_count=105 18934 255 120 126 190 1067 336 65 305 101 70 144 89 225 61 68 2076 113 364 123 109 233 59 841 601 62 78 57
internal_value=2.02626e-05 0.000429805 0.00352915 0.00622141 0.0171047 0.00196445 -0.00156605 -0.0141302 0.00178297 4.18594e-05 -0.00741102 0.000227635 0.0120998 -0.00210173 0.00578332 0.0132151 -0.00290056 0.00271715 0.00735535 -0.00795965 -0.00446839 -0.0133764 0.0064433 -0.00519298 7.40902e-05 0.00661435 0.0034876 -0.00827828
internal_weight=26977 22695 2464 1638 445 1193 826 185 641 20231 463 19768 233 4282 369 251 3913 825 589 236 3088 334 129 2917 19535 171 183 118
internal_count=26977 22695 2464 1638 445 1193 826 185 641 20231 463 19768 233 4282 369 251 3913 825 589 236 3088 334 129 2917 19535 171 183 118
is_linear=0
shrinkage=0.0500478


Tree=178
num_leaves=17
num_cat=0
split_feature=112 102 131 29 112 120 40 109 119 59 9 55 44 125 97 24
split_gain=8.78041 10.2362 10.5807 22.4518 24.4263 19.2321 17.2335 16.3046 10.3448 8.68961 16.4818 10.5994 8.90076 23.6693 19.7327 5.63915
threshold=-0.22967032967032966 3506.2251261328315 -0.68301270189221952 26750.000000000004 -0.25007498500299935 0.24038461538461542 14500.000000000002 -0.24828767123287668 1.0000000180025095e-35 51000.000000000007 49000.000000000007 19418.630699202487 63750.000000000007 7.5000000000000009 69139.32281728198 2.5000000000000004
decision_type=10 2 2 2 10 8 2 10 10 10 10 10 10 2 2 2
left_child=1 2 6 4 -4 -5 7 -1 -8 11 -11 12 14 -14 -2 -12
right_child=9 -3 3 5 -6 -7 8 -9 -10 10 15 -13 13 -15 -16 -17
leaf_value=91.395852617494313 0.00050196333684818652 -107.10034734145053 36.623105852037618 -0.044921947051246462 -0.070896946864484806 -88.217596241304449 -1.5923758499494127 -2.6579899343940347 14.658082958197966 -216.53788016899813 23.809979364862098 144.91295739120392 44.568576674812746 0.63900552934982857 -71.868065977002914 -24.903662320582395
leaf_weight=90 19156 101 281 2346 143 233 75 919 94 84 66 112 772 2219 227 59
leaf_count=90 19156 101 281 2346 143 233 75 919 94 84 66 112 772 2219 227 59
internal_value=-1.65525e-05 -0.00210173 -0.00166198 -1.53706e-05 0.0105533 -0.00184032 -0.00567797 -0.00825957 0.00844298 0.000368065 -0.00968609 0.000471632 0.000384528 0.00292456 0 0.000362466
internal_weight=26977 4282 4181 3003 424 2579 1178 1009 169 22695 209 22486 22374 2991 19383 125
internal_count=26977 4282 4181 3003 424 2579 1178 1009 169 22695 209 22486 22374 2991 19383 125
is_linear=0
shrinkage=0.0500478


Tree=179
num_leaves=18
num_cat=0
split_feature=112 127 127 127 91 77 64 127 110 88 63 52 38 48 52 119 94
split_gain=10.3007 12.9342 13.4335 16.3003 15.4611 10.1487 9.22612 9.1989 8.14956 9.47788 20.3739 10.7481 7.29141 7.03924 14.6525 10.8751 6.90713
threshold=-0.22967032967032966 14.500000000000002 149.50000000000003 177.50000000000003 27750.000000000004 49000.000000000007 0.088562091503267992 141.50000000000003 -0.19677419354838707 61500.000000000007 38750.000000000007 14096.03448516398 -5749.9999999999991 15916.66666666667 4464.6699308926954 0.2678571428571429 0.1100449910681922
decision_type=8 2 2 2 10 10 10 2 8 10 10 10 2 10 10 10 10
left_child=1 5 4 12 7 -1 -5 -3 13 10 11 -10 -4 -2 16 -16 -15
right_child=8 2 3 6 -6 -7 -8 -9 9 -11 -12 -13 -14 14 15 -17 -18
leaf_value=-32.879159382219392 -1.2872833290846768 0.41602023366865076 -5.5891675276334132 -0.50015926110470688 -45.432703534255822 -2.7237944984258089 1.0314435897357681 9.5913530731328631 0.0011642856907608551 -125.61580828487324 445.46214347309734 -21.385313262894201 -16.856602271600934 99.296572771062046 -2.3834477688819526 20.598943601770081 0.21181109800295905
leaf_weight=80 61 1287 56 1462 60 87 86 117 21546 82 60 904 167 88 248 526 60
leaf_count=80 61 1287 56 1462 60 87 86 117 21546 82 60 904 167 88 248 526 60
internal_value=-5.42232e-06 -0.00258619 -0.00180752 -0.00476711 0.00163555 -0.0162219 -0.00277356 0.00284402 0.000358573 0.000154883 0.000226587 0.00013803 -0.0175203 0.00482084 0.00605929 0.00296008 0.0205992
internal_weight=26977 3402 3235 1771 1464 167 1548 1404 23575 22592 22510 22450 223 983 922 774 148
internal_count=26977 3402 3235 1771 1464 167 1548 1404 23575 22592 22510 22450 223 983 922 774 148
is_linear=0
shrinkage=0.0500478


Tree=180
num_leaves=20
num_cat=0
split_feature=112 127 127 50 46 18 100 93 9 10 28 28 26 45 31 78 130 55 22
split_gain=9.91668 14.1926 13.334 16.2709 14.9916 12.3259 12.2918 15.4478 11.3222 9.85831 7.75195 13.5091 42.4729 19.2307 18.6196 16.6756 14.2102 8.68785 2.98016
threshold=-0.23431372549019605 14.500000000000002 127.50000000000001 76916.666666666686 47000.000000000007 87500.000000000015 719.24091328685802 0.087285446135632772 59000.000000000007 71000.000000000015 112500.00000000001 91250.000000000015 15.500000000000002 112500.00000000001 97500.000000000015 81000.000000000015 1.0000000180025095e-35 9853.0648157837531 11886.019694590967
decision_type=8 2 2 8 10 10 2 10 10 8 2 2 2 8 2 8 2 10 10
left_child=1 8 3 4 -3 -5 9 -8 -1 -4 11 14 13 -13 15 -2 -16 -12 -19
right_child=10 2 6 5 -6 -7 7 -9 -10 -11 17 12 -14 -15 16 -17 -18 18 -20
leaf_value=-24.968370651092862 0.00046212139285695537 -0.49365125390451553 -0.15095023738438601 -87.613538789900574 32.461528513871372 29.969644145079808 -170.72943648330025 3.1695070925435016 -1.4597866948161169 -45.356476009252276 -493.32767607956202 212.09722000396951 -490.43352236841764 -102.06624736887576 18.585626941696784 16.602928945635217 -154.14610537594905 65.441974086774692 -68.865094409112572
leaf_weight=86 21751 347 1746 160 471 62 83 61 69 213 70 336 98 72 155 731 349 58 59
leaf_count=86 21751 347 1746 160 471 62 83 61 69 213 70 336 98 72 155 731 349 58 59
internal_value=-6.10733e-05 -0.00263736 -0.00182856 0.00268486 0.00609536 -0.0089021 -0.00415803 -0.0184279 -0.0174583 -0.00298338 0.00028937 0.000379011 0.00845761 0.0158421 0.000191416 0.000413843 -0.00928158 -0.0097542 0
internal_weight=26977 3298 3143 1040 818 222 2103 144 155 1959 23679 23492 506 408 22986 22482 504 187 117
internal_count=26977 3298 3143 1040 818 222 2103 144 155 1959 23679 23492 506 408 22986 22482 504 187 117
is_linear=0
shrinkage=0.0500478


Tree=181
num_leaves=16
num_cat=0
split_feature=41 112 100 54 74 51 51 118 38 130 63 92 125 63 39
split_gain=8.28468 8.15148 12.73 10.8325 10.686 10.5342 12.7057 7.4984 7.45833 11.0736 10.2544 9.87735 12.2153 11.2463 6.53892
threshold=51000.000000000007 -0.23431372549019605 -2878.326359515198 5242.4546546965203 92500.000000000015 15250.000000000002 37583.333333333336 1.0000000180025095e-35 15833.333333333334 0.93301270189221952 -5014.9999999999991 14999.000000000002 27.500000000000004 13750.000000000002 0.83266666666666678
decision_type=2 8 2 10 10 10 10 10 2 2 10 8 2 10 2
left_child=1 2 3 14 -5 7 -7 -4 11 10 -10 13 -13 -3 -1
right_child=-2 8 5 4 -6 6 -8 -9 9 -11 -12 12 -14 -15 -16
leaf_value=171.64589066942955 122.8468641814885 -0.00044623365596431648 0.36635820098745947 -2.8708324437261235 12.97711892665793 -1.4792409606806647 -0.54572400239386587 -2.1139951035469227 4.276206282493364 40.576149306191951 -160.82823677160133 7.1840809768795042 -11.489944669587777 22.295406863585132 1.4026228829846381
leaf_weight=61 56 20720 123 659 217 547 1531 77 122 73 233 1780 219 503 56
leaf_count=61 56 20720 123 659 217 547 1531 77 122 73 233 1780 219 503 56
internal_value=-3.51029e-05 -8.35071e-05 -0.00242978 0.00215803 0 -0.00451928 -0.00562731 0.00591408 0.000232593 -0.00626958 -0.0102103 0.000361868 0.00372394 3.51872e-05 0.0163084
internal_weight=26977 26921 3271 993 876 2278 2078 200 23650 428 355 23222 1999 21223 117
internal_count=26977 26921 3271 993 876 2278 2078 200 23650 428 355 23222 1999 21223 117
is_linear=0
shrinkage=0.0500478


Tree=182
num_leaves=27
num_cat=0
split_feature=131 63 101 95 38 107 93 94 100 72 108 123 2 10 0 38 120 32 111 110 130 125 35 42 94 93
split_gain=8.0061 21.7482 29.7438 26.6291 16.7418 13.548 16.3899 12.8434 12.3671 10.3275 8.91895 11.8329 11.6764 14.6844 13.7329 11.2074 10.0926 6.6386 6.44644 9.10582 14.5018 9.24464 8.57433 12.0765 4.79501 0.0363436
threshold=-0.68301270189221952 9500.0000000000018 3367.1524764312039 0.1796418876615376 10583.333333333338 -503.99999999999994 0.092314871765401166 0.20763149247052634 3016.2010424645709 54500.000000000007 -0.031754032258064509 3250.0000000000005 54500.000000000007 79000.000000000015 39.500000000000007 -18333.333333333328 1.0000000180025095e-35 8231.0248069064091 -0.048809523809523803 -0.036700336700336691 0.68301270189221941 13.500000000000002 0.16114628186081664 0.41074277176545998 0.10717477502726835 0.046193301071276165
decision_type=2 10 2 10 2 10 10 10 2 10 10 10 2 10 2 2 8 2 8 8 2 2 2 8 10 10
left_child=1 2 5 4 -4 7 -7 -1 9 -3 18 15 14 -14 -13 -12 -17 -10 22 21 -21 -20 23 -2 -24 -11
right_child=10 8 3 -5 -6 6 -8 -9 17 25 11 12 13 -15 -16 16 -18 -19 19 20 -22 -23 24 -25 -26 -27
leaf_value=-0.063369837950376498 44.791667083336328 3.7506955586329722 -175.67240478893692 61.556102698410285 -34.807450163130333 0.0043429009138824318 -1.7959669658104809 28.119010525527575 -28.351306126931561 84.351832529459315 183.96261273863698 240.51495967007145 -172.89002242600796 19.406486880320966 -24.071942475409472 -0.004287681826690282 0.031477517922633404 75.736658059586361 2.3478775961729506 2.9013032997446255 -0.95688120598768989 -7.6884402567020107 -0.47182929383207334 -2.6709187948213962 75.641056842450567 232.92396403977406
leaf_weight=3365 409 80 422 87 128 2464 407 78 81 73 91 90 236 90 70 5718 11381 67 152 414 221 178 325 59 235 56
leaf_count=3365 409 80 422 87 128 2464 407 78 81 73 91 90 236 90 70 5718 11381 67 152 414 221 178 325 59 235 56
internal_value=-5.73633e-05 -0.00147822 -0.00212272 -0.0124385 -0.0166621 -0.00104528 0.0014443 -0.00318003 0.0104319 0.018207 0.000460302 9.03743e-05 -0.00757436 -0.0130927 0.00244096 0.00031999 0.000213411 0 0.00363481 0.000461604 0.00415513 -0.00601014 0.00640736 0.0114812 0.00177279 0.0270033
internal_weight=26977 7308 6951 637 550 6314 2871 3443 357 209 19669 17676 486 326 160 17190 17099 148 1993 965 635 330 1028 468 560 129
internal_count=26977 7308 6951 637 550 6314 2871 3443 357 209 19669 17676 486 326 160 17190 17099 148 1993 965 635 330 1028 468 560 129
is_linear=0
shrinkage=0.0500478


Tree=183
num_leaves=31
num_cat=0
split_feature=64 35 131 25 35 92 112 44 93 104 111 112 100 52 34 39 55 35 35 125 110 10 89 35 130 93 39 23 35 110
split_gain=7.22741 16.1126 19.2353 17.2254 19.0888 16.4586 28.6224 18.8156 13.6188 13.1428 13.0635 13.164 12.9445 11.6483 11.6447 11.3216 20.1954 19.1119 18.9288 16.5868 10.3736 10.3474 10.2567 8.29173 7.67138 6.66213 6.63779 5.05687 4.44551 3.66914
threshold=0.01574900793650794 0.10651992416244342 0.6830127018922193 10.500000000000002 0.03086396600871227 1812.5000000000002 0.12613636363636366 30250.000000000004 0.062360956446232386 1500.0000000000002 0.12613636363636366 -0.079473684210526294 -93.628504634094483 2723.3403011827659 1625.0000000000002 1.0705214869636566 6055.7415019990885 0.28817001469355741 0.20462803492148088 15.500000000000002 0.15075757575757578 24500.000000000004 8500.0000000000018 0.12529220931189497 0.68301270189221941 0.055845632638374186 0.8561576354679804 999.42512211421752 0.36547670496090723 0.18808962264150947
decision_type=10 2 2 2 2 10 8 10 10 10 10 10 2 10 2 2 8 2 2 2 10 10 8 2 2 10 2 10 2 10
left_child=9 2 3 4 -2 7 -7 -4 -5 15 11 12 -11 26 23 17 18 19 -17 -1 -13 -16 -18 -15 25 -12 -3 -28 -19 -26
right_child=1 13 5 8 -6 6 -8 -9 -10 10 24 20 -14 14 21 16 22 28 -20 -21 -22 -23 -24 -25 29 -27 27 -29 -30 -31
leaf_value=0.0012343946453157967 -0.017196763146730562 -0.17078138293203268 9.1343592208084843 -5.0586262251235388 1.3318621450676598 121.41183220165438 2.5440565133974937 -0.32176456867183145 15.980418507425803 12.353426779719145 -2.5258931192729124 -0.012984324857038943 -64.050506827011986 -0.058193106935316354 -0.052688802797952988 0.044520459396971447 -1.8849931373176307 1.5484832053427851 -0.00072501725593549914 -0.017727896466580361 20.173523079677558 0.056554870559443429 -0.12226134521298899 -23.490431514192682 -78.155661691274688 -117.28642731633893 0.020087532631890434 13.095514188057937 0.77672688305762272 29.880969063647751
leaf_weight=6312 406 60 235 108 1297 156 275 224 61 77 58 662 454 59 1581 1246 138 285 893 6202 101 3692 1475 80 85 303 85 154 146 67
leaf_count=6312 406 60 235 108 1297 156 275 224 61 77 58 662 454 59 1581 1246 138 285 893 6202 101 3692 1475 80 85 303 85 154 146 67
internal_value=-0.000109304 0.00109198 0.00423496 0.00122615 0.00284429 0.0103143 0.0174262 0.00313694 -0.0136974 -0.000670469 -0.00472759 -0.00185001 -0.00796743 -0.00039351 -0.0009606 -0.000218548 0.00218514 -0.000931277 0.0053969 -0.00130322 0.00215263 -0.000540025 -0.0019494 -0.0151872 -0.0115469 -0.0155498 0.00911857 0.0130428 0.00934372 -0.000623144
internal_weight=26977 8473 2762 1872 1703 890 431 459 169 18504 1807 1294 531 5711 5412 16697 3752 12945 2139 12514 763 5273 1613 139 513 361 299 239 431 152
internal_count=26977 8473 2762 1872 1703 890 431 459 169 18504 1807 1294 531 5711 5412 16697 3752 12945 2139 12514 763 5273 1613 139 513 361 299 239 431 152
is_linear=0
shrinkage=0.0500478


Tree=184
num_leaves=31
num_cat=0
split_feature=1 74 130 96 26 35 127 0 127 49 29 54 125 38 23 89 102 111 23 48 125 35 127 92 92 46 74 35 90 49
split_gain=6.41057 17.6471 22.1357 21.3253 21.1046 46.0502 25.3254 18.9132 15.2642 26.682 25.799 25.1043 18.4875 12.6321 12.3988 23.2121 17.1985 15.8448 13.8716 13.4746 16.7503 13.177 11.9317 23.1329 15.2165 10.7345 10.3444 8.92719 8.9176 8.11187
threshold=11.000000000000002 50004.000000000007 -0.6830127018922193 34999.900704745647 37.500000000000007 0.16299828702925892 314.50000000000006 13.000000000000002 74.500000000000014 47666.666666666679 44000.000000000007 8190.4020859273787 7.5000000000000009 333.33333333333491 5403.2769963099527 19000.000000000004 -1953.9842182555874 -0.1982142857142857 7159.9139531208575 55666.666666666679 8.5000000000000018 0.18846976738223745 210.50000000000003 6375.0000000000009 6125.0000000000009 53750.000000000007 59000.000000000007 0.19563706042524359 4748.0000000000009 41500.000000000007
decision_type=2 8 2 2 2 2 2 2 2 8 2 8 2 2 10 10 2 10 10 10 2 2 2 10 10 10 10 2 10 10
left_child=1 2 4 29 5 -1 -6 -5 9 13 26 -11 -12 -3 16 27 22 18 -17 25 -21 -19 23 -2 -24 -18 -10 28 -16 -4
right_child=14 8 3 7 6 -7 -8 -9 10 11 12 -13 -14 -15 15 17 19 21 -20 20 -22 -23 24 -25 -26 -27 -28 -29 -30 -31
leaf_value=241.89782567159676 -1.0820599370420132 -22.324655191250617 314.20350370145741 11.065848866542323 -1.1412372349901256 -58.316803395056318 0.5650503657970104 1.4577204032998168 -1.4027582101435778 133.00660776022096 1.272639517126646 0.8675313857567355 -5.4392066659962302 -0.80499618388836214 -2.4936373575951341 -7.9658997186569085 0.00012919706901812672 -1.7012163008804071 16.336136502176068 226.86024379654503 1.0375427792602181 13.313842335612733 0.40414486416272838 0.55058170559519204 -1.1167087650377352 -6.7981631765570807 8.7329926262695849 -160.03876438828974 1.5389524625934572 49.991314386656654
leaf_weight=140 728 64 82 1000 1004 73 346 2460 81 440 700 1328 2567 64 202 63 13326 591 107 80 157 136 273 196 100 111 315 69 65 109
leaf_count=140 728 64 82 1000 1004 73 346 2460 81 440 700 1328 2567 64 202 63 13326 591 107 80 157 136 273 196 100 111 315 69 65 109
internal_value=-0.000161245 0.000775293 0.00287753 0.0050264 -0.00201167 0.0122938 -0.00443779 0.00404613 -0.00116019 0.00242332 -0.00307108 0.00412502 -0.00457583 -0.0191535 -0.000796503 -0.00562775 -0.000384123 -0.00116422 0.0121669 0.000124138 0.0118977 -0.00459162 -0.00588978 -0.00896335 0.00118945 -7.04684e-05 0.00878281 -0.0168463 -0.011316 0.0214534
internal_weight=26977 10773 5214 3651 1563 213 1350 3460 5559 1896 3663 1768 3267 128 16204 1233 14971 897 170 13674 237 727 1297 924 373 13437 396 336 267 191
internal_count=26977 10773 5214 3651 1563 213 1350 3460 5559 1896 3663 1768 3267 128 16204 1233 14971 897 170 13674 237 727 1297 924 373 13437 396 336 267 191
is_linear=0
shrinkage=0.0500478


Tree=185
num_leaves=23
num_cat=0
split_feature=127 47 21 55 55 95 83 22 111 127 50 78 100 45 121 110 130 35 1 7 32 88
split_gain=7.16471 15.1253 15.6829 24.7061 19.3927 16.738 11.8978 10.6036 9.82396 20.4163 30.1008 23.6932 23.4947 17.1895 15.8521 12.4479 10.6422 19.4668 15.4089 9.3407 8.40208 4.32202
threshold=298.50000000000006 11750.000000000002 2439.7501823711982 865.54360876699582 5838.0889335476813 0.12834771792598776 26625.000000000004 1774.3595036946783 0.21980676328502416 50.500000000000007 41500.000000000007 107500.00000000001 384.46593690428932 53750.000000000007 1.0000000180025095e-35 0.30860805860805868 1.0000000180025095e-35 0.23389760165993609 11.000000000000002 62500.000000000007 4881.9347305341489 13500.000000000002
decision_type=2 10 10 10 10 10 10 10 10 2 10 10 2 10 10 10 2 2 2 10 2 10
left_child=8 -2 3 6 5 -4 -3 -5 15 10 -10 -12 13 -11 -14 16 17 -1 -18 -6 -17 -22
right_child=1 2 4 7 19 -7 -8 -9 9 12 11 -13 14 -15 -16 20 18 -19 -20 -21 21 -23
leaf_value=-0.03071660834344403 52.09845538110762 -0.010752808492960043 2.816940919792422 -0.004334549610394276 4.9427782809273531 166.23074299911858 0.0091902944182944216 -1.3919080781846394 -81.916215854838526 2.5258744089522898 153.36926398169166 -76.541994614639208 -2.3801715346559535 -21.25765048723752 -79.056503175169937 -0.4959182806638055 1.4945404107125426 0.092047359734326803 -0.0028470578018093963 -97.671050576433956 19.09092703136303 17.470750442234134
leaf_weight=6238 101 62 311 1466 410 209 525 587 99 225 263 71 508 132 988 64 4922 906 8463 218 59 150
leaf_count=6238 101 62 311 1466 410 209 525 587 99 225 263 71 508 132 988 64 4922 906 8463 218 59 150
internal_value=-0.000213186 0.00176096 0.00118731 -0.000869779 0.00608705 0.0132123 0.00805955 -0.00352871 -0.000554705 -0.00367244 0.00585279 0.0133764 -0.006013 0.00514098 -0.00881496 -0.000201888 -0.000353267 -0.00191833 0.000467014 0 0.0103427 0.0153667
internal_weight=26977 3889 3788 2640 1148 520 587 2053 23088 2286 433 334 1853 357 1496 20802 20529 7144 13385 628 273 209
internal_count=26977 3889 3788 2640 1148 520 587 2053 23088 2286 433 334 1853 357 1496 20802 20529 7144 13385 628 273 209
is_linear=0
shrinkage=0.0500478


Tree=186
num_leaves=19
num_cat=0
split_feature=35 124 0 130 23 98 32 99 79 21 16 52 112 112 35 16 35 131
split_gain=6.32625 39.6803 22.2627 19.6876 17.1989 13.1277 11.5039 11.1603 18.5022 16.3957 9.05518 8.57634 8.17455 21.2464 8.7271 8.01584 5.62907 2.81275
threshold=0.023005988268420752 29.500000000000004 21.000000000000004 -0.6830127018922193 1229.8957997165076 28213.536770320836 764.22220229521076 26309.656260354404 27350.000000000004 377.96447300927116 28108.333333333339 648.51779997311962 0.033908045977011504 0.03509852216748769 0.0420168961824239 28650.000000000004 0.026624888508512804 -0.5
decision_type=2 2 2 2 10 2 2 2 10 10 10 10 8 8 2 8 2 2
left_child=1 2 3 -1 5 -4 7 -2 16 -10 -5 15 14 -14 -13 -8 -9 -3
right_child=6 17 4 10 -6 -7 11 8 9 -11 -12 12 13 -15 -16 -17 -18 -19
leaf_value=0.12592708954196702 -0.11470064847999775 0.0040025527603425298 0.062795202822766891 -0.080528803676721661 -0.13984011807182375 0.042689411574411175 1.5832567519951577 0.0067436590234930477 -0.085350549310907659 0.053071320379678502 -0.0054480992419872745 -0.0077346662667518318 2.0341456743558894 0.029026798224125162 -0.007093601386037136 0.0090096345377624811 -0.021137680833752542 0.0061787662004639914
leaf_weight=64 96 70 159 192 104 338 86 135 351 230 330 1559 98 9125 13836 86 59 59
leaf_count=64 96 70 159 192 104 338 86 135 351 230 330 1559 98 9125 13836 86 59 59
internal_value=-0.000179796 0.00318569 0.000122991 -0.00662739 0.00704321 0.0111152 -0.000360629 -0.006012 -0.00366439 -0.00831399 -0.0101082 -0.000153264 -0.000239711 0.000927253 -0.000952116 0.0108798 0.00915187 0.0292878
internal_weight=26977 1316 1187 586 601 497 25661 871 775 581 522 24790 24618 9223 15395 172 194 129
internal_count=26977 1316 1187 586 601 497 25661 871 775 581 522 24790 24618 9223 15395 172 194 129
is_linear=0
shrinkage=0.0500478


Tree=187
num_leaves=21
num_cat=0
split_feature=124 32 30 46 4 125 55 120 61 127 80 106 102 51 80 88 99 47 101 102
split_gain=6.65671 17.3729 10.4233 17.888 16.3379 25.3807 10.2971 8.01204 14.3341 13.3841 21.6781 13.1092 14.7983 13.9967 18.5399 13.6256 12.9355 9.157 5.90997 5.01762
threshold=35.500000000000007 590.08904476942109 27500.000000000004 27750.000000000004 38500.000000000007 19.500000000000004 5484.8222964065126 1.0000000180025095e-35 -8249.9999999999982 48.500000000000007 31750.000000000004 -14995.999999999998 -18185.276052950092 76083.333333333343 137500.00000000003 57500.000000000007 15745.45255297029 61250.000000000007 -38.507874989049007 -5721.2158959500875
decision_type=2 2 2 10 10 2 10 8 8 2 10 8 2 10 10 10 2 10 2 2
left_child=7 -2 3 18 5 -4 -6 8 19 10 -10 12 -9 15 -15 -13 -11 -14 -3 -1
right_child=1 2 4 -5 6 -7 -8 11 9 16 -12 13 17 14 -16 -17 -18 -19 -20 -21
leaf_value=18.523967252204024 0.0058074514878598184 -0.033195555703374409 -0.48507829145806997 0.0088713917454072266 0.7904893761966304 0.0075548188424583206 -0.026407322068495234 -166.92301548640046 0.0088483323044054821 -0.072529198342025383 -0.58406771067912333 0.0033900220838890193 16.216792998177905 -42.357200888781279 109.11644762138114 -171.87338950220689 -0.00043532090214776762 8.4119287266423957 0.0016156756968523688 87.568971555297608
leaf_weight=57 70 60 211 85 90 120 100 60 421 424 940 16598 350 831 97 56 5292 769 289 57
leaf_count=57 70 60 211 85 90 120 100 60 421 424 940 16598 350 831 97 56 5292 769 289 57
internal_value=-0.000187216 0.00374698 0.00172095 0.00755944 -0.00276538 -0.00974441 0.00830186 -0.000350801 -0.0017736 -0.00208494 -0.00656769 0.000183839 0.00529191 -0.00014778 -0.0061278 0.000174042 -0.000979549 0.00673537 0.0018403 0.0154392
internal_weight=26977 1025 955 434 521 331 190 25952 7191 7077 1361 18761 1179 17582 928 16654 5716 1119 349 114
internal_count=26977 1025 955 434 521 331 190 25952 7191 7077 1361 18761 1179 17582 928 16654 5716 1119 349 114
is_linear=0
shrinkage=0.0500478


Tree=188
num_leaves=24
num_cat=0
split_feature=124 12 39 51 52 125 64 35 101 60 127 127 120 100 112 16 111 110 127 38 124 64 55
split_gain=14.9157 21.8069 20.1874 15.6355 14.9791 9.60295 7.39633 18.791 12.9088 12.4325 11.3513 15.3238 11.8454 10.6008 13.5483 17.1706 12.5999 14.0822 12.1137 7.65593 7.24302 6.65297 3.53955
threshold=37.500000000000007 43500.000000000007 0.963409192324855 28083.333333333339 4413.9924976185357 12.500000000000002 0.016530054644808747 0.10651992416244342 -3221.6182563460438 -1.0000000180025095e-35 351.50000000000006 346.50000000000006 0.13392857142857145 1352.671607905748 0.12613636363636366 12850.000000000002 0.15470085470085473 0.12034482758620692 34.500000000000007 -3333.3333333333326 60.500000000000007 0.016001024065540197 938.80963562504564
decision_type=2 10 2 10 10 2 10 2 2 10 2 2 10 2 8 8 10 10 2 2 2 10 10
left_child=6 2 4 20 22 -3 13 8 -8 -10 11 -9 -12 14 18 -16 17 -15 -1 -18 -4 -5 -2
right_child=1 5 3 21 -6 -7 7 10 9 -11 12 -13 -14 16 15 -17 19 -19 -20 -21 -22 -23 -24
leaf_value=-0.19211935124233548 -0.045485005575641876 -3.3091914705066943 0.0022303963476376096 0.018596890772034837 220.44170567853843 0.0056251520216585643 276.77675102005685 -0.017735851954292635 22.001876955116295 0.27634088420118502 -3.1292408352792211 -20.35427896729643 215.39642770782899 -37.511381030368106 -39.546789048442335 0.25771074335552818 20.798957513372216 5.9514630914838955 -0.0028183394133704494 -122.07284586823467 -0.088222403386807924 0.022303235666995502 -2.1549559753818084
leaf_weight=1196 60 63 222 216 56 81 100 5216 222 2133 68 161 119 698 87 2592 70 378 12493 526 80 75 65
leaf_count=1196 60 63 222 216 56 81 100 5216 222 2133 68 161 119 698 87 2592 70 378 12493 526 80 75 65
internal_value=-5.73633e-05 0.00619437 0.00966364 0.0141981 -0.00407126 -0.0109095 -0.000285988 0.000966603 0.00462146 0.00375601 -0.000610694 -0.00106919 0.0113393 -0.000854145 -0.000452231 0.00277957 -0.0046604 -0.00120302 -0.0011 -0.0105309 0.00524778 0.0226701 -0.0144994
internal_weight=26977 918 774 593 181 144 26059 8019 2455 2355 5564 5377 187 18040 16368 2679 1672 1076 13689 596 302 291 125
internal_count=26977 918 774 593 181 144 26059 8019 2455 2355 5564 5377 187 18040 16368 2679 1672 1076 13689 596 302 291 125
is_linear=0
shrinkage=0.0500478


Tree=189
num_leaves=17
num_cat=0
split_feature=124 29 47 99 54 55 53 93 46 112 127 102 100 109 42 37
split_gain=21.9054 14.2042 12.4531 15.113 8.50523 9.85623 7.83062 7.60773 10.4883 7.73443 11.4494 11.0284 8.51694 8.07991 7.38091 6.66065
threshold=39.500000000000007 32500.666666666668 37000.000000000007 50165.749310264779 4268.0946987340185 532.06016849974446 826.10312969235281 0.25804533701889726 61250.000000000007 -0.23431372549019605 14.500000000000002 -8394.1081853217675 -2878.326359515198 0.53311965811965822 -1.0000000180025095e-35 2250.0000000000005
decision_type=2 2 10 2 10 10 10 8 10 8 2 2 2 10 10 2
left_child=7 4 -3 -4 5 -2 -7 9 15 10 11 -1 -12 14 -11 -9
right_child=1 2 3 -5 -6 6 -8 8 -10 13 12 -13 -14 -15 -16 -17
leaf_value=0.26830864890667699 0.0075719316698848529 -5.805760492326808 0.94074959459520013 -0.44977807472173426 0.15473739738793807 -0.00066200448954240368 0.0066392106054178742 6.3928741824375255 148.15522233066685 0.0072555115651097698 1.8119597352241084 -99.175401655299623 -0.51217770266612639 -102.75696669269753 -0.005281449846908778 -12.555137546780326
leaf_weight=64 70 61 89 80 62 176 283 105 56 10271 916 90 2180 63 12328 83
leaf_count=64 70 61 89 80 62 176 283 105 56 10271 916 90 2180 63 12328 83
internal_value=3.51029e-05 0.00807884 -0.00170589 0.00435621 0.0122219 0.00950417 0.00617376 -0.000210311 0.00851357 -0.000301129 -0.00258395 -0.0159704 -0.00184015 1.74957e-05 7.73322e-05 0.00155651
internal_weight=26977 821 230 169 591 529 459 26156 244 25912 3250 154 3096 22662 22599 188
internal_count=26977 821 230 169 591 529 459 26156 244 25912 3250 154 3096 22662 22599 188
is_linear=0
shrinkage=0.0500478


Tree=190
num_leaves=16
num_cat=0
split_feature=124 29 48 64 12 127 11 16 77 100 53 102 124 102 38
split_gain=17.1212 12.9228 18.4728 9.45995 6.69638 10.1275 8.94462 7.41889 12.1063 10.0049 6.594 10.9008 10.7006 5.50757 2.236
threshold=44.500000000000007 33916.666666666679 46500.000000000007 0.01709526592635886 9500.0000000000018 285.50000000000006 8500.0000000000018 10616.66666666667 9500.0000000000018 181.61426102671251 826.10312969235281 16.926417896367642 58.500000000000007 -229.33131564994616 -666.66666666666958
decision_type=2 2 10 10 8 2 8 10 10 2 10 2 2 2 2
left_child=4 3 -3 10 5 13 -6 9 -9 -8 12 -12 -2 -1 -5
right_child=1 2 -4 14 6 -7 7 8 -10 -11 11 -13 -14 -15 -16
leaf_value=1.8091595253205426 0.0046446127193400565 -3.2040318703564377 0.16167068240701182 -0.060234118634568026 -1.9423034576925351 40.223036222939214 1.1939343270712788 -7.2193700606697497 -0.00098179364996353797 -3.6449559517035821 0.017187502592617032 0.010942764292440883 -1.0684479906556019 -0.11849425895317817 0.014517061632120446
leaf_weight=61 83 69 89 57 60 99 166 65 25770 58 118 62 64 75 81
leaf_count=61 83 69 89 57 60 99 166 65 25770 58 118 62 64 75 81
internal_value=4.62331e-05 0.00823581 -0.00309524 0.0125185 -0.000140371 0.00820394 -0.000224021 -0.000170766 -0.000257475 0.00882347 0.0171546 0.0241184 0.00700679 0 0
internal_weight=26977 623 158 465 26354 235 26119 26059 25835 224 327 180 147 136 138
internal_count=26977 623 158 465 26354 235 26119 26059 25835 224 327 180 147 136 138
is_linear=0
shrinkage=0.0500478


Tree=191
num_leaves=18
num_cat=0
split_feature=124 29 46 64 111 112 107 93 94 102 10 83 77 43 127 25 38
split_gain=21.29 12.4871 17.5804 10.9994 6.69598 8.13021 17.5702 23.5008 14.9837 8.38807 15.0579 8.09133 6.02311 5.642 5.85564 5.70675 2.236
threshold=44.500000000000007 33916.666666666679 48750.000000000007 0.01709526592635886 -0.45643939393939387 -0.34698996655518388 -38999.999999999993 0.10915291997507345 0.16027578795806563 -7647.6659152846796 71000.000000000015 83750.000000000015 39000.000000000007 0.81666666666666676 267.50000000000006 9.5000000000000018 -666.66666666666958
decision_type=2 2 10 10 8 8 10 10 10 2 8 10 10 2 2 2 2
left_child=4 3 -3 13 12 6 8 -8 -6 10 -7 -11 -1 15 -15 -2 -5
right_child=1 2 -4 16 5 9 7 -9 -10 11 -12 -13 -14 14 -16 -17 -18
leaf_value=171.37217217989615 0.017054746273184037 -2.668785476054691 0.29046475735841143 -0.057219533788402888 8.8379414829042791 15.939772179206773 -6.3439834237295738 3.9722448922580065 -24.887512137438627 -3.4221479806065725e-05 -0.22315827561138019 -20.810455262500231 2.9942900169040669 -0.00060651017084765643 0.017177943900941777 0.053961864617117737 0.013790514701591934
leaf_weight=60 124 94 64 57 360 208 538 207 103 23969 305 537 67 76 66 61 81
leaf_count=60 124 94 64 57 360 208 538 207 103 23969 305 537 67 76 66 61 81
internal_value=6.47834e-05 0.00919604 -0.00184754 0.013375 -0.000144169 -0.000207833 -0.00421416 -0.0090342 0.00310998 -5.84663e-06 0.00630375 -0.000146871 0.0111823 0.0183699 0.00828875 0.02481 0
internal_weight=26977 623 158 465 26354 26227 1208 745 463 25019 513 24506 127 327 142 185 138
internal_count=26977 623 158 465 26354 26227 1208 745 463 25019 513 24506 127 327 142 185 138
is_linear=0
shrinkage=0.0500478


Tree=192
num_leaves=17
num_cat=0
split_feature=124 25 64 35 111 56 20 23 47 11 112 43 77 41 29 14
split_gain=18.4863 11.1857 11.088 7.6788 6.70107 7.69933 15.9607 13.817 16.1804 10.5704 10.2016 6.4303 6.02311 3.47071 3.45685 3.40235
threshold=44.500000000000007 4.5000000000000009 0.017700501253132835 0.15596426265251359 -0.45643939393939387 32500.000000000004 106250.00000000001 10964.938898939114 44500.000000000007 92500.000000000015 -0.40550595238095233 0.87500000000000011 39000.000000000007 3750.0000000000005 27366.666666666668 107500.00000000001
decision_type=2 2 10 2 8 10 10 10 10 10 8 2 10 2 2 10
left_child=4 3 11 -2 12 6 10 8 -7 -9 -6 14 -1 -4 -3 -8
right_child=1 2 13 -5 5 7 15 9 -10 -11 -12 -13 -14 -15 -16 -17
leaf_value=162.79537276755386 -0.87420524399355004 0.0055801103081194597 -0.052984599665113069 0.047436786010641975 -2.5009144372856102 24.095155092932963 137.108985858079 12.152210012054853 -71.843149538851748 -12.288683522026451 0.00035013080961399085 0.00063041859403055445 2.8444324027378283 0.22147189752066571 0.016199450584221453 59.557163321785062
leaf_weight=60 99 85 80 59 564 145 63 750 835 179 23624 69 67 60 171 67
leaf_count=60 99 85 80 59 564 145 63 750 835 179 23624 69 67 60 171 67
internal_value=4.62331e-05 0.00855588 0.0125185 -0.00184754 -0.000147967 -0.00021165 2.04201e-05 -0.00327088 -0.0074336 0.000909294 -6.60458e-05 0.0175651 0.0111823 0 0.0212863 0.0173528
internal_weight=26977 623 465 158 26354 26227 24318 1909 980 929 24188 325 127 140 256 130
internal_count=26977 623 465 158 26354 26227 24318 1909 980 929 24188 325 127 140 256 130
is_linear=0
shrinkage=0.0500478


Tree=193
num_leaves=21
num_cat=0
split_feature=124 63 43 38 108 95 22 121 34 111 64 121 112 125 125 56 124 101 127 26
split_gain=18.9519 8.77685 10.5594 12.7735 6.74719 10.3988 11.599 9.30349 10.3296 11.4569 8.85428 8.73736 10.0938 8.39287 6.91845 6.87484 4.2507 3.04416 2.22938 1.21833
threshold=44.500000000000007 752.00000000000011 0.81666666666666676 -666.66666666666958 -0.048809523809523803 0.042509742251034981 809.14015333296845 0.32051282051282054 8878.0000000000018 -0.15192307692307691 -0.017700501253132828 0.26136363636363641 1.4000800000000002 17.500000000000004 14.500000000000002 29500.000000000004 61.500000000000007 -5.5569863184246051 159.50000000000003 33.500000000000007
decision_type=2 10 2 2 10 8 8 10 2 8 10 8 10 2 2 10 2 2 2 2
left_child=4 2 3 -2 5 10 -7 11 15 -10 -1 12 -6 -13 -8 -9 19 -3 -5 -4
right_child=1 17 16 18 7 6 14 8 9 -11 -12 13 -14 -15 -16 -17 -18 -19 -20 -21
leaf_value=-2.9261411355349334 0.002987934994435885 0.094006288023657666 0.00024883252646046002 0.042764576646140251 -0.0031459434726066309 42.551186303324322 4.9902447801450647 -1.2129342882279595 -5.3332740194438664 -205.68965801515145 1.8803967604451501 11.298721736163589 33.424718072582351 -0.35705112505764947 -0.043466511586700188 113.00022558992895 -0.11342185432506409 -0.094253072570322435 0.019853135639438677 0.017076203280764719
leaf_weight=74 99 81 57 56 22014 83 1067 227 130 134 68 669 136 457 1237 58 63 101 105 61
leaf_count=74 99 81 57 56 22014 83 1067 227 130 134 68 669 136 457 1237 58 63 101 105 61
internal_value=0.000101884 0.00871592 0.0125188 0.0190549 -9.4798e-05 0.00235116 0.00320302 -0.000363212 -0.00679979 -0.0138852 -0.0103676 -0.000201931 -0.000429083 0.00407688 0.00242863 0 0.00188872 0 0.0278406 0.00827828
internal_weight=26977 623 441 260 26354 2529 2387 23825 549 264 142 23276 22150 1126 2304 285 181 182 161 118
internal_count=26977 623 441 260 26354 2529 2387 23825 549 264 142 23276 22150 1126 2304 285 181 182 161 118
is_linear=0
shrinkage=0.0500478


Tree=194
num_leaves=23
num_cat=0
split_feature=124 43 42 12 42 1 56 131 63 94 59 42 0 93 47 49 30 73 0 102 124 127
split_gain=15.5947 9.299 15.6478 14.0352 9.66546 6.80272 17.078 24.2697 21.0929 15.6207 22.2675 15.1952 18.2068 14.4869 13.9853 11.7087 11.4346 30.7146 27.3081 5.38244 4.11487 2.71248
threshold=44.500000000000007 0.81666666666666676 -0.64549722436790236 43500.000000000007 -1.1179593787004802 11.000000000000002 15004.000000000002 0.6830127018922193 7000.0000000000009 0.096318209209607444 20004.000000000004 -0.85283684451530151 39.500000000000007 0.023835597396980632 40500.000000000007 75083.333333333358 25500.000000000004 33500.000000000007 13.000000000000002 4449.5633693922655 62.500000000000007 225.50000000000003
decision_type=2 2 10 10 10 2 10 2 10 10 8 10 2 8 10 8 2 8 2 2 2 2
left_child=5 2 4 -4 -2 6 7 8 -1 16 14 15 -13 -9 -11 -8 17 -7 -18 -12 21 -3
right_child=1 20 3 -5 -6 9 11 13 -10 10 19 12 -14 -15 -16 -17 18 -19 -20 -21 -22 -23
leaf_value=0.020748579191651541 0.028874873519229943 -0.00058378571418234724 0.034035938202465005 0.006006432083344713 -2.3485803951214987 0.0046967288815814362 16.151274542136555 -0.014594934238167868 17.813534512776091 -0.55278048557442661 18.203233689911329 -0.5291881372182301 -87.977022264398116 173.68541750130547 -10.929963413658685 -13.198583528210646 -0.029548306236182605 0.085836383979450884 0.0019576596763591823 1.430534041933829 -0.11218789737415186 0.011295323564027512
leaf_weight=2859 102 65 166 63 83 4174 1038 178 418 1969 87 4967 443 490 471 331 2808 235 5816 70 69 75
leaf_count=2859 102 65 166 63 83 4174 1038 178 418 1969 87 4967 443 490 471 331 2808 235 5816 70 69 75
internal_value=0.000101884 0.00791573 0.0122489 0.0209584 0.000246445 -7.58091e-05 0.000886149 0.00351097 0.00166228 -0.000748912 -0.00429199 -0.000611981 -0.00183015 0.0122366 -0.00553095 0.00404788 -2.658e-05 0.00202988 -0.00110187 0.0134727 0 0.00418904
internal_weight=26977 623 414 229 185 26354 10724 3945 3277 15630 2597 6779 5410 668 2440 1369 13033 4409 8624 157 209 140
internal_count=26977 623 414 229 185 26354 10724 3945 3277 15630 2597 6779 5410 668 2440 1369 13033 4409 8624 157 209 140
is_linear=0
shrinkage=0.0500478


Tree=195
num_leaves=24
num_cat=0
split_feature=124 37 38 93 131 87 77 50 92 22 8 93 130 93 112 131 35 47 102 125 10 25 49
split_gain=15.7228 11.339 14.8277 6.25007 17.4307 22.1063 23.5327 17.1093 24.6931 20.8386 16.6903 12.8177 12.3851 11.3646 13.1395 11.4574 10.8965 8.43535 4.57392 7.88132 4.05165 4.0136 0.153887
threshold=44.500000000000007 179.00000000000003 -1166.6666666666667 0.073493091974016864 -0.5 11500.000000000002 34500.000000000007 74250.000000000015 7626.0000000000009 9676.6296369598804 55500.000000000007 0.038191148526572551 1.0000000180025095e-35 0.031876521820045571 0.34166666666666673 -0.9330127018922193 0.038447430028516867 44500.000000000007 -11.717189145803784 16.500000000000004 45004.000000000007 9.5000000000000018 28416.666666666668
decision_type=2 2 2 10 2 10 10 10 10 10 8 8 2 10 10 2 2 10 2 2 8 2 10
left_child=3 2 21 11 5 10 -7 8 -6 -9 -5 13 17 15 -15 -1 -14 -13 -3 -20 22 -2 -4
right_child=1 18 20 4 7 6 -8 9 -10 -11 -12 12 16 14 -16 -17 -18 -19 19 -21 -22 -23 -24
leaf_value=0.04899233586003076 0.11120590947476423 -0.0017649179422126785 0.039403276277627512 -1.5787458796780525 -0.4134353610348766 67.347184973734244 -2.6073147221621427 -167.49048947952974 10.61506229803663 -1.9425819739577364 -9.2948378711524349 0.13103825639414984 -2.4485821101776066 -0.41222911799083228 13.5614518751691 -0.0015096683520756553 1.137481999329887 -1.5973072314551302 -0.014568929002890137 0.019623766755967699 0.033820238211743202 -2.2773713088736249 0.048105605805447572
leaf_weight=1081 73 70 76 1520 2428 189 572 218 1498 489 225 1218 84 903 106 11346 3358 1119 91 87 62 56 108
leaf_count=1081 73 70 76 1520 2428 189 572 218 1498 489 225 1218 84 903 106 11346 3358 1119 91 87 62 56 108
internal_value=6.84935e-05 0.00791573 0.0133819 -0.000109989 -0.00138005 -0.00474697 0.00215827 0.000398649 0.00173164 -0.00669631 -0.00787393 0.000351379 0.00232796 -0.000483863 -0.00558758 -5.20352e-05 0.00424164 -0.00040482 0 0.00386159 0.0205315 0 0.0246747
internal_weight=26977 623 375 26354 7139 2506 761 4633 3926 707 1745 19215 5779 13436 1009 12427 3442 2337 248 178 246 129 184
internal_count=26977 623 375 26354 7139 2506 761 4633 3926 707 1745 19215 5779 13436 1009 12427 3442 2337 248 178 246 129 184
is_linear=0
shrinkage=0.0500478


Tree=196
num_leaves=21
num_cat=0
split_feature=124 99 6 29 124 44 125 50 127 58 48 130 22 95 122 96 107 80 23 124
split_gain=11.4141 13.1279 17.2829 16.8498 10.9241 6.52294 24.7981 30.7969 22.5403 20.1479 17.0017 18.899 15.4915 15.0848 13.0546 12.249 11.4437 9.31938 6.21815 4.01736
threshold=37.500000000000007 50165.749310264779 35004.000000000007 32500.666666666668 61.500000000000007 61250.000000000007 7.5000000000000009 64916.666666666679 74.500000000000014 33500.000000000007 61166.666666666679 0.25000000000000011 3650.2295577368022 0.20679657772904883 2250.0000000000005 51464.098598144716 -1.0000000180025095e-35 71500.000000000015 5810.6614720159805 49.500000000000007
decision_type=2 2 8 2 2 10 2 10 2 8 10 2 8 10 8 2 10 8 10 2
left_child=5 2 3 4 -2 10 9 16 -9 13 14 -12 -11 -7 17 -16 -8 -1 -13 -4
right_child=1 -3 19 -5 -6 6 7 8 -10 12 11 18 -14 -15 15 -17 -18 -19 -20 -21
leaf_value=-0.0016407197320328995 0.014095331757734333 -0.39717105752470505 3.2892440853493037 -5.1849695897223791 -0.0012203118254800291 77.344159149109615 343.48980797626626 8.1295238992249104 -29.032366451792686 -216.72334610782656 7.0135970782943549 -36.194674802226054 18.663426224224583 -2.9260443041661119 9.7458122474260307 -4.0582777315438392 10.400933259160395 -1.9979224438075955 -291.27371231172873 0.084875012782001644
leaf_weight=19235 454 102 66 70 166 525 68 1083 1399 68 86 56 236 157 784 219 485 1552 106 60
leaf_count=19235 454 102 66 70 166 525 68 1083 1399 68 86 56 236 157 784 219 485 1552 106 60
internal_value=-3.51029e-05 0.00543314 0.00770015 0.00418648 0.00706943 -0.000236059 0.00160368 -0.000575424 -0.00302011 0.0085024 -0.000581131 -0.0135733 -0.00162059 0.0133025 -0.000422391 0.00512316 0.00999455 -0.000700358 -0.0237149 0.0249066
internal_weight=26977 918 816 690 620 26059 4021 3035 2482 986 22038 248 304 682 21790 1003 553 20787 162 126
internal_count=26977 918 816 690 620 26059 4021 3035 2482 986 22038 248 304 682 21790 1003 553 20787 162 126
is_linear=0
shrinkage=0.0500478


Tree=197
num_leaves=30
num_cat=0
split_feature=93 131 87 38 55 94 50 92 22 1 127 125 127 96 99 16 83 80 78 106 52 125 32 100 80 74 22 73 127
split_gain=6.51962 15.17 15.7905 17.8594 16.4363 16.3295 15.0791 21.1795 20.3136 16.6657 13.5936 12.1747 11.537 30.4106 27.7415 14.9657 14.0885 15.6626 11.5236 10.3114 21.635 14.2177 13.1627 11.338 21.1396 20.5689 10.0219 7.52439 6.67291
threshold=0.073493091974016864 -0.5 11500.000000000002 3166.6666666666702 10551.272016880977 0.082041265414219897 74250.000000000015 7626.0000000000009 9676.6296369598804 9.0000000000000018 247.50000000000003 10.500000000000002 34.500000000000007 26387.881271789072 19974.806624224333 18516.666666666668 26625.000000000004 31004.000000000004 87500.000000000015 9500.0000000000018 10016.638981097474 8.5000000000000018 4291.4288100511321 0.0093963236213312502 122504.00000000001 71000.000000000015 1977.89987413116 71000.000000000015 202.50000000000003
decision_type=10 2 10 2 10 10 10 10 10 2 2 2 2 2 2 10 8 8 10 10 10 2 2 2 10 10 10 8 2
left_child=12 2 5 4 -4 10 7 9 11 -3 -2 -8 13 14 15 -1 -15 -18 -9 23 22 -22 -21 24 -14 -25 -7 -10 -5
right_child=1 6 3 28 -6 26 8 18 27 -11 -12 -13 19 16 -16 -17 17 -19 -20 20 21 -23 -24 25 -26 -27 -28 -29 -30
leaf_value=0.16018014617031526 -0.95288629334102648 -11.581293897768981 24.739072590509672 -3.7247817158455363 -25.995080356360944 -0.31193264009146826 3.1374808338542968 5.2807439809363146 -60.594082333510258 0.1342407127597611 1.1728840645721221 -246.01989481676912 0.0031014443188568221 -43.211626038166308 6.3054525917635607 -0.096762880059732978 0.052976075818737846 -0.53180807936528429 104.95164378021454 -2.2931836554799081 53.142448169493186 -96.433842335904103 11.290128254923484 -0.0046530352727612127 182.28948719962122 -34.292053749269684 -5.9417375326836819 13.731645376121014 -144.33037084585064
leaf_weight=208 313 534 460 163 56 309 57 1348 109 1894 76 161 9625 68 130 86 286 1512 150 131 130 283 890 6133 86 270 1047 380 82
leaf_count=208 313 534 460 163 56 309 57 1348 109 1894 76 161 9625 68 130 86 286 1512 150 131 130 283 890 6133 86 270 1047 380 82
internal_value=-0.000105594 -0.00140808 -0.00454745 0.0012405 0.00674994 -0.00718656 0.000247494 0.00150232 -0.00641414 -0.0013163 0.00139654 -0.0190528 0.000352958 -0.00296742 0.0089103 0 -0.00578366 -0.00477901 0.00620151 0.000798243 0.00487511 -0.00444801 0.00884734 0.000422094 0.00150926 -0.00119484 -0.00979711 -0.000297674 -0.00949045
internal_weight=26977 7139 2506 761 516 1745 4633 3926 707 2428 389 218 19838 2290 424 294 1866 1798 1498 17548 1434 413 1021 16114 9711 6403 1356 489 245
internal_count=26977 7139 2506 761 516 1745 4633 3926 707 2428 389 218 19838 2290 424 294 1866 1798 1498 17548 1434 413 1021 16114 9711 6403 1356 489 245
is_linear=0
shrinkage=0.0500478


Tree=198
num_leaves=26
num_cat=0
split_feature=42 0 88 80 63 131 29 100 53 101 12 22 40 111 131 3 98 48 47 44 11 25 125 35 95
split_gain=7.96075 13.924 26.1325 20.488 20.4515 15.7331 15.5771 14.5793 13.0543 17.0523 14.1004 12.9085 15.3248 12.8093 14.6126 13.2231 11.8294 10.0521 16.4748 8.63067 18.6948 13.3219 7.35551 6.24987 2.77964
threshold=-0.044919441838076869 33.000000000000007 14500.000000000002 17500.000000000004 -749.99999999999989 -0.68301270189221952 27916.666666666668 -0.61812079949231691 10428.15457918269 -3711.5817786551629 35004.000000000007 17368.026705655084 14500.000000000002 -0.23431372549019605 0.6830127018922193 3.5000000000000004 46124.995913738931 50916.666666666679 59500.000000000007 15750.000000000002 20004.000000000004 5.5000000000000009 20.500000000000004 0.15944204545617321 0.1467981358234238
decision_type=10 2 10 8 10 2 2 2 10 2 8 10 2 8 2 2 2 10 10 8 8 2 2 2 10
left_child=1 2 3 22 5 16 -5 -7 9 -6 -10 12 -4 14 17 19 -3 18 -2 21 -21 -15 -1 -19 -16
right_child=13 4 11 6 8 7 -8 -9 10 -11 -12 -13 -14 15 24 -17 -18 23 -20 20 -22 -23 -24 -25 -26
leaf_value=0.73719336143445835 -0.043331025834994763 -1.4553401014139897 132.07889733506548 -0.03008421131673723 111.06730488920576 0.21290112266473557 0.0044635539498348335 -3.397705170591605 21.265741964975319 0.11677152504339004 -49.71106237985753 -11.225493153421025 -7.6804786045736613 3.2727921167126452 -7.3392938668322705 -45.800393941998138 -91.772605958701078 31.539969830069111 -161.77343236153735 -0.031375928893905697 -0.0011768267286932576 0.012939206782757718 0.0015819205508997014 -19.493646007335197 -15.082101601979581
leaf_weight=265 179 734 836 1098 242 1416 3428 557 77 3133 382 87 127 108 70 70 241 85 72 1003 11844 673 113 72 65
leaf_count=265 179 734 836 1098 242 1416 3428 557 77 3133 382 87 127 108 70 70 241 85 72 1003 11844 673 113 72 65
internal_value=-0.000153825 0.000746184 0.00252004 0.000937653 -0.000781377 -0.00393406 0 -0.00123946 0.00159053 0.0027106 -0.00617376 0.00969729 0.0114524 -0.000973036 -0.00852619 -0.00065726 -0.00916131 -0.00316091 -0.00966071 -0.000528451 -0.000852691 0.00453066 0.0120924 0.00593958 -0.0229116
internal_weight=26977 12736 5954 4904 6782 2948 4526 1973 3834 3375 459 1050 963 14241 543 13698 975 408 251 13628 12847 781 378 157 135
internal_count=26977 12736 5954 4904 6782 2948 4526 1973 3834 3375 459 1050 963 14241 543 13698 975 408 251 13628 12847 781 378 157 135
is_linear=0
shrinkage=0.0500478


Tree=199
num_leaves=27
num_cat=0
split_feature=127 127 44 9 48 97 35 55 101 86 38 120 63 22 54 11 35 42 89 31 38 94 23 88 82 53
split_gain=7.87514 21.6864 16.1835 18.1932 20.4611 19.4072 16.1645 25.8055 23.4823 21.863 12.1435 14.7441 13.4054 13.3461 12.7582 17.302 11.7996 10.3387 9.4501 9.21846 12.2395 5.55166 7.79275 7.38402 4.32199 2.27253
threshold=249.50000000000003 205.50000000000003 10250.000000000002 29500.000000000004 31583.333333333339 28923.179323224216 0.16114628186081664 9228.419753389071 -1288.4531112488164 43751.000000000007 -5166.6666666666661 0.27922077922077926 -4749.9999999999991 4384.0367983192573 516.39777949432244 28004.000000000004 0.18226848614728539 -1.1069902513999137 5004.0000000000009 87500.000000000015 8750.0000000000018 0.063895898907432233 980.26503570715079 14500.000000000002 58875.000000000007 2866.4595934800432
decision_type=2 2 10 10 10 2 2 10 2 10 2 8 8 10 8 10 2 8 10 2 2 10 10 10 10 10
left_child=1 10 25 5 -5 -4 7 8 18 -10 11 13 -13 -1 15 -12 21 -16 -2 20 -18 22 -8 -23 -9 -3
right_child=6 2 3 4 -6 -7 16 24 9 -11 14 12 -14 -15 17 -17 19 -19 -20 -21 -22 23 -24 -25 -26 -27
leaf_value=0.43201222777576026 23.455946075638359 0.34338444520208478 -0.036456158870316412 0.52191512506848958 -0.63135277812627755 -45.156228019664013 -8.2712611731362529 -26.302298616502693 0.0085243821254800799 -0.22220477820523662 0.18736875837434688 -197.79772667369221 -0.64734474426580546 19.275913407370389 -0.74356688286802919 -0.053177331926487055 -0.00082482216109682806 -0.0040035895480979317 3.5598911255667498 218.11773576920572 -132.73443577817778 -6.8587156626124193 0.052557591752639576 -5.6249402702787688 -17.117040593623202 0.39494614232430481
leaf_weight=1434 116 89 961 172 1577 83 59 88 2276 1257 270 107 328 1126 833 192 1586 13092 599 104 91 170 139 102 66 60
leaf_count=1434 116 89 961 172 1577 83 59 88 2276 1257 270 107 328 1126 833 192 1586 13092 599 104 91 170 139 102 66 60
internal_value=-0.000153825 -0.000649831 -0.00462197 -0.00553075 -0.00225523 -0.0108051 0.00133043 0.00311259 0.00388475 0.00213647 1.12939e-05 0.00292065 -0.00536839 0.00441256 -0.000580573 0.00753473 -0.00206377 -0.000865748 0.0122023 -8.20272e-05 -0.00110031 -0.00910207 -0.00147886 -0.0138452 -0.0166102 0.0108798
internal_weight=26977 20324 2942 2793 1749 1044 6653 4402 4248 3533 17382 2995 435 2560 14387 462 2251 13925 715 1781 1677 470 198 272 154 149
internal_count=26977 20324 2942 2793 1749 1044 6653 4402 4248 3533 17382 2995 435 2560 14387 462 2251 13925 715 1781 1677 470 198 272 154 149
is_linear=0
shrinkage=0.0500478


Tree=200
num_leaves=21
num_cat=0
split_feature=124 37 38 127 56 39 52 35 64 130 42 11 23 32 23 59 10 39 125 78
split_gain=10.8779 11.1304 17.8302 8.26655 7.32643 10.5089 9.11837 16.5562 11.3143 18.8574 7.72723 7.6588 6.67438 4.75481 4.6712 4.62716 3.4108 3.01801 1.65674 0.141007
threshold=44.500000000000007 179.00000000000003 -1166.6666666666667 155.50000000000003 51000.000000000007 0.95380241648898367 17187.650926634502 0.35458937802109364 0.267948717948718 0.68301270189221941 1.9390020372768901 79000.000000000015 10781.023076493273 19168.105903464166 12373.45066568214 5500.0000000000009 45004.000000000007 0.93218390804597717 16.500000000000004 59000.000000000007
decision_type=2 2 2 2 10 2 8 2 10 2 10 10 8 2 10 10 8 2 2 10
left_child=4 2 17 -3 6 19 8 12 10 -10 -1 13 -8 -7 -9 -5 18 -2 -4 -6
right_child=1 3 16 15 5 11 7 14 9 -11 -12 -13 -14 -15 -16 -17 -18 -19 -20 -21
leaf_value=-0.0024220760095868942 0.1193336079734777 -0.097803844135073217 0.039800823909590249 -0.00061882995989840891 23.991714638360385 0.698448477064189 -218.6890093651123 16.841068044681947 101.13696801088476 -26.695826324733009 -47.703251796672404 16.633309279118642 -9.7187530210799356 -133.61625215705334 -0.71515786707907603 0.01529556099243887 0.052109193642234354 -1.948917746432703 0.035697679734826543 177.05136844662809
leaf_weight=24962 63 76 114 97 69 56 176 69 352 143 73 83 195 56 62 75 62 66 70 58
leaf_count=24962 63 76 114 97 69 56 176 69 352 143 73 83 195 56 62 75 62 66 70 58
internal_value=-0.000190926 0.00631535 0.0117908 -0.00118362 -0.000353046 0.00708386 -0.000453531 -0.0071357 -0.000313475 0.0071355 -0.000469592 0 -0.0127211 -0.00871227 0.00709681 0.00399441 0.0197258 -0.0018744 0.0236009 0.0181416
internal_weight=26977 623 375 248 26354 322 26032 502 25530 495 25035 195 371 112 131 172 246 129 184 127
internal_count=26977 623 375 248 26354 322 26032 502 25530 495 25035 195 371 112 131 172 246 129 184 127
is_linear=0
shrinkage=0.0500478


Tree=201
num_leaves=31
num_cat=0
split_feature=112 39 127 35 111 91 37 31 95 94 0 54 38 0 41 11 29 93 100 130 45 35 39 0 127 52 102 96 45 101
split_gain=8.46817 11.1559 10.855 13.4643 12.9297 9.93995 9.6373 15.7254 13.7147 13.2509 12.7471 9.2829 8.49157 17.6929 27.1676 16.3789 15.3186 9.58137 19.9635 15.5151 8.25863 15.1087 15.0538 13.9086 11.9008 15.2736 11.8392 7.51969 6.44823 7.40687
threshold=-0.22967032967032966 0.8561576354679804 227.50000000000003 0.16299828702925892 -0.31909090909090904 9375.0000000000018 1650.0000000000002 72500.000000000015 0.10614455246014713 0.15465775510722776 13.000000000000002 9371.9270738018531 -308.33333333333206 21.000000000000004 2004.0000000000002 31750.000000000004 27916.666666666668 0.083147941928307628 -4434.9097871773656 1.0000000180025095e-35 16250.000000000002 0.20256186442381888 1.1898326898326901 33.000000000000007 243.50000000000003 4181.3071354895201 -367.11066496704365 59999.999999999149 15750.000000000002 -6027.6570018323901
decision_type=8 2 2 2 10 10 2 2 10 10 2 10 2 2 2 10 2 10 2 2 10 2 2 2 2 8 2 2 10 2
left_child=1 2 3 5 -5 -1 7 8 -3 -9 27 -12 13 14 16 -16 -2 19 -19 -15 24 22 -22 -23 25 -14 -26 -8 -4 -30
right_child=12 6 28 4 -6 -7 10 9 -10 -11 11 -13 20 17 15 -17 -18 18 -20 -21 21 23 -24 -25 26 -27 -28 -29 29 -31
leaf_value=5.0191069014040126 -0.034079662980400105 -3.4670148586686436 38.071720610686263 85.84437091157281 -2.5260985142175256 155.61160465451519 0.47550834024677513 8.8823677225524573 -1.1665199633299663 -23.466517418719221 -0.088200096771531344 -137.27777877726152 2.4379407652994898 -0.06041599295937216 11.369591078589973 1.9154111414778281 0.0020185005429470657 57.85750151932038 -1.7119212482421724 0.14672209190918908 -0.0028878731445943651 -0.15519381121150175 4.4751020591045449 -78.495157507843913 -0.12576349088528674 -1.0981902971163375 0.033420516667462097 -13.361866288233232 -1.1089127735752773 -5.3276081807227049
leaf_weight=173 350 256 60 164 361 59 375 250 947 97 172 125 269 2310 602 1192 747 321 1721 2898 9592 1686 1116 154 92 97 428 126 147 90
leaf_count=173 350 256 60 164 361 59 375 250 947 97 172 125 269 2310 602 1192 747 321 1721 2898 9592 1686 1116 154 92 97 428 126 147 90
internal_value=-0.000190926 -0.00252739 0.00160706 0.00493744 8.75833e-05 0.0149265 -0.00446986 -0.00676749 -0.00950443 0.00213727 0 -0.00817667 0.000137812 0.00123805 0.00454776 0.00835565 -0.00149868 -5.46754e-05 -0.00298466 0.00105584 -0.000677623 -0.00102055 -0.000280008 -0.00521335 0.00393888 0.0108563 -0.000567395 0.00486344 -0.00617107 -0.0102256
internal_weight=26977 3402 1054 757 525 232 2348 1550 1203 347 798 297 23575 10141 2891 1794 1097 7250 2042 5208 13434 12548 10708 1840 886 366 520 501 297 237
internal_count=26977 3402 1054 757 525 232 2348 1550 1203 347 798 297 23575 10141 2891 1794 1097 7250 2042 5208 13434 12548 10708 1840 886 366 520 501 297 237
is_linear=0
shrinkage=0.0500478


Tree=202
num_leaves=18
num_cat=0
split_feature=112 112 103 38 0 37 57 2 23 50 59 121 127 45 44 91 61
split_gain=7.42413 16.701 12.7473 9.54206 9.1503 13.0799 9.00885 13.8656 10.8751 8.82048 14.8321 10.2241 15.9948 11.896 9.69702 8.62373 7.62951
threshold=0.033908045977011504 0.03509852216748769 1500.0000000000002 -21999.999999999996 21.000000000000004 -2249.9999999999995 10004.000000000002 23500.000000000004 1205.8287558794616 80250.000000000015 22500.000000000004 0.26136363636363641 344.50000000000006 76250.000000000015 101250.00000000001 550.00000000000011 750.00000000000011
decision_type=10 10 10 2 2 2 10 2 10 10 8 10 2 10 10 10 10
left_child=3 15 6 -1 16 -6 8 -8 -3 11 -11 13 -13 -5 -12 -2 -4
right_child=1 2 4 9 5 -7 7 -9 -10 10 14 12 -14 -15 -16 -17 -18
leaf_value=197.7302940347808 1.9223147593728001 0.024371939629195764 -54.312332704588982 -0.0075597060639002924 2.0513696497666123 -92.546093919551083 0.90647573704725093 0.61099493856118459 -0.12062361732520628 31.439222516664426 -107.43493877341406 3.4865751690164841 -35.356206036002533 51.901442638223152 48.170487674492158 0.080288269394013026 8.1441113382194636
leaf_weight=73 58 1323 196 15788 252 537 231 3960 2095 106 309 1433 68 150 65 58 275
leaf_count=73 58 1323 196 15788 252 537 231 3960 2095 106 309 1433 68 150 65 58 275
internal_value=-0.000465471 0.00069565 0.000422674 -0.00105668 -0.00419915 -0.00752018 0.00121593 0.00277988 -0.000642679 -0.00114197 -0.00787604 -0.000943836 0.00296013 -0.0013247 -0.0127527 0.0194038 0.000943246
internal_weight=26977 8985 8869 17992 1260 789 7609 4191 3418 17919 480 17439 1501 15938 374 116 471
internal_count=26977 8985 8869 17992 1260 789 7609 4191 3418 17919 480 17439 1501 15938 374 116 471
is_linear=0
shrinkage=0.0500478


Tree=203
num_leaves=26
num_cat=0
split_feature=64 64 36 60 8 100 127 92 42 0 0 98 39 94 42 0 102 55 54 88 0 125 125 120 125
split_gain=8.45242 18.4522 11.553 10.9644 11.209 16.6367 10.5952 21.9706 11.4466 16.521 14.0304 10.4401 10.3336 11.746 17.5907 15.8843 10.662 13.4225 10.1211 9.41791 7.52868 6.71729 6.51577 5.99713 1.65152
threshold=0.016530054644808747 0.018019480519480522 0.91666666666666685 1250.0000000000002 75500.000000000015 1076.7958789451152 351.50000000000006 4375.0000000000009 -0.66599658289382735 21.000000000000004 13.000000000000002 28000.24452201257 0.77032967032967048 0.051838386006681468 -0.9121275484464263 33.000000000000007 -1897.6298970287987 6331.1365504736377 983.1920802501752 25500.000000000004 33.000000000000007 15.500000000000002 12.500000000000002 1.0000000180025095e-35 12.500000000000002
decision_type=10 10 2 10 8 2 2 10 10 2 2 2 2 10 8 2 2 8 10 10 2 2 2 10 2
left_child=2 18 3 4 11 -6 8 23 9 -3 -10 -1 16 14 -14 -15 17 -4 20 -9 24 -5 -18 -8 -2
right_child=1 6 12 21 5 -7 7 19 10 -11 -12 -13 13 15 -16 -17 22 -19 -20 -21 -22 -23 -24 -25 -26
leaf_value=-0.029588161485061618 0.024814564678956475 38.10298190917436 -5.3078407362924969 -25.900691238592042 6.7920133159851339 -162.60132039794235 1.0016561116677654 521.06749708791449 0.038891484595207346 0.1965503542841508 -0.3501312785927429 0.045020966021585895 -0.33935766119320082 -0.10733731471188802 0.00066468140208541355 -3.8120473892381685 87.831648688522804 26.923168106686063 -0.1383119635381857 30.616191640931262 2.3449784918085146 0.18922961461722065 0.11547656313012472 -3.1067881452162576 0.41804162210554352
leaf_weight=783 66 381 173 108 381 56 58 78 2381 1770 3199 2315 874 4472 6349 2351 178 276 57 60 77 76 282 91 85
leaf_count=783 66 381 173 108 381 56 58 78 2381 1770 3199 2315 874 4472 6349 2351 178 276 57 60 77 76 282 91 85
internal_value=-0.00040611 0.000909447 -0.00100201 0.00146485 0.00213526 0.0096717 0.000436321 0.00984242 5.77463e-05 0.0031822 -0.001111 0.000999569 -0.00162925 -0.00197336 -0.000532815 -0.00346772 0.00345512 -0.00165438 0.0133931 0.0242039 0.0182261 -0.0101796 0.008866 -0.00228779 0.00943337
internal_weight=26977 8303 18674 3719 3535 437 8018 287 7731 2151 5580 3098 14955 14046 7223 6823 909 449 285 138 228 184 460 149 151
internal_count=26977 8303 18674 3719 3535 437 8018 287 7731 2151 5580 3098 14955 14046 7223 6823 909 449 285 138 228 184 460 149 151
is_linear=0
shrinkage=0.0500478


Tree=204
num_leaves=14
num_cat=0
split_feature=78 96 23 18 120 127 7 51 127 35 127 97 125
split_gain=8.92962 11.1413 13.9942 12.3405 14.7062 27.0729 11.3126 12.9242 12.9021 10.2108 9.1878 8.18596 6.1868
threshold=9500.0000000000018 11999.998636412793 702.2132498573161 14500.000000000002 0.11805555555555557 48.500000000000007 15004.000000000002 16083.333333333334 314.50000000000006 0.20803762694564656 62.500000000000007 11121.506882835003 19.500000000000004
decision_type=8 2 10 8 10 2 8 10 2 2 2 2 2
left_child=12 2 -2 4 9 -6 7 -5 -8 -3 -4 -12 -1
right_child=1 3 10 6 5 -7 8 -9 -10 -11 11 -13 -14
leaf_value=0.099737121284632121 0.15997681333544758 3.0215643186587071 3.4340760993242978 0.0052351854707120005 -3.9764761266032345 12.329779788652734 -0.0049725747751570475 -0.64696362671310248 0.035644288115693055 -0.15857265777802507 -0.66521871469156102 -6.3392066523716393 1.8227138100965643
leaf_weight=87 73 88 76 529 80 194 21821 595 2703 119 399 153 60
leaf_count=87 73 88 76 529 80 194 21821 595 2703 119 399 153 60
internal_value=-0.00044692 -0.000522112 -0.00675343 -0.00034651 0.00754918 0.0151933 -0.000503246 -0.00541701 -0.000269197 -0.00165426 -0.00936126 -0.0117276 0.0116952
internal_weight=26977 26830 701 26129 481 274 25648 1124 24524 207 628 552 147
internal_count=26977 26830 701 26129 481 274 25648 1124 24524 207 628 552 147
is_linear=0
shrinkage=0.0500478


Tree=205
num_leaves=23
num_cat=0
split_feature=124 1 74 127 127 93 127 45 77 102 20 39 38 0 55 9 43 35 38 127 47 8
split_gain=8.26609 8.71603 16.4953 19.9079 36.3748 20.236 13.5137 14.718 10.5842 19.2206 17.9771 24.7245 17.0703 15.5061 7.88544 8.16026 7.73639 7.43722 6.62589 9.5972 8.9145 5.71074
threshold=44.500000000000007 11.000000000000002 50004.000000000007 314.50000000000006 216.50000000000003 0.042673408242981624 344.50000000000006 53750.000000000007 49000.000000000007 5875.1718571164392 49500.000000000007 0.95160031225605002 8750.0000000000018 13.000000000000002 865.54360876699582 19500.000000000004 0.81666666666666676 0.03086396600871227 2416.0000000000005 159.50000000000003 37000.000000000007 71000.000000000015
decision_type=2 2 8 2 2 10 2 10 8 2 10 2 2 2 10 10 2 2 2 2 10 10
left_child=1 2 3 4 -1 -5 7 -4 10 13 12 -12 -3 -10 16 -16 17 -2 20 -20 -17 -8
right_child=14 8 6 5 -6 -7 21 -9 9 -11 11 -13 -14 -15 15 18 -18 -19 19 -21 -22 -23
leaf_value=6.7207689212819579 0.047385698515663911 -0.0067453916496586028 -0.98683486624119943 -0.23410382194392002 -0.87097128338501162 159.34141502952832 -195.69607961455119 1.28938780818462 -0.054087834379970258 -240.00099605728602 0.81555428159117249 -1.2286960076460149 20.868549035764762 3.3910768917414829 0.10750524959225771 -0.015752211614444001 -0.00048323725145877998 0.015119795801126639 -0.079998803842134938 0.020727247269479717 0.064863071536879952 -24.304980186260419
leaf_weight=2783 85 13291 1686 265 1586 550 99 3688 463 59 329 734 106 648 72 158 62 58 58 72 58 67
leaf_count=2783 85 13291 1686 265 1586 550 99 3688 463 59 329 734 106 648 72 158 62 58 58 72 58 67
internal_value=-0.000458051 -0.000599901 0.000484887 0.00252749 0.00113255 0.00972997 -0.00138991 -0.000911537 -0.0013572 0.00315552 -0.00173692 -0.00802885 -0.00122108 0.00480603 0.00519508 0.000705044 0.0132504 0.0195868 -0.00199977 0.00601679 -0.00777197 -0.0154269
internal_weight=26977 26354 10724 5184 4369 815 5540 5374 15630 1170 14460 1063 13397 1111 623 418 205 143 346 130 216 166
internal_count=26977 26354 10724 5184 4369 815 5540 5374 15630 1170 14460 1063 13397 1111 623 418 205 143 346 130 216 166
is_linear=0
shrinkage=0.0500478


Tree=206
num_leaves=23
num_cat=0
split_feature=44 51 1 120 112 48 130 34 125 127 112 123 93 131 131 26 38 13 109 89 54 102
split_gain=6.87726 22.4696 23.5911 19.6184 18.9848 16.1319 15.2177 14.9027 21.871 12.7409 12.0362 10.9644 13.2936 25.2753 16.6229 12.6171 11.0551 8.95265 8.4094 8.113 4.63625 4.06003
threshold=61250.000000000007 53583.333333333343 9.0000000000000018 0.24038461538461542 -0.092329545454545442 61166.666666666679 0.68301270189221941 14625.000000000002 14.500000000000002 167.50000000000003 0.50471698113207564 750.00000000000011 0.073493091974016864 -0.5 -0.9330127018922193 45.500000000000007 5416.6666666666688 58833.333333333336 0.11120000000000001 38500.000000000007 8231.0248069064091 435.43343377547541
decision_type=10 8 2 8 10 10 2 2 2 2 10 8 10 2 2 2 2 10 10 10 10 2
left_child=5 2 19 7 17 11 -7 9 -9 -3 -6 12 14 -14 -1 16 -13 -5 -4 -2 -8 -17
right_child=1 3 18 4 10 6 20 8 -10 -11 -12 15 13 -15 -16 21 -18 -19 -20 -21 -22 -23
leaf_value=0.055625131328961505 6.727128555215943 18.395913569766545 380.78283616720552 -85.457082796339648 13.234193397969252 4.0063647304900858 -391.91016176106302 14.001786542499964 -98.045758624076299 -1.9063072597417823 -123.43798885108627 2.5570012976691032 -2.0857701040272838 -0.059260477121075288 -0.00351054096082218 4.6124767851213102 -89.948373433292147 -294.47186993337777 75.221110128597815 -75.406816891087914 -39.995336417999383 213.94827649592506
leaf_weight=1732 65 1244 167 63 300 98 77 560 589 622 177 1048 1954 2738 14974 57 117 81 97 75 75 67
leaf_count=1732 65 1244 167 63 300 98 77 560 589 622 177 1048 1954 2738 14974 57 117 81 97 75 75 67
internal_value=-0.000498861 0.00138567 0.0125502 8.14728e-05 -0.00794112 -0.0008398 -0.0134657 0.00180661 -0.00256109 0.00460509 -0.00260162 -0.000690237 -0.000968014 -0.00332543 -0.000293315 0.00375608 0.00192582 -0.0238958 0.0213985 -0.00278368 -0.0233061 0.0189678
internal_weight=26977 4040 404 3636 621 22937 250 3015 1149 1866 477 22687 21398 4692 16706 1289 1165 144 264 140 152 124
internal_count=26977 4040 404 3636 621 22937 250 3015 1149 1866 477 22687 21398 4692 16706 1289 1165 144 264 140 152 124
is_linear=0
shrinkage=0.0500478


Tree=207
num_leaves=25
num_cat=0
split_feature=38 92 0 8 112 77 40 127 93 131 90 22 127 80 101 44 120 1 41 39 21 49 11 4
split_gain=7.40306 17.0653 12.9333 15.7316 10.7393 19.3507 12.0978 9.81681 8.44605 23.8339 15.5829 14.7722 14.6196 17.2426 26.0213 23.1657 13.5152 27.2697 15.3811 10.2548 9.68723 24.1458 10.6837 4.68299
threshold=-8249.9999999999982 33375.000000000007 33.000000000000007 65030.000000000007 0.34166666666666673 39000.000000000007 1850.0000000000002 185.50000000000003 0.073493091974016864 -0.5 11750.000000000002 937.61446187665217 34.500000000000007 31004.000000000004 -251.54148991359031 47000.000000000007 0.16025641025641027 9.0000000000000018 2104.0000000000005 1.0705214869636566 1889.8223650465402 44250.000000000007 14500.000000000002 71000.000000000015
decision_type=2 8 2 8 10 10 2 2 10 2 10 10 2 10 2 10 10 2 2 2 10 10 10 8
left_child=1 2 3 7 6 -6 -4 -1 12 10 11 -10 13 14 -2 -15 18 -18 -11 -12 22 -22 -14 -5
right_child=8 -3 4 23 5 -7 -8 -9 9 16 19 -13 20 15 -16 -17 17 -19 -20 -21 21 -23 -24 -25
leaf_value=-6.5694162548779724 1.2750712570501748 -109.86228699804862 1.6756111203609545 135.43200291252415 219.77162198217579 -11.331315801745642 -30.416960243284297 337.48106256471948 3.1049926608408103 0.73634443668929117 49.969543644035454 -2.8983150168235099 0.081820456180315554 -0.74601151946104116 -0.05656416030302145 0.10925359113237122 -32.24421426852215 16.658802946921149 -1.5341643243260419 -49.12448372379508 2.7489423306996561 0.16274026987495918 -0.0026673231112421258 453.63770117905221
leaf_weight=169 231 86 1510 74 69 74 201 126 65 753 103 1950 1287 772 571 542 365 1002 1712 70 710 2539 11924 72
leaf_count=169 231 86 1510 74 69 74 201 126 65 753 103 1950 1287 772 571 542 365 1002 1712 70 710 2539 11924 72
internal_value=-0.000561933 0.00207719 0.00298274 0.0107131 0.00102236 0.0140814 0 0.00318394 -0.000825888 -0.00245918 -0.00662422 -0.00791167 -0.000285342 -0.00420339 0.00136392 -0.0077526 -2.50997e-05 0.0039076 -0.00229044 0.00710946 0.000206494 0.00266171 -0.00038226 0.0242481
internal_weight=26977 2381 2295 441 1854 143 1711 295 24596 6020 2188 2015 18576 2116 802 1314 3832 1367 2465 173 16460 3249 13211 146
internal_count=26977 2381 2295 441 1854 143 1711 295 24596 6020 2188 2015 18576 2116 802 1314 3832 1367 2465 173 16460 3249 13211 146
is_linear=0
shrinkage=0.0500478


Tree=208
num_leaves=26
num_cat=0
split_feature=38 34 45 50 34 44 100 91 86 112 125 56 53 55 85 93 93 35 127 130 39 1 101 8 23
split_gain=7.85021 7.20533 10.0492 10.4731 9.95015 9.87533 12.3331 8.23416 8.2183 6.89812 12.1708 16.7429 15.9346 14.7571 23.4487 10.3595 8.9239 13.6874 19.0926 13.0338 15.6162 14.1027 12.7244 6.70049 3.75151
threshold=-12333.333333333334 17626.000000000004 61250.000000000007 72833.333333333358 23125.000000000004 48750.000000000007 -5262.1326971053268 13625.000000000002 75625.000000000015 -0.32916666666666661 12.500000000000002 11500.000000000002 11503.620336937516 8005.2049468993073 78125.000000000015 0.10432069202160082 0.082478609884231516 0.11065666703449764 223.50000000000003 1.0000000180025095e-35 0.96490147783251246 11.000000000000002 -7692.4866515657186 75500.000000000015 7089.3314698671638
decision_type=2 2 10 8 2 10 2 10 10 8 2 10 10 10 10 10 10 2 2 2 2 2 2 8 10
left_child=1 2 5 24 8 -1 -7 -5 -3 10 11 -2 -13 15 -15 -12 19 18 -18 20 -11 -21 -19 -6 -4
right_child=9 4 3 7 23 6 -8 -9 -10 16 13 12 -14 14 -16 -17 17 22 -20 21 -22 -23 -24 -25 -26
leaf_value=116.83036912601187 1.7676744558591844 -5.4769217650510669 125.80467130130332 -10.649136144068557 -16.875299617053823 92.742961380907218 -40.4250266277893 91.661885952758425 -173.74809725871364 -0.52466264353618342 -4.8187313422336864 -11.954435503535587 0.45970309382135577 13.999281473089948 -23.087919727306517 4.5634306964272859 -0.69068332431192214 4.8252028103829394 14.106279840244511 2.3961826725503372 -0.00044731720631501729 -0.00033362022770589686 -1.7190254984029563 169.34980226160459 338.70196939428087
leaf_weight=85 105 65 58 117 67 60 144 77 58 2463 281 399 160 398 133 111 714 441 347 3177 6259 7583 3538 59 78
leaf_count=85 105 65 58 117 67 60 144 77 58 2463 281 399 160 398 133 111 714 441 347 3177 6259 7583 3538 59 78
internal_value=-0.000617584 0.00402034 0.00700027 0.0129351 -0.00257218 0 -0.00579949 0.0040566 -0.0131347 -0.000779949 -0.00399649 -0.00915597 -0.0127402 -4.99171e-05 0.00515285 -0.00760307 -0.000563085 -0.00244086 0.00249065 -6.6586e-05 -0.00151399 0.00108779 -0.00380782 0.00620415 0.0238306
internal_weight=26977 868 619 330 249 289 204 194 123 26109 1587 664 559 923 531 392 24522 5040 1061 19482 8722 10760 3979 126 136
internal_count=26977 868 619 330 249 289 204 194 123 26109 1587 664 559 923 531 392 24522 5040 1061 19482 8722 10760 3979 126 136
is_linear=0
shrinkage=0.0500478


Tree=209
num_leaves=16
num_cat=0
split_feature=12 75 18 73 50 103 11 6 82 130 39 14 131 127 120
split_gain=6.73694 9.10743 10.0128 8.97527 10.3476 8.10032 7.63836 7.44133 12.9253 12.2821 12.1356 6.57959 6.5032 6.02867 2.11795
threshold=9500.0000000000018 11250.000000000002 11500.000000000002 11250.000000000002 11083.333333333334 -1.0000000180025095e-35 8500.0000000000018 14500.000000000002 12875.000000000002 0.68301270189221941 0.79772727272727284 8071.4285714285725 1.0000000180025095e-35 327.50000000000006 0.19090909090909094
decision_type=8 8 10 10 10 10 10 8 8 2 2 10 2 2 10
left_child=6 2 3 4 -2 -4 11 9 -9 10 -3 -1 -5 -10 -7
right_child=1 7 5 12 -6 14 -8 8 13 -11 -12 -13 -14 -15 -16
leaf_value=1.8172481382740233 -0.091502854203415293 3.0249367759611099 1.7053576605371543 -3.1751407543478534 6.2520443575473932 -7.5347744807363144 7.5427095391259931 -58.117703314190535 -0.0056496322666968668 45.110547855119215 -0.12633953969200992 -0.81172818380966638 0.58160317883454715 0.02866208193199514 -1.520958147889401
leaf_weight=66 117 141 63 124 168 130 94 107 23316 89 219 75 68 2112 88
leaf_count=66 117 141 63 124 168 130 94 107 23316 89 219 75 68 2112 88
internal_value=-0.000547092 -0.000628624 -0.00604978 -0.00114021 0.00399114 -0.0135821 0.0077824 -0.000462072 -0.000581904 0.00586708 0.00109403 0 -0.00976077 -0.000499727 -0.0181447
internal_weight=26977 26742 758 477 285 281 235 25984 25535 449 360 141 192 25428 218
internal_count=26977 26742 758 477 285 281 235 25984 25535 449 360 141 192 25428 218
is_linear=0
shrinkage=0.0500478


Tree=210
num_leaves=29
num_cat=0
split_feature=109 35 0 112 131 120 110 89 64 111 112 51 40 120 127 0 127 40 91 76 122 119 106 4 22 106 78 22
split_gain=6.70879 22.7335 16.9056 9.88116 11.1558 8.48117 12.4722 19.1095 13.0038 11.4093 20.6195 22.1362 18.812 10.1496 21.8182 11.0567 9.57456 9.06224 7.90445 10.5184 9.16805 7.73721 9.66573 7.70783 7.46517 7.21189 6.73338 3.7004
threshold=0.11882352941176472 0.10930362951667777 13.000000000000002 0.50471698113207564 0.6830127018922193 0.20714285714285716 0.21525096525096529 19000.000000000004 0.21240601503759401 0.031498015873015879 0.37321428571428578 53583.333333333343 8004.0000000000009 0.27922077922077926 170.50000000000003 33.000000000000007 34.500000000000007 4400.0000000000009 9875.0000000000018 35500.000000000007 280.00000000000006 1.0000000180025095e-35 5500.0000000000009 45004.000000000007 4584.3738412663097 10500.000000000002 79000.000000000015 4584.3738412663097
decision_type=10 2 2 8 2 10 10 10 10 8 10 10 2 10 2 2 2 2 10 10 10 10 8 8 10 8 10 10
left_child=5 3 21 4 24 6 8 23 16 13 12 -12 -11 14 -7 -15 -1 -10 20 -20 -4 22 -3 -8 -2 -9 -23 -6
right_child=1 2 18 -5 27 9 7 25 17 10 11 -13 -14 15 -16 -17 -18 -19 19 -21 -22 26 -24 -25 -26 -27 -28 -29
leaf_value=-0.1551442930681608 8.5950278439391088 9.9582698083929433 -70.728903600132554 -109.75007653240245 5.0916139880689615 25.113263141133327 -4.2856601044479161 11.114757624170718 152.6648389575945 0.031685657606102959 61.644817297261177 -18.09108430766776 -52.905576371334938 7.993860841446593 -0.047528323163931581 -10.07474586100936 -0.00091170102625188999 0.14237514360705492 22.973332923578024 -67.132267827024023 -0.73234340942717946 0.3611401846076544 2.1033216092576708 -111.65211639056326 -7.7207249557337319 -20.655299045337376 -144.19979486009291 193.28041335651798
leaf_weight=2156 202 100 1010 86 63 732 205 108 108 955 313 257 522 208 511 302 17608 102 84 256 241 133 167 108 153 138 56 93
leaf_count=2156 202 100 1010 86 63 732 205 108 108 955 313 257 522 208 511 302 17608 102 84 256 241 133 167 108 153 138 56 93
internal_value=-0.000584193 -0.00298653 -0.00554149 0.00542041 0.00827778 -0.000314498 -0.000723643 -0.00810493 -0.000505886 0.00184167 -0.000608624 0.00733719 -0.00382004 0.00481599 0.00727031 -0.000773796 -0.000647986 0.0117607 -0.00800675 -0.000573339 -0.00985917 0.00261163 0.00834408 -0.0163294 0.00264949 0.00159603 -0.00442397 0.0195591
internal_weight=26977 2644 2047 597 511 24333 20533 559 19974 3800 2047 570 1477 1753 1243 510 19764 210 1591 340 1251 456 267 313 355 246 189 156
internal_count=26977 2644 2047 597 511 24333 20533 559 19974 3800 2047 570 1477 1753 1243 510 19764 210 1591 340 1251 456 267 313 355 246 189 156
is_linear=0
shrinkage=0.0500478


Tree=211
num_leaves=29
num_cat=0
split_feature=127 33 23 81 23 127 63 127 26 45 20 79 28 111 35 107 95 18 39 10 0 85 23 10 96 100 110 41
split_gain=6.73471 17.5899 16.335 24.4228 19.4529 28.8361 18.4649 14.3492 11.199 25.3445 21.027 38.969 21.7793 14.0127 17.2592 15.4766 14.2132 13.1801 13.14 13.055 12.823 10.5044 8.88078 8.40052 8.00053 14.0037 11.0653 7.8959
threshold=295.50000000000006 7504.0000000000009 4112.5678456256919 61250.000000000007 2664.7981610687625 303.50000000000006 7000.0000000000009 307.50000000000006 31.500000000000004 45500.000000000007 32250.000000000004 37500.000000000007 32250.000000000004 0.21980676328502416 0.2091854296765365 3250.0000000000005 0.050133039553472238 63500.000000000007 0.83266666666666678 71000.000000000015 10.000000000000002 65625.000000000015 9773.1746385144997 54500.000000000007 14999.813086923779 2.1022359791350032 0.033908045977011504 2104.0000000000005
decision_type=2 2 10 10 10 2 10 2 2 10 10 10 2 10 2 10 10 10 2 8 2 10 10 10 2 2 10 2
left_child=8 24 4 6 5 -3 -4 -6 13 10 12 -12 -10 15 20 18 -17 22 -1 -19 -15 -16 -11 -5 -2 27 -27 -26
right_child=1 2 3 23 7 -7 -8 -9 9 17 11 -13 -14 14 21 16 -18 19 -20 -21 -22 -23 -24 -25 25 26 -28 -29
leaf_value=1.4811175215974364 41.937375658871105 8.3393732082110805 1.3197393276453935 -152.24344335181087 -5.127552617847523 -0.065218491019811489 341.79645201558924 -2.5195285245401973 -0.0079550337240108255 -1.1669201618193659 0.21491504287919588 -0.035725994881973325 -3.359780158255099 17.732430816208378 -80.47247268547703 2.7269145041342484 0.70417405906647779 6.5533505507707863 -0.0091342263730764123 -96.101527289285187 -7.6289951712382367 0.78245755147587892 -113.97540372487714 -2.5548699497258789 0.013998797753109115 -0.12169973403573876 2.1126371974208147 -0.47192212513636184
leaf_weight=1877 74 118 563 93 132 1248 215 414 1971 800 313 971 217 179 352 238 2612 96 11589 129 1328 108 143 244 514 233 141 65
leaf_count=1877 74 118 563 93 132 1248 215 414 1971 800 313 971 217 179 352 238 2612 96 11589 129 1328 108 143 244 514 233 141 65
internal_value=-0.000480311 0.00138089 -0.000477821 0.00425137 -0.00334418 0 0.00922935 -0.0113084 -0.000818482 -0.0030177 -0.000805545 0.00419862 -0.00383674 -0.000248859 -0.00424186 0.000220584 0.00357794 -0.0094038 -0.000475353 0.000643185 -0.00148948 -0.0127621 -0.0120123 -0.00662339 0.0070456 0.00549602 -0.00158514 0.0104084
internal_weight=26977 4054 3027 1115 1912 1366 778 546 22923 4640 3472 1284 2188 18283 1967 16316 2850 1168 13466 225 1507 460 943 337 1027 953 374 579
internal_count=26977 4054 3027 1115 1912 1366 778 546 22923 4640 3472 1284 2188 18283 1967 16316 2850 1168 13466 225 1507 460 943 337 1027 953 374 579
is_linear=0
shrinkage=0.0500478


Tree=212
num_leaves=23
num_cat=0
split_feature=44 16 0 99 14 39 1 63 127 98 9 119 76 125 0 54 100 127 53 106 15 19
split_gain=6.80712 19.2966 20.3707 23.9714 24.0442 16.0772 14.0848 14.1827 13.8066 13.5469 18.7891 17.7458 12.6945 12.2462 11.0681 10.4857 10.4564 10.1736 24.3563 14.5462 6.23137 5.2881
threshold=61250.000000000007 56333.466666666674 33.000000000000007 60554.033347374869 65071.42857142858 0.95380241648898367 9.0000000000000018 4750.0000000000009 221.50000000000003 65276.041655802233 87500.000000000015 0.2678571428571429 59000.000000000007 19.500000000000004 21.000000000000004 20002.083116364647 -601.61000456685713 339.50000000000006 1033.8299006464601 10500.000000000002 56821.428571428572 85500.000000000015
decision_type=10 8 2 2 8 2 2 10 2 2 10 10 10 2 2 10 2 2 10 10 10 10
left_child=9 6 3 -3 -5 8 7 -2 -4 15 11 12 -11 -8 -9 17 -7 19 -19 -1 -15 -12
right_child=1 2 5 4 -6 16 13 14 -10 10 21 -13 -14 20 -16 -17 -18 18 -20 -21 -22 -23
leaf_value=-0.0052589716916370023 43.387785701442311 -13.812951716669939 1.9042872739431753 224.07133787018466 4.3800158267212561 10.031099923153473 195.2401292460286 7.3596775628698472 -162.6392963501084 -6.4349770854436299 -16.979117530304922 12.933757837859357 -158.97712191332118 249.48965631004856 -28.146074969472263 57.635078466200639 -281.89922293867892 2.2336667159144072 0.010572037259354919 -23.1585964178072 -36.065718515524154 35.889394527545427
leaf_weight=20560 67 74 645 125 2234 58 148 67 113 82 56 89 242 67 130 99 236 171 1031 535 76 72
leaf_count=20560 67 74 645 125 2234 58 148 67 113 82 56 89 242 67 130 99 236 171 1031 535 76 72
internal_value=-0.000561933 0.00131139 -1.32463e-05 0.00244384 0.00341055 -0.00588182 0.00995869 0.000736875 -0.00170609 -0.000900889 -0.00874175 -0.0140854 -0.0196119 0.0175536 -0.00525024 -0.000701439 -0.0158565 -0.000783106 0.00365342 -0.00104597 0.00513492 0.00687635
internal_weight=26977 4040 3485 2433 2359 1052 555 264 758 22937 541 413 324 291 197 22396 294 22297 1202 21095 143 128
internal_count=26977 4040 3485 2433 2359 1052 555 264 758 22937 541 413 324 291 197 22396 294 22297 1202 21095 143 128
is_linear=0
shrinkage=0.0500478


Tree=213
num_leaves=23
num_cat=0
split_feature=100 0 42 121 128 112 54 74 38 53 51 92 127 127 67 100 103 101 77 0 59 92
split_gain=9.02776 13.4975 19.7923 15.5395 14.579 11.7648 11.2587 11.5882 9.34403 8.99866 16.6341 10.498 7.78756 13.5029 11.0788 7.93077 7.57441 6.97761 5.87809 5.75939 5.15003 5.12806
threshold=-2702.6381703470684 10.000000000000002 0.76166879497453555 0.13392857142857145 1.0000000180025095e-35 -0.31698564593301432 5242.4546546965203 97500.000000000015 -17166.666666666661 14505.170023787674 52583.333333333336 9125.0000000000018 44.500000000000007 94.500000000000014 0.75000000000000011 -765.4795370407154 -5503.9999999999991 -5678.8712733174571 59000.000000000007 21.000000000000004 35500.000000000007 7375.0000000000009
decision_type=2 2 8 8 2 8 8 8 2 10 10 8 2 2 2 2 10 2 10 2 8 10
left_child=1 2 16 4 17 12 19 -8 -7 11 -11 -10 15 -14 -15 -2 -1 -3 -4 -5 -18 -6
right_child=5 3 18 6 21 8 7 -9 9 10 -12 -13 13 14 -16 -17 20 -19 -20 -21 -22 -23
leaf_value=0.76384990134293829 -2.4381649240522738 211.0795403505935 8.8819074368215034 -0.19825399431058921 2.2916876004942957 347.17933147796481 -1.4534684969356215 31.19644794570927 -0.0059306737612163938 12.770562382691875 -107.51650066230052 0.41915171570003895 108.19032733949513 -9.6004950668689606 -0.44035847428493952 -11.924262746190909 -4.7926065590862317 22.594776591270406 -5.4322818950722001 94.926096740515192 -1.0829948302561152 -15.674362091678319
leaf_weight=63 62 116 63 84 99 76 1560 264 17928 242 456 4217 74 274 570 110 149 107 80 243 56 84
leaf_count=63 62 116 63 84 99 76 1560 264 17928 242 456 4217 74 274 570 110 149 107 80 243 56 84
internal_value=-0.000528542 0.00205423 -0.00616422 0.00345958 0.0124888 -0.000856499 0.00164831 0 -0.000604647 -0.00067238 -0.0062822 -0.000485673 -0.0059521 -0.00380195 -0.00578988 -0.0160439 -0.01442 0.0210722 0.00788767 0.0101665 -0.0190405 0.000788852
internal_weight=26977 2968 411 2557 406 24009 2151 1824 22919 22843 698 22145 1090 918 844 172 268 223 143 327 205 183
internal_count=26977 2968 411 2557 406 24009 2151 1824 22919 22843 698 22145 1090 918 844 172 268 223 143 327 205 183
is_linear=0
shrinkage=0.0500478


Tree=214
num_leaves=28
num_cat=0
split_feature=58 130 40 102 53 35 130 100 125 94 0 55 43 48 52 11 0 23 96 55 97 0 78 83 51 28 22
split_gain=6.77176 31.7995 22.4352 20.6063 20.401 19.8626 19.7929 17.8601 16.8651 15.2816 14.6155 25.0162 26.6488 15.8077 26.9647 18.16 14.4754 12.4221 10.2325 9.66279 11.9233 11.7257 7.40056 7.98648 5.2389 3.404 2.83025
threshold=2750.0000000000005 0.68301270189221941 2500.0000000000005 -621.13390045055519 938.80963562504564 0.0420168961824239 1.0000000180025095e-35 -188.49896042722864 21.500000000000004 0.015777166425813834 33.000000000000007 1072.1269815902422 0.45833333333333343 51583.333333333336 6331.1365504736377 13500.000000000002 33.000000000000007 1268.5406585126627 30786.387085922346 865.54360876699582 28080.88846739403 21.000000000000004 29500.000000000004 31125.000000000004 29083.333333333339 29250.000000000004 613.48888585843156
decision_type=8 2 2 2 10 2 2 2 2 10 2 8 2 8 10 10 2 10 2 8 2 2 10 10 10 2 10
left_child=1 2 6 8 9 7 17 22 24 -5 13 -12 -13 15 -15 -7 -8 -1 -4 20 -9 -21 -2 -24 -3 -6 -10
right_child=5 3 18 4 25 10 16 19 26 -11 11 12 -14 14 -16 -17 -18 -19 -20 21 -22 -23 23 -25 -26 -27 -28
leaf_value=0.0057753167575404392 0.077156447410473367 -0.4418028166354101 -0.025998688236429965 -0.09167283518755627 -0.084715818619185826 0.18117237904377317 0.0050049686415619601 0.0077418018278371716 2.335110101306725 -2.0500564548835523 2.4112959629545885 -0.16851015715225962 -45.560578669528766 11.009570139104989 1.3310476360869912 -0.018330827856871044 2.127238597707704 -0.067701660680168724 -1.1780699742691882 -1.940815878758801 -0.19177969516890883 -0.076547918722992742 -0.52824253670620247 2.4354363117138305 0.011669578980100258 0.20174412592929153 2.7593746954003491
leaf_weight=1382 86 58 109 263 62 998 776 100 57 163 84 5695 1623 898 3763 8969 368 228 78 306 200 304 119 57 58 109 64
leaf_count=1382 86 58 109 263 62 998 776 100 57 163 84 5695 1623 898 3763 8969 368 228 78 306 200 304 119 57 58 109 64
internal_value=-0.000476601 0.00146963 0.00396042 -0.00705577 -0.0120996 -0.000802171 0.00515508 -0.00715585 0.00479121 -0.01798 -0.000454135 -0.00227056 -0.0026111 0.000451282 0.0028646 -0.000657249 0.0102118 0.00142538 -0.012396 -0.010527 -0.00230392 -0.0142126 0.00377051 -0.00110026 -0.007573 0.00142052 0.0182125
internal_weight=26977 3775 2941 834 597 23202 2754 1172 237 426 22030 7402 7318 14628 4661 9967 1144 1610 187 910 300 610 262 176 116 171 121
internal_count=26977 3775 2941 834 597 23202 2754 1172 237 426 22030 7402 7318 14628 4661 9967 1144 1610 187 910 300 610 262 176 116 171 121
is_linear=0
shrinkage=0.0500478


Tree=215
num_leaves=10
num_cat=0
split_feature=46 34 124 131 42 120 46 0 32
split_gain=7.08502 8.41995 6.39951 10.1889 10.4597 9.14923 14.4406 10.2161 7.11038
threshold=117502.00000000001 33125.000000000007 43.500000000000007 -0.24999999999999994 -0.72821908125441903 1.0000000180025095e-35 112500.00000000001 13.000000000000002 648.51779997311962
decision_type=10 2 2 2 10 10 10 2 2
left_child=1 2 5 4 -4 7 -7 -1 -5
right_child=-2 -3 3 8 -6 6 -8 -9 -10
leaf_value=-0.019994527506809256 119.41117128592157 -370.95509687766548 0.11317804383932957 0.054483365187266139 0.002102274886671474 0.0039333313342316007 -257.38954578035379 -0.0013133067746841981 -0.074566012822760153
leaf_weight=3611 63 57 70 74 192 18484 110 3995 321
leaf_count=3611 63 57 70 74 192 18484 110 3995 321
internal_value=-0.000369009 -0.000416357 -0.000366931 0.00447187 0.0120977 -0.000496464 9.12955e-05 -0.00195972 -0.000116231
internal_weight=26977 26914 26857 657 262 26200 18594 7606 395
internal_count=26977 26914 26857 657 262 26200 18594 7606 395
is_linear=0
shrinkage=0.0500478


Tree=216
num_leaves=23
num_cat=0
split_feature=100 59 125 112 93 64 94 95 35 9 54 127 102 99 32 112 80 34 73 32 26 95
split_gain=6.90759 9.7863 10.9022 16.3594 6.66225 15.6243 14.7386 14.5999 27.0633 19.6348 15.5596 14.7453 13.0038 12.2114 19.4295 13.3628 6.14552 14.1736 5.58979 5.49378 5.28128 3.84589
threshold=-4434.9097871773656 10504.000000000002 8.5000000000000018 -0.067816091954022981 0.092314871765394838 0.25462962962962971 0.17385777218473566 0.11653336103233426 0.11354659445300071 10500.000000000002 2425.4391150134479 206.50000000000003 -529.33999262376699 29695.33133154672 5062.9201007730308 -0.035098522167487677 120004.00000000001 20625.000000000004 54500.000000000007 7400.3394031619564 12.500000000000002 0.1587461170318277
decision_type=2 8 2 10 10 10 10 10 2 10 8 2 2 2 2 8 10 2 10 2 2 10
left_child=1 19 3 18 5 13 20 8 11 -10 -9 -6 -12 15 -15 -2 17 -4 -3 -1 -7 -5
right_child=4 2 16 21 7 6 -8 10 9 -11 12 -13 -14 14 -16 -17 -18 -19 -20 -21 -22 -23
leaf_value=122.01773823558599 -0.014598616230691471 -30.104514863049026 -0.27003135513041032 228.1540118478822 -0.73772259812420182 196.5957071348077 -31.045200470601436 -12.758335009735623 0.95153241127245414 -4.8511457699155658 2.1494077287060009 9.9365258881338132 -2.1183770291330895 -0.054316951758202121 0.0081872945044556417 0.0060454297334600815 24.473354660499883 -151.41758902408779 10.435409152103748 146.00849631156569 53.925306013981036 64.939418084906947
leaf_weight=64 2483 61 898 65 235 64 60 74 164 1066 962 174 1443 4533 8613 5402 95 101 152 93 114 61
leaf_count=64 2483 61 898 65 235 64 60 74 164 1066 962 174 1443 4533 8613 5402 95 101 152 93 114 61
internal_value=-0.000350459 0.00282612 0.00135708 0.00922295 -0.000557699 -0.000190397 0.0124726 -0.00240401 -0.00606517 -0.00982412 0 0.00473453 0.000726006 -0.000344835 -0.00128626 0.00119876 -0.000909394 -0.00224505 0 0.0147283 0.019948 0.0233481
internal_weight=26977 1590 1433 339 25387 21269 238 4118 1639 1230 2479 409 2405 21031 13146 7885 1094 999 213 157 178 126
internal_count=26977 1590 1433 339 25387 21269 238 4118 1639 1230 2479 409 2405 21031 13146 7885 1094 999 213 157 178 126
is_linear=0
shrinkage=0.0500478


Tree=217
num_leaves=21
num_cat=0
split_feature=69 125 62 64 9 77 69 110 29 78 26 49 11 40 32 53 121 35 124 29
split_gain=6.14149 17.8004 14.9032 12.121 9.63249 9.55682 8.82284 8.82264 8.67419 9.14236 19.3674 18.63 13.3213 11.1511 9.79605 8.44985 8.23707 8.03991 4.86746 2.66444
threshold=-2416.6666666666665 14.500000000000002 -1.0000000180025095e-35 -0.16904761904761903 97500.000000000015 71000.000000000015 -5749.9999999999991 -0.19677419354838707 113333.33333333336 81000.000000000015 15.500000000000002 90083.333333333358 92500.000000000015 7004.0000000000009 9371.9270738018531 8367.5566576299425 0.32051282051282054 0.24657459154973674 2.5000000000000004 70750.000000000015
decision_type=8 2 10 10 10 10 10 10 2 10 2 10 10 2 2 8 10 2 2 2
left_child=1 4 3 17 5 6 -1 -5 9 12 16 -12 13 -2 -14 18 -11 -3 -4 -17
right_child=8 2 15 7 -6 -7 -8 -9 -10 10 11 -13 14 -15 -16 19 -18 -19 -20 -21
leaf_value=-12.143719366701733 0.0013353125943047133 58.740077182494048 17.62485996777794 5.6780753237880344 199.43650787264016 -127.0903756862803 12.324664041996822 -14.071149901335648 -167.97940860820307 29.304616008163141 0.037342671749667412 -492.43170596991268 0.3374063254257727 -0.093630159274775471 -101.65724963002437 13.113694229883071 -55.720210194043631 -92.765580325869323 39.490772233940888 -159.86233707069363
leaf_weight=130 15622 122 88 80 68 56 503 383 94 832 359 79 67 8033 108 71 72 76 66 68
leaf_count=130 15622 122 88 80 68 56 503 383 94 832 359 79 67 8033 108 71 72 76 66 68
internal_value=-0.000283677 0.00259734 -0.00177508 -0.0061045 0.00836425 0.00614682 0.0081062 -0.0106368 -0.000487086 -0.000421311 0.00357079 -0.00476368 -0.000655034 -0.000543526 -0.0143624 0.007271 0.00783601 0.00347629 0.0153306 -0.000326591
internal_weight=26977 1711 954 661 757 689 633 463 25266 25172 1342 438 23830 23655 175 293 904 198 154 139
internal_count=26977 1711 954 661 757 689 633 463 25266 25172 1342 438 23830 23655 175 293 904 198 154 139
is_linear=0
shrinkage=0.0500478


Tree=218
num_leaves=19
num_cat=0
split_feature=69 128 48 112 46 66 55 51 54 118 16 54 88 35 51 35 38 43
split_gain=6.23142 9.17152 8.82913 8.80546 8.15795 6.56949 12.9245 8.21831 6.507 6.23684 6.68266 6.18504 7.17457 5.30769 5.20902 4.97479 2.67215 1.854
threshold=-2666.6666666666665 1.0000000180025095e-35 57333.333333333336 -0.55902777777777768 64500.000000000007 0.25000000000000006 13723.324886684846 61916.666666666672 983.1920802501752 0.2678571428571429 86050.000000000015 22248.945391070771 61500.000000000007 0.18963753935510322 67750.000000000015 0.16299828702925892 -2500.6666666666656 0.63333333333333341
decision_type=8 2 10 8 10 2 10 10 10 10 10 10 10 2 10 2 2 2
left_child=1 9 13 -2 -4 11 8 -8 -7 10 16 12 -5 17 -6 -11 -1 -3
right_child=3 2 4 5 14 6 7 -9 -10 15 -12 -13 -14 -15 -16 -17 -18 -19
leaf_value=97.992135673785612 -18.840972682321052 -7.1853892995535391 -200.07836662242735 -0.00038892102827141681 18.519007809528379 -0.31719670612808343 -0.57455994160588197 60.432557814485094 -0.26576732086002181 45.12197737401965 -2.6691324099111955 99.772411011154233 -59.24152086428316 42.447874581400264 -46.529892263560626 -101.22095248695253 10.087905579806682 3.4882793674539689
leaf_weight=133 82 59 76 23001 74 182 78 85 2290 79 101 76 64 75 202 61 203 56
leaf_count=133 82 59 76 23001 74 182 78 85 2290 79 101 76 64 75 202 61 203 56
internal_value=-0.000202056 0.00343291 -0.000912164 -0.000367559 -0.0059195 -0.000306601 -0.00267413 0.0105642 -0.00363909 0.00785316 0.0108106 -2.79461e-05 -8.44485e-05 0.00726162 -0.0010646 0 0.0141846 0
internal_weight=26977 1119 542 25858 352 25776 2635 163 2472 577 437 23141 23065 190 276 140 336 115
internal_count=26977 1119 542 25858 352 25776 2635 163 2472 577 437 23141 23065 190 276 140 336 115
is_linear=0
shrinkage=0.0500478


Tree=219
num_leaves=14
num_cat=0
split_feature=104 124 131 12 8 56 56 92 20 111 102 42 125
split_gain=7.0256 6.47015 11.2642 14.2318 19.5809 6.8086 9.1819 21.6447 9.56972 6.61072 12.7968 5.78074 5.10183
threshold=-37499.999999999993 34.500000000000007 -0.5 15500.000000000002 38500.000000000007 51000.000000000007 37500.000000000007 1.0000000180025095e-35 106250.00000000001 0.14415584415584418 -7647.6659152846796 -0.72821908125441903 14.500000000000002
decision_type=8 2 2 8 10 10 8 8 10 10 2 10 2
left_child=-1 5 11 -4 -5 6 8 -8 -2 10 -7 -3 -13
right_child=1 2 3 4 -6 9 7 -9 -10 -11 -12 12 -14
leaf_value=267.14820474274279 -0.0047643649936950101 0.076447472967078975 0.12670589700221094 -0.027172268133576788 1.2985237340903875 -2.201196569612641 49.274743348766791 -24.972936918391003 64.262755837754881 -35.283745697984763 78.929541787901968 -0.00073524050122618291 0.0055186686304022538
leaf_weight=56 24200 78 63 529 128 95 143 1025 158 67 149 122 164
leaf_count=56 24200 78 63 529 128 95 143 1025 158 67 149 122 164
internal_value=-0.000220606 -0.000265679 0.00349743 0 -0.00234686 -0.000431774 -0.000529176 -0.00487129 -0.000312121 0.00685345 0.0109505 0.0106424 0.0062329
internal_weight=26977 26921 1084 720 657 25837 25526 1168 24358 311 244 364 286
internal_count=26977 26921 1084 720 657 25837 25526 1168 24358 311 244 364 286
is_linear=0
shrinkage=0.0500478


Tree=220
num_leaves=15
num_cat=0
split_feature=39 89 102 11 130 12 125 54 39 92 125 51 34 23
split_gain=6.94379 6.55052 13.5351 14.7486 13.8411 16.1501 12.4265 11.2975 8.96235 8.5142 17.638 14.9476 5.75639 5.20414
threshold=1.506756756756757 1004.0000000000001 -381.04852456875227 31004.000000000004 -0.93301270189221919 15500.000000000002 10.500000000000002 5183.2706328218355 1.4826762246117087 9125.0000000000018 14.500000000000002 55083.333333333336 7625.0000000000009 449.77644510898523
decision_type=2 8 2 8 2 8 2 8 2 8 2 8 2 10
left_child=1 2 3 13 6 -6 -4 -5 9 10 -3 -11 -2 -1
right_child=12 8 4 7 5 -7 -8 -9 -10 11 -12 -13 -14 -15
leaf_value=-3.119762080419143 -0.013280250381907124 0.012317348987843816 -0.17147222826228167 5.5815871902085394 0.39752948211542655 0.0035745803921817974 -0.0029814720819672934 -0.54097443690961522 0.39913433301060086 0.8618729280689692 -0.068132854119457686 -0.92681586950464245 -222.56377214554897 -0.12361120157618005
leaf_weight=98 85 7631 73 72 179 2336 207 117 78 2887 9027 4057 71 59
leaf_count=98 85 7631 73 72 179 2336 207 117 78 2887 9027 4057 71 59
internal_value=-0.000246577 -0.00017711 0.00195709 -0.00717047 0.00316524 0.00439203 -0.00707407 0.00128696 -0.000468987 -0.000534145 -0.0011533 0.00092166 -0.010715 -0.0184948
internal_weight=26977 26821 3141 346 2795 2515 280 189 23680 23602 16658 6944 156 157
internal_count=26977 26821 3141 346 2795 2515 280 189 23680 23602 16658 6944 156 157
is_linear=0
shrinkage=0.0500478


Tree=221
num_leaves=23
num_cat=0
split_feature=40 0 112 127 0 35 92 106 63 112 105 11 33 47 50 51 107 92 50 111 39 42
split_gain=6.15764 18.5853 18.578 12.3761 17.7818 14.5808 13.1186 18.7326 13.1614 11.2476 10.1691 10.1656 20.264 18.9764 10.9953 10.2326 9.48281 9.32212 8.31392 7.49725 7.94861 6.48758
threshold=7004.0000000000009 39.500000000000007 0.42245581962218165 10.500000000000002 10.000000000000002 0.2224190050403608 33375.000000000007 -18499.999999999996 -13749.999999999998 0.78174603174603186 6500.0000000000009 20004.000000000004 10504.000000000002 20250.000000000004 23916.666666666668 18416.666666666668 1996.0000000000002 2251.0000000000005 31583.333333333339 -0.03390804597701149 1.0213151927437643 -0.89387707834999797
decision_type=2 2 8 2 2 2 10 10 8 10 10 8 2 8 8 10 10 10 10 10 2 10
left_child=3 11 19 4 -1 18 7 8 -5 -4 -9 12 17 16 -15 -14 -13 -2 -6 -3 -21 -8
right_child=1 2 9 6 5 -7 21 10 -10 -11 -12 13 15 14 -16 -17 -18 -19 -20 20 -22 -23
leaf_value=1.3923877006111909 -0.074716453615166142 -81.14852319714349 34.459538308684564 0.52114313139667789 -23.258960863616188 45.094119936820661 -118.58130686651407 0.0010674774117368972 55.26818770688979 -100.45758666405077 25.383632660967315 3.780014508507298 -77.289484079303747 -5.2724469138587864 -0.017369133078073931 -0.9684215468980526 -0.0047064462748328227 1.7868202870414094 -3.7817119688706269 -161.27063774622175 -47.235215149485278 -6.6215070436194869
leaf_weight=67 338 57 94 235 219 71 60 14910 329 88 518 195 111 270 8736 85 99 110 147 124 56 58
leaf_count=67 338 57 94 235 219 71 60 14910 329 88 518 195 111 270 8736 85 99 110 147 124 56 58
internal_value=-0.000220606 -0.00118257 -0.0115098 0.000367225 -0.00730516 -0.0112661 0.000620992 0.000756995 0.00971211 0 0.000414911 -0.000724181 -0.00680697 -0.000279349 -0.000710696 -0.0201562 0.0121424 -0.000435875 -0.0154746 -0.0206762 -0.0257642 -0.0157575
internal_weight=26977 10363 419 16614 504 437 16110 15992 564 182 15428 9944 644 9300 9006 196 294 448 366 237 180 118
internal_count=26977 10363 419 16614 504 437 16110 15992 564 182 15428 9944 644 9300 9006 196 294 448 366 237 180 118
is_linear=0
shrinkage=0.0500478


Tree=222
num_leaves=28
num_cat=0
split_feature=95 131 42 98 29 15 127 48 10 31 119 0 38 123 39 53 121 47 112 127 55 127 53 52 22 100 29
split_gain=7.46595 20.4996 23.2638 26.8955 16.3422 15.5672 28.8286 19.4316 18.7558 14.4587 17.8992 13.7971 21.2667 24.4917 19.6377 23.7776 16.8533 15.6583 13.592 17.5393 13.687 13.1493 12.6754 16.5285 14.0047 10.8421 7.21871
threshold=0.052248955524539238 -0.9330127018922193 -0.76144830573854783 29097.492296541506 43166.666666666679 28750.000000000004 269.50000000000006 30834.000000000004 32500.000000000004 28500.000000000004 0.22500000000000003 33.000000000000007 -3316.6666666666638 2250.0000000000005 0.95380241648898367 10820.48809584292 0.19090909090909094 30250.000000000004 0.34166666666666673 164.50000000000003 3779.3291033476103 174.50000000000003 1617.5375703075877 3511.8717577077277 2568.0201506789654 130.28283693756569 68250.000000000015
decision_type=10 2 10 2 2 10 2 10 10 2 8 2 2 10 2 8 8 8 10 2 10 2 10 10 10 2 2
left_child=1 2 -1 25 -5 9 8 -8 -7 21 -11 12 13 17 18 16 -16 -2 19 -13 -20 -3 24 -24 -14 -4 -17
right_child=11 5 3 4 -6 6 7 -9 -10 10 -12 14 22 -15 15 26 -18 -19 20 -21 -22 -23 23 -25 -26 -27 -28
leaf_value=1.3585448909700002 -0.55029656626939794 0.017232438635996116 -0.0058846987324286722 3.327534714762503 0.085024776584237835 -0.15720484872741858 0.1569817327362468 0.0052905297465394253 0.0041784617294367268 0.022644095803079706 -3.0268003061096209 0.28887301459369341 -0.19611019165256643 399.37671032082693 -37.3556627653101 -187.37190018081446 9.8404760714559192 20.250017790317962 -3.7865601404612157 -1.5030662689518046 19.884771621015933 -0.0048336210444264805 0.1294693923320151 -0.063365179088270066 0.1912110054910863 1.3932770728217669 -130.67752972078858
leaf_weight=105 242 1029 316 82 76 1858 363 885 1163 1130 84 2447 283 95 919 102 464 1294 94 2287 349 1151 1335 8503 91 99 131
leaf_count=105 242 1029 316 82 76 1858 363 885 1163 1130 84 2447 283 95 919 102 464 1294 94 2287 349 1151 1335 8503 91 99 131
internal_value=-0.000161245 0.00107326 0.00940889 0.0049507 0.0224346 0.000306361 -0.0016746 0.00463969 -0.00435222 0.00285752 0.00723792 -0.000724795 0.000291204 0.00560464 -0.00252559 -0.00735737 -0.0046572 0.00390126 -0.000975196 -0.0017955 0.00729435 0.000319282 -0.000538591 -0.00017253 -0.00956198 -0.00130956 -0.0223029
internal_weight=26977 8341 678 573 158 7663 4269 1248 3021 3394 1214 18636 11843 1631 6793 1616 1383 1536 5177 4734 443 2180 10212 9838 374 415 233
internal_count=26977 8341 678 573 158 7663 4269 1248 3021 3394 1214 18636 11843 1631 6793 1616 1383 1536 5177 4734 443 2180 10212 9838 374 415 233
is_linear=0
shrinkage=0.0500478


Tree=223
num_leaves=26
num_cat=0
split_feature=77 48 44 0 47 35 21 102 111 102 88 5 35 0 23 37 50 78 98 102 121 112 42 39 102
split_gain=6.68085 19.7544 21.8879 20.9911 19.9023 18.6886 17.0926 25.271 24.0612 17.1801 19.1836 19.8491 16.5594 13.2662 18.0742 22.5436 17.4794 12.4462 16.1554 12.0328 11.6011 10.7818 9.41283 4.43135 3.87754
threshold=29500.000000000004 38416.666666666679 27750.000000000004 21.000000000000004 31250.000000000004 0.030618621784789728 377.96447300927116 1166.3433553440993 0.15470085470085473 -3722.4896345426855 25500.000000000004 34500.000000000007 0.030618621784789728 39.500000000000007 1958.9169925956028 -4749.9999999999991 44750.000000000007 39500.000000000007 41429.817152544412 -21.467699213948432 0.27922077922077926 0.27888888888888896 0.87857536709774664 1.0402302894610589 647.27061434796371
decision_type=10 10 10 2 10 2 10 2 10 2 10 10 2 2 10 2 8 10 2 2 10 10 10 2 2
left_child=6 2 -2 4 -4 -5 7 8 12 20 11 -11 -1 17 16 -16 -15 19 -19 -3 -8 22 -9 -23 -10
right_child=1 13 3 5 -6 -7 9 21 24 10 -12 -13 -14 14 15 -17 -18 18 -20 -21 -22 23 -24 -25 -26
leaf_value=-0.0010371677488763822 0.44708924930280769 -2.909921129607612 -0.22134528893060565 0.24906285167594391 -0.089581643027024357 -0.18990719914839996 94.609313779035986 -2.2742501113575573 1.1285844680515376 -0.06023696831457323 -52.960547447593171 12.313448800581115 0.02960967261557463 88.326832285367701 -1.1890881010220793 -124.08467281514925 -1.1392344464203925 2.0840324454907124 0.013201087411088643 0.082008440008974517 -0.37340982908481896 -1.9687204177613524 -84.910354153550401 0.56931268254501499 4.17062057047041
leaf_weight=1742 80 137 430 317 846 569 99 168 66 5349 97 310 2889 70 1519 480 84 746 10555 81 70 59 71 87 56
leaf_count=1742 80 137 430 317 846 569 99 168 66 5349 97 310 2889 70 1519 480 84 746 10555 81 70 59 71 87 56
internal_value=-0.000331908 -0.000993391 -0.00534992 -0.00638007 -0.0104885 -0.000220991 0.000601196 0.00272535 0.00375637 -0.00120676 -0.00170281 -0.00128113 0.00312078 -0.000263235 -0.00387582 -0.00522429 0.0121316 0.000394959 0.00064167 -0.0113339 0.0142812 -0.00941968 -0.0159447 0 0.0257071
internal_weight=26977 15914 2242 2162 1276 886 11063 5138 4753 5925 5756 5659 4631 13672 2153 1999 154 11519 11301 218 169 385 239 146 122
internal_count=26977 15914 2242 2162 1276 886 11063 5138 4753 5925 5756 5659 4631 13672 2153 1999 154 11519 11301 218 169 385 239 146 122
is_linear=0
shrinkage=0.0500478


Tree=224
num_leaves=26
num_cat=0
split_feature=54 130 40 42 49 0 94 95 42 102 9 11 0 107 94 38 120 26 101 66 80 94 35 14 89
split_gain=7.4362 27.7231 16.7291 16.6598 16.1619 15.8232 13.1353 13.1229 10.2718 9.62686 9.03577 11.1171 8.36353 16.6029 14.2179 13.1417 12.4212 34.172 21.778 11.38 18.3877 10.5049 8.84078 6.6933 1.07
threshold=938.80963562504564 0.68301270189221941 2500.0000000000005 -1.1179593787004802 28250.000000000004 33.000000000000007 0.0086439573995477723 0.016833142067496844 -1.5802004684300013 -638.55512112595341 28004.000000000004 30500.000000000004 33.000000000000007 35500.000000000007 0.16946370914726536 -16499.999999999996 0.20714285714285716 47.500000000000007 2000.1197229658449 1.0000000180025095e-35 17500.000000000004 0.041688212522864455 0.20803762694564656 30357.142857142859 2900.0000000000005
decision_type=8 2 2 8 10 2 10 10 10 2 10 10 2 8 10 2 10 2 2 2 10 8 2 10 10
left_child=1 2 3 8 -5 6 7 -3 -1 -8 -7 -12 15 16 22 -2 18 -18 -14 21 -21 -17 -15 24 -4
right_child=12 5 23 4 -6 10 9 -9 -10 -11 11 -13 13 14 -16 19 17 -19 -20 20 -22 -23 -24 -25 -26
leaf_value=0.017302919805701221 549.40618636119359 0.032048080536346869 -0.33822572531628725 0.002589745147959799 0.087487196307091786 0.50251539415675828 -0.052850399645106461 -0.44061382742930999 -1.7533294775089376 -1.7914575418640137 -0.27351464139308385 0.078063391560055873 -0.13267298016911844 -27.918493876781387 -152.44901507684543 -0.025551332394321839 -0.031368983844925778 127.87978182921768 -48.339665235658678 0.34554324526818814 0.028703807984377831 0.020599592233239979 24.910927472893704 -1.1864404493119436 0.2021495200492669
leaf_weight=143 84 81 58 1105 1173 78 130 96 133 183 94 72 4333 244 112 3358 2262 180 717 349 7307 4506 61 62 56
leaf_count=143 84 81 58 1105 1173 78 130 96 133 183 94 72 4333 244 112 3358 2262 180 717 349 7307 4506 61 62 56
internal_value=-0.000161245 0.0019913 0.00435782 0.00544092 0.0068895 -0.00651877 -0.0117813 0 -0.00573779 -0.0179159 0.00323359 -0.00235402 -0.000487216 -0.00181507 -0.0115647 0.000172924 -0.00124159 0.00163635 -0.00267376 5.13394e-05 0.00143719 -0.00127195 -0.00503379 -0.010075 -0.000826492
internal_weight=26977 3464 2730 2554 2278 734 490 177 276 313 244 166 23513 7909 417 15604 7492 2442 5050 15520 7656 7864 305 176 114
internal_count=26977 3464 2730 2554 2278 734 490 177 276 313 244 166 23513 7909 417 15604 7492 2442 5050 15520 7656 7864 305 176 114
is_linear=0
shrinkage=0.0500478


Tree=225
num_leaves=22
num_cat=0
split_feature=112 100 56 32 125 125 37 38 40 101 92 64 107 62 85 16 0 91 130 118 12
split_gain=7.68641 11.5605 10.1846 9.06869 12.8923 9.00534 16.9879 12.3795 17.5395 9.36122 21.5165 17.1405 15.2652 18.8779 14.1681 13.9918 9.06677 6.9392 6.34935 14.7529 9.10236
threshold=-0.29289215686274506 -703.71639300305822 41000.000000000007 3943.3437343161031 12.500000000000002 10.500000000000002 -14249.999999999998 20333.333333333336 20004.000000000004 3864.1990953274421 7875.0000000000009 0.099019607843137278 12500.000000000002 750.00000000000011 93125.000000000015 76539.473684210549 39.500000000000007 27750.000000000004 1.0000000180025095e-35 1.0000000180025095e-35 112500.00000000001
decision_type=8 2 10 2 2 2 2 2 2 2 10 10 10 10 10 10 2 10 2 10 8
left_child=1 17 3 -3 -5 6 16 8 -8 12 15 -12 14 -14 -7 -11 -2 18 19 -1 -20
right_child=5 2 -4 4 -6 9 7 -9 -10 10 11 -13 13 -15 -16 -17 -18 -19 20 -21 -22
leaf_value=-6.9780876735908253 352.64799857427289 0.52844581291073944 3.767314263618629 -36.955516313119297 -1.7754423632234508 -0.00056690439350028457 0.0076737501802706699 -196.45915869567793 38.748715560496819 -49.665252982790001 -4.2125776941292932 15.376718569931473 0.65427984654228166 194.41740522110206 -49.260737470985951 131.31034485202684 24.504905527839522 -33.165982347083023 5.7531780777309631 1.6689238413254655 -11.233350117906408
leaf_weight=282 98 106 91 203 305 13418 7664 87 371 953 908 658 227 112 196 82 107 61 668 199 181
leaf_count=282 98 106 91 203 305 13418 7664 87 371 953 908 658 227 112 196 82 107 61 668 199 181
internal_value=-0.000138985 -0.00305095 -0.00827162 -0.0107105 -0.0135229 9.83983e-05 0.00144759 0.00105907 0.00128847 -0.000568065 -0.00332421 0.000252817 -3.91728e-05 0.0103955 -0.000315814 -0.00892092 0.015663 -0.000248651 0.000372717 -0.00402941 0.0031108
internal_weight=26977 2096 705 614 508 24881 8327 8122 8035 16554 2601 1566 13953 339 13614 1035 205 1391 1330 481 849
internal_count=26977 2096 705 614 508 24881 8327 8122 8035 16554 2601 1566 13953 339 13614 1035 205 1391 1330 481 849
is_linear=0
shrinkage=0.0500478


Tree=226
num_leaves=28
num_cat=0
split_feature=125 5 53 28 115 56 20 102 40 130 69 125 51 15 127 55 20 101 63 32 46 109 77 53 95 55 34
split_gain=6.18579 14.8921 25.4832 15.8633 12.7263 16.6558 15.2688 12.1892 23.2972 13.6203 11.7638 9.3404 9.01454 16.7284 14.9818 15.3682 13.5993 12.3828 17.4272 16.1877 10.3326 14.1039 8.73734 7.61987 6.82707 5.78337 3.63999
threshold=8.5000000000000018 55500.000000000007 7005.8867426102979 64500.000000000007 -1357.1428571428571 28500.000000000004 55002.000000000007 -154.61963424985331 2500.0000000000005 -0.6830127018922193 -1.0000000180025095e-35 4.5000000000000009 74250.000000000015 78750.000000000015 104.50000000000001 19289.386125805115 78750.000000000015 4014.7023054275819 5750.0000000000009 15069.278091589991 98750.000000000015 -0.1348484848484848 32500.000000000004 12291.517046945724 0.1739025115582318 12926.061796451422 12250.000000000002
decision_type=2 8 10 2 8 8 8 2 2 2 10 2 8 10 2 10 10 2 10 2 10 10 10 10 10 8 2
left_child=1 2 7 22 11 10 -7 8 -1 -9 -6 24 13 17 15 16 -14 19 -19 -2 21 -16 -4 26 -3 -13 -15
right_child=12 4 3 -5 5 6 -8 9 -10 -11 -12 25 14 23 20 -17 -18 18 -20 -21 -22 -23 -24 -25 -26 -27 -28
leaf_value=0.60911203931899571 -0.0010690261284953763 142.42166162195275 0.33975458389916779 191.31566038579783 18.26350745344218 68.803108233771795 -18.71788948164286 0.024323756622244237 -0.037132668307503142 -0.030193650148668958 0.47587731043725462 128.56647450450606 -10.929525685645357 194.70084960068576 19.376505134203423 169.15259234163295 5.8106775942360285 -17.483472243759998 1.088766487403952 35.796600789457642 -428.98702764265192 -83.082395376516544 -7.4510947670864782 0.024295148481912887 -8.2858160529766014 12.257481664645624 41.798458848720408
leaf_weight=1177 15408 108 127 65 353 113 442 514 1046 1790 585 129 372 100 83 59 699 1056 1072 245 71 428 670 82 60 56 67
leaf_count=1177 15408 108 127 65 353 113 442 514 1046 1790 585 129 372 100 83 59 699 1056 1072 245 71 428 670 82 60 56 67
internal_value=-0.000142695 0.00109897 -0.000194225 -0.00810094 0.00497982 0.00277516 -0.00385364 0.00126983 0.00393382 -0.00121348 0.00691411 0.0136469 -0.000608152 -0.000266228 -0.0040846 -0.00052693 -0.00209446 -0.000458513 -0.00403876 1.57381e-05 -0.0106118 -0.00749799 -0.0101995 0.0125241 0.0035009 0.0216061 0.0185848
internal_weight=26977 7235 5389 862 1846 1493 555 4527 2223 2304 938 353 19742 18030 1712 1130 1071 17781 2128 15653 582 511 797 249 168 185 167
internal_count=26977 7235 5389 862 1846 1493 555 4527 2223 2304 938 353 19742 18030 1712 1130 1071 17781 2128 15653 582 511 797 249 168 185 167
is_linear=0
shrinkage=0.0500478


Tree=227
num_leaves=21
num_cat=0
split_feature=131 63 101 95 119 102 95 0 1 22 55 92 95 51 15 46 23 99 67 67
split_gain=6.40237 18.8426 41.1604 18.9489 17.6798 20.594 17.247 24.0238 12.2716 11.4838 11.3636 7.3189 12.095 6.96165 10.9311 8.06728 11.8851 7.9087 4.38803 3.80673
threshold=-0.68301270189221952 3250.0000000000005 2153.7925708966845 0.1312283439840333 1.0000000180025095e-35 -1232.0111765007402 0.093166677510182649 10.000000000000002 9.0000000000000018 4258.1531362634587 590.08904476942109 4875.0000000000009 0.099620622259144906 10750.000000000002 10035.714285714288 12750.000000000002 691.49180728330282 28861.612277175347 0.58333333333333337 0.91666666666666685
decision_type=2 10 2 10 10 2 10 2 2 10 10 10 10 8 8 8 10 2 2 2
left_child=1 2 3 10 11 -6 7 -4 -7 -5 -1 -3 -13 -2 19 16 -16 -17 -8 -15
right_child=13 4 6 9 5 8 18 -9 -10 -11 -12 12 -14 14 15 17 -18 -19 -20 -21
leaf_value=-0.0071147941270996761 -0.065652332028464641 -14.524338359855916 34.505216071320696 -2.2617460517052428 -11.006490099928412 -0.59049864140373132 -68.44344293323573 -151.54048179956803 125.29395885479735 -0.79579117887778317 0.0048798114378987515 97.071865036772508 -6.8897784448468986 10.549382112200401 0.40167996605006379 0.012995224903597218 -2.5923311968658624 -0.0083605929778424876 -165.48386825774961 0.076911544251157912
leaf_weight=439 116 86 58 592 60 81 76 174 308 500 4311 94 228 102 64 5329 93 13901 301 64
leaf_count=439 116 86 58 592 60 81 76 174 308 500 4311 94 228 102 64 5329 93 13901 301 64
internal_value=-0.000209476 -0.00147822 -0.00242678 -0.00109544 0.00541114 0.012297 -0.0148088 -0.00297216 0.0167389 -0.00703871 0.00023087 -0.0016977 0.00122217 0.000251678 0.000335068 0.00021404 -0.0109617 0.000317275 -0.0214889 0.01305
internal_weight=26977 7308 6451 5842 857 449 609 232 389 1092 4750 408 322 19669 19553 19387 157 19230 377 166
internal_count=26977 7308 6451 5842 857 449 609 232 389 1092 4750 408 322 19669 19553 19387 157 19230 377 166
is_linear=0
shrinkage=0.0500478


Tree=228
num_leaves=27
num_cat=0
split_feature=39 34 99 112 95 45 42 23 55 34 95 46 8 111 105 69 112 53 24 112 94 32 95 5 100 127
split_gain=6.81799 16.3595 18.2792 16.2487 18.1324 14.3558 14.1512 17.2122 14.2335 13.5769 13.3905 12.1629 11.647 11.3118 10.4998 10.0712 10.3686 8.85801 8.73815 10.4317 7.63278 6.78045 5.43054 5.11277 4.57693 3.58055
threshold=1.0166712975826619 6625.0000000000009 22286.652091864231 0.34166666666666673 0.070759666881302669 21250.000000000004 0.14271181499259711 449.77644510898523 938.80963562504564 1.0000000180025095e-35 0.1398369636454454 29750.000000000004 30500.000000000004 0.70526315789473693 7100.0000000000009 2583.3333333333335 1.2111111111111115 7193.726299065821 4.5000000000000009 0.65686274509803932 0.0086439573995477723 5244.4261065927794 0.12040146406996831 59000.000000000007 345.75169025604015 247.50000000000003
decision_type=2 2 2 10 8 8 10 10 10 2 10 10 10 8 10 10 10 8 2 10 8 2 10 8 2 2
left_child=6 3 21 4 11 -4 15 20 12 -10 -6 -2 -9 -7 22 16 17 -1 19 -17 25 24 -5 -20 -3 -8
right_child=1 2 5 14 10 13 7 8 9 -11 -12 -13 -14 -15 -16 18 -18 -19 23 -21 -22 -23 -24 -25 -26 -27
leaf_value=0.0011822249181326421 0.013506677226172532 0.0096588326655513285 7.7714898945197435 -50.006717975029694 0.39911100990583781 -0.18217200164462 -0.0026351898303693666 -1.0808267148513644 0.55867082060955031 -0.26927441837338634 -0.25459637851767275 -0.050625360908242441 -0.035638733664316337 16.813839073091739 -153.89193533511852 91.372267031429047 111.92337377219761 -2.2202162570507182 -14.886918651173367 -23.573150153104471 1.9645389654846399 -85.150656533550006 1.1318187635346975 24.84700196708928 -81.249857274367983 0.17904266350782602
leaf_weight=10198 2048 82 64 59 1409 4459 108 219 242 1873 294 860 103 271 82 392 61 3587 68 71 65 58 118 65 58 63
leaf_count=10198 2048 82 64 59 1409 4459 108 219 242 1873 294 860 103 271 82 392 61 3587 68 71 65 58 118 65 58 63
internal_value=-0.000176085 0.000862113 -0.00112155 0.00293688 0.00365502 -0.000458308 -0.000786274 -0.00413266 -0.00543517 -0.00380356 0.00777439 0.001168 -0.0154136 -0.000824072 -0.00898225 -0.000152187 -0.000440625 -0.000547844 0.00618213 0.00956154 0.00837943 -0.0159603 -0.000815228 -0.00403603 -0.00770244 0.00142052
internal_weight=26977 9862 4992 4870 4611 4794 17115 2673 2437 2115 1703 2908 322 4730 259 14442 13846 13785 596 463 236 198 177 133 140 171
internal_count=26977 9862 4992 4870 4611 4794 17115 2673 2437 2115 1703 2908 322 4730 259 14442 13846 13785 596 463 236 198 177 133 140 171
is_linear=0
shrinkage=0.0500478


Tree=229
num_leaves=27
num_cat=0
split_feature=39 59 42 130 50 9 38 38 92 75 42 100 123 34 23 47 55 120 54 41 91 95 94 54 107 52
split_gain=7.69454 13.4389 12.1519 11.3788 21.8169 19.2808 18.6713 14.3021 12.0325 10.3945 11.0317 27.8272 10.5695 10.2098 9.29716 11.2178 9.08257 8.41308 17.4153 25.4125 18.6008 9.93492 21.5838 18.3664 7.50632 4.77917
threshold=1.0166712975826619 11500.000000000002 0.14271181499259711 0.68301270189221941 49916.666666666679 87500.000000000015 6833.3333333333358 22083.333333333339 5022.5000000000009 10500.000000000002 0.403847281503879 -213.4589363603063 1250.0000000000002 1.0000000180025095e-35 449.77644510898523 44500.000000000007 5411.4022255373366 0.20714285714285716 9331.8184147237425 9496.0000000000018 12625.000000000002 0.063987656475400279 0.068522004491508137 2585.2123592902849 -1.0000000180025095e-35 1190.0526680445048
decision_type=2 10 10 2 10 10 2 2 10 8 10 2 10 2 10 10 10 10 8 2 8 8 10 8 10 8
left_child=2 9 17 7 6 -6 -5 8 -3 -2 11 -11 -12 16 25 -16 24 21 19 -19 -20 22 -1 -23 -4 -15
right_child=1 3 13 4 5 -7 -8 -9 -10 10 12 -13 -14 14 15 -17 -18 18 20 -21 -22 23 -24 -25 -26 -27
leaf_value=0.00073237860822827666 -0.546606810042084 -0.33866402571913035 -0.013368566837712908 0.083184059989987416 -3.3183287726113684 31.055011559682399 27.086123102520915 -356.99095877746333 0.18688558049045154 -1.5669438132446194 0.018795084607306622 1.3511318508301724 -32.71968651296234 -0.0039176809873095993 -0.38437451906526632 -0.17758071239209414 -5.3782633248233092 -0.54108252187160955 -29.484178126846199 25.648261782485903 28.385605168434996 -0.91554732511981107 3.7431769407954758 -0.20927093826582946 0.56527792928629261 0.20639835661387157
leaf_weight=4785 75 1688 57 426 894 327 131 56 1604 100 4153 285 123 102 1100 1065 101 753 552 1426 222 424 154 6126 135 113
leaf_count=4785 75 1688 57 426 894 327 131 56 1604 100 4153 285 123 102 1100 1065 101 753 552 1426 222 424 154 6126 135 113
internal_value=-0.000120434 0.000983879 -0.000768731 -0.00076044 0.00241527 -0.00118316 0.0106388 -0.00250837 -0.00200412 0.00291432 0.00325095 0.0114864 0.00245561 -0.00387077 -0.00499802 -0.00602488 0.00456066 -0.000179905 0.00218319 0.0045179 -0.00412031 -0.000805381 0.000860114 -0.00209223 0.0113051 0.00435532
internal_weight=26977 9862 17115 5126 1778 1221 557 3348 3292 4736 4661 385 4276 2673 2380 2165 293 14442 2953 2179 774 11489 4939 6550 192 215
internal_count=26977 9862 17115 5126 1778 1221 557 3348 3292 4736 4661 385 4276 2673 2380 2165 293 14442 2953 2179 774 11489 4939 6550 192 215
is_linear=0
shrinkage=0.0500478


Tree=230
num_leaves=24
num_cat=0
split_feature=39 34 42 102 23 28 95 123 111 39 39 45 6 131 127 99 111 51 8 100 34 95 23
split_gain=7.39223 12.897 12.3755 11.3192 17.264 12.6917 11.2746 9.90563 11.8224 12.9766 11.8881 9.33191 12.6727 11.3647 17.143 10.7173 10.2205 8.86716 17.6867 12.6121 6.91193 4.85924 0.241754
threshold=1.0166712975826619 6125.0000000000009 0.14271181499259711 5568.904471224575 3748.5629430396125 17750.000000000004 0.13245488532235569 4750.0000000000009 0.70526315789473693 1.0655913978494624 1.0990196078431376 17750.000000000004 15004.000000000002 0.6830127018922193 34.500000000000007 49927.568963211721 -0.17573529411764702 15083.333333333334 27350.000000000004 -135.96379690016872 1.0000000180025095e-35 0.14903483720946789 7805.0970672934336
decision_type=2 2 10 2 10 2 10 10 8 2 2 10 10 2 2 2 8 8 10 2 2 10 10
left_child=2 3 11 4 5 -2 -6 8 10 -10 -3 12 16 15 -15 -13 -1 -4 19 -19 -20 -9 -5
right_child=1 7 17 22 6 -7 -8 21 9 -11 -12 13 -14 14 -16 -17 -18 18 20 -21 -22 -23 -24
leaf_value=1.1823326640191281 0.12115721200796263 0.057183439962114217 0.22322794754271313 -92.65231177726119 8.7798453422358644 0.00082186310525979149 0.20922812636732604 -31.082138336460197 -42.846815709384849 52.002464470700509 -0.32858174432965559 0.0019588651356907509 -2.1730771525055133 -0.056885035803270936 1.5697985609149046 -2.1645875497385219 -0.20334630511727247 0.0075225545642453725 0.093192423680702588 -20.535913781115905 -0.10472753767998021 -156.66029339119066 -43.160122647992814
leaf_weight=251 1020 1804 90 56 471 2764 231 67 66 206 3026 7089 104 1391 1855 2485 1267 109 251 296 1927 95 56
leaf_count=251 1020 1804 90 56 471 2764 231 67 66 206 3026 7089 104 1391 1855 2485 1267 109 251 296 1927 95 56
internal_value=-6.84935e-05 0.00101432 -0.000704408 0.00295822 0.00338885 0.00198162 0.0106513 -0.000645482 -0.00021495 0.00983329 -0.000827732 -0.000110608 -0.00369472 0.000327563 0.00289527 -0.000522211 -0.00236745 -0.00383336 -0.00443138 -0.0141163 -0.00252306 -0.0127588 -0.0122106
internal_weight=26977 9862 17115 4598 4486 3784 702 5264 5102 272 4830 14442 1622 12820 3246 9574 1518 2673 2583 405 2178 162 112
internal_count=26977 9862 17115 4598 4486 3784 702 5264 5102 272 4830 14442 1622 12820 3246 9574 1518 2673 2583 405 2178 162 112
is_linear=0
shrinkage=0.0500478


Tree=231
num_leaves=16
num_cat=0
split_feature=112 127 127 127 91 125 39 54 100 88 63 31 128 64 90
split_gain=6.24656 7.83879 11.9349 14.0019 13.7859 11.6799 9.51585 8.53486 7.77021 8.17938 20.3558 8.07994 7.87805 4.94383 4.41858
threshold=-0.22967032967032966 14.500000000000002 149.50000000000003 175.50000000000003 27750.000000000004 23.500000000000004 0.78346121057118512 8669.6793814499561 -9229.574933050344 60500.000000000007 38750.000000000007 92500.000000000015 0.6078576107927941 -0.1318991803183657 2125.0000000000005
decision_type=8 2 2 2 10 2 2 10 2 10 10 2 2 8 10
left_child=1 7 4 14 6 -5 -3 -1 12 10 11 -10 13 -2 -4
right_child=8 2 3 5 -6 -7 -8 -9 9 -11 -12 -13 -14 -15 -16
leaf_value=0.94357990501163691 181.83198044960201 79.520996662229777 -24.559049377740607 0.031485380082411078 -47.466509853331367 -1.7916788235727834 0.10948835016794373 -59.065301881160131 0.0029153938472871901 -51.715268814269173 433.39975501905769 -18.313330866513915 -5.9306493613785358 39.294666126596773 -3.2322242779948942
leaf_weight=56 79 275 119 1107 60 479 1129 111 22164 96 60 1032 69 75 66
leaf_count=56 79 275 119 1107 60 479 1129 111 22164 96 60 1032 69 75 66
internal_value=-1.65525e-05 -0.00202757 -0.00140558 -0.0042027 0.00184032 -0.00251816 0.00298636 -0.0126776 0.000265174 0.000166986 0.000236534 0.00015085 0.00952859 0.0159704 -0.0173341
internal_weight=26977 3402 3235 1771 1464 1586 1404 167 23575 23352 23256 23196 223 154 185
internal_count=26977 3402 3235 1771 1464 1586 1404 167 23575 23352 23256 23196 223 154 185
is_linear=0
shrinkage=0.0500478


Tree=232
num_leaves=13
num_cat=0
split_feature=29 82 8 55 38 94 98 63 28 55 127 83
split_gain=6.82508 10.4562 20.0627 16.9401 12.8441 12.0918 12.7437 11.2329 10.0319 6.84779 5.01357 4.68477
threshold=113333.33333333336 85625.000000000015 102500.00000000001 16894.238605127055 20833.333333333336 0.089945266152958489 89570.278853789787 36252.000000000007 83750.000000000015 9755.2057704550989 86.500000000000014 61875.000000000007
decision_type=2 8 8 10 2 10 2 10 2 10 2 10
left_child=1 4 5 9 7 6 -3 8 -1 -4 -7 -2
right_child=11 2 3 -5 -6 10 -8 -9 -10 -11 -12 -13
leaf_value=3.9059042261563843e-06 -11.951216217657297 41.275642910311831 -7.2296651796879798 -295.92832774708052 -449.29806012488109 160.05585880962451 -31.059283933870724 428.04874031944678 -30.497162161084784 49.54252553206814 29.240296852815582 -495.08730216898249
leaf_weight=25464 56 125 169 69 76 115 140 58 411 175 63 56
leaf_count=25464 56 125 169 69 76 115 140 58 411 175 63 56
internal_value=-9.13239e-06 3.52492e-05 0.00547574 -0.00203867 -0.000136461 0.012912 0.00503813 -6.73912e-05 -0.000125563 0.00201132 0.0232763 -0.0122106
internal_weight=26977 26865 856 413 26009 443 265 25933 25875 344 178 112
internal_count=26977 26865 856 413 26009 443 265 25933 25875 344 178 112
is_linear=0
shrinkage=0.0500478


Tree=233
num_leaves=7
num_cat=0
split_feature=91 29 63 84 83 50
split_gain=7.11257 6.61301 11.7419 8.33157 16.1712 12.6524
threshold=38125.000000000007 113333.33333333336 36252.000000000007 88750.000000000015 86875.000000000015 74250.000000000015
decision_type=10 2 10 8 10 10
left_child=1 2 3 5 -5 -1
right_child=-2 -3 -4 4 -6 -7
leaf_value=0.00029552587727278912 -30.446531061037899 -149.15754979075811 412.58473747406418 22.647453230961073 -8.4594637716055718 -33.109486075627821
leaf_weight=24658 78 100 59 762 505 815
leaf_count=24658 78 100 59 762 505 815
internal_value=-2.02626e-05 1.66005e-05 7.26831e-05 1.48277e-05 0.00397887 -0.000174694
internal_weight=26977 26899 26799 26740 1267 25473
internal_count=26977 26899 26799 26740 1267 25473
is_linear=0
shrinkage=0.0500478


Tree=234
num_leaves=7
num_cat=0
split_feature=91 29 63 80 12 127
split_gain=7.10963 6.60853 11.7465 7.52857 11.1557 9.31821
threshold=38125.000000000007 113333.33333333336 36252.000000000007 122504.00000000001 112500.00000000001 44.500000000000007
decision_type=10 2 10 10 10 2
left_child=1 2 3 4 -1 -5
right_child=-2 -3 -4 5 -6 -7
leaf_value=-0.00011270200851419101 -28.922749303530335 -141.69254325487282 391.93578094339551 -38.494326443135996 -82.411696374493133 73.804912296218149
leaf_weight=26248 78 100 59 71 119 302
leaf_count=26248 78 100 59 71 119 302
internal_value=-2.39727e-05 1.28797e-05 6.89484e-05 1.10848e-05 -8.14656e-05 0.00705472
internal_weight=26977 26899 26799 26740 26367 373
internal_count=26977 26899 26799 26740 26367 373
is_linear=0
shrinkage=0.0500478


Tree=235
num_leaves=14
num_cat=0
split_feature=29 49 11 34 8 38 50 128 11 83 127 119 54
split_gain=6.84273 10.8552 8.35941 15.7331 13.4592 12.2605 11.7274 7.97155 7.2926 12.3705 7.1577 6.38657 5.07174
threshold=109583.33333333336 103750.00000000001 92500.000000000015 11125.000000000002 87500.000000000015 20833.333333333336 76916.666666666686 0.6078576107927941 97500.000000000015 60625.000000000007 72.500000000000014 0.36666666666666675 11350.439237617755
decision_type=2 10 10 2 10 2 10 2 10 10 2 10 10
left_child=1 2 4 12 5 -1 -5 10 9 -2 -3 -6 -4
right_child=8 7 3 6 11 -7 -8 -9 -10 -11 -12 -13 -14
leaf_value=-0.00019084928714649288 20.256293864284295 69.938287337561519 44.094207268863883 -5.9277392856620992 26.866720745255808 -319.98700474720926 -167.71767532662065 -15.878393445804479 33.966291415998612 -473.28673615590526 334.05691710385935 -59.099223532044789 -5.2279608548315579
leaf_weight=25416 56 58 57 129 520 75 159 62 71 92 72 67 143
leaf_count=25416 56 58 57 129 520 75 159 62 71 92 72 67 143
internal_value=-3.13928e-05 3.35199e-05 -4.50645e-05 -0.00652303 6.89355e-05 -9.60439e-05 -0.0141163 0.0118198 -0.00879669 -0.0152767 0.0188643 0.00755011 0.00344195
internal_weight=26977 26758 26566 488 26078 25491 288 192 219 148 130 587 200
internal_count=26977 26758 26566 488 26078 25491 288 192 219 148 130 587 200
is_linear=0
shrinkage=0.0500478


Tree=236
num_leaves=17
num_cat=0
split_feature=54 131 93 21 46 26 64 86 95 125 59 20 88 34 26 92
split_gain=6.15023 6.21604 13.6961 16.2912 18.7661 11.8278 13.7466 11.6373 10.5084 9.67579 14.127 21.1425 12.076 7.87333 13.9839 12.7067
threshold=1.0000000180025095e-35 -0.68301270189221952 0.066973534418083916 6267.8317052796774 53750.000000000007 31.500000000000004 -0.068573667711598729 52625.000000000007 0.052627996388817232 9.5000000000000018 24500.000000000004 101250.00000000001 5004.0000000000009 18125.000000000004 7.5000000000000009 7626.0000000000009
decision_type=8 2 10 10 10 2 10 10 10 2 10 10 10 2 2 10
left_child=-1 2 5 4 -4 8 -7 -5 -2 10 12 -12 -3 15 -15 -11
right_child=1 9 3 7 -6 6 -8 -9 -10 13 11 -13 -14 14 -16 -17
leaf_value=-0.082761502140425144 0.014811439518870196 0.015324284948757228 -0.90675230614115854 63.579409326279695 -45.095654577314065 0.5787608473875393 -0.35881767267813164 -5.8062576655627183 -0.02089569191206073 -0.0084774101223078629 -5.7715967100174463 84.786810771672876 5.3658008457364925 12.119485823863762 -87.511950955170548 1.4821390862276032
leaf_weight=83 1560 3212 1486 168 293 269 1007 321 2186 9673 996 88 1551 159 422 3503
leaf_count=83 1560 3212 1486 168 293 269 1007 321 2186 9673 996 88 1551 159 422 3503
internal_value=-1.65525e-05 1.84644e-05 -0.00122108 -0.00445102 -0.00671228 0.00019845 -0.00391172 0.00335279 0.00165457 0.000489906 0.00219823 -0.00285252 0.00339141 -0.000221598 -0.00591217 1.48985e-05
internal_weight=26977 26894 7290 2268 1779 5022 1276 489 3746 19604 5847 1084 4763 13757 581 13176
internal_count=26977 26894 7290 2268 1779 5022 1276 489 3746 19604 5847 1084 4763 13757 581 13176
is_linear=0
shrinkage=0.0500478


Tree=237
num_leaves=11
num_cat=0
split_feature=124 38 91 103 112 112 50 94 42 102
split_gain=8.08364 15.7875 5.90668 5.90334 9.59549 16.6256 9.07824 10.0033 9.54562 6.86147
threshold=67.500000000000014 166.666666666667 38125.000000000007 2500.0000000000005 0.033908045977011504 0.03509852216748769 74250.000000000015 0.12891541135896595 1.6137430609197583 -7300.5980621021035
decision_type=2 2 10 8 8 8 10 10 10 2
left_child=2 -2 3 4 9 -6 8 -8 -5 -1
right_child=1 -3 -4 6 5 -7 7 -9 -10 -11
leaf_value=2.3119557870486913 0.09529216345698735 -0.066381624403816758 -27.287759342153095 -1.0274327375872832 1.4483431212740265 0.0505841671629534 -138.29817664469564 4.3813137368406148 -132.72211036347903 -0.0062705018133533217
leaf_weight=1138 77 56 78 1612 116 8507 135 93 99 15066
leaf_count=1138 77 56 78 1612 116 8507 135 93 99 15066
internal_value=-2.02626e-05 0.012165 -8.93393e-05 -4.09885e-05 0.000159082 0.00151396 -0.00270477 -0.0121451 -0.00131215 -0.000549451
internal_weight=26977 133 26844 26766 24827 8623 1939 228 1711 16204
internal_count=26977 133 26844 26766 24827 8623 1939 228 1711 16204
is_linear=0
shrinkage=0.0500478


end of trees

feature_importances:
day_of_year=285
market_id=199
cross_zscore=138
pct_change_30d=126
day_of_month=125
price_minus_cross_mean=123
cross_cv=110
month_cos=108
cross_std_lag14=102
ewm7_minus_ewm30=100
cross_median_change_14d=98
anchor_minus_ewm7=98
cross_mean_lag14=96
cross_std_lag7=92
roll_cv_30=92
anchor_minus_ewm30=88
roll_min_30=84
price_ratio_cross_median=83
cross_median_pct_change_7d=82
week_of_year=80
roll_std_30=78
unchanged_streak=75
roll_cv_14=68
month_sin=65
cross_iqr=64
cross_mean_lag7=64
cross_std=63
roll_cv_7=62
pct_change_14d=61
cross_median_lag14=59
roll_iqr_30=57
share_up_14=57
lag_30=54
commodity_no=53
cross_std_lag1=53
roll_std_14=51
distance_from_cross_min=51
lag_21=50
cross_mean=50
cross_std_lag3=49
price_minus_cross_median=48
roll_max_30=46
cross_median=44
anchor_lag_30=44
roll_mean_30=42
ewm_30=42
share_down_14=40
lag_10=39
change_30d=37
roll_q25_30=36
cross_mean_lag1=34
roll_range_30=34
lag_7=33
lag_14=33
roll_iqr_14=33
cross_median_lag1=32
cross_median_change_7d=32
pct_change_7d=32
cross_range_lag14=30
change_14d=30
cross_median_lag7=29
cross_mean_lag3=29
cross_median_lag3=28
roll_std_7=26
roll_median_30=25
roll_min_14=25
roll_max_7=25
roll_max_14=25
pct_change_3d=25
ewm_3=24
cross_mean_member_move=23
roll_mean_14=22
cross_range_lag1=22
cross_max=20
cross_median_change_3d=20
roll_range_14=20
price_rank_pct=19
roll_q25_14=18
lag_2=17
lag_5=17
cross_range=17
distance_from_cross_max=17
ewm_7=17
ewm_14=17
month=16
pct_change_1d=16
roll_min_7=15
share_down_7=15
median_abs_move_14=15
roll_q75_30=14
lag_1=13
cross_min=13
anchor_lag_14=13
roll_mean_7=12
roll_q75_7=12
change_1d=12
change_7d=11
share_up_7=11
dow_sin=11
roll_median_7=10
cross_range_lag7=10
anchor_price=9
cross_range_lag3=9
roll_range_7=9
lag_3=8
roll_median_14=7
cross_fresh_ratio=7
cross_median_change_1d=7
roll_q75_14=7
roll_mean_3=6
day_of_week=6
roll_iqr_7=6
median_abs_move_7=6
roll_q25_7=5
days_since_anchor=4
cross_share_flat=4
anchor_lag_7=4
change_3d=4
cross_share_up=2
cross_share_down=2
anchor_lag_1=2
anchor_lag_3=2
roll_median_3=1
cross_median_member_move=1
slope_3d=1
slope_7d=1
slope_14d=1
slope_30d=1

parameters:
[boosting: gbdt]
[objective: regression_l1]
[metric: l1]
[tree_learner: serial]
[device_type: cpu]
[data_sample_strategy: bagging]
[data: ]
[valid: ]
[num_iterations: 238]
[learning_rate: 0.0500478]
[num_leaves: 73]
[num_threads: 1]
[seed: 3006]
[deterministic: 1]
[force_col_wise: 1]
[force_row_wise: 0]
[histogram_pool_size: -1]
[max_depth: 5]
[min_data_in_leaf: 56]
[min_sum_hessian_in_leaf: 0.001]
[bagging_fraction: 0.8197]
[pos_bagging_fraction: 1]
[neg_bagging_fraction: 1]
[bagging_freq: 0]
[bagging_seed: 8181]
[bagging_by_query: 0]
[feature_fraction: 0.948881]
[feature_fraction_bynode: 1]
[feature_fraction_seed: 17782]
[extra_trees: 0]
[extra_seed: 19067]
[early_stopping_round: 0]
[early_stopping_min_delta: 0]
[first_metric_only: 0]
[max_delta_step: 0]
[lambda_l1: 4.07697]
[lambda_l2: 2.44822]
[linear_lambda: 0]
[min_gain_to_split: 0]
[drop_rate: 0.1]
[max_drop: 50]
[skip_drop: 0.5]
[xgboost_dart_mode: 0]
[uniform_drop: 0]
[drop_seed: 14185]
[top_rate: 0.2]
[other_rate: 0.1]
[min_data_per_group: 100]
[max_cat_threshold: 32]
[cat_l2: 10]
[cat_smooth: 10]
[max_cat_to_onehot: 4]
[top_k: 20]
[monotone_constraints: ]
[monotone_constraints_method: basic]
[monotone_penalty: 0]
[feature_contri: ]
[forcedsplits_filename: ]
[refit_decay_rate: 0.9]
[cegb_tradeoff: 1]
[cegb_penalty_split: 0]
[cegb_penalty_feature_lazy: ]
[cegb_penalty_feature_coupled: ]
[path_smooth: 0]
[interaction_constraints: ]
[verbosity: -1]
[saved_feature_importance_type: 0]
[use_quantized_grad: 0]
[num_grad_quant_bins: 4]
[quant_train_renew_leaf: 0]
[stochastic_rounding: 1]
[linear_tree: 0]
[max_bin: 255]
[max_bin_by_feature: ]
[min_data_in_bin: 3]
[bin_construct_sample_cnt: 200000]
[data_random_seed: 9854]
[is_enable_sparse: 1]
[enable_bundle: 1]
[use_missing: 1]
[zero_as_missing: 0]
[feature_pre_filter: 1]
[pre_partition: 0]
[two_round: 0]
[header: 0]
[label_column: ]
[weight_column: ]
[group_column: ]
[ignore_column: ]
[categorical_feature: ]
[forcedbins_filename: ]
[precise_float_parser: 0]
[parser_config_file: ]
[objective_seed: 15937]
[num_class: 1]
[is_unbalance: 0]
[scale_pos_weight: 1]
[sigmoid: 1]
[boost_from_average: 1]
[reg_sqrt: 0]
[alpha: 0.9]
[fair_c: 1]
[poisson_max_delta_step: 0.7]
[tweedie_variance_power: 1.5]
[lambdarank_truncation_level: 30]
[lambdarank_norm: 1]
[label_gain: ]
[lambdarank_position_bias_regularization: 0]
[eval_at: ]
[multi_error_top_k: 1]
[auc_mu_weights: ]
[num_machines: 1]
[local_listen_port: 12400]
[time_out: 120]
[machine_list_filename: ]
[machines: ]
[gpu_platform_id: -1]
[gpu_device_id: -1]
[gpu_use_dp: 0]
[num_gpu: 1]

end of parameters

pandas_categorical:[]
