tree
version=v4
num_class=1
num_tree_per_iteration=1
label_index=0
max_feature_idx=131
objective=regression_l1
feature_names=market_id commodity_no anchor_price days_since_anchor lag_1 lag_2 lag_3 lag_5 lag_7 lag_10 lag_14 lag_21 lag_30 roll_mean_3 roll_mean_7 roll_mean_14 roll_mean_30 roll_median_3 roll_median_7 roll_median_14 roll_median_30 roll_std_7 roll_std_14 roll_std_30 day_of_week month week_of_year is_weekend cross_median cross_mean cross_min cross_max cross_std cross_range cross_iqr cross_cv cross_fresh_ratio price_minus_cross_median price_minus_cross_mean price_ratio_cross_median distance_from_cross_min distance_from_cross_max cross_zscore price_rank_pct cross_median_lag1 cross_median_lag3 cross_median_lag7 cross_median_lag14 cross_mean_lag1 cross_mean_lag3 cross_mean_lag7 cross_mean_lag14 cross_std_lag1 cross_std_lag3 cross_std_lag7 cross_std_lag14 cross_range_lag1 cross_range_lag3 cross_range_lag7 cross_range_lag14 cross_median_change_1d cross_median_change_3d cross_median_change_7d cross_median_change_14d cross_median_pct_change_7d cross_share_up cross_share_down cross_share_flat cross_median_member_move cross_mean_member_move anchor_lag_1 anchor_lag_3 anchor_lag_7 anchor_lag_14 anchor_lag_30 roll_min_7 roll_min_14 roll_min_30 roll_max_7 roll_max_14 roll_max_30 roll_q25_7 roll_q25_14 roll_q25_30 roll_q75_7 roll_q75_14 roll_q75_30 roll_range_7 roll_range_14 roll_range_30 roll_iqr_7 roll_iqr_14 roll_iqr_30 roll_cv_7 roll_cv_14 roll_cv_30 ewm_3 ewm_7 ewm_14 ewm_30 anchor_minus_ewm7 anchor_minus_ewm30 ewm7_minus_ewm30 change_1d change_3d change_7d change_14d change_30d pct_change_1d pct_change_3d pct_change_7d pct_change_14d pct_change_30d slope_1d slope_3d slope_7d slope_14d slope_30d share_up_7 share_down_7 share_up_14 share_down_14 median_abs_move_7 median_abs_move_14 unchanged_streak day_of_month quarter day_of_year dow_sin dow_cos month_sin month_cos
feature_infos=[8:41] [8:22] [6000:150000] [0:15] [6000:150000] [6000:150000] [6000:150000] [6000:150000] [6000:150000] [6000:150000] [6000:150000] [6000:150000] [6000:150000] [6666.666666666667:150000] [7285.7142857142853:145714.28571428571] [7428.5714285714284:135714.28571428571] [7700:124666.66666666667] [6000:150000] [7000:150000] [7000:130000] [8000:120000] [0:40820.163084996566] [0:32675.981702464378] [0:34759.02264409067] [0:6] [1:12] [1:52] [0:1] [9000:130000] [10166.666666666666:133333.33333333334] [6000:120000] [14000:150000] [0:48499.140885861751] [0:139000] [0:50000] [0:0.65760928594291912] [0:1] [-104000:47500] [-94166.666666666672:44833.333333333328] [0.095652173913043481:2.1176470588235294] [0:139000] [0:139000] [-2.0412414523193143:2.0412414523193161] [0.16666666666666666:1] [9000:130000] [9000:130000] [9000:130000] [9000:130000] [10166.666666666666:133333.33333333334] [10166.666666666666:133333.33333333334] [10166.666666666666:133333.33333333334] [10166.666666666666:133333.33333333334] [0:48499.140885861751] [0:48499.140885861751] [0:48499.140885861751] [0:48499.140885861751] [0:139000] [0:139000] [0:139000] [0:139000] [-27500:26500] [-35000:25000] [-40000:40000] [-55000:60000] [-0.4375:0.72499999999999998] [0:0.83333333333333337] [0:0.83333333333333337] [0:1] [-22500:20000] [-20833.333333333332:21666.666666666668] [6000:150000] [6000:150000] [6000:150000] [6000:150000] [6000:150000] [6000:130000] [6000:120000] [6000:120000] [8000:150000] [8000:150000] [8000:150000] [7000:145000] [7000:125000] [7000:120000] [7500:150000] [8000:150000] [8000:130000] [0:119000] [0:119000] [0:119000] [0:70000] [0:65000] [0:65000] [0:0.51234753829797985] [0:0.44653565045368226] [0:0.44529515256215912] [6500.2450909968848:148903.77312432975] [7155.927433445464:139747.70073892002] [7453.9143897067488:127070.75567118348] [7785.2380113571562:118990.51099405147] [-75927.212396207673:41540.762332797138] [-98118.606192168561:66237.753733998339] [-25532.858566290735:40445.001009913598] [-98000:108000] [-99000:108000] [-119000:108000] [-108000:80000] [-118000:110000] [-0.89090909090909087:9] [-0.90000000000000002:9] [-0.91538461538461535:9] [-0.90000000000000002:6.2727272727272725] [-0.90769230769230769:5.3636363636363633] [-98000:108000] [-33000:36000] [-17000:15428.571428571429] [-7714.2857142857147:5714.2857142857147] [-3933.3333333333335:3666.6666666666665] [0:0.7142857142857143] [0:0.8571428571428571] [0:0.6428571428571429] [0:0.7142857142857143] [0:30000] [0:15000] [0:112] [1:31] [1:4] [1:366] [-0.97492791218182362:0.97492791218182362] [-0.90096886790241903:1] [-1:1] [-1:1]
tree_sizes=5117 5206 5378 5450 5520 5653 5559 5677 5714 5810 5844 5856 5911 5954 5943 5984 6025 5964 5894 5961 5971 5959 5945 4696 5985 5968 6008 5959 5974 5981 5977 5972 5980 5981 6005 6007 5949 5934 5957 5995 5976 5942 5978 5940 5975 5983 6011 5945 5983 5936 5985 5925 5980 5945 5947 3320 5936 5981 5955 3406 5968 5327 5935 5964 6003 5930 5943 5990 5934 5937 5917 4010 5931 5937 5957 5979 5517 5958 5982 5929 6014 5931 5976 5932 5537 3674 5940 6000 5955 2609 5765 4194 2276 5344 5957 5952 2098 3118 3127 4182 5999 5960 5956 5934 4679 5964 5946 3307 5865

Tree=0
num_leaves=66
num_cat=0
split_feature=42 38 42 0 38 77 55 63 51 38 40 101 39 101 127 11 127 32 127 74 34 120 77 0 111 62 35 0 26 100 63 31 22 131 64 78 100 131 127 23 11 20 127 50 54 51 101 9 39 26 52 89 16 51 7 26 54 131 131 80 74 35 53 30 11
split_gain=582.907 252.208 178.766 205.518 94.8719 86.39 62.4888 54.5406 47.3004 42.8431 33.5479 31.6162 29.9946 28.8979 30.1627 28.1314 33.3927 26.2672 24.8613 23.8961 23.8295 23.4611 23.136 22.6794 32.0369 22.5509 22.0586 21.8057 27.7468 21.3756 19.4168 18.8475 18.7214 18.3525 18.0211 17.8206 17.7682 16.9918 16.6052 16.2644 16.1202 15.7063 15.6927 15.3066 20.2441 15.2371 15.2118 15.1715 14.9502 13.8194 13.742 13.1215 14.7021 13.1131 12.9295 12.827 13.5167 12.2266 11.8775 11.7436 14.3574 11.6412 11.577 15.9489 10.9018
threshold=0.22140372138502495 7503.3333333333348 -1.0614455552060427 33.000000000000007 -833.33333333333019 43000.000000000007 1297.0355999462388 -176.99999999999997 76083.333333333343 -3416.6666666666711 9500.0000000000018 -750.55439142283819 0.77836257309941537 370.07768292169027 314.50000000000006 50504.000000000007 325.50000000000006 12662.273100947275 266.50000000000006 23500.000000000004 5128.0000000000009 0.20714285714285716 33500.000000000007 21.000000000000004 -0.11651583710407239 2250.0000000000005 0.11172507400033474 13.000000000000002 9.5000000000000018 0.041626047785030103 -3749.9999999999995 77500.000000000015 4035.8959181719306 0.6830127018922193 0.10990338164251208 21500.000000000004 0.60625074867857631 -0.5 56.500000000000007 1227.320335554218 28004.000000000004 28750.000000000004 149.50000000000003 28416.666666666668 2572.2698549879774 51416.666666666679 -3404.5482499335608 97500.000000000015 0.94641148325358859 31.500000000000004 8005.2049468993073 3750.0000000000005 44350.000000000007 48500.000000000007 35004.000000000007 16.500000000000004 6646.3026123349018 0.25000000000000017 -0.68301270189221952 46500.000000000007 19500.000000000004 0.094083023393237084 4881.9347305341489 39500.000000000007 33500.000000000007
decision_type=10 2 8 2 2 10 8 10 8 2 2 2 2 2 2 8 2 2 2 10 2 10 8 2 8 10 2 2 2 2 10 2 10 2 10 10 2 2 2 10 10 10 2 8 10 8 2 8 2 2 10 10 10 10 8 2 10 2 2 8 8 2 10 2 8
left_child=2 7 8 4 10 6 33 11 12 22 21 20 54 46 27 16 49 25 29 -14 57 23 62 45 -25 36 -17 40 51 59 -21 42 39 -5 -16 -13 37 53 -32 -20 -15 -30 -22 -39 -45 -4 -9 -10 55 -3 -43 -29 -53 -6 58 -24 -57 -2 -1 60 -11 -31 -8 -64 -37
right_child=1 15 3 5 17 -7 9 13 47 18 -12 35 19 14 34 26 -18 -19 32 30 31 -23 48 24 -26 -27 -28 28 41 61 38 -33 -34 -35 -36 64 -38 43 -40 -41 -42 50 -44 44 -46 -47 -48 -49 -50 -51 -52 52 -54 -55 -56 56 -58 -59 -60 -61 -62 -63 63 -65 -66
leaf_value=0 0 0 0 0 0 -288.97205696633654 0 0 -57.79441139326731 0 0 0 0 0 0 0 144.48602848316827 -144.48602848316827 0 0 0 288.97205696633654 0 231.17764557306924 0 0 -577.94411393267308 0 -57.79441139326731 0 115.58882278653462 -577.94411393267308 288.97205696633654 57.79441139326731 57.79441139326731 0 0 0 0 0 0 0 0 0 0 0 0 0 -288.97205696633654 -288.97205696633654 -577.94411393267308 -57.79441139326731 0 0 288.97205696633654 0 -115.58882278653462 0 0 0 -57.79441139326731 -115.58882278653462 0 0 0
leaf_weight=300 487 485 967 377 573 649 222 245 210 168 664 256 154 436 488 163 106 180 132 277 493 307 228 215 646 448 1273 143 294 150 285 139 99 135 150 862 1031 395 1562 279 709 732 615 434 530 311 1940 112 123 123 138 98 98 168 463 194 215 181 758 110 237 820 310 153 702
leaf_count=300 487 485 967 377 573 649 222 245 210 168 664 256 154 436 488 163 106 180 132 277 493 307 228 215 646 448 1273 143 294 150 285 139 99 135 150 862 1031 395 1562 279 709 732 615 434 530 311 1940 112 123 123 138 98 98 168 463 194 215 181 758 110 237 820 310 153 702
internal_value=-0.00190613 -0.0118691 0.00533995 0.00161119 0.0079543 -0.00781807 -0.00454207 -0.00767414 0.0156643 -0.00738258 0.0154233 -0.0130766 0.0174772 -0.00394687 -0.00737681 -0.0297065 -0.0195646 0.00171822 -0.0128654 0.0130681 -0.00770798 0.0185661 7.40407e-05 0.0162089 0.00854848 0.00285319 -0.0345648 -0.010111 -0.0147269 -0.0166524 0.0146932 -0.0124267 -0.00144716 0.0141127 0.00368134 -0.0186009 0.00104834 0.004145 0.0168303 -0.00723199 -0.00386782 -0.018954 -0.00961273 0.00801143 0.00381484 0.0211916 0.00113179 -0.00512499 -0.00672692 -0.0248471 -0.0145482 0 -0.00981258 -0.00270614 0.0239175 -0.00278462 -0.00908889 0.000848366 0.0198123 -0.00656153 -0.0113006 -0.0217815 0.00787957 0.0131171 -0.0209384
internal_weight=26947 11356 15591 11470 6869 4601 3952 9206 4121 3440 3110 3735 3799 5471 3286 2150 714 3759 1995 2278 1915 2446 1445 2139 861 3579 1436 2648 1503 1485 2124 1247 510 512 638 1820 3131 2100 1847 411 1145 1164 1108 1359 964 1278 2185 322 760 608 870 339 196 741 1521 637 409 668 1058 515 405 970 685 463 1564
internal_count=26947 11356 15591 11470 6869 4601 3952 9206 4121 3440 3110 3735 3799 5471 3286 2150 714 3759 1995 2278 1915 2446 1445 2139 861 3579 1436 2648 1503 1485 2124 1247 510 512 638 1820 3131 2100 1847 411 1145 1164 1108 1359 964 1278 2185 322 760 608 870 339 196 741 1521 637 409 668 1058 515 405 970 685 463 1564
is_linear=0
shrinkage=0.0577944


Tree=1
num_leaves=66
num_cat=0
split_feature=42 38 42 0 41 63 50 39 26 95 101 0 101 80 34 131 47 131 94 35 26 35 62 100 131 0 40 130 101 131 103 71 47 38 2 47 35 26 64 95 40 75 100 1 34 59 83 74 47 39 25 56 131 1 131 34 11 99 49 64 95 26 1 53 102
split_gain=483.178 110.246 106.852 80.2824 69.8404 54.9077 47.6162 46.2519 48.3901 43.2015 40.5254 36.3953 41.9436 37.8007 34.5686 31.5157 31.495 36.1961 26.8657 27.192 24.483 31.8551 24.1854 32.1895 26.1185 24.3918 22.5374 22.3335 21.5398 21.1872 20.6859 20.4981 19.0021 18.2983 18.0362 17.8229 17.3578 18.6067 16.892 16.469 16.5445 15.0364 14.9478 18.9653 14.4851 14.0606 13.9711 13.8886 13.1599 18.9116 13.0831 13.3657 16.184 12.3611 12.2383 12.5778 12.074 11.2928 11.2386 11.17 11.1345 13.4047 13.5572 11.9399 14.5659
threshold=0.22140372138502495 6733.3333333333367 -0.78958489369386708 21.000000000000004 2750.0000000000005 -176.99999999999997 70916.666666666672 0.7417989417989419 4.5000000000000009 0.056857353268415609 -750.55439142283819 33.000000000000007 -1446.3287214438458 71500.000000000015 16750.000000000004 0.25000000000000017 30250.000000000004 0.6830127018922193 0.14281726499360728 0.15761361518787229 9.5000000000000018 0.11770549438251419 2250.0000000000005 180.33783410639811 0.6830127018922193 39.500000000000007 5500.0000000000009 0.25000000000000011 3999.9857355961308 -0.5 1.0000000180025095e-35 69000.000000000015 37750.000000000007 -4750.0000000000009 21500.000000000004 43750.000000000007 0.047366326604401439 17.500000000000004 0.036038961038961044 0.16278515635586407 11500.000000000002 69000.000000000015 1.0000000180025095e-35 11.000000000000002 5625.0000000000009 7504.0000000000009 51253.000000000007 59000.000000000007 59500.000000000007 1.2746615087040623 1.5000000000000002 10504.000000000002 0.6830127018922193 9.0000000000000018 -0.68301270189221952 17250.000000000004 33500.000000000007 28763.867043389957 20583.333333333339 0.050423728813559332 0.20420084810122383 15.500000000000002 11.000000000000002 6812.9531070931198 -1894.6300571032423
decision_type=8 2 10 2 2 10 10 2 2 10 2 2 2 10 2 2 8 2 8 2 2 2 8 2 2 2 2 2 2 2 10 10 8 2 2 10 2 2 10 10 2 10 2 2 2 10 8 10 10 2 2 10 2 2 2 2 8 2 8 8 10 2 2 10 2
left_child=2 5 7 4 16 10 26 54 32 50 29 12 -10 33 15 48 17 -4 19 47 21 27 23 25 28 60 -6 -7 -24 -2 36 -26 -9 35 -12 -13 37 -22 -14 40 -8 -15 -38 53 -23 -35 -34 -17 49 -3 -5 52 -52 -44 -1 -56 -36 -19 -31 -28 61 62 -11 64 -63
right_child=1 14 3 9 6 20 39 8 11 22 34 13 38 41 -16 18 -18 57 -20 -21 30 44 24 -25 31 -27 59 -29 -30 58 -32 -33 46 45 56 -37 42 -39 -40 -41 -42 -43 43 -45 -46 -47 -48 -49 -50 -51 51 -53 -54 -55 55 -57 -58 -59 -60 -61 -62 63 -64 -65 -66
leaf_value=0 0 0 0 0 0 0 0 -6.6803879765884524 217.81686961989234 288.97205696633654 0 108.90843480994617 0 -260.07485126970289 -544.54217404973087 -1.6700969941471131 0 57.79441139326731 33.401939882942258 -288.97205696633654 -57.79441139326731 0 0 -108.90843480994617 288.97205696633654 -54.454217404973086 0 3.3401939882942262 -272.27108702486544 0 0 0 0 0 0 0 0 0 51.114023416678862 0 -569.5936289619375 3.3401939882942262 0 0 0 0 -272.27108702486544 33.401939882942258 -544.54217404973087 -272.27108702486544 0 0 54.454217404973086 0 115.58882278653462 3.3401939882942262 0 0 0 0 0 16.700969941471129 0 0 0
leaf_weight=354 807 587 688 201 1556 102 113 136 566 149 246 445 937 346 558 198 270 107 202 309 95 173 357 986 166 405 788 356 295 96 508 120 211 271 873 1169 1049 799 304 158 124 185 368 1211 287 589 100 160 322 220 743 214 205 328 778 104 664 98 921 356 128 103 98 252 333
leaf_count=354 807 587 688 201 1556 102 113 136 566 149 246 445 937 346 558 198 270 107 202 309 95 173 357 986 166 405 788 356 295 96 508 120 211 271 873 1169 1049 799 304 158 124 185 368 1211 287 589 100 160 322 220 743 214 205 328 778 104 664 98 921 356 128 103 98 252 333
internal_value=-0.000272038 -0.00928787 0.00636708 0.00226819 0.00804048 -0.00621008 0.0125881 0.0120229 0.00958615 -0.00286464 -0.0117154 0.0112921 0.0178406 0.00727819 -0.0198908 -0.0161092 -0.00390723 0.00115121 -0.00747638 -0.0131774 -0.00240679 0.0060752 -0.00638055 -0.009404 0.00134175 -0.00380433 0.0153466 0.0168917 -0.00483724 -0.00549845 -0.00423851 0.0159473 -0.00832207 0.0103079 -0.0179509 0.0139664 -0.00272752 -0.00977977 0.0116042 -0.00578165 -0.0155917 -0.00647323 -0.000524464 -0.00362593 -0.00434709 0.00320335 0 -0.00173598 -0.022551 -0.0179612 0.00574625 0.00817548 0.0111686 0.00378922 0.0221895 0.0260352 -0.0202924 0.0224228 0 0.0088578 0.000642519 0.00300892 0.0145074 -0.000907416 0.00458453
internal_weight=26947 11439 15508 9013 4258 8883 3095 6495 5259 4755 3607 4812 1807 3005 2556 1998 1163 893 869 667 5276 918 3392 2454 938 1468 2700 458 652 1824 4358 286 447 2474 1783 1614 3850 894 1241 395 237 531 2956 1907 460 860 311 358 1129 807 1363 1162 948 696 1236 882 1537 205 1017 1144 1063 935 247 688 436
internal_count=26947 11439 15508 9013 4258 8883 3095 6495 5259 4755 3607 4812 1807 3005 2556 1998 1163 893 869 667 5276 918 3392 2454 938 1468 2700 458 652 1824 4358 286 447 2474 1783 1614 3850 894 1241 395 237 531 2956 1907 460 860 311 358 1129 807 1363 1162 948 696 1236 882 1537 205 1017 1144 1063 935 247 688 436
is_linear=0
shrinkage=0.0577944


Tree=2
num_leaves=66
num_cat=0
split_feature=42 38 0 64 63 39 38 77 101 51 127 127 110 63 120 34 51 86 92 49 35 101 53 50 34 80 35 123 101 61 131 52 127 131 101 53 63 1 131 101 1 50 111 131 22 62 100 51 11 102 55 47 29 86 35 95 100 100 23 131 111 28 127 22 16
split_gain=334.086 62.1458 61.201 81.1653 51.0703 48.7426 47.7702 39.1149 32.6924 32.4399 33.4298 32.3926 41.1672 33.1255 27.5289 24.4525 24.2137 26.7806 23.9348 23.725 23.4578 22.0984 21.1983 21.7455 18.5554 18.2799 18.629 17.5287 22.2894 24.1984 23.0202 19.9516 19.4195 18.7016 21.7219 21.0409 17.4544 22.4757 22.2633 35.032 22.1521 43.7977 18.4757 16.7439 16.5074 16.3075 16.0351 15.8371 15.1018 14.7789 14.3136 14.0531 13.3518 13.0387 12.9677 12.982 12.5285 12.3358 12.0568 12.0016 11.9834 17.0728 13.4636 16.6021 11.7177
threshold=0.22140372138502495 10833.333333333332 21.000000000000004 0.040408163265306128 -176.99999999999997 0.82807881773399028 -833.33333333333019 54500.000000000007 -750.55439142283819 66250.000000000015 144.50000000000003 105.50000000000001 0.18808962264150947 1.0000000180025095e-35 0.22649572649572652 5375.0000000000009 38750.000000000007 70500.000000000015 4875.0000000000009 72333.333333333358 0.15804922130561147 -317.01229379073078 2355.8198965757811 30250.000000000004 5128.0000000000009 112500.00000000001 0.16398082656716773 1250.0000000000002 1917.2776691654337 750.00000000000011 0.6830127018922193 8231.0248069064091 10.500000000000002 -0.5 -3706.275320985354 2355.8198965757811 3250.0000000000005 9.0000000000000018 -0.68301270189221952 1171.201479009924 11.000000000000002 82083.333333333358 0.14415584415584418 0.6830127018922193 9441.840479925113 1250.0000000000002 -0.99127526527081489 39833.333333333336 19500.000000000004 -7652.585710296381 8367.5566576299425 71250.000000000015 54000.000000000007 29875.000000000004 0.033044246696625763 0.025202794539994404 -3101.4740608006828 -2372.5378661196223 758.09804357910241 0.25000000000000017 0.072751322751322761 34250.000000000007 92.500000000000014 1037.7490433255382 35166.80000000001
decision_type=10 2 2 10 10 2 2 10 2 8 2 2 10 8 10 2 10 10 10 10 2 2 10 8 2 8 2 10 2 10 2 10 2 2 2 10 10 2 2 2 2 10 10 2 10 10 2 10 10 2 8 8 2 10 2 10 2 2 10 2 10 2 2 10 10
left_child=2 4 3 6 8 16 19 11 15 27 14 13 -13 -3 50 -2 18 57 45 54 -9 -6 23 43 -24 26 46 28 32 -30 -31 -29 -7 35 -35 -34 38 -38 39 -23 41 52 -42 -8 -19 58 -17 -44 -10 -28 -11 -26 -39 -45 55 -1 -37 -18 -4 -47 -40 62 63 -62 -59
right_child=1 7 5 -5 21 9 22 20 48 10 -12 12 -14 -15 -16 25 17 44 -20 -21 -22 36 24 -25 51 -27 49 31 29 30 -32 -33 33 34 -36 56 37 40 60 -41 42 -43 47 53 -46 59 -48 -49 -50 -51 -52 -53 -54 -55 -56 -57 -58 64 -60 -61 61 -63 -64 -65 -66
leaf_value=0 0 31.471494428014317 6.6803879765884524 54.840306495958679 0 -6.2942988856028634 0 -513.07067962171664 0 19.848119384272561 -282.67775808073372 -544.54217404973087 -10.280930425663513 -536.143427942622 -289.06857923908291 0 272.27108702486544 -257.2402140775414 -6.6803879765884524 0 -802.04273658805312 0 0 0 0 -544.54217404973087 0 32.436717155478291 -16.700969941471129 0 282.09862444425534 -3.3401939882942262 0 6.6803879765884524 0 15.735747214007159 0 0 0 -170.04304019150771 0 -1.9304454549279479 0 54.454217404973086 15.735747214007159 0 -255.57011708339431 -288.97205696633654 0 -115.58882278653462 0 -256.0527284471263 288.97205696633654 0 0 0 0 282.67775808073372 0 -6.2942988856028634 0 0 0 -0.19304454549279482 0
leaf_weight=217 724 131 125 1116 1191 107 797 202 371 124 242 203 216 102 198 705 555 119 229 167 344 515 494 335 511 108 102 317 650 342 109 148 374 274 2478 121 328 100 1693 279 128 135 219 97 97 115 111 169 1630 449 449 141 252 95 1355 102 1104 116 865 124 98 369 327 155 782
leaf_count=217 724 131 125 1116 1191 107 797 202 371 124 242 203 216 102 198 705 555 119 229 167 344 515 494 335 511 108 102 317 650 342 109 148 374 274 2478 121 328 100 1693 279 128 135 219 97 97 115 111 169 1630 449 449 141 252 95 1355 102 1104 116 865 124 98 369 327 155 782
internal_value=-0.00129281 -0.00883678 0.00419106 0.00915123 -0.00733623 0.00152257 0.0054903 -0.021352 -0.012235 -0.00112344 -0.0106818 -0.0112745 -0.0209141 0.00534311 -0.00446707 -0.00721263 0.00752995 0.0122975 0.0019321 0.0125295 -0.0329108 -0.00384742 0.000160189 -0.00473951 0.00597631 -0.0114875 -0.00944072 0.000458868 -0.000414107 -0.00778974 0.00214381 0.0112103 0.00137129 0.00201552 0.00492608 -0.00288018 -0.0056197 0 -0.00779445 -0.0163696 0.00429871 0.0131823 -0.00376713 -0.000224535 -0.00602052 0.00524554 -0.00358696 -0.0103148 -0.0176421 -0.0177068 0.00169006 -0.000163626 0.0240437 0.0147458 0.0146383 0.00338007 -0.00662703 0.0151532 0.00860197 -0.0078335 -0.00513091 -0.010368 -0.0165294 -0.0267905 0.0105058
internal_weight=26947 11356 15591 5427 10158 10164 4311 1198 4200 7037 1013 652 419 233 771 2199 3127 1669 1458 1841 546 5958 2470 1324 1146 1475 1367 6024 5559 1101 451 465 4458 4351 2752 1599 4767 1331 3436 794 1003 487 516 989 216 1229 816 388 2001 551 573 652 352 192 1674 319 1225 1453 990 239 2642 949 580 253 898
internal_count=26947 11356 15591 5427 10158 10164 4311 1198 4200 7037 1013 652 419 233 771 2199 3127 1669 1458 1841 546 5958 2470 1324 1146 1475 1367 6024 5559 1101 451 465 4458 4351 2752 1599 4767 1331 3436 794 1003 487 516 989 216 1229 816 388 2001 551 573 652 352 192 1674 319 1225 1453 990 239 2642 949 580 253 898
is_linear=0
shrinkage=0.0577944


Tree=3
num_leaves=66
num_cat=0
split_feature=42 37 54 34 16 77 35 16 50 38 15 127 0 1 101 0 131 21 0 77 91 110 127 91 26 109 41 50 0 63 131 63 112 83 112 95 131 127 5 35 127 31 22 105 39 43 29 131 74 1 101 0 112 42 32 9 38 62 54 97 1 108 26 95 63
split_gain=193.11 73.2713 54.7021 52.3865 41.7714 40.983 34.6556 32.6952 32.5391 52.9079 49.0431 32.5074 31.6449 30.545 30.9389 29.8433 26.9271 25.9532 33.289 38.0528 31.9583 23.189 22.6964 21.973 21.6833 20.502 20.134 37.2726 36.5825 19.6642 19.262 18.7778 20.8064 18.5043 18.4984 18.791 18.2094 22.3534 21.2965 17.5992 16.8871 19.7097 19.2879 16.0609 15.9496 15.6171 15.3987 15.2093 14.9054 14.6538 17.7174 14.063 16.2657 13.8712 13.6772 13.6152 13.4233 23.5565 13.135 12.1701 13.2365 12.1589 12.95 15.6502 12.0537
threshold=0.081649658092772817 11250.000000000002 1953.5871887841511 5003.0000000000009 29533.466666666671 51000.000000000007 0.15804922130561147 83535.714285714304 74250.000000000015 -13999.999999999998 73642.857142857145 105.50000000000001 33.000000000000007 11.000000000000002 1585.8075886425215 13.000000000000002 1.0000000180025095e-35 2672.6124191248196 33.000000000000007 37500.000000000007 8875.0000000000018 0.16542288557213933 218.50000000000003 4874.0000000000009 32.500000000000007 0.09232954545454547 1254.0000000000002 30250.000000000004 21.000000000000004 -2749.9999999999995 0.6830127018922193 -3749.9999999999995 0.09232954545454547 49250.000000000007 -0.09850361197110423 0.068618519017768206 0.6830127018922193 32.500000000000007 25500.000000000004 0.15440002449996032 96.500000000000014 107500.00000000001 11217.137594955731 -3749.9999999999995 1.0938416422287391 0.22500000000000003 51583.333333333336 -0.9330127018922193 25500.000000000004 9.0000000000000018 4141.6379001133873 21.000000000000004 0.42245581962218165 -0.59592133267205349 632.45553203367592 107500.00000000001 -2266.6666666666656 2250.0000000000005 6055.7415019990885 35125.144857872248 9.0000000000000018 -0.015628815628815625 49.500000000000007 0.20420084810122383 -1.0000000180025095e-35
decision_type=8 2 10 2 10 8 2 10 10 2 8 2 2 2 2 2 2 8 2 8 10 10 2 10 2 10 2 8 2 10 2 10 8 10 8 10 2 2 10 2 2 2 10 10 2 2 2 2 10 2 2 2 10 10 2 10 2 10 10 2 2 10 2 10 10
left_child=8 2 4 12 -2 11 -7 13 9 -1 -10 23 16 15 43 22 46 25 24 20 45 -13 -5 -3 -19 26 27 54 36 53 -22 -21 -33 -24 35 -18 38 48 -28 -39 42 -42 -12 -15 49 -20 -4 -45 -38 50 -17 52 -16 -30 -11 -9 -40 64 -51 -47 -61 -31 63 -63 -58
right_child=1 5 3 7 -6 6 -8 55 10 17 40 21 -14 14 51 44 34 18 19 31 30 -23 33 -25 -26 -27 28 -29 29 61 -32 32 -34 -35 -36 -37 37 39 56 -41 41 -43 -44 47 -46 59 -48 -49 -50 58 -52 -53 -54 -55 -56 -57 57 -59 -60 60 -62 62 -64 -65 -66
leaf_value=288.97205696633654 0 29.652617931880737 0 0 0 -257.50056253832219 -1044.6612056810379 -513.07067962171664 -270.60099003071832 0 0 -481.59918519370223 -49.540448695278151 0 -102.42109137885052 0 0 0 205.1317495759402 -32.629761700971088 12.974686862191316 -271.67690670233907 0 -482.08458578140403 276.3834591951308 -5.7151652491244791 0 0 0 2.9541048973086368 571.26372595608473 31.289606778400962 -116.49826103460141 0 0 288.77901242084374 35.433323471214692 108.90843480994617 0 0 0 -577.94411393267308 23.14890169697734 -231.17764557306924 -272.27108702486544 -7.2316293733682455 9.8275374193898841 0 0 239.2663931287882 -288.97205696633654 -281.71253535326974 0 -40.877451473902639 0 -466.71709174836468 0 -3.1694632345603058 0 -6.2942988856028634 6.4873434310956579 0 0 -5.3290761581388892 0
leaf_weight=374 1337 108 1692 998 1093 167 287 295 296 701 271 158 340 235 439 328 95 865 184 305 183 199 206 105 329 657 405 264 745 542 95 171 205 310 1073 237 104 273 382 111 159 102 215 110 447 114 191 1308 149 95 177 207 99 238 361 124 465 139 276 143 178 3503 208 164 611
leaf_count=374 1337 108 1692 998 1093 167 287 295 296 701 271 158 340 235 439 328 95 865 184 305 183 199 206 105 329 657 405 264 745 542 95 171 205 310 1073 237 104 273 382 111 159 102 215 110 447 114 191 1308 149 95 177 207 99 238 361 124 465 139 276 143 178 3503 208 164 611
internal_value=-0.00111482 -0.00628716 -0.00496702 -0.00291826 -0.0127031 -0.021143 -0.0342235 -0.00640378 0.00350829 0.00429509 -0.00623318 -0.0102662 0.00246455 -0.00510661 -0.0099121 -0.000973729 0.00424679 0.00364836 0.00861804 0.00295497 0.0108384 -0.020984 0.00448885 0.00690519 0.015921 0.0022532 0.00296027 -0.00355858 0.00405917 0.00129266 0.0270804 -0.00716562 0.0010443 -0.00510238 0.010294 0.0223758 0.00964235 0.0183071 0.00676838 0.0271299 0.00145221 -0.0100233 0.00801317 -0.00533336 -0.00735742 0.00314372 -0.000179399 -0.00771955 0.00402472 -0.00255359 -0.00907784 -0.0197581 -0.0140755 -0.00602641 0.00113134 -0.0220087 0.00360602 0.000467494 0.00584353 -0.00248571 0.00282476 0.00296602 0.00177114 0.00261157 0.0035261
internal_weight=26947 12736 11712 9282 2430 1024 454 5654 14211 13168 1043 570 3628 5235 2398 2837 3288 12794 2772 1578 897 357 1514 213 1194 10022 9365 1326 8039 5400 278 681 376 516 1405 332 2639 637 2002 384 747 261 486 1653 1323 619 1883 1418 253 876 505 745 538 983 1062 419 1597 1215 371 435 321 4417 3875 3667 1076
internal_count=26947 12736 11712 9282 2430 1024 454 5654 14211 13168 1043 570 3628 5235 2398 2837 3288 12794 2772 1578 897 357 1514 213 1194 10022 9365 1326 8039 5400 278 681 376 516 1405 332 2639 637 2002 384 747 261 486 1653 1323 619 1883 1418 253 876 505 745 538 983 1062 419 1597 1215 371 435 321 4417 3875 3667 1076
is_linear=0
shrinkage=0.0577944


Tree=4
num_leaves=66
num_cat=0
split_feature=38 41 40 54 50 77 35 131 0 39 0 131 127 26 41 38 51 127 103 86 8 102 6 11 63 43 125 69 35 37 96 25 59 106 55 89 101 0 125 96 39 32 45 74 88 95 102 45 35 125 5 35 125 40 50 127 56 29 44 38 121 127 8 121 112
split_gain=138.176 79.9598 59.9315 51.707 67.5029 50.4468 52.5817 42.0446 35.9917 40.7643 33.2914 29.4048 27.7524 27.5688 27.2639 22.8456 22.8453 27.8872 22.2262 22.0853 21.3948 23.7079 21.2471 21.2222 20.4006 20.3423 19.8237 18.5489 17.9667 17.4592 21.0578 21.3754 17.2232 19.3139 17.5326 16.1464 16.8775 22.174 15.7707 15.1835 14.7129 22.7652 29.0838 15.297 21.0047 14.8885 19.0041 14.3211 19.2888 13.386 13.139 17.5887 13.0054 15.213 14.7136 12.7057 12.4786 17.9639 12.4275 12.4179 12.3913 12.2263 15.5622 14.6416 12.1629
threshold=8750.0000000000018 1254.0000000000002 5500.0000000000009 1953.5871887841511 29667.333333333339 54500.000000000007 0.15804922130561147 1.0000000180025095e-35 21.000000000000004 0.8561576354679804 33.000000000000007 -0.24999999999999994 96.500000000000014 46.500000000000007 2004.0000000000002 833.33333333333042 57333.333333333336 195.50000000000003 1.0000000180025095e-35 114375.00000000001 61000.000000000007 6773.3945397604848 38500.000000000007 28004.000000000004 1250.0000000000002 0.45833333333333343 8.5000000000000018 -1583.3333333333333 0.11132260332784373 -9249.9999999999982 40316.810616658397 7.5000000000000009 7004.0000000000009 12500.000000000002 3013.8556183179981 40004.000000000007 2067.3220983033366 10.000000000000002 18.500000000000004 44934.745166825138 0.71503759398496258 11302.64914481049 61250.000000000007 61000.000000000007 12500.000000000002 0.088236339961927923 -85.199219034582697 18250.000000000004 0.045117572147131725 19.500000000000004 29500.000000000004 0.027892980216096295 13.500000000000002 4400.0000000000009 46500.000000000007 248.50000000000003 19500.000000000004 35916.666666666679 31750.000000000004 -11666.666666666668 1.0000000180025095e-35 168.50000000000003 30500.000000000004 0.13392857142857145 -0.09850361197110423
decision_type=2 2 2 10 8 10 2 2 2 2 2 2 2 2 2 2 10 2 10 10 8 2 10 10 10 2 2 8 2 2 2 2 8 10 10 8 2 2 2 2 2 2 10 8 10 10 2 10 2 2 10 2 2 2 10 2 10 2 8 2 10 2 8 10 8
left_child=1 3 8 4 15 7 12 60 9 -3 11 16 -7 58 23 50 22 -18 24 28 21 25 -4 49 -5 -12 40 -9 -13 30 31 59 34 52 47 36 -30 -38 -32 -40 -10 42 43 44 45 46 -42 -31 -49 -11 51 -1 54 61 -34 -17 57 -26 -6 -28 -2 62 -54 -63 -55
right_child=5 2 10 18 13 6 -8 27 26 14 20 19 -14 -15 -16 55 17 -19 -20 -21 -22 -23 -24 -25 56 -27 29 -29 35 32 38 -33 33 -35 -36 -37 37 -39 39 -41 41 -43 -44 -45 -46 -47 -48 48 -50 -51 -52 -53 53 64 -56 -57 -58 -59 -60 -61 -62 63 -64 -65 -66
leaf_value=0 -198.19532667456076 564.01763901349 0 0 -54.454217404973086 33.498462155688657 -521.16081613167125 -501.79828572738995 108.90843480994617 0 2.3624882471910502 16.700969941471129 -468.53596824449824 0 0 0 0 -288.97205696633654 -16.689813045591695 -483.41806168983572 -514.78673031714118 29.149083615429607 0 0 0 -173.38323417980195 522.12603885913529 16.700969941471129 0 0 -6.8140144898286117 0 0.33030461158840518 15.178927369287647 6.6803879765884524 7.6815463967468585 5.9193666904967106 -59.379143010547459 -15.735747214007159 20.256884807028445 3.1471494428014317 -24.6935577644551 49.797089451229219 -15.520026336744072 20.728940312617922 0 0 0 16.218358577739146 0 0 0 -0.38608909098558963 4.8057270010576891 -0.90943824806678963 0 0 0.1115689587943689 0 81.616479479034965 -272.67646973180496 -6.008621857532205 0.031858672062490663 -0.17073075373392105 0
leaf_weight=1163 145 145 418 2874 815 195 432 123 232 384 182 274 188 219 2259 486 284 169 485 105 330 115 963 300 378 425 110 457 1440 346 356 233 583 183 145 240 121 300 96 362 347 159 168 95 228 634 345 314 248 220 113 518 552 275 242 184 188 570 162 284 297 346 393 544 461
leaf_count=1163 145 145 418 2874 815 195 432 123 232 384 182 274 188 219 2259 486 284 169 485 105 330 115 963 300 378 425 110 457 1440 346 356 233 583 183 145 240 121 300 96 362 347 159 168 95 228 634 345 314 248 220 113 518 552 275 242 184 188 570 162 284 297 346 393 544 461
internal_value=-0.000754545 0.000358676 0.00262708 -0.00433441 -0.00943186 -0.0160425 -0.0268248 -0.00720627 0.00496986 0.0100854 -0.00239874 -0.000105157 -0.0104483 -0.020713 0.00861249 -0.00386144 -0.0056887 -0.0169501 -0.00013947 0.00395292 -0.0116013 -0.00564521 -0.00183083 0 0.00123635 -0.0104014 0.00290113 0.00275949 0.00517232 0.001159 0.00671635 0.0146553 -0.000534325 -0.00248213 0.00590063 0.00323673 0.00129748 -0.00869572 0.000343312 0.00762264 0.00760143 0.00583536 0.00774196 0.00524134 0.00671145 0.00373248 0.00962866 0.00265417 0.00846933 0.0063613 -0.000349054 -0.00174493 -0.00351682 -0.00556427 0.00264103 -0.0129471 0.00780408 0.0105611 -0.0248682 0.0228115 -0.0206127 -0.00838921 -0.00352564 -0.0133168 0.00123933
internal_weight=26947 25110 16955 8155 3660 1837 815 1022 11589 3308 5366 4314 383 1196 3163 2464 1834 453 4495 2480 1052 722 1381 904 4010 607 8281 580 2375 6073 1441 627 4632 3579 1053 2101 1861 421 814 458 2208 1976 1817 1649 1554 1326 692 908 562 604 1794 1681 3396 2571 825 670 1136 948 977 394 442 1835 945 890 736
internal_count=26947 25110 16955 8155 3660 1837 815 1022 11589 3308 5366 4314 383 1196 3163 2464 1834 453 4495 2480 1052 722 1381 904 4010 607 8281 580 2375 6073 1441 627 4632 3579 1053 2101 1861 421 814 458 2208 1976 1817 1649 1554 1326 692 908 562 604 1794 1681 3396 2571 825 670 1136 948 977 394 442 1835 945 890 736
is_linear=0
shrinkage=0.0577944


Tree=5
num_leaves=66
num_cat=0
split_feature=38 42 77 35 26 100 26 131 0 35 95 127 74 97 83 54 20 64 127 104 15 94 63 86 125 42 10 101 7 47 52 95 16 38 62 42 111 11 120 23 51 127 127 0 37 92 127 127 30 48 26 39 121 69 53 107 127 63 106 105 92 94 39 127 53
split_gain=148.998 49.7491 49.0612 51.4538 44.9944 35.9401 42.5617 33.6417 30.4882 54.3114 30.0703 26.7597 22.9491 20.2323 19.5172 19.4771 18.8993 18.8985 22.7426 20.6593 20.2769 21.0855 17.9957 28.3366 23.0118 17.9647 17.7538 20.091 17.1835 17.0978 17.0452 16.6825 16.6778 21.8307 16.6422 16.2147 23.5405 15.7161 14.7836 24.4728 16.2881 17.6319 14.4712 14.3257 14.1614 16.4951 13.9994 13.5973 13.1743 12.9478 12.9608 12.7194 13.3682 12.719 16.7118 12.704 12.6878 12.3799 11.4608 11.2371 13.5116 11.1534 19.7979 13.4614 10.9748
threshold=8750.0000000000018 -0.29371353002722594 54500.000000000007 0.15804922130561147 39.500000000000007 -16.045933425855761 11.500000000000002 1.0000000180025095e-35 21.000000000000004 0.033044246696625763 0.11648150084031088 96.500000000000014 71000.000000000015 49842.071590507338 79375.000000000015 5849.4998419270569 91250.000000000015 0.24662162162162166 343.50000000000006 -5529.9999999999991 43607.142857142862 0.048579299149877131 3250.0000000000005 63125.000000000007 25.500000000000004 1.1009637651263608 34500.000000000007 2317.6536137119697 61000.000000000007 30250.000000000004 8669.6793814499561 0.018202740147074532 71016.666666666672 -10000.666666666666 -2749.9999999999995 -0.8164965809277267 -0.09850361197110423 29500.000000000004 0.19090909090909094 1431.9827906239173 30250.000000000004 36.500000000000007 28.500000000000004 21.000000000000004 -1749.9999999999998 6375.0000000000009 346.50000000000006 149.50000000000003 49000.000000000007 44250.000000000007 27.500000000000004 1.218451749734889 1.0000000180025095e-35 -1583.3333333333333 8779.6793942693203 -34995.999999999993 56.500000000000007 2250.0000000000005 -4995.9999999999991 -3749.9999999999995 7375.0000000000009 0.052699399813706839 0.71503759398496258 117.50000000000001 3013.8556183179985
decision_type=2 10 10 2 2 2 2 2 2 2 10 2 10 2 8 8 10 10 2 10 10 10 10 10 2 10 10 2 8 8 10 10 10 2 10 10 8 10 10 10 10 2 2 2 2 10 2 2 2 10 2 2 10 8 10 10 2 10 8 10 10 10 2 2 10
left_child=1 8 7 11 5 14 12 51 9 29 13 -4 -7 46 31 -15 -16 18 19 30 21 -20 23 26 43 28 27 37 -12 -1 -10 -3 33 55 -34 36 -11 -8 39 40 41 -35 -40 48 45 -41 -6 -19 -24 50 -28 -2 -53 -9 -55 -21 -42 -56 -32 -44 -61 -57 -63 -64 -46
right_child=2 4 3 -5 10 6 22 53 17 35 25 -13 -14 15 16 -17 -18 47 20 32 -22 -23 24 -25 -26 -27 49 -29 -30 -31 58 -33 34 38 -36 -37 -38 -39 42 44 56 -43 59 -45 64 -47 -48 -49 -50 -51 -52 52 -54 54 57 61 -58 -59 -60 60 -62 62 63 -65 -66
leaf_value=0 -226.22191226394929 0 31.562438252820993 -491.04063352210653 0 0 0 -472.79714916562489 211.14055094574309 103.00022501532891 6.602289705432395 -441.45720774323286 44.423142418423929 -0.0064480623032802447 -288.97205696633654 0 14.770524486543184 7.010692588176858 -0.93733048776538186 -14.238529022930642 -259.16470806812492 0.34726476354079427 0 -288.97205696633654 -226.88006601186086 0 10.792115340623532 -156.38776377838221 0 0 28.413918923766399 0 -493.22062945035015 0.34468553861948226 0.98820735435900153 0 57.79441139326731 -54.454217404973086 -6.7545964575759765 -0.01908976060723366 -6.2719850938439894 0 -0.49302623011309438 -23.61832415115698 0 0.052560448245544338 0 286.5259975121985 16.126545138568904 0 0 -193.86565821099896 -469.47776211702563 -4.4013325504936471 27.830517404595515 230.14662783117271 0 19.242857133174144 -52.424988699891628 0.47622690800435857 59.480013323651796 274.2419077331312 33.953196832234603 -14.62305554980394 -108.57813019835777
leaf_weight=791 170 246 195 432 1502 1992 1582 123 346 172 395 188 161 237 224 234 146 109 120 96 120 132 262 196 199 100 100 209 104 241 245 4163 115 150 136 1182 361 441 168 1888 120 1081 228 226 138 762 324 96 184 602 368 102 170 207 120 112 309 130 122 726 243 110 161 130 203
leaf_count=791 170 246 195 432 1502 1992 1582 123 346 172 395 188 161 237 224 234 146 109 120 96 120 132 262 196 199 100 100 209 104 241 245 4163 115 150 136 1182 361 441 168 1888 120 1081 228 226 138 762 324 96 184 602 368 102 170 207 120 112 309 130 122 726 243 110 161 130 203
internal_value=-0.000447885 0.000708479 -0.0163251 -0.0269661 -0.00153784 -0.00319461 -0.00598594 -0.00760081 0.00364699 0.00892752 0.00486082 -0.0107474 0.000585757 0.00175502 0.000578325 -0.00875383 -0.0120503 0.00184542 0.00137045 0.00207701 -0.0124479 -0.00223018 -0.00926391 -0.0111227 -0.00157675 0.0163918 -0.00975401 -0.0127165 0.0209199 -0.00138739 0.0114439 0.00168777 0.00107412 0.00165539 -0.0133706 0.0152307 0.0239037 -0.0107767 0.000565093 -0.000954327 0.00461602 0.00804623 0.00586455 0.00332488 -0.00410828 -0.00258882 0.00457627 0.019095 0.00949801 -0.00338428 0.00353771 -0.0195746 -0.0274605 0.00127353 0.0060073 0.0120661 -0.0047924 0.0161602 0.0021619 0.00817784 0.0109274 0.0157642 0.010412 0.00173844 -0.0152465
internal_weight=26947 25110 1837 815 14197 11301 6522 1022 10913 2747 2896 383 2153 2297 4779 471 370 8166 7961 7589 372 252 4369 3498 871 599 3302 2232 499 1032 713 4409 6876 6625 251 1715 533 2023 6016 4651 1660 1231 1365 672 2991 2650 1826 205 446 1070 468 442 272 580 457 609 429 250 367 1197 969 513 401 291 341
internal_count=26947 25110 1837 815 14197 11301 6522 1022 10913 2747 2896 383 2153 2297 4779 471 370 8166 7961 7589 372 252 4369 3498 871 599 3302 2232 499 1032 713 4409 6876 6625 251 1715 533 2023 6016 4651 1660 1231 1365 672 2991 2650 1826 205 446 1070 468 442 272 580 457 609 429 250 367 1197 969 513 401 291 341
is_linear=0
shrinkage=0.0577944


Tree=6
num_leaves=66
num_cat=0
split_feature=38 26 77 35 101 63 50 63 26 52 13 112 127 47 63 127 51 20 110 51 22 51 39 73 101 127 1 50 15 51 58 77 47 42 101 47 92 26 127 127 93 39 100 95 64 35 94 111 131 11 35 26 52 112 120 100 55 89 112 93 127 26 23 0 1
split_gain=156.139 51.6927 50.2758 51.4538 37.7648 40.2349 37.1468 41.9995 32.4974 29.1654 32.9033 35.243 28.6871 50.8055 27.8202 26.7597 25.8187 32.2939 25.2951 25.0731 25.0454 24.6603 23.5429 21.9701 21.7026 21.0186 27.983 35.3989 53.4879 27.8274 30.4701 25.1855 30.3286 31.2353 23.3455 20.0882 23.1115 19.6166 20.3032 19.399 19.2516 18.7302 18.7208 20.0646 18.0741 22.9725 26.0672 18.2543 17.0786 22.0628 16.5975 16.359 16.0822 15.7476 15.74 15.3141 15.2351 15.1626 16.1693 15.1312 15.069 13.9491 20.8659 16.3992 13.7968
threshold=8750.0000000000018 39.500000000000007 54500.000000000007 0.15804922130561147 -273.41215079157149 -424.99999999999994 68250.000000000015 12000.000000000002 15.500000000000002 10820.48809584292 37500.000000000007 0.2682539682539683 152.50000000000003 62515.000000000007 -749.99999999999989 96.500000000000014 29583.333333333339 29250.000000000004 0.18808962264150947 16916.666666666668 7262.7303920255772 39250.000000000007 0.963409192324855 27350.000000000004 -10517.106905544142 12.500000000000002 11.000000000000002 75083.333333333358 90178.571428571435 28416.666666666668 7504.0000000000009 64000.000000000007 43000.000000000007 -1.1069902513999137 -3216.612814740352 12750.000000000002 7125.0000000000009 29.500000000000004 224.50000000000003 292.50000000000006 0.011864355654991684 0.70135135135135152 -5250.0635497148314 0.11905675582529403 0.078461538461538485 0.1441595863644082 0.069963112303063416 0.084523809523809543 -0.68301270189221952 45004.000000000007 0.073769605986119854 10.500000000000002 7005.8867426102979 0.49074074074074076 0.13392857142857145 -0.043285399568048881 6910.1138031603114 1850.0000000000002 -0.14907407407407405 0.08443887162972484 228.50000000000003 7.5000000000000009 3805.6219755367915 21.000000000000004 11.000000000000002
decision_type=2 2 10 2 2 8 10 10 2 10 8 8 2 10 10 2 10 10 10 8 10 8 2 8 2 2 2 10 10 10 10 10 8 10 2 10 10 2 2 2 10 2 2 10 10 2 10 10 2 8 2 2 10 10 10 2 8 10 10 10 2 2 8 2 2
left_child=1 4 8 15 12 48 7 35 14 10 11 16 19 20 -2 -4 17 37 52 -1 42 -12 59 -13 60 -21 27 31 51 30 -28 32 -27 -34 -35 39 44 -7 -39 -3 -18 -32 -14 57 47 46 -46 -37 -6 -50 -24 -29 -10 -20 -11 -31 -56 -44 64 -23 -15 62 -52 -63 -59
right_child=2 6 3 -5 5 9 -8 -9 18 54 21 23 13 24 -16 -17 40 -19 53 25 -22 22 50 -25 -26 26 29 28 -30 55 41 -33 33 34 -36 36 -38 38 -40 -41 -42 -43 43 -45 45 -47 -48 -49 49 -51 61 -53 -54 -55 56 -57 -58 58 -60 -61 -62 63 -64 -65 -66
leaf_value=85.914269264350111 25.365191232605589 0 29.738305711862854 -462.66122913751929 0 0 -36.944506498918997 1111.8469881280218 -187.07042412057214 0 61.068939153083683 -57.797016124306751 256.65375671788081 9.1475085973598009 -4.7165963829080608 -415.94344826639741 0 3.1471494428014317 -250.61171620260566 -0.0015188500844587622 21.587337730132553 13.568583625487888 9.2595606787909368 0 -266.34978591567773 272.28224392074486 51.307067962171658 0 50.234110260545975 0 -6.6569709033516453 561.24314399120192 275.64300608349322 0 -0.83313832346927397 0 6.2988125292151587 -0.027523253837747563 0 102.61523920582124 -6.7270009910334343 0 0 0 -0.006075400337835048 -2.9862859724862916 9.3138350702856378 0 0 0 0 -457.19889771386806 -446.84225712023664 45.193410562913307 0 -51.500112507664454 -283.77120472808758 0 0 -1.3606502341152691 -248.99940113813403 0 272.27108702486544 -261.86473837211236 0
leaf_weight=217 135 109 195 432 650 1928 174 148 112 219 169 296 158 96 240 188 338 216 167 336 169 622 255 187 215 192 223 123 200 1865 101 134 305 923 246 2696 625 261 313 166 252 552 307 1168 196 263 120 456 1123 421 117 211 239 129 117 149 325 375 1742 178 96 746 125 486 710
leaf_count=217 135 109 195 432 650 1928 174 148 112 219 169 296 158 96 240 188 338 216 167 336 169 622 255 187 215 192 223 123 200 1865 101 134 305 923 246 2696 625 261 313 166 252 552 307 1168 196 263 120 456 1123 421 117 211 239 129 117 149 325 375 1742 178 96 746 125 486 710
internal_value=4.25797e-05 0.00124009 -0.0161995 -0.0269661 -5.1187e-05 -0.00275051 0.00652823 0.007515 -0.00737536 -0.000620938 0.000532825 -0.00290701 0.00226475 -0.000892887 0.00578176 -0.0107474 -0.000713058 0.00161094 -0.015271 0.00504772 0.000796669 0.00543104 0.00389926 -0.0174494 -0.0203991 0.00424732 0.00517263 0.00988679 -0.00288815 0.00129546 0.00991423 0.0137758 0.0116273 0.00860051 0.00408442 0.00648298 0.00546014 -0.000181211 -0.00959453 0.0217672 -0.0116733 0.00324502 0 -0.000763211 0.00366563 -0.00554279 0.00449748 0.00541889 -0.00959615 -0.00608254 0 -0.0172757 -0.0257423 -0.00209547 -0.0121656 -0.00237364 -0.0184068 0.00159997 0.00297825 0.012075 -0.00498536 -0.00226325 0.0100928 -0.00485855 -0.00243494
internal_weight=26947 25110 1837 815 20157 9344 4953 4779 1022 7150 6489 3791 10813 5036 375 383 3308 2718 647 5777 4629 2698 2529 483 407 5560 5224 2334 534 2890 876 1800 1666 1474 1169 4631 4356 2502 574 275 590 653 4460 4302 3731 579 316 3152 2194 1544 1729 334 351 296 661 2014 442 3134 2827 800 192 1474 242 1232 1085
internal_count=26947 25110 1837 815 20157 9344 4953 4779 1022 7150 6489 3791 10813 5036 375 383 3308 2718 647 5777 4629 2698 2529 483 407 5560 5224 2334 534 2890 876 1800 1666 1474 1169 4631 4356 2502 574 275 590 653 4460 4302 3731 579 316 3152 2194 1544 1729 334 351 296 661 2014 442 3134 2827 800 192 1474 242 1232 1085
is_linear=0
shrinkage=0.0577944


Tree=7
num_leaves=66
num_cat=0
split_feature=38 77 35 26 42 131 109 127 0 80 54 39 2 26 127 109 63 101 46 34 23 22 47 51 59 26 42 95 31 35 0 42 47 99 111 49 42 11 16 20 39 22 51 101 69 35 79 89 34 26 77 74 107 57 7 50 63 26 127 37 121 51 31 40 0
split_gain=148.687 52.7463 51.4538 45.9858 37.1943 34.4463 26.8938 26.7597 22.6861 45.0721 41.629 40.6936 29.907 24.7721 27.7109 21.119 23.7457 21.2153 27.13 20.8221 24.6959 29.337 22.8537 21.2314 17.7355 16.9433 19.6297 16.567 16.4042 17.6593 25.6925 16.0545 17.6857 16.7518 17.3052 17.2964 16.0005 15.563 32.9714 15.0263 14.7077 14.6575 14.5638 14.1309 14.0589 13.897 16.225 13.8481 16.3045 15.6884 13.839 17.8076 13.8106 15.3653 21.5227 17.2683 13.7085 22.8079 22.9479 17.3465 13.3682 13.3086 20.4797 15.2802 12.8366
threshold=8750.0000000000018 54500.000000000007 0.15804922130561147 42.500000000000007 0.059804162993071196 1.0000000180025095e-35 -0.32575757575757569 96.500000000000014 33.000000000000007 87500.000000000015 1033.8299006464601 0.95380241648898367 43500.000000000007 31.500000000000004 240.50000000000003 0.1327044025157233 1.0000000180025095e-35 -750.55439142283819 61250.000000000007 1875.0000000000002 4359.6899605047865 1815.6825980064052 68250.000000000015 30041.666666666668 53000.000000000007 35.500000000000007 0.28455694568981665 0.24919362029399203 21004.000000000004 0.033044246696625763 21.000000000000004 1.1870494985328313 11750.000000000002 12512.65162728914 0.324561403508772 54833.333333333336 1.2909944487358052 18500.000000000004 15150.000000000002 86250.000000000015 1.218451749734889 5254.5114054380983 18583.333333333339 221.68491741531946 -1583.3333333333333 0.1440595597181259 29500.000000000004 39000.000000000007 14875.000000000002 11.500000000000002 30500.000000000004 49000.000000000007 504.00000000000006 21500.000000000004 28500.000000000004 22083.333333333339 -749.99999999999989 13.500000000000002 72.500000000000014 -15251.999999999998 1.0000000180025095e-35 66750.000000000015 57500.000000000007 10504.000000000002 39.500000000000007
decision_type=2 10 2 2 8 2 8 2 2 8 8 2 2 2 2 8 10 2 8 2 10 10 8 8 8 2 8 10 2 2 2 10 10 2 10 10 10 8 10 10 2 10 10 2 8 2 10 10 2 2 10 10 10 10 8 10 10 2 2 2 10 10 2 2 2
left_child=3 5 7 4 6 40 -1 -3 9 19 64 13 -13 24 -15 16 17 18 -6 23 37 -22 41 -8 56 26 -19 36 -28 30 -30 32 -5 -34 61 -36 52 38 -21 -11 -2 -23 -40 45 -7 -16 -47 49 -49 -46 -25 -52 -18 54 55 -54 59 58 -58 -12 -42 62 -35 -64 -10
right_child=1 2 -4 31 15 44 8 -9 10 39 11 12 -14 14 43 -17 27 25 -20 20 21 22 -24 50 -26 -27 28 -29 29 -31 -32 -33 33 34 35 -37 -38 -39 42 -41 60 -43 -44 -45 47 46 -48 48 -50 -51 51 -53 53 -55 -56 -57 57 -59 -60 -61 -62 -63 63 -65 -66
leaf_value=269.41435508529213 -197.56828168977276 28.019597837412704 -435.9219957250308 112.75257411695938 0 -441.1250483047279 0 -391.90424150095504 0 242.79507924844106 222.94134759499471 0 -267.85792955623458 -6.3164263463790142 8.8843981440381494 -43.65410991480001 0 0 -162.35150568030875 0.0023928939385894957 -3.1694632345603058 0 -16.337455505620227 -0.93622720628744849 -138.19840183162802 0 0 -216.36988150099953 -2.9652617931880738 -0.53515085919096494 0 0 -6.3531931756541207 0 115.02522925786006 35.301266669212737 -0.0064480623032802447 0.3638630802733418 0 12.498590574839609 -156.83632136942285 205.59223347889605 -5.3266131398147918 -15.282812672454634 22.182079240335462 0.010970564896714293 -5.9464824813231028 25.537133368471302 19.025910888466754 -190.18344098166534 0 -0.52867487509926192 0 -9.2108614354153744 2.9652617931880738 -47.965283283622249 0.76729922860263899 9.4671366902120724 -6.2789507492262944 -0.017986479129300209 -422.5857532192116 -66.951308399456536 217.33410805005792 0 48.341806168983581
leaf_weight=176 170 195 432 104 2484 123 1538 188 216 361 96 349 477 331 125 782 1053 363 384 281 143 596 129 424 143 392 247 96 203 1311 458 307 140 2348 160 95 193 1239 177 196 102 392 134 154 107 199 172 101 115 134 135 102 193 134 888 103 741 1071 194 1597 170 161 365 140 118
leaf_count=176 170 195 432 104 2484 123 1538 188 216 361 96 349 477 331 125 782 1053 363 384 281 143 596 129 424 143 392 247 96 203 1311 458 307 140 2348 160 95 193 1239 177 196 102 392 134 154 107 199 172 101 115 134 135 102 193 134 888 103 741 1071 194 1597 170 161 365 140 118
internal_value=-8.54692e-05 -0.0159482 -0.0269661 0.00106979 1.31789e-05 -0.00692446 0.00214565 -0.0107474 0.00179172 0.00435508 -0.000684059 -0.0018901 -0.0137173 0.000106042 -0.0080348 -0.00272472 -0.00186085 -0.00393366 -0.000319134 0.00266246 0.00573116 -0.000359353 0.00267489 -0.0015707 0.00223722 -0.00735397 -0.00907254 0.0026225 -0.0111265 -0.0128981 -0.00477172 0.00690581 0.00803466 0.00722947 0.00810392 0.022781 0.00357597 0.0100143 0.00192733 0.0199923 -0.0190556 0.00582113 -0.0106351 -0.000783286 0.00206604 0.00368654 -0.00152134 0.00701154 0.0176108 -0.00185761 -0.0102519 0.000205681 0.00493763 0.00887232 0.0110417 -0.00190244 0.0030573 0.00629472 -0.00011428 -0.000676455 -0.0274605 0.00677764 0.00772619 0.0183995 0.0189886
internal_weight=26947 1837 815 25110 21290 1022 12006 383 11830 5847 5983 5649 826 4823 981 9284 8502 5842 2868 5290 3091 1260 1117 2199 3842 2974 2582 2660 2219 1972 661 3820 3513 3409 3269 255 2564 1831 592 557 442 988 311 650 580 496 371 457 216 241 661 237 2371 1318 1184 296 3699 2006 935 1693 272 3014 2853 505 334
internal_count=26947 1837 815 25110 21290 1022 12006 383 11830 5847 5983 5649 826 4823 981 9284 8502 5842 2868 5290 3091 1260 1117 2199 3842 2974 2582 2660 2219 1972 661 3820 3513 3409 3269 255 2564 1831 592 557 442 988 311 650 580 496 371 457 216 241 661 237 2371 1318 1184 296 3699 2006 935 1693 272 3014 2853 505 334
is_linear=0
shrinkage=0.0577944


Tree=8
num_leaves=66
num_cat=0
split_feature=38 77 35 131 64 130 101 62 56 131 51 127 101 83 100 69 1 93 57 69 64 64 35 127 127 37 86 46 8 127 89 100 92 49 125 131 95 102 39 88 63 49 127 84 93 42 0 123 55 1 53 100 112 125 80 1 100 38 111 62 34 100 23 94 88
split_gain=136.294 61.1573 51.4538 43.0348 32.4648 46.3842 40.9894 35.5982 35.1043 28.4717 48.704 26.7597 26.1391 25.7411 28.2375 23.5732 19.1745 19.061 20.372 18.8181 18.0441 32.8437 23.6393 17.1759 20.8013 19.4438 37.2361 22.8146 31.9676 25.1476 22.3423 23.8042 16.9138 16.2125 15.4958 15.2065 22.0224 17.1054 14.7077 14.3874 18.1619 15.81 14.138 13.3033 13.0979 13.0474 16.1796 20.739 15.832 12.6775 21.0363 15.2809 13.3975 13.8652 13.2644 12.6218 12.5749 13.3571 12.5427 16.2915 12.2044 11.7204 11.6561 15.9543 12.5561
threshold=8750.0000000000018 54500.000000000007 0.15804922130561147 1.0000000180025095e-35 0.25462962962962971 0.68301270189221941 3365.4197957190777 2750.0000000000005 19500.000000000004 -0.5 65416.666666666672 96.500000000000014 -10978.145193959468 27125.000000000004 -6.8667278873690512 3250.0000000000005 9.0000000000000018 0.12889246246489469 15004.000000000002 -1583.3333333333333 0.19615384615384621 0.21583850931677021 0.11052879921041468 347.50000000000006 338.50000000000006 -12749.999999999998 70500.000000000015 22250.000000000004 24500.000000000004 10.500000000000002 7250.0000000000009 180.33783410639811 1562.5000000000002 57333.333333333336 3.5000000000000004 -0.68301270189221952 0.16550745256508589 9842.2465913622964 1.218451749734889 5530.0000000000009 -1.0000000180025095e-35 17416.666666666668 204.50000000000003 59250.000000000007 0.13696411321568006 0.66637441364565364 33.000000000000007 750.00000000000011 5244.4261065927794 11.000000000000002 4181.3071354895201 3.0174703069478714 -0.25007498500299935 21.500000000000004 29500.000000000004 11.000000000000002 -128.67781471437044 -3333.3333333333344 0.09232954545454547 1250.0000000000002 5128.0000000000009 -2.1506322809727859e-05 3924.5762638247652 0.1261357241084857 5004.0000000000009
decision_type=2 10 2 2 10 2 2 10 10 2 10 2 2 10 2 10 2 8 10 8 8 8 2 2 2 2 10 10 8 2 10 2 10 8 2 2 10 2 2 10 10 10 2 10 10 10 2 10 10 2 10 2 10 2 10 2 2 2 8 10 2 2 10 10 10
left_child=4 3 11 38 6 44 9 35 55 10 13 -3 -12 14 34 20 -10 18 49 -5 23 -22 -23 24 25 26 -11 30 -29 -30 31 -27 -16 43 -1 36 -8 45 -2 40 56 -42 -19 -21 -6 46 48 -48 -37 52 51 -51 53 -15 -53 -9 57 -36 -47 -60 61 -26 64 -64 -20
right_child=1 2 -4 19 5 -7 7 8 16 15 12 -13 -14 17 32 -17 -18 42 62 33 21 22 -24 -25 60 27 -28 28 29 -31 -32 -33 -34 -35 39 37 -38 -39 -40 -41 41 -43 -44 -45 -46 58 47 -49 -50 50 -52 54 -54 -55 -56 -57 -58 -59 59 -61 -62 -63 63 -65 -66
leaf_value=-0.17137555996424908 -186.14993913953313 26.400221672923372 -410.72814056872426 -415.63048578712954 557.51189912660368 -16.211975033866931 -261.91121329039078 58.191954729014832 -249.51616665554562 301.20775959670391 -0.49812042187449107 -369.25436654088247 -273.59955711716935 0.183177262074014 0 194.92058237912374 0.093223926341978278 238.23720655601312 0 10.553282636649161 -64.249728294340244 -9.9249119283047538 54.863585273298774 0 164.03830812414404 0 -13.444698750354279 -6.2438047910631207 -9.8224559238482811 0 5.6593041275319305 -0.00031701867042862149 -57.79441139326731 -10.602306268522467 0.012010082871029486 15.776183557027775 4.1831439977381386 -367.27969629299201 -184.98667543307917 -0.39733791987203382 0 2.7721253146882718 0.030928728913543094 33.627726479452342 12.083656509101923 0.090446872408562362 -63.818808519687302 23.603528236553231 -1.0509105074460985 0 0 0 0.34940756299304288 -12.061193445759836 -0.17137555996424908 0.45325330254404278 0 0 -97.14357583070047 -0.0064480623032802447 0 0 -0.021058597676987475 8.1353822319434563 9.8275374193898841
leaf_weight=151 170 195 432 123 259 147 299 339 229 222 143 188 267 121 620 257 428 178 269 118 100 118 109 756 108 1470 164 269 357 9044 274 546 392 177 96 120 95 106 272 190 199 234 111 162 101 97 310 140 154 969 810 283 859 95 191 198 159 362 193 119 120 147 768 131 117
leaf_count=151 170 195 432 123 259 147 299 339 229 222 143 188 267 121 620 257 428 178 269 118 100 118 109 756 108 1470 164 269 357 9044 274 546 392 177 96 120 95 106 272 190 199 234 111 162 101 97 310 140 154 969 810 283 859 95 191 198 159 362 193 119 120 147 768 131 117
internal_value=4.25797e-05 -0.0151318 -0.0269661 -0.00545903 0.00116184 0.0156098 0.000854608 -0.00567357 0.00177889 0.00171121 -0.00109215 -0.0107474 -0.0203908 0 -0.00489598 0.00326217 -0.00698846 0.00240178 0.00145044 0.00464171 0.00292105 -0.0102951 0.00121797 0.00325772 0.00376922 0.0033408 0.0161561 0.00290752 0.00165409 0.00223606 0.00811085 0.00586287 -0.0122291 0.0102753 0.000325592 -0.011226 -0.0213572 -0.00780834 -0.0190556 0.00259621 0.00536879 0.0144161 0.016772 0.018936 0.0268542 -0.00548524 -0.000544695 -0.0075022 0.0101786 0.00386618 0.00130259 0.0055483 0.0090494 -0.00312294 -0.00264583 0.0128182 -0.000731794 -0.00586903 -0.0137135 -0.0193969 0.0172367 0.0243466 -0.00465869 -0.0083166 0.00339217
internal_weight=26947 1837 815 1022 25110 507 24603 2827 1194 21776 7715 383 410 7305 2403 14061 657 4902 4613 580 13804 327 227 13477 12721 12346 386 11960 9670 9401 2290 2016 1012 457 1391 1633 394 1239 442 1240 1050 433 289 280 360 1133 724 450 274 3328 2253 1443 1075 216 474 537 617 458 409 312 375 255 1285 899 386
internal_count=26947 1837 815 1022 25110 507 24603 2827 1194 21776 7715 383 410 7305 2403 14061 657 4902 4613 580 13804 327 227 13477 12721 12346 386 11960 9670 9401 2290 2016 1012 457 1391 1633 394 1239 442 1240 1050 433 289 280 360 1133 724 450 274 3328 2253 1443 1075 216 474 537 617 458 409 312 375 255 1285 899 386
is_linear=0
shrinkage=0.0577944


Tree=9
num_leaves=66
num_cat=0
split_feature=38 77 131 35 103 127 62 130 109 52 127 28 53 94 86 86 1 131 53 35 125 47 55 96 28 50 53 69 101 118 55 111 48 11 131 130 63 64 0 55 110 64 125 55 55 102 39 100 49 131 127 89 73 100 42 100 121 38 84 125 0 100 102 94 101
split_gain=130.87 53.7262 44.4448 41.4943 35.3354 26.7597 26.2984 37.5992 23.1501 21.5048 28.143 28.598 37.2575 25.9602 41.1141 33.3114 22.7283 29.6089 28.8304 23.2642 22.2935 34.642 20.8863 20.093 28.33 20.9787 20.6234 19.6052 19.2662 19.005 18.785 17.1448 17.1283 16.7596 16.7277 16.6742 15.6458 15.5005 15.4865 17.5086 15.4167 23.3038 24.8237 18.7306 18.5806 15.2321 14.7077 14.6343 14.4957 14.3377 14.1489 20.3137 13.7322 13.559 13.5359 13.4495 13.3682 13.3218 13.3033 13.1815 13.1432 13.1324 14.7095 13.0249 12.9224
threshold=8750.0000000000018 54500.000000000007 1.0000000180025095e-35 0.15804922130561147 1.0000000180025095e-35 96.500000000000014 10750.000000000002 0.68301270189221941 -0.36038961038961032 7193.726299065821 76.500000000000014 48750.000000000007 7555.3009855711816 0.1261357241084857 58875.000000000007 67375.000000000015 11.000000000000002 0.25000000000000017 4173.323709158597 0.11896826748096599 6.5000000000000009 57000.000000000007 7599.3242749577303 45004.732958157663 36250.000000000007 43500.000000000007 6055.7415019990885 -1583.3333333333333 20246.526116101304 0.18333333333333338 9966.5548085837818 0.23205128205128209 29916.666666666668 87500.000000000015 -0.68301270189221952 0.68301270189221941 4250.0000000000009 0.016530054644808747 13.000000000000002 8367.5566576299425 0.17519181585677754 0.016530054644808747 5.5000000000000009 2572.2698549879774 1372.3324886684848 -4405.9110841845531 1.218451749734889 -959.98020060258557 57333.333333333336 -0.5 187.50000000000003 3004.0000000000005 16500.000000000004 256.44089471282047 -0.92904876660028501 13.221141190103483 1.0000000180025095e-35 -3333.3333333333326 59250.000000000007 22.500000000000004 21.000000000000004 20.097047077355459 -6.5216236948854194 0.060771307714210396 3365.4197957190777
decision_type=2 10 2 2 10 2 10 2 8 8 2 2 10 10 10 10 2 2 10 2 2 10 8 2 2 10 10 8 2 10 10 10 10 10 2 2 10 10 2 10 8 10 2 8 10 2 2 2 8 2 2 10 8 2 10 2 10 2 10 2 2 2 2 10 2
left_child=4 2 46 5 6 -3 8 28 -1 16 29 13 -13 14 38 -15 17 23 40 -19 21 -14 31 24 32 -26 -25 -4 -8 33 -31 35 -10 47 -27 50 -33 53 -12 -40 41 42 55 44 -44 -21 -2 -11 58 -43 51 -20 -39 -6 -37 -18 -48 -52 -29 -56 -28 62 -51 -5 -54
right_child=1 3 27 63 37 -7 7 -9 9 10 11 12 20 15 -16 -17 18 19 22 45 -22 -23 -24 26 25 34 60 48 -30 30 -32 36 -34 -35 -36 54 -38 52 39 -41 -42 49 43 -45 -46 -47 56 -49 -50 61 57 -53 64 -55 59 -57 -58 -59 -60 -61 -62 -63 -64 -65 -66
leaf_value=507.7708677163626 -175.39151297607128 24.874436400684989 -391.60936650396462 -295.40039995580196 0.46182874669467139 -347.91352777225836 590.04870308594263 -16.400219735706269 0.00055164073896672532 43.468121733332133 0 0.00037266196544519725 -59.311085315268194 271.07417340216944 6.6601941721489144 -14.032198694345341 0 319.13502563557159 0.0011272990209410993 -15.553214758163474 -22.255282489169939 31.62225091219306 0.0012170692575091174 -0.020193804439538884 267.92981946561815 -0.020193804439538884 0.0012170692575091174 9.9433618783972335 17.236653406215762 -203.24205136817855 46.404029125851302 -102.88630427062556 -5.7200027130010191 -2.326261070020248 8.1762773216188389 -0.54714759259041157 -0.006075400337835048 -48.322407596840399 -6.0443758937144612 0.0012170692575091174 -4.3555855336686902 0 0 0 -0.15862266061560448 0.036722073701869716 -137.08086246853955 0.030928728913543094 -9.9895522183220642 0.32462634490249065 0.036787381930368818 -0.025069515689641324 2.5229635874228613 -54.43874387956258 0.030928728913543094 0 -387.47146232647458 0 31.684231821078601 0 -5.1785007267317571 2.7827293373443878 0 -561.14310253721703 -3.688877751393588
leaf_weight=97 170 195 123 166 238 188 256 156 106 376 213 755 115 219 175 101 956 508 270 96 1325 204 430 610 384 267 497 118 109 124 116 161 132 175 248 197 109 146 348 141 431 682 2859 2130 633 506 102 472 177 325 460 971 388 1028 515 223 170 959 162 293 272 684 395 266 524
leaf_count=97 170 195 123 166 238 188 256 156 106 376 213 755 115 219 175 101 956 508 270 96 1325 204 430 610 384 267 497 118 109 124 116 161 132 175 248 197 109 146 348 141 431 682 2859 2130 633 506 102 472 177 325 460 971 388 1028 515 223 170 959 162 293 272 684 395 266 524
internal_value=0.00055082 -0.0143153 -0.00523358 -0.0254125 0.00164743 -0.0107474 0.00234545 0.015193 0.00203438 0.00189991 -0.00147214 -0.00410819 -0.00776691 0.00307438 -0.00189423 0.01713 0.00285712 0.00694054 0.00176028 0.0148382 -0.0126596 0.00051189 -0.00208844 0.00336883 0.00906421 0.0138245 -0.00120637 0.00503797 0.0253916 0.00588054 -0.0082762 -0.00344641 -0.00810536 0.00939525 0.00566965 -0.00234517 -0.0175147 -0.00511183 -0.00834513 -0.0140677 0.00358281 0.00411404 0.00243646 0.000799874 -0.00176679 0.00666871 -0.0190556 0.0128198 0.0107774 0.00948363 -0.00477075 -0.00928198 0 -0.00941788 0.00388899 0.010062 -0.0274605 -0.000684867 0.018936 0.00732617 0.00492758 0.0128473 0.0069391 -0.037811 0.0027057
internal_weight=26947 1837 1022 815 25110 383 22786 521 22265 22168 4859 3596 2399 1197 877 320 17309 3626 13683 1110 1644 319 4365 2516 1137 899 1379 580 365 1263 240 3935 238 1023 515 3665 270 2324 702 489 9318 8887 6801 5622 3492 602 442 848 457 2086 2660 1241 1058 1266 1005 1179 272 1419 280 808 769 1404 720 432 912
internal_count=26947 1837 1022 815 25110 383 22786 521 22265 22168 4859 3596 2399 1197 877 320 17309 3626 13683 1110 1644 319 4365 2516 1137 899 1379 580 365 1263 240 3935 238 1023 515 3665 270 2324 702 489 9318 8887 6801 5622 3492 602 442 848 457 2086 2660 1241 1058 1266 1005 1179 272 1419 280 808 769 1404 720 432 912
is_linear=0
shrinkage=0.0577944


Tree=10
num_leaves=66
num_cat=0
split_feature=38 77 131 35 40 0 61 127 127 83 111 63 41 89 69 127 43 125 35 112 42 41 100 22 35 89 92 58 11 51 50 0 0 49 32 39 120 130 69 0 32 93 49 112 12 64 130 39 49 131 16 21 87 95 0 127 35 77 121 84 28 12 52 35 42
split_gain=114.205 51.4465 44.4448 38.9586 36.7051 46.6709 27.635 26.7597 25.7758 30.2488 25.5071 22.0198 20.7052 23.3325 19.6052 19.2259 20.3 18.1967 29.3622 21.7192 21.682 20.4405 18.5829 17.846 25.5065 17.4141 23.5115 17.6527 15.6436 27.9768 23.8709 30.6345 30.1627 30.9248 21.1382 16.7715 16.4554 23.2495 25.8358 17.915 15.5845 15.5832 15.648 16.5861 15.5402 15.4687 14.8365 14.7077 14.4957 14.353 14.2982 14.6326 14.0732 18.5029 21.7753 14.0321 13.7616 13.6698 13.3682 13.3033 13.2578 27.9612 20.2481 13.1462 12.8047
threshold=8750.0000000000018 54500.000000000007 1.0000000180025095e-35 0.15804922130561147 8004.0000000000009 33.000000000000007 5265.0000000000009 96.500000000000014 96.500000000000014 20875.000000000004 -0.44327485380116954 5750.0000000000009 9496.0000000000018 49000.000000000007 -1583.3333333333333 313.50000000000006 0.45833333333333343 10.500000000000002 0.2742265059993016 -0.40767045454545453 -1.1179593787004802 34500.000000000007 -0.20791151228695523 534.5224838248505 0.11052879921041468 24500.000000000004 7375.0000000000009 20004.000000000004 29500.000000000004 29250.000000000004 35166.666666666679 39.500000000000007 39.500000000000007 44250.000000000007 1072.1269815902422 0.6708333333333335 0.20714285714285716 1.0000000180025095e-35 -832.66666666666663 33.000000000000007 3637.7187181782215 0.092314871765414516 29667.333333333339 0.039230769230769243 52500.000000000007 -0.034286833855799365 0.68301270189221941 1.218451749734889 57333.333333333336 -0.68301270189221952 30766.800000000007 1345.1854182691097 7500.0000000000009 0.064720968352601049 39.500000000000007 56.500000000000007 0.12339632559238022 43000.000000000007 1.0000000180025095e-35 59250.000000000007 18250.000000000004 30500.000000000004 5640.6247014725232 0.13174764861003285 0.6454972243679038
decision_type=2 10 2 2 2 2 10 2 2 8 8 10 2 10 8 2 2 2 2 10 8 2 2 10 2 10 10 10 10 8 10 2 2 10 2 2 10 2 10 2 2 10 10 8 8 10 2 2 8 2 10 10 10 10 2 2 2 10 10 10 2 10 10 2 10
left_child=4 2 47 7 6 8 10 -3 9 -6 -1 25 -11 -14 -4 16 57 19 28 -12 23 22 60 -21 -25 26 -10 64 29 35 31 45 36 49 -33 -19 37 -32 -39 -38 -20 42 43 -37 -26 -30 -8 -2 59 -34 -47 -52 53 54 -24 -35 -57 -7 -49 -16 -22 -62 -63 -41 -28
right_child=1 3 14 -5 5 15 46 -9 11 12 17 -13 13 -15 48 -17 -18 18 40 20 21 -23 52 24 44 -27 27 -29 30 -31 32 34 33 55 -36 41 39 38 -40 63 -42 -43 -44 -45 -46 50 -48 58 -50 -51 51 -53 -54 -55 -56 56 -58 -59 -60 -61 61 62 -64 -65 -66
leaf_value=347.62847441978079 -165.25486372024463 23.436832990168135 -368.97653367077766 -358.00491533914135 -102.98889925864475 9.2775316915776642 466.39094925004144 -327.80607021890557 0 0.030863577330163598 -4.8900674868459308 10.010775980282475 -0.019580374648941863 21.542417848168558 9.3686911313650132 9.9982681731238063 -250.67918545348383 -5.6589761567709056 0.087983819265072705 2.7728779948015112 0.022963911203229406 -145.23351980332492 0 -0.51552551953140557 80.433379122402911 -4.4184423594964546 -7.0339801362580317e-05 6.5365505750225008 0 0.358368695078018 -0.11857486095429025 2.9535832759808032 -15.29974606119862 191.22210842091371 -4.3308706061290332 0 312.94805911809698 -0.38492200194421577 1.2874480211099748 -2.327111037437493 0.37463081190943193 -0.95089265399496781 -0.16082620411859569 0.33804026251911634 229.31001802312525 0 -0.99131304147266741 -129.15835470888888 -9.412211927781831 129.76622651789555 -3.0073152250384307 0 18.804998688465762 -0.86098524419978784 3.1471494428014317 -48.459006134927073 -4.3655024450123765 -438.51620743726164 -365.07777722962743 29.853060292531534 0 3.1780781717149749 0.017646430018181621 65.620419719377892 0.0011670890413738981
leaf_weight=100 170 195 123 432 129 143 266 188 2451 1065 331 554 681 188 118 135 645 165 174 252 401 95 1012 217 393 931 320 173 157 842 803 251 97 128 128 2833 166 325 751 169 349 515 148 929 122 568 105 102 177 169 469 103 196 615 187 340 429 115 170 162 764 551 438 122 405
leaf_count=100 170 195 123 432 129 143 266 188 2451 1065 331 554 681 188 118 135 645 165 174 252 401 95 1012 217 393 931 320 173 157 842 803 251 97 128 128 2833 166 325 751 169 349 515 148 929 122 568 105 102 177 169 469 103 196 615 187 340 429 115 170 162 764 551 438 122 405
internal_value=-0.00022486 -0.0141269 -0.00523358 -0.0249887 0.000786725 -0.00245243 0.00229401 -0.0107474 -0.000702333 0.00466672 0.00193545 -0.00303291 0.00655848 0 0.00503797 -0.0138661 -0.0169516 0.0017464 0.000378199 0.00444391 0.00537422 0.00352341 0.00417233 0.0131612 0.00816187 -0.00446411 -0.00244555 0.0054406 -0.000266114 0.0018805 -0.00255418 -0.00821989 0.000113126 -0.00742523 0.00587242 6.10928e-05 0.00394919 0.00143858 0.00705993 0.0137902 0.013708 0.000781166 0.00206543 0.00283731 0.0152574 -0.0124822 0.0178839 -0.0190556 0.0107774 0.00940822 -0.0148532 -0.02148 8.19683e-05 -0.00142643 0.00263667 -0.0126356 -0.0156274 -0.00240008 -0.0274605 0.018936 0.00789885 0.00555619 0.0119884 0.00429047 0.0011787
internal_weight=26947 1837 1022 815 25110 7935 17175 383 6897 2063 16804 4834 1934 869 580 1038 903 16704 11130 5574 5243 4259 4164 984 732 4280 3349 898 10607 5432 5175 1676 3499 1163 379 4590 2336 1879 1076 457 523 4425 3910 3762 515 1297 371 442 457 266 1140 572 2010 1814 1199 897 769 258 272 280 2154 1753 989 291 725
internal_count=26947 1837 1022 815 25110 7935 17175 383 6897 2063 16804 4834 1934 869 580 1038 903 16704 11130 5574 5243 4259 4164 984 732 4280 3349 898 10607 5432 5175 1676 3499 1163 379 4590 2336 1879 1076 457 523 4425 3910 3762 515 1297 371 442 457 266 1140 572 2010 1814 1199 897 769 258 272 280 2154 1753 989 291 725
is_linear=0
shrinkage=0.0577944


Tree=11
num_leaves=66
num_cat=0
split_feature=40 77 40 109 62 39 34 11 35 0 26 25 86 37 80 101 35 51 121 0 94 99 35 127 131 26 127 46 47 130 80 26 39 127 118 51 40 125 101 110 101 38 99 35 0 127 30 14 95 38 125 55 16 127 101 101 19 79 9 89 53 60 64 32 121
split_gain=99.3261 48.9184 34.4012 28.0143 27.4243 24.7185 24.5414 27.6979 23.7144 32.3733 29.2421 32.8903 26.7374 38.4701 25.9311 31.1873 25.1247 25.0843 23.2621 22.9778 25.5806 22.6531 22.2291 21.956 20.7407 27.0398 20.738 20.7604 39.175 20.4018 19.6255 18.3435 17.9202 17.6968 22.8162 17.1817 17.0633 18.7282 18.0438 16.4441 19.0621 26.6676 27.7041 27.3889 21.9007 22.2405 21.1342 22.8647 19.7347 22.7222 17.6868 17.2736 18.2202 16.8837 16.176 15.1612 14.9458 14.8907 17.1507 22.653 22.2124 16.9164 16.0436 15.1991 14.3508
threshold=24500.000000000004 59000.000000000007 5500.0000000000009 -0.32575757575757569 4500.0000000000009 1.2113237639553431 13875.000000000002 45004.000000000007 0.09995910434834869 21.000000000000004 4.5000000000000009 2.5000000000000004 70500.000000000015 -12749.999999999998 31004.000000000004 -134.82394176234081 0.017215384672609833 40000.666666666679 1.0000000180025095e-35 39.500000000000007 0.13153845530795019 72579.981243992763 0.10552051707913418 352.50000000000006 -0.9330127018922193 9.5000000000000018 244.50000000000003 25250.000000000004 27750.000000000004 1.0000000180025095e-35 29500.000000000004 14.500000000000002 0.963409192324855 318.50000000000006 0.2678571428571429 62505.000000000007 3004.0000000000005 16.500000000000004 -6040.4136141516492 0.4354395604395605 -273.41215079157149 6666.6666666666706 51571.473764541639 0.17323539391191034 10.000000000000002 130.50000000000003 59000.000000000007 55214.285714285717 0.09519954891237932 2833.3333333333335 18.500000000000004 9853.0648157837531 61414.285714285717 109.50000000000001 415.80127014277974 -6790.8387320432767 31250.000000000004 11500.000000000002 25500.000000000004 3750.0000000000005 7076.9554660787026 498.00000000000006 -0.059629629629629623 2723.3403011827659 0.27922077922077926
decision_type=2 10 2 8 10 2 2 8 2 2 2 2 10 2 10 2 2 10 10 2 8 2 2 2 2 2 2 10 10 2 10 2 2 2 10 10 2 2 2 10 2 2 2 2 2 2 2 8 10 2 2 8 8 2 2 2 10 8 8 10 8 10 10 2 10
left_child=2 6 3 -1 8 31 21 -8 10 36 14 16 13 -11 15 -5 -12 18 -18 22 -21 -2 29 26 -6 -26 27 -13 -29 -4 -30 -3 -28 34 35 -27 38 -38 -10 40 41 42 43 53 45 54 47 -46 -49 -50 -43 55 -53 -24 -42 -44 -16 63 59 -59 61 -60 -62 -15 -61
right_child=1 5 19 4 24 -7 7 -9 9 12 11 23 -14 57 56 -17 17 -19 -20 20 -22 -23 39 -25 25 33 32 28 30 -31 -32 -33 -34 -35 -36 -37 37 -39 -40 -41 44 50 51 -45 46 -47 -48 48 49 -51 -52 52 -54 -55 -56 -57 -58 58 60 64 62 -63 -64 -65 -66
leaf_value=270.56586294507071 -34.770747818464812 -258.39501619717601 -0.0010154128103758895 3.2012581431191776 299.51899765702615 -796.99354082710113 30.618832767990508 -456.92632131729442 -0.056323991151042418 225.03507969511384 -0.1836751572960581 56.857080905501924 -193.98454348630185 -0.039458364785652594 -53.908758201598005 -3.0388682786623211 0.29677780760344552 -0.049950709368355356 51.14397984336172 -170.76128094197557 14.443347952900638 24.157388932752795 -0.00065587145500490304 -0.15153134831494799 470.40554523917905 -0.39226609978748073 0 -0.93733048776538186 0 11.425117117791258 -0.063485154236981645 -341.13703733324547 0 526.22762400867975 -28.322230640577022 39.187715343043472 0 0.009385943267618959 98.891797079424151 -246.27169157378367 0 -219.04942689442805 0.25652836448355071 0 -6.5151583379497352e-05 0 -307.15306795871413 18.851697718023434 14.651163793233565 -221.36373524253679 -0.020264144240901463 0.25536127544217679 -4.628152565644978 -7.0339801362580317e-05 2.849218278483491 0 -50.31967311198428 0.16050127016508844 0.4061640865716854 -4.9956636097006886 -12.849930307949565 -1.0233220377643981 0.23480483327803095 0.3670954079265793 0.75730526668268516
leaf_weight=161 245 272 576 102 118 244 116 253 96 256 95 96 315 98 112 200 294 143 250 293 157 102 218 120 252 373 417 319 923 709 2306 137 1267 150 162 111 651 644 335 122 151 265 345 845 2205 525 273 281 131 189 186 217 604 554 315 673 143 602 1534 1301 424 258 646 228 242
leaf_count=161 245 272 576 102 118 244 116 253 96 256 95 96 315 98 112 200 294 143 250 293 157 102 218 120 252 373 417 319 923 709 2306 137 1267 150 162 111 651 644 335 122 151 265 345 845 2205 525 273 281 131 189 186 217 604 554 315 673 143 602 1534 1301 424 258 646 228 242
internal_value=-0.00101617 -0.0161649 -0.000196227 0.00147118 0.00120827 -0.0276341 -0.00537095 -0.0158073 0.000504407 0.00272456 -0.00196486 -0.000796029 0.000654074 0.00161068 -0.0146296 -0.00243278 0.0102178 0.0142188 0.0199392 -0.00288376 -0.0156601 0.00525415 -0.00224627 -0.00241567 0.00972902 0.00686316 -0.00181962 -0.0042918 -0.00505876 0.0047484 -0.00307273 -0.0179177 0.0034201 0.0013632 -0.00256803 0.00342158 0.00968659 0.00613621 0.0198042 -0.00338001 -0.00302613 -0.00590973 -0.00410738 -0.00962485 -0.000210774 0.00719845 -0.00265976 -0.00108733 0.00878343 -0.000510307 -0.0191869 0.000654219 -0.00545803 -0.0175049 0.0163576 0.00576333 -0.0281488 0.000518286 -0.000229031 -0.00416578 0.00265949 0.00662653 -0.00381502 0.0124317 -0.00791777
internal_weight=26947 1369 25578 15744 15583 653 716 369 14417 7630 6787 6230 5904 5589 557 302 782 687 544 9834 450 347 9384 5448 1166 1048 5328 3644 3548 1285 3229 409 1684 796 646 484 1726 1295 431 8099 7977 3907 3456 1617 4070 991 3079 2806 601 320 451 1839 821 772 466 1018 255 5333 5007 2145 2862 1792 1070 326 1543
internal_count=26947 1369 25578 15744 15583 653 716 369 14417 7630 6787 6230 5904 5589 557 302 782 687 544 9834 450 347 9384 5448 1166 1048 5328 3644 3548 1285 3229 409 1684 796 646 484 1726 1295 431 8099 7977 3907 3456 1617 4070 991 3079 2806 601 320 451 1839 821 772 466 1018 255 5333 5007 2145 2862 1792 1070 326 1543
is_linear=0
shrinkage=0.0577944


Tree=12
num_leaves=66
num_cat=0
split_feature=38 20 40 34 112 89 32 121 55 16 108 64 78 127 39 41 95 76 111 2 83 40 94 38 75 51 97 88 50 33 56 130 63 62 25 131 35 54 23 35 101 16 100 19 39 63 9 87 107 11 12 39 10 19 95 22 28 51 51 58 131 9 44 11 46
split_gain=97.3001 49.0176 40.3815 35.9306 33.0065 31.2576 22.4542 27.8354 20.5195 24.5012 20.3079 21.3024 18.572 18.5275 17.8729 17.7119 28.4355 20.9244 26.1082 22.9548 23.0906 20.7832 19.6429 17.4353 17.2637 16.8878 31.3476 25.0745 17.1747 16.4137 17.1833 20.4616 37.7239 16.7113 16.2438 32.3166 25.1836 33.0931 19.6258 17.1543 23.4697 34.9229 24.4772 15.4823 15.1736 15.0721 14.8535 14.5263 14.3542 14.2932 14.2908 14.1506 13.3561 14.7163 13.2117 20.9918 23.0627 18.758 36.0377 15.157 13.2111 13.1786 25.8304 20.7217 26.0728
threshold=8750.0000000000018 59500.000000000007 2250.0000000000005 14125.000000000002 0.11324786324786326 39000.000000000007 1953.5871887841511 1.0000000180025095e-35 3196.3425179021388 15000.133333333335 -0.18465909090909088 0.20344827586206901 31004.000000000004 347.50000000000006 1.1978260869565218 21500.000000000004 0.23082187572527355 17500.000000000004 -0.070999999999999994 15004.000000000002 15125.000000000002 5500.0000000000009 0.11271509899826923 -1.0000000180025095e-35 54500.000000000007 31083.333333333339 40318.810049791486 7500.0000000000009 44250.000000000007 5500.0000000000009 10504.000000000002 0.68301270189221941 10750.000000000002 7000.0000000000009 1.5000000000000002 0.6830127018922193 0.16665183207227532 1033.8299006464601 660.89455225139716 0.15497516511348947 -210.38520998936744 27966.800000000007 24.580511544740151 31250.000000000004 1.218451749734889 425.00000000000006 28004.000000000004 16500.000000000004 -4995.9999999999991 27350.000000000004 69000.000000000015 0.86781609195402309 87500.000000000015 50002.000000000007 0.049790115748718507 1780.5419597215671 24750.000000000004 29583.333333333339 33500.000000000007 10504.000000000002 1.0000000180025095e-35 27350.000000000004 26750.000000000004 20500.000000000004 21250.000000000004
decision_type=2 10 2 2 8 10 2 8 10 10 8 10 10 2 2 2 10 10 8 2 8 2 10 2 10 8 2 10 10 2 10 2 10 10 2 2 2 8 10 2 2 10 2 8 2 10 8 10 8 10 10 2 10 8 10 10 2 8 8 10 2 8 10 8 10
left_child=2 4 10 5 -2 44 12 8 -8 -10 48 13 -4 34 -5 17 52 18 22 -20 -21 25 -9 -22 60 -19 27 -27 -28 -11 -31 32 -32 -33 36 61 37 38 46 40 -37 -42 -43 -39 -3 -14 -12 -30 -1 -15 -7 -13 53 -17 -23 59 -57 -58 -59 -56 -6 62 63 64 -36
right_child=1 3 6 14 24 50 7 15 9 29 11 51 45 49 -16 16 -18 21 19 20 23 54 -24 -25 -26 26 28 -29 47 30 31 33 -34 -35 35 39 -38 43 -40 -41 41 42 -44 -45 -46 -47 -48 -49 -50 -51 -52 -53 -54 -55 55 56 57 58 -60 -61 -62 -63 -64 -65 -66
leaf_value=262.20200691276449 -123.67824981542498 -131.22718683104441 0 -337.43699395028113 -387.36986830990617 -52.001716985382522 0.0015984361925159532 -0.21707829786225763 -0.019533072602105132 -0.03980948454459754 3.3356110885403356 260.05034700681972 -105.19672111293893 0.31791872449726882 -470.86231510320607 -11.587824932304711 3.5683159835571989 0.32673075792225237 0.008625048237390227 -43.253156486158318 9.385881157207713 3.7653974127574269e-06 -0.0013271857312779005 -12.640313655709909 54.293153026733542 -0.074678528112739104 244.15114396621749 0.14378213209714766 0.00012686442005324707 4.0652474172696716e-06 -0.0098405385074298822 2.96347616820408 281.11337506219974 -20.087642630601863 0.2652146354028746 108.71244253421706 6.8076107745622529 -50.043407739231561 -2.9507592227766812 -0.0081727949591296114 57.450452057685432 -1.4679700340347266 3.1458681413517313 -7.2962231957927415 -297.88699911310749 -0.14277368323145742 -1.3283647918304635 192.18332357536562 0.14049909915338804 -6.0645605818181565 26.173118203210993 34.810656848990739 -0.58892366126549467 -280.30095584295566 -0.0013271857312779005 0.49169234018311231 -0.36413173018111356 6.3163239974815344 -0.01268950464935849 -0.19899783264123114 11.51610739841956 0 0 1.5976521707444962 -11.760055712477346
leaf_weight=185 189 257 292 278 100 105 641 163 115 108 99 132 101 117 332 134 144 367 363 198 95 548 103 103 153 302 279 212 1039 969 1193 422 174 120 1099 325 256 165 152 277 132 178 300 246 168 178 105 110 127 219 97 104 99 238 339 255 142 133 4079 365 158 5621 785 267 96
leaf_count=185 189 257 292 278 100 105 641 163 115 108 99 132 101 117 332 134 144 367 363 198 95 548 103 103 153 302 279 212 1039 969 1193 422 174 120 1099 325 256 165 152 277 132 178 300 246 168 178 105 110 127 219 97 104 99 238 339 255 142 133 4079 365 158 5621 785 267 96
internal_value=-0.0007331 -0.0135616 0.000199884 -0.0201215 0 -0.00988803 -0.00183637 -0.00134667 0.00286789 0.000853689 0.00283364 0.00238603 -0.0130656 0.00197505 -0.0302308 -0.00297326 -0.0125098 -0.00231127 -0.0101076 -0.00430997 -0.0140152 -0.00130712 -0.0257123 0 0.00918449 0.0032955 0.0010355 -0.0110422 0.00552569 0.00193052 0.00282524 -0.000267622 -0.00412689 0.0090978 0.00243529 0.00322494 -0.00438387 -0.00974155 0.00271048 0.0120237 0.0157576 0.00856034 0.000823037 -0.0208995 -0.0188674 -0.0237101 0.0147286 0.00219941 0.0173813 -0.011214 0.00811909 0.0195193 -0.0194745 -0.0244563 -0.00315222 -0.0040533 -0.00257941 -0.00360576 -0.00284976 -0.0133869 0 0.00184186 -0.00184538 0.00259729 -0.000523522
internal_weight=26947 1837 25110 1237 600 627 14123 13552 3742 3101 10987 10675 571 10439 610 9810 615 9195 1025 759 396 8170 266 198 411 2309 1942 514 1428 2986 2878 1909 1367 542 10103 9080 1023 767 356 1212 935 610 478 411 425 279 204 1149 312 336 202 236 471 372 5861 5313 4609 4354 4212 704 258 7868 2247 1462 1195
internal_count=26947 1837 25110 1237 600 627 14123 13552 3742 3101 10987 10675 571 10439 610 9810 615 9195 1025 759 396 8170 266 198 411 2309 1942 514 1428 2986 2878 1909 1367 542 10103 9080 1023 767 356 1212 935 610 478 411 425 279 204 1149 312 336 202 236 471 372 5861 5313 4609 4354 4212 704 258 7868 2247 1462 1195
is_linear=0
shrinkage=0.0577944


Tree=13
num_leaves=66
num_cat=0
split_feature=37 107 28 62 1 100 0 38 64 10 30 47 39 112 36 112 124 63 64 63 53 127 46 131 33 101 100 39 54 46 59 35 120 85 0 95 63 102 127 23 127 43 130 112 48 35 18 26 53 32 12 106 127 100 80 95 42 52 125 64 95 119 64 101 95
split_gain=103.039 35.6521 34.9467 39.8728 65.2197 40.1336 41.5442 29.7664 29.6364 28.4239 26.7415 24.739 24.5615 24.3658 23.5502 22.3605 20.9224 20.467 25.1354 19.2053 19.6922 19.184 19.0469 18.8341 20.6492 19.9511 18.087 19.9235 20.5086 17.2851 17.0166 16.8564 20.9321 20.3745 19.3937 21.3982 19.1066 16.2517 14.4041 14.2048 22.9605 13.5701 20.4907 17.8461 14.431 15.1427 13.483 19.6588 19.5802 13.1673 12.9056 18.7962 17.7476 18.2077 14.7644 12.8464 12.4857 12.2272 11.6101 11.3775 11.1553 11.1523 14.2283 11.4645 11.0513
threshold=12504.000000000002 9496.0000000000018 112500.00000000001 10750.000000000002 9.0000000000000018 660.39794260795327 10.000000000000002 6666.6666666666661 -0.037749287749287742 27350.000000000004 26500.000000000004 15750.000000000002 0.72301587301587311 0.17519181585677754 0.91666666666666685 0.22474747474747478 49.500000000000007 -1.0000000180025095e-35 0.033615819209039555 4250.0000000000009 10696.566276344542 358.50000000000006 9750.0000000000018 -0.5 14500.000000000002 3365.4197957190777 105.39106365715999 0.94201680672268917 4268.0946987340185 53750.000000000007 17500.000000000004 0.19758544956402058 1.0000000180025095e-35 98125.000000000015 39.500000000000007 0.13223377564637057 -8249.9999999999982 8123.3969389582462 342.50000000000006 5099.5830345660243 86.500000000000014 0.45833333333333343 0.68301270189221941 0.072751322751322761 17750.000000000004 0.23775777841316761 15500.000000000002 12.500000000000002 3511.8717577077277 4059.9541878469477 14500.000000000002 -1.0000000180025095e-35 240.50000000000003 34.658919347596573 17500.000000000004 0.072690667586561689 0.081649658092772817 5838.0889335476813 21.500000000000004 0.052177858439201454 0.094617749972841891 1.0000000180025095e-35 0.033615819209039555 3999.9857355961308 0.07554916178912148
decision_type=2 10 2 10 2 2 2 2 10 10 2 8 2 8 2 8 2 10 10 8 10 2 10 2 2 2 2 2 10 8 10 2 10 10 2 10 10 2 2 10 2 2 2 10 10 2 8 2 8 2 10 10 2 2 10 10 10 10 2 10 10 8 10 2 10
left_child=2 -2 3 5 -5 7 61 9 -8 11 26 22 -12 -9 15 60 41 -3 -19 23 64 31 -1 25 49 -16 27 -11 58 -15 -6 32 36 -34 35 -33 -14 -32 50 55 -41 42 43 -13 -44 -46 -43 48 -48 59 52 -52 -24 -54 -53 -26 -49 -30 -29 -25 -10 62 -7 -64 -21
right_child=1 17 -4 4 30 6 8 13 14 10 12 16 21 29 19 -17 -18 18 -20 20 -22 -23 38 24 39 -27 -28 28 57 -31 37 34 33 -35 -36 -37 -38 -39 -40 40 -42 46 44 -45 45 -47 47 56 -50 -51 51 54 53 -55 -56 -57 -58 -59 -60 -61 -62 -63 63 -65 -66
leaf_value=-0.0039560706128158674 -434.74650093576537 14.014493073874268 -833.03777404503955 -60.8369392786189 543.53124304751736 9.8274450387109891 -139.25055081113007 -80.667278435745402 1.2282302872442981 -0.0052029306319281718 197.6504503634869 -0.092335366819353962 -1.8046878737063738 16.851256469032723 -1.1627417933292277 -223.6049113401011 -9.2380678896154822e-05 -605.54471017251296 -263.68675604218646 -1.2678415613524328 -221.78707924240786 -1.5286776617398568 3.3136622756457785 -2.6466738192685648 0.017001801312135537 -248.5598724644085 -0.36504446220620174 3.5304488311083257e-06 0.0098107674937460941 -25.176994892898374 523.32688730451457 -11.221635348944913 0.0036690871213371445 87.439887957898193 -131.57395856072455 2.0007596007208615 0 -9.6515234610581793 -2.3494858164910081e-07 40.477847672199552 -227.39428616988363 -3.152518429308186 6.6720590374468092 6.0518659086258566 -0.017042620672470199 60.000454274506907 0.8141266461579072 0 -0.0017070383671386445 -18.812814751313571 0.077454441290676482 0.47980202212010753 -0.032599752411628061 2.7581361060508067 -2.3494858164910081e-07 22.372186859542435 -0.010258163600802459 0.018922448380689749 0 2.8141338817588415 -101.209882927324 -0.50200044039069891 -0.024973500794805276 18.17502176159126 14.414479445332827
leaf_weight=106 225 177 172 175 272 125 794 688 261 248 268 1410 418 101 476 308 95 135 192 108 97 172 220 256 122 213 103 277 290 186 100 328 5911 146 178 446 4080 113 108 153 132 114 117 179 379 131 234 632 431 201 159 179 273 123 242 171 1220 125 143 206 234 106 126 122 715
leaf_count=106 225 177 172 175 272 125 794 688 261 248 268 1410 418 101 476 308 95 135 192 108 97 172 220 256 122 213 103 277 290 186 100 328 5911 146 178 446 4080 113 108 153 132 114 117 179 379 131 234 632 431 201 159 179 273 123 242 171 1220 125 143 206 234 106 126 122 715
internal_value=-0.00022486 -0.0216101 0.000365561 0.000545467 0.0145361 0.000172672 -0.00450048 0.00130723 -0.00627052 0.00180858 0.00334743 -0.00134456 0.00250445 -0.00849756 -0.00399672 -0.0127468 -0.0032939 -0.0123989 -0.0209652 -0.0014554 0.00531098 0.00208698 0.00535072 -0.00477849 -0.000364839 -0.0124249 0.0116548 0.0139302 0.0181886 0.00514562 0.0255429 0.0023893 0.00306453 0.00528179 -0.00489113 -0.000658348 3.66631e-05 0.0117124 0.00737593 0.00744102 -0.00117342 -0.00271499 0.000543089 -0.00286197 0.00942964 0.00471173 -0.00552529 -0.00453695 0.00379203 -0.0074459 0.00929293 0.0155388 0.00306564 -0.00388605 0.00842336 0.0163506 -0.00762706 0.0274681 0.00844326 -0.00159642 -0.00462161 0.011484 0.0162535 0.00709329 0.00838208
internal_weight=26947 729 26218 26046 660 25386 4926 20460 4447 19485 13133 6352 11947 975 3653 803 4942 504 327 2850 920 11679 1410 1930 1241 689 1186 1083 835 287 485 11507 10555 6057 952 774 4498 213 1304 578 285 4847 2216 1589 627 510 2631 2517 665 663 1196 580 616 396 421 293 1852 415 420 462 495 479 373 248 823
internal_count=26947 729 26218 26046 660 25386 4926 20460 4447 19485 13133 6352 11947 975 3653 803 4942 504 327 2850 920 11679 1410 1930 1241 689 1186 1083 835 287 485 11507 10555 6057 952 774 4498 213 1304 578 285 4847 2216 1589 627 510 2631 2517 665 663 1196 580 616 396 421 293 1852 415 420 462 495 479 373 248 823
is_linear=0
shrinkage=0.0577944


Tree=14
num_leaves=66
num_cat=0
split_feature=40 77 131 47 101 63 39 26 100 30 63 50 26 104 0 95 131 110 34 99 11 26 26 47 77 59 31 79 77 39 125 44 11 29 51 112 112 54 99 77 39 120 127 101 127 93 22 15 100 124 89 43 51 101 0 23 74 30 30 101 91 92 28 95 101
split_gain=98.8825 47.5344 31.1554 49.9015 34.3358 45.9157 29.4335 28.8541 27.209 27.415 26.8593 35.5073 25.4118 22.5251 22.2822 43.8087 21.9502 23.0957 21.5581 24.8476 20.5586 19.5181 19.3984 25.2506 37.2995 30.7212 25.018 22.5111 21.8795 27.7901 26.16 25.2779 23.0019 20.1266 34.7587 19.2858 21.5335 20.4665 25.4902 26.5715 19.1309 18.9821 30.3335 18.6984 18.3956 19.3704 18.2 21.4022 20.0529 21.1815 18.1315 23.4443 17.8621 17.8006 17.7366 17.5054 17.4513 18.2647 17.0135 16.4668 16.1904 15.9852 15.9601 15.8614 33.778
threshold=22500.000000000004 59000.000000000007 -0.5 69500.000000000015 -2124.5935925230565 -8249.9999999999982 1.229419703103914 2.5000000000000004 0.041626047785030103 27500.000000000004 2250.0000000000005 47333.333333333336 31.500000000000004 -2499.9999999999995 10.000000000000002 0.093154314737504393 -0.9330127018922193 0.24500000000000002 13875.000000000002 72579.981243992763 45004.000000000007 14.500000000000002 48.500000000000007 19750.000000000004 34500.000000000007 3504.0000000000005 21004.000000000004 30500.000000000004 45500.000000000007 1.0350245531426547 27.500000000000004 106250.00000000001 15004.000000000002 26916.666666666668 25750.000000000004 -0.14907407407407405 -0.10912698412698411 8190.4020859273787 28036.930353102769 43000.000000000007 1.2448637316561848 0.22649572649572652 72.500000000000014 -7692.4866515657186 8.5000000000000018 0.14497267457889237 1336.3062095545267 27464.285714285717 16.60518590958964 7.5000000000000009 3004.0000000000005 0.40833333333333338 57333.333333333336 328.09394396147042 13.000000000000002 1789.1751659371869 71000.000000000015 41000.000000000007 15500.000000000002 7035.6437061674669 9125.0000000000018 13747.000000000002 21750.000000000004 0.021692591031246527 -273.41215079157149
decision_type=2 10 2 10 2 10 2 2 2 2 10 10 2 10 2 10 2 10 2 2 8 2 2 10 10 10 2 10 8 2 2 8 8 2 8 10 10 10 2 10 2 10 2 2 2 10 10 10 2 2 8 2 10 2 2 10 10 2 2 2 10 10 2 10 2
left_child=2 18 3 8 5 7 21 -4 12 46 11 53 35 -5 15 40 61 -18 19 -2 -20 -3 26 -24 25 27 -16 -25 29 32 31 41 -28 34 62 43 -37 38 54 -40 50 42 -30 -1 -35 -46 48 -48 -10 -50 51 -6 -17 -11 -38 -52 57 -9 -31 -44 -60 -12 -34 64 -14
right_child=1 6 4 13 14 -7 -8 56 9 10 16 -13 63 -15 22 52 17 -19 20 -21 -22 -23 23 24 -26 -27 28 -29 30 58 -32 -33 33 44 -36 36 37 -39 39 -41 -42 -43 59 -45 45 -47 47 -49 49 -51 55 -53 -54 -55 -56 -57 -58 -59 60 -61 -62 -63 -64 -65 -66
leaf_value=8.8416601463070013 -30.544812851822471 -230.41795907932692 -204.76662960594837 -15.688750552236915 -0.15492038339879069 2.8449225895726991 -708.58964634844892 7.0136419735735815 -0.024647629146251657 0.005336468176105987 89.391781115309513 -219.04738115820251 -7.1780980361842346 -332.59241784722934 0.68537529629612914 5.867435236063943 5.4418878026943585 -82.823370820945058 36.336007070438882 30.870726364629789 -388.02945334807146 -285.29976985450639 -2.0573768530285084 93.154335106771114 -3.3695493199296943e-05 521.66779976011969 -1.0249943422774728 -0.054424657561166198 46.946515626677424 -0.00035636343652666307 -78.735700152277715 -525.98274051652788 3.0360911460370348 -47.679236052026809 8.2930752862745809 56.499762676496111 -0.012238913349566937 -7.2690650671896799 0.054172259781152247 0.0007374476994990724 -0.0020719871106195773 -120.73736723751578 4.1579084246161271 -0.019630607878070094 0 -77.780418428148494 -107.10214629737195 -0.00048653821705574914 -0.086998898643247974 0.03036525182975695 -0.14218081870417318 0.029079600096294553 -0.36388893859724686 -0.00021205273052829783 0.00059639497611532592 0.00036077240119782565 -5.1206072597273797 -11.236244064628437 -0.37245391190491595 -243.15406667395968 2.7707712994627709 -1.2532452831200016 -6.8580959771844796 -6.575925677196398e-05 0
leaf_weight=249 251 288 179 183 107 2517 228 374 133 465 226 337 167 244 1145 385 423 128 117 103 255 149 231 105 392 168 416 156 410 458 147 95 166 197 140 197 294 183 502 330 103 164 464 906 4452 150 255 119 479 116 244 694 95 449 394 407 562 179 1026 100 159 96 183 1772 139
leaf_count=249 251 288 179 183 107 2517 228 374 133 465 226 337 167 244 1145 385 423 128 117 103 255 149 231 105 392 168 416 156 410 458 147 95 166 197 140 197 294 183 502 330 103 164 464 906 4452 150 255 119 479 116 244 694 95 449 394 407 562 179 1026 100 159 96 183 1772 139
internal_value=0.000229149 -0.0147493 0.00105338 -0.00172182 0.00251823 0.00734635 -0.0259274 -0.0013745 -0.000710857 -0.00488311 -0.000946908 -0.0064436 0.00187745 -0.0209282 0.0010828 0.00663046 0.00671686 0 -0.00418802 0.00563636 -0.0139875 -0.0162536 3.09697e-05 0.00749428 0.0123283 0.0240392 -0.000748257 0.0104605 -0.00181952 -0.00308893 0.00479832 0.00765926 -0.0011428 -7.48786e-05 0.011016 0.00525061 0.00883146 0.00656572 0.008834 0.015625 0.00177475 0.0101702 0.0132958 -0.000491708 -0.00124985 -0.00046251 -0.0122791 -0.0227953 -0.00654712 -0.00162793 0.0036079 0.0094735 0.0218617 -0.000305889 0.000322286 -0.00334326 0.00195622 0.00933342 -0.00971858 0.00416145 -0.0133668 0.0186232 0.000632314 -0.00299483 -0.0151033
internal_weight=26947 1391 25556 8786 16770 3811 665 1294 8359 3226 2124 1251 5133 427 12959 2035 873 551 726 354 372 437 10924 1052 821 429 9872 261 8727 7347 1380 1233 5704 5288 489 3055 1900 1703 1520 832 1555 1138 974 1155 4799 4602 1102 374 728 595 1452 801 480 914 688 651 1115 553 1643 564 1185 322 349 2078 306
internal_count=26947 1391 25556 8786 16770 3811 665 1294 8359 3226 2124 1251 5133 427 12959 2035 873 551 726 354 372 437 10924 1052 821 429 9872 261 8727 7347 1380 1233 5704 5288 489 3055 1900 1703 1520 832 1555 1138 974 1155 4799 4602 1102 374 728 595 1452 801 480 914 688 651 1115 553 1643 564 1185 322 349 2078 306
is_linear=0
shrinkage=0.0577944


Tree=15
num_leaves=66
num_cat=0
split_feature=40 77 42 0 77 38 26 51 26 39 42 94 9 39 92 77 94 26 124 39 92 59 63 37 130 34 99 120 11 94 82 127 51 101 121 127 131 50 35 125 22 42 0 42 120 33 97 55 29 73 79 100 111 51 55 107 26 15 22 62 74 57 112 125 23
split_gain=87.1511 47.7116 34.3444 31.2851 55.6732 44.2019 32.3982 32.5264 29.4901 29.0748 27.0107 28.4139 26.1784 26.1221 25.6489 24.8889 28.823 29.6134 23.5321 33.0113 23.3293 22.6327 21.3159 21.0864 27.1088 21.0776 23.6088 20.7501 20.7223 20.145 19.1757 18.8713 25.5343 18.8402 18.512 18.4539 19.778 18.4059 19.3606 18.364 17.7858 17.6384 17.1498 18.0003 16.9741 16.3177 15.6061 15.4222 15.1658 77.4924 25.0622 46.6707 20.6338 20.2702 19.6508 28.8738 22.0451 22.1839 18.8466 18.2514 27.3582 17.3718 19.6628 16.8547 24.6713
threshold=24500.000000000004 59000.000000000007 -1.1251181810077269 33.000000000000007 33500.000000000007 -1124.999999999998 48.500000000000007 29583.333333333339 44.500000000000007 1.229419703103914 0.22140372138502543 0.042600054935795113 25500.000000000004 0.6708333333333335 9874.0000000000018 27500.000000000004 0.13443720401496737 22.500000000000004 4.5000000000000009 0.93771551724137947 6875.0000000000009 10504.000000000002 -1249.9999999999998 5002.0000000000009 1.0000000180025095e-35 13875.000000000002 72579.981243992763 0.16025641025641027 45004.000000000007 0.059499420627228912 28375.000000000004 102.50000000000001 67750.000000000015 -2629.1508355892324 0.13392857142857145 56.500000000000007 -0.9330127018922193 50666.666666666679 0.12109270680652535 17.500000000000004 1540.6577730392837 -0.6454972243679038 13.000000000000002 1.0713133169019209 1.0000000180025095e-35 15504.000000000002 27010.800489486584 3476.0882689402406 27916.666666666668 27350.000000000004 22900.000000000004 0.0091528822667896765 -0.032795698924731172 31583.333333333339 3746.0668200034279 504.00000000000006 40.500000000000007 42535.714285714297 1568.9290811053672 -749.99999999999989 50004.000000000007 9500.0000000000018 0.18634259259259262 21.500000000000004 819.30724872630913
decision_type=2 10 10 2 10 2 2 10 2 2 10 10 8 2 10 8 10 2 2 2 10 8 10 2 2 2 2 8 8 10 8 2 10 2 10 2 2 10 2 2 10 10 2 10 10 2 2 10 2 8 10 2 8 10 10 10 2 10 10 10 8 10 10 2 10
left_child=2 25 12 5 6 27 15 -8 14 29 11 44 40 -14 48 16 17 47 21 -20 30 -6 -15 33 -25 26 -2 -4 -27 -3 -17 -23 -33 34 -16 -24 -37 -26 -39 42 -1 -29 43 -12 -10 -35 -19 -5 49 50 51 58 59 -54 55 -55 57 -56 -7 60 -50 62 -53 -51 -65
right_child=1 9 3 4 18 8 7 -9 10 -11 39 -13 13 22 23 20 -18 46 19 -21 -22 31 35 24 37 28 -28 41 -30 -31 -32 32 -34 45 -36 36 -38 38 -40 -41 -42 -43 -44 -45 -46 -47 -48 -49 52 63 -52 61 53 54 56 -57 -58 -59 -60 -61 -62 -63 -64 64 -66
leaf_value=0.30643721332701784 -28.779493371933881 -15.104534269209609 0.52364087283951644 2.9952032063800336 0.091029670625659725 0.0012999877014885084 -0.043027695527327596 241.7440446418276 0 -667.63712481837695 2.2201760274563034 4.0046310337997735 389.67434572698488 -0.090468808265853198 -0.16465706857678136 2.9783149591570508 -43.864055544422321 -0.00058103866451245925 0.7966667496088603 -122.67064726836544 17.948161154616514 -26.870788709757068 147.57303856109391 -174.5142621759629 7.1978655348613545 34.512610745138581 29.086570905103393 304.70642655201124 -365.60351948856839 -396.50450859075568 -0.017042620672470199 -169.45035459552429 -469.73719728316752 11.897219237117685 0.23061559073723256 177.36828209497031 0.057565734708554986 7.85914287497567 -280.95882848589036 0.17212537493399038 -5.3080695808565732 81.306309593282151 -0.14606518567569143 -0.33817858889538699 -0.0016806383711169431 1.4865596853151315 -0.47870054028300696 -0.29549379545272697 0.0036690871213371445 0.051041405913257384 -0.067435066693097886 -0.042506805910976983 -0.00030841803715694828 0.17747510042644446 -0.070313706987416139 -14.103930744956044 -0.37843183564478677 0.0029203368159439057 -1.6392345473371803 -0.16419625547960909 -0.70177925256060769 0.0056976185843820052 0.059491901484070846 -0.18216428189555289 1.9784642333210873
leaf_weight=529 245 162 2300 411 318 707 118 132 200 226 238 195 175 812 361 209 339 720 299 215 328 613 238 174 210 116 102 104 253 265 1199 766 204 451 663 126 1181 156 147 397 271 243 231 134 143 388 333 472 339 500 953 412 1679 204 402 123 193 1665 126 669 293 257 100 101 112
leaf_count=529 245 162 2300 411 318 707 118 132 200 226 238 195 175 812 361 209 339 720 299 215 328 613 238 174 210 116 102 104 253 265 1199 766 204 451 663 126 1181 156 147 397 271 243 231 134 143 388 333 472 339 500 953 412 1679 204 402 123 193 1665 126 669 293 257 100 101 112
internal_value=-0.000372829 -0.0145646 0.000381484 -0.000430822 -0.00374534 0.000979194 0.000187781 0.0202655 -0.000401747 -0.0258731 0.00708108 -0.00308031 0.00585421 0.00874997 -0.00143037 -0.00103449 -0.00504421 -0.0022009 -0.0107505 0 0.0041153 -0.0137128 0.00702365 0.00364085 -0.00484315 -0.00392489 0.0059139 0.00778155 -0.0136346 -0.0160942 0.000731153 -0.0165345 -0.0216628 0.0068699 0.0013982 0.0110055 0.00806471 0.00155067 -0.00714039 0.0127209 -0.0030829 0.0210881 0.00589526 0.0136796 -0.0133232 0.0132998 -0.00880019 0.00546747 -0.00291545 0.000156447 -0.00449215 0 -0.00475037 -0.00274603 0.000398375 0.0136185 -0.00145177 0.000219284 0.00938745 -0.011159 -0.0037161 -0.0103149 -0.0164675 0.0170103 0.00236503
internal_weight=26947 1369 25578 22246 6676 15570 4261 250 12923 653 1538 538 3332 2532 11385 4011 2275 1936 2415 514 1736 1901 2357 2550 687 716 347 2647 369 427 1408 1583 970 1863 1024 1545 1307 513 303 1000 800 347 603 372 343 839 1053 883 8835 3268 2555 1602 5567 4266 2587 327 2260 2067 833 1301 632 769 512 713 213
internal_count=26947 1369 25578 22246 6676 15570 4261 250 12923 653 1538 538 3332 2532 11385 4011 2275 1936 2415 514 1736 1901 2357 2550 687 716 347 2647 369 427 1408 1583 970 1863 1024 1545 1307 513 303 1000 800 347 603 372 343 839 1053 883 8835 3268 2555 1602 5567 4266 2587 327 2260 2067 833 1301 632 769 512 713 213
is_linear=0
shrinkage=0.0577944


Tree=16
num_leaves=66
num_cat=0
split_feature=38 77 40 63 37 50 110 0 50 127 121 29 101 25 91 124 119 54 64 0 23 112 38 127 120 10 15 127 101 100 35 26 7 22 23 34 51 125 107 63 50 22 101 127 0 94 57 48 131 35 112 95 1 8 64 39 32 125 50 38 47 127 80 35 10
split_gain=81.2917 47.9141 43.739 33.6353 27.6475 26.324 26.2487 24.8072 30.8318 21.8074 21.632 22.5373 38.145 27.6837 19.4684 21.1166 19.8801 19.2793 18.7174 18.5274 44.7844 19.073 20.2126 20.1325 16.7328 16.4193 15.6776 15.2693 15.0993 38.4544 30.9283 19.4064 17.2129 14.8107 26.2825 31.0581 26.953 14.7833 14.7206 14.6521 20.4857 17.166 16.8849 20.195 15.595 14.4408 15.8972 21.7558 18.6842 20.1016 16.8125 18.9765 15.4154 15.1848 14.2773 13.9355 13.7838 13.7775 13.2753 13.0846 14.0503 12.6322 12.5318 12.5019 12.4584
threshold=12666.666666666666 55500.000000000007 1250.0000000000002 -1.0000000180025095e-35 -12749.999999999998 74250.000000000015 -0.20156249999999998 33.000000000000007 72833.333333333358 352.50000000000006 0.20714285714285716 28916.666666666668 1424.01412855082 11.500000000000002 8875.0000000000018 33.500000000000007 1.0000000180025095e-35 11302.64914481049 0.267948717948718 39.500000000000007 1071.3073092009899 0.31174089068825916 8750.0000000000018 155.50000000000003 0.20714285714285716 87500.000000000015 78035.714285714304 296.50000000000006 -251.36215167049519 3.0174703069478714 0.02848243886957184 31.500000000000004 65030.000000000007 2738.6127875258235 448.15023794059232 1.0000000180025095e-35 14750.000000000002 23.500000000000004 -35499.999999999993 4250.0000000000009 56500.000000000007 5361.6464586219445 -723.81148451241177 76.500000000000014 39.500000000000007 0.11634202661362689 9500.0000000000018 15583.333333333334 -0.68301270189221952 0.19610419109192581 -0.11696306429548563 0.15993667511150425 9.0000000000000018 30500.000000000004 0.061553030303030311 1.229419703103914 8025.9843075042463 7.5000000000000009 31083.333333333339 1.0000000180025095e-35 17750.000000000004 26.500000000000004 24500.000000000004 0.061419478414988522 27350.000000000004
decision_type=2 8 2 8 2 10 10 2 8 2 10 2 2 2 8 2 10 10 8 2 10 8 2 2 10 8 10 2 2 2 2 2 8 10 10 2 10 2 10 8 10 10 2 2 2 10 10 10 2 2 10 10 2 8 10 2 2 2 10 2 8 2 10 2 10
left_child=2 17 4 6 5 -1 -4 14 10 27 11 59 -13 24 15 18 -16 54 45 21 -21 22 25 61 -14 38 -7 28 39 30 31 -30 63 34 35 -29 -36 -31 -8 40 41 42 -6 -44 -42 46 48 -48 62 53 52 -52 -49 -50 -2 -3 -12 -45 -17 60 -9 -23 -5 -32 -38
right_child=1 55 3 7 9 26 19 8 -10 -11 56 12 13 -15 16 58 -18 -19 -20 20 -22 23 -24 -25 -26 -27 -28 33 29 37 32 -33 -34 -35 36 -37 64 -39 -40 -41 44 -43 43 57 -46 -47 47 50 49 -51 51 -53 -54 -55 -56 -57 -58 -59 -60 -61 -62 -63 -64 -65 -66
leaf_value=233.10288314800894 -465.14053621174406 -321.72596030661742 7.0772152234376291 0.0074556920340026513 0.0010230099078131581 -147.50519732359331 6.6040983852819988 -51.959212033119002 -449.88142582500581 -5.6256960221239538 16.611680986502531 2.7246668188313596 -54.969655379752048 54.117196477149015 14.472763925279306 0.0089344210067302896 0.37974470771804864 17.665089994284163 27.126476613249825 2.3983277680951773 -106.24114338871526 0.031462701033393992 -111.83097118617927 -2.8804363575909311 -1.7318123783080053 -10.602701227732751 79.298294930248943 3.3580787612227696e-05 -0.026158836582571281 0.010658333381646458 1.7824838920552673e-05 1.7824838920552673e-05 8.024515303321051 260.63161044308663 98.842739390428818 -0.19871178208751367 -0.23999154121586128 -0.048268575177200256 -0.016657353418298604 149.23699387758774 0.073737340782354749 193.96781839976435 23.414397593445337 0.24272399091619112 -191.67491829978152 -1.2409630756618233 6.5604535710313518 -0.35071200008770026 0.011638349606823226 -0.059142348962188389 0.0092069269953830735 6.7932911625362848 -0.00010652839269356328 -0.17313931000159263 -4.5755788885517319 -629.05143016520549 -43.418867584369721 -0.00065940408518092648 4.1018774237480916e-05 -48.3946972304662 4.9696228158808013 14.405213457867184 -0.024546679811530078 -0.5987955874826576 0.00098496823036414477
leaf_weight=438 133 117 493 197 2518 112 172 140 199 159 353 524 325 136 604 292 526 189 176 192 487 131 365 96 286 519 110 167 366 1340 265 111 101 189 116 112 220 332 4313 226 213 173 270 169 148 474 129 266 463 373 2782 184 525 261 107 232 182 550 174 254 114 171 155 386 345
leaf_count=438 133 117 493 197 2518 112 172 140 199 159 353 524 325 136 604 292 526 189 176 192 487 131 365 96 286 519 110 167 366 1340 265 111 101 189 116 112 220 332 4313 226 213 173 270 169 148 474 129 266 463 373 2782 184 525 261 107 232 182 550 174 254 114 171 155 386 345
internal_value=-0.000480052 -0.0188497 6.15112e-05 -0.00166179 0.00329371 0.0147104 -0.00476061 0.000451345 -0.00449823 0.00237775 -0.00251527 -0.00563726 -0.00135395 -0.00984715 0.00211731 0.000858316 0.00912019 -0.00532703 -3.72102e-05 -0.00576076 -0.0148936 -0.00464582 -0.00557091 0.00732223 -0.0152251 -0.00455734 -0.000732177 0.00280522 0.00177988 -0.00139005 -0.00918478 -0.0206749 -0.00159562 0.00901997 0.00581035 0.0206403 -7.22475e-05 0.004238 -0.00337175 0.00397696 0.00311315 0.00443814 0.00348794 0.00989185 -0.00981029 -0.000634934 0.000193307 0.00215247 -0.00492849 -0.00871092 0.00128879 0.00332541 -0.00610066 -0.00276938 -0.0163493 -0.0347445 0.00749858 0.00446861 0.0126639 -0.0159183 -0.00558078 0.0149226 0.00631855 -0.00528621 -0.00557763
internal_weight=26947 778 26169 17033 9136 660 6939 10094 2513 8476 2314 1779 1271 747 7581 6451 1130 429 5985 6446 679 5767 5369 398 611 5004 222 8317 7168 2901 1229 477 752 1149 960 279 681 1672 4485 4267 4041 3680 3507 989 361 5809 5335 3886 1449 1097 3757 2966 791 724 240 349 535 719 466 508 254 302 352 651 565
internal_count=26947 778 26169 17033 9136 660 6939 10094 2513 8476 2314 1779 1271 747 7581 6451 1130 429 5985 6446 679 5767 5369 398 611 5004 222 8317 7168 2901 1229 477 752 1149 960 279 681 1672 4485 4267 4041 3680 3507 989 361 5809 5335 3886 1449 1097 3757 2966 791 724 240 349 535 719 466 508 254 302 352 651 565
is_linear=0
shrinkage=0.0577944


Tree=17
num_leaves=66
num_cat=0
split_feature=40 63 77 11 49 131 42 0 0 39 74 41 39 94 51 127 47 95 127 93 34 17 101 12 5 11 96 130 0 88 101 96 26 42 39 39 51 98 35 131 63 46 130 84 26 61 1 47 125 130 64 127 55 59 127 12 92 47 100 125 93 42 23 11 0
split_gain=79.4382 51.4166 45.978 25.1883 34.1477 26.7967 24.878 26.0065 24.3492 24.0827 21.6935 21.6768 20.2214 18.9057 18.6668 18.6166 42.2723 27.5777 31.6191 23.5458 18.4724 22.9016 17.6078 23.1141 18.09 17.1841 17.4117 16.9403 16.3462 38.4646 22.9201 30.7615 30.5127 21.975 20.5713 19.5141 22.1065 31.4824 19.289 19.3821 21.1828 18.2384 30.3449 27.3371 20.2742 17.7109 18.4887 20.3336 17.6001 17.2382 16.1363 16.4956 16.1057 15.9654 25.6283 22.7619 26.494 17.1059 15.3384 14.3869 14.0227 13.6418 13.6379 19.7595 13.5798
threshold=24500.000000000004 -176.99999999999997 59000.000000000007 25500.000000000004 27083.333333333339 -0.24999999999999994 0.72821908125441925 10.000000000000002 21.000000000000004 1.218451749734889 50004.000000000007 4996.0000000000009 0.78660714285714295 0.059499420627228912 17583.333333333339 104.50000000000001 76250.000000000015 0.15384329638051925 42.500000000000007 0.063252782505925795 13875.000000000002 87500.000000000015 -482.59276334998862 29500.000000000004 30500.000000000004 59000.000000000007 70626.409136457383 -0.6830127018922193 21.000000000000004 7500.0000000000009 2243.9858490950869 28000.000000000018 50.500000000000007 -0.71543296795806577 0.967204301075269 1.0350245531426547 47333.333333333336 30999.530844364654 0.073769605986119854 -0.5 2250.0000000000005 30250.000000000004 0.68301270189221941 31625.000000000004 22.500000000000004 1250.0000000000002 9.0000000000000018 45500.000000000007 23.500000000000004 1.0000000180025095e-35 -0.01680790960451977 62.500000000000007 938.80963562504564 13500.000000000002 128.50000000000003 18500.000000000004 3625.0000000000005 32250.000000000004 -6185.9638457969077 12.500000000000002 0.11233625384643255 -1.6305496484937128 15616.17549971996 75500.000000000015 21.000000000000004
decision_type=2 8 10 10 10 2 10 2 2 2 10 2 2 10 10 2 10 10 2 10 2 8 2 10 8 8 2 2 2 10 2 2 2 10 2 2 10 2 2 2 10 10 2 10 2 10 2 8 2 2 10 2 10 10 2 10 10 10 2 2 10 10 10 8 2
left_child=1 6 20 11 5 -5 15 10 59 13 -8 14 61 -4 -3 17 22 50 19 -19 21 -2 62 24 -24 26 -22 -16 29 34 31 -30 41 -31 49 36 37 -36 -35 40 -40 42 48 -43 -45 -32 47 -47 -33 -14 52 64 -1 55 -55 56 -13 -56 -18 -7 -41 -6 63 -17 -52
right_child=2 3 9 4 12 8 7 -9 -10 -11 -12 53 28 -15 27 16 58 18 -20 -21 25 -23 23 -25 -26 -27 -28 -29 30 33 45 32 -34 38 35 -37 -38 -39 39 60 -42 43 -44 44 -46 46 -48 -49 -50 -51 51 -53 -54 54 57 -57 -58 -59 -60 -61 -62 -63 -64 -65 -66
leaf_value=6.1684886236832659 -24.606831596905664 -0.00056085381602238957 -11.416244440525766 -0.00090658530246186492 277.96531886840688 0.012286662998240454 0.0066369127946973878 -0.17957583662063789 0.018275672958340546 -592.69577302271443 -0.42028225929648871 0.20820776435935992 0.010961992617482891 -373.5391740976001 0.0037776081125734163 -0.0030054357895864395 -23.374585115399437 -14.981689668218358 77.479895079681839 14.397443832459086 -226.3573765770646 34.654271017875232 -0.0016247036612230428 -3.6532920108846367 0.94178218746767306 -453.4884383800628 89.528519387238063 -0.41556143034704052 -0.073034561339647919 532.20461768856364 -31.863264235175329 2.6302492658521355 -3.6483005009059508 83.623365521358835 -1.0504210771827898e-05 0.023841974519796263 0.030279361781240514 -0.21079140324397244 -16.264311634367687 7.204946968864304 6.75980431185807 -0.90275928138207429 -0.33486839514572125 3.0963623028682483 -9.8339023232533107e-05 24.266385245080428 21.25031344104115 -253.65805957917067 0.00025183656645699239 47.39307479802018 -2.7128060845405355 0.046113119559779113 0.0065436160896264065 -15.017103465117719 -5.1380200678869947 9.8328005111647041 -11.394296781185906 24.258614049603068 -366.06496252647298 -1.940781854171022e-06 -0.10591983696456984 156.06447850421651 -27.67735450416383 8.2954601714360923 -0.25942914695244146
leaf_weight=125 251 1193 160 179 108 135 490 1770 181 230 233 1376 240 263 117 3457 111 159 383 195 98 96 587 512 95 160 111 584 257 145 898 481 103 173 823 793 349 563 141 924 348 199 115 865 948 101 508 156 122 239 238 310 916 260 98 298 239 145 228 97 202 347 97 330 292
leaf_count=125 251 1193 160 179 108 135 490 1770 181 230 233 1376 240 263 117 3457 111 159 383 195 98 96 587 512 95 160 111 584 257 145 898 481 103 173 823 793 349 563 141 924 348 199 115 865 948 101 508 156 122 239 238 310 916 260 98 298 239 145 228 97 202 347 97 330 292
internal_value=-0.000171248 0.000548668 -0.0137224 0.0027215 0.00422215 0.0177494 -0.00254007 -0.00759021 0.0257957 -0.0248166 0.00142063 -0.000976177 0.00340943 -0.015703 -0.00563065 -0.000948013 -0.00289863 0.00301727 0.012478 0 -0.0032822 0.0059139 -0.00153381 -0.00766739 -0.000409429 -0.012393 -0.000504892 -0.0131157 0.00282437 0.00515414 0.000362771 0.00334158 0.0051318 0.0115163 0.000995535 -0.0010241 -0.00451661 -0.00785574 0.00957718 0.00742268 -0.001861 0.00636122 0.0143288 0.00340834 0.00572265 -0.00505858 0.00119255 -0.011065 0.0196194 0.0119632 -0.000608967 -0.00663705 0.00408696 0.00260033 -0.00637464 0.00506215 0.00220891 0.00653357 -0.0225935 0.0119946 0.0116088 0.0153633 0.000310062 0.000912651 -0.012878
internal_weight=26947 25578 1369 15050 10740 592 10528 2493 413 653 723 4310 10148 423 1894 8035 5417 2618 737 354 716 347 5078 1194 682 369 209 701 9693 4940 4753 3090 2833 1933 3007 2528 1735 1386 1788 1615 489 2730 718 2012 1813 1663 765 257 603 479 1881 840 1041 2416 503 1913 1615 243 339 232 1126 455 3884 3787 530
internal_count=26947 25578 1369 15050 10740 592 10528 2493 413 653 723 4310 10148 423 1894 8035 5417 2618 737 354 716 347 5078 1194 682 369 209 701 9693 4940 4753 3090 2833 1933 3007 2528 1735 1386 1788 1615 489 2730 718 2012 1813 1663 765 257 603 479 1881 840 1041 2416 503 1913 1615 243 339 232 1126 455 3884 3787 530
is_linear=0
shrinkage=0.0577944


Tree=18
num_leaves=66
num_cat=0
split_feature=40 61 15 77 127 86 123 130 46 38 26 94 101 99 51 100 80 8 58 54 112 1 127 26 26 64 80 51 9 77 47 106 22 50 33 93 127 111 125 0 42 50 107 23 62 22 127 83 62 106 28 0 55 45 39 95 94 77 96 59 111 14 23 95 97
split_gain=49.8162 30.4329 31.6038 27.958 29.6643 38.4267 29.4269 27.5766 25.728 25.7538 24.3126 26.5163 26.2925 19.6121 29.2929 23.9474 19.5755 19.4096 18.677 18.1383 17.3718 21.4073 39.0674 24.6375 22.2561 25.1918 19.5684 19.4094 17.6424 34.4769 17.1599 17.0453 16.6911 16.6193 16.056 15.5958 13.5793 16.2091 14.1841 13.9817 18.8127 13.2735 13.1864 12.4852 12.1459 11.9361 11.8846 11.4842 11.4017 11.3624 11.333 12.1387 10.4334 13.0466 10.345 10.1758 9.20512 8.73616 9.36283 8.00759 7.40933 8.35769 7.52571 6.86851 5.33928
threshold=18500.000000000004 5265.0000000000009 89365.079365079378 59000.000000000007 96.500000000000014 72625.000000000015 2250.0000000000005 0.68301270189221941 83750.000000000015 -13999.999999999998 15.500000000000002 0.052321543714090528 8751.3007284079013 72579.981243992763 66250.000000000015 -2984.2340312977099 81000.000000000015 81000.000000000015 34500.000000000007 8779.6793942693203 -0.26568627450980387 11.000000000000002 46.500000000000007 48.500000000000007 7.5000000000000009 -0.056873315363881398 25500.000000000004 59000.000000000007 26500.000000000004 27500.000000000004 15250.000000000002 1.0000000180025095e-35 1292.4123453178529 61166.666666666679 37500.000000000007 0.10375495337506317 84.500000000000014 -0.1195238095238095 8.5000000000000018 33.000000000000007 -0.081649658092772789 99583.333333333358 -503.99999999999994 11382.836444280305 9500.0000000000018 534.5224838246819 42.500000000000007 75625.000000000015 -6249.9999999999991 -1849.9999999999998 66250.000000000015 21.000000000000004 9755.2057704550989 51250.000000000007 0.96490147783251246 0.13865213108925706 0.082041265414235884 34500.000000000007 44062.502386510598 27500.000000000004 -0.13961038961038957 54357.142857142862 5624.7605313008999 0.12662926850015879 89478.878814296084
decision_type=2 8 10 10 2 10 10 2 10 2 2 10 2 2 10 2 10 8 10 8 10 2 2 2 2 10 10 10 10 10 10 8 10 10 2 10 2 10 2 2 10 8 8 8 10 10 2 10 8 8 2 2 8 10 2 10 10 10 2 10 8 10 10 10 2
left_child=1 2 8 6 34 -6 10 52 9 16 12 -12 43 14 15 35 49 50 -10 -15 26 22 54 -24 25 -23 30 -26 45 -30 -17 -4 -32 -14 46 48 37 -16 -38 40 -40 -36 57 -2 -9 -28 59 -21 -11 -1 51 56 53 -3 -22 -48 -13 -37 -59 -5 62 -62 -50 -58 -7
right_child=3 7 31 4 5 64 -8 44 18 13 11 17 33 19 36 20 -18 -19 -20 47 21 24 23 -25 27 -27 28 -29 29 -31 32 -33 -34 -35 41 42 38 -39 39 -41 -42 -43 -44 -45 -46 -47 55 -49 60 -51 -52 -53 -54 -55 -56 -57 63 58 -60 -61 61 -63 -64 -65 -66
leaf_value=266.62433205500776 14.305774236978326 122.59967672913476 74.198812049357898 0.6440474825680742 3.7522475728052043 -252.07368148355243 -304.20163439300097 7.7805651232056459 -98.196068306278733 -0.66268695228147223 -143.45895650424094 41.503839382669916 -367.58805621075425 36.694931303072678 19.045155019565637 62.994890029420887 -33.195758656561821 -359.74480980815815 -433.51595293551009 13.432855209754075 425.47083523964488 -0.78526584399839205 0.019929080148238253 278.60577144275049 8.8628718685880142e-05 -0.086217265491856529 -1.087342414094028 -79.063672227045899 37.748701710059379 -0.15692618286702345 -31.754405398543589 -5.846171691397509 0.81775230703978552 37.256130500359816 -574.3801406174216 233.8555821796634 0.15231020865742348 -15.938250645752612 4.3884178933777482 -250.28717386329529 -238.70636667245293 -21.48566616294616 0.7388963462687731 41.853111124855786 -42.965360957039231 -52.116935538979263 119.74167080421003 -28.739526447440106 -0.32785333353273466 164.38454963912318 96.807724678684195 -324.98807906246111 3.7214416364974108 499.83126382168075 223.12812930608732 -4.6386753416059125 -285.15597521650869 4.1965116880155415 261.33001033864252 -245.96681782824433 177.77422396888448 -0.0036748953876217893 11.401654637954575 31.054073226773795 -725.54456957377374
leaf_weight=171 150 192 204 96 131 256 141 95 164 130 196 144 100 174 130 145 95 104 109 171 95 220 3467 260 11964 1709 98 185 127 942 109 98 135 160 149 129 124 182 97 216 106 108 136 101 130 203 151 114 192 106 125 113 176 229 143 132 150 108 107 98 186 105 127 118 119
leaf_count=171 150 192 204 96 131 256 141 95 164 130 196 144 100 174 130 145 95 104 109 171 95 220 3467 260 11964 1709 98 185 127 942 109 98 135 160 149 129 124 182 97 216 106 108 136 101 130 203 151 114 192 106 125 113 176 229 143 132 150 108 107 98 186 105 127 118 119
internal_value=-0.000214138 0.000632534 0.000237903 -0.00745139 -0.013984 -0.0248303 -0.0022628 0.0115431 0 0.000205756 7.32317e-05 -0.0052651 0.0103202 -3.84329e-05 -0.000295453 0.000123298 0.0152191 -6.52841e-05 -0.0175337 0.0117307 -0.00035267 0.000172475 0.00393008 0.00241464 -0.000873625 -0.00663527 -0.00583241 2.78479e-05 -0.00912553 -0.00538146 0.00528092 0.0187074 -0.00347032 -0.00194303 -0.00618035 0.00797685 -0.0107627 -0.000523251 -0.0162737 -0.0213246 -0.00891978 -0.0177233 0.016123 0.0235935 -0.00502418 -0.0216168 0 0.001975 0.0023988 0.0230547 0.00343683 0 0.0180828 0.0231306 0.0265399 0.00763901 0.00429288 0.022102 0.0131929 -0.0107903 0.0059222 0.0125355 0 -0.00145987 -0.03419
internal_weight=26947 24105 23283 2842 1240 506 1602 822 22981 22708 1461 950 511 22336 21877 21022 372 754 273 459 19802 18043 3965 3727 14078 1929 1759 12149 1370 1069 389 302 244 260 734 1220 855 312 543 419 203 257 480 251 225 301 477 285 740 277 650 525 597 421 238 283 412 344 215 194 610 291 319 268 375
internal_count=26947 24105 23283 2842 1240 506 1602 822 22981 22708 1461 950 511 22336 21877 21022 372 754 273 459 19802 18043 3965 3727 14078 1929 1759 12149 1370 1069 389 302 244 260 734 1220 855 312 543 419 203 257 480 251 225 301 477 285 740 277 650 525 597 421 238 283 412 344 215 194 610 291 319 268 375
is_linear=0
shrinkage=0.0577944


Tree=19
num_leaves=66
num_cat=0
split_feature=38 83 26 51 63 69 109 0 1 23 23 52 39 111 124 29 42 95 107 83 119 63 34 42 131 48 63 85 101 89 58 16 0 23 7 49 74 39 89 23 124 89 100 91 51 94 30 64 55 100 45 127 40 73 125 127 49 54 48 41 100 121 39 91 111
split_gain=40.4887 27.0967 24.3876 31.3048 27.0292 24.342 22.1593 21.3542 21.1559 22.4952 21.1349 25.7678 18.9525 17.6119 16.6916 31.7804 19.5736 16.784 16.2651 19.1867 16.4177 15.951 14.9199 14.6645 14.6432 23.0899 21.5713 19.2377 19.8826 26.1738 26.7622 18.1348 24.8024 17.5565 16.1778 24.5843 13.7202 13.3567 23.7194 15.978 13.229 13.6727 15.512 12.651 13.4089 11.0397 12.9467 10.478 10.4382 10.4309 10.382 10.3318 10.321 16.36 9.97224 11.8192 11.903 9.94136 9.00839 8.99474 8.8972 7.90809 7.15773 7.14023 9.82141
threshold=8750.0000000000018 39000.000000000007 14.500000000000002 63500.000000000007 9500.0000000000018 2416.6666666666674 0.086335403726708088 13.000000000000002 9.0000000000000018 4301.8306715209883 11382.836444280305 10820.48809584292 1.218451749734889 -0.45383522727272724 36.500000000000007 27916.666666666668 -0.16951587590520381 0.26755264474476392 15500.000000000002 81875.000000000015 1.0000000180025095e-35 -4749.9999999999991 14875.000000000002 -0.59762567024112967 -0.68301270189221952 11083.333333333334 3250.0000000000005 10375.000000000002 -1988.8042427567923 1004.0000000000001 9500.0000000000018 50000.133333333339 33.000000000000007 621.45546626602129 97500.000000000015 68250.000000000015 97500.000000000015 1.0568733153638816 29000.000000000004 379.04902178907679 16.500000000000004 3750.0000000000005 -3903.9182409438649 9875.0000000000018 53166.666666666679 0.075390720143532389 75500.000000000015 -0.04316770186335403 590.08904476942109 -202.86696155633942 44500.000000000007 167.50000000000003 10504.000000000002 45004.000000000007 24.500000000000004 284.50000000000006 31416.666666666668 3398.5211323739577 47333.333333333336 6500.0000000000009 -703.67155324638031 1.0000000180025095e-35 0.83266666666666678 1375.0000000000002 0.12153846153846155
decision_type=2 8 2 10 10 8 8 2 2 10 10 10 2 8 2 2 8 10 10 10 10 8 2 8 2 10 10 10 2 10 8 10 2 10 8 10 10 2 10 10 2 10 2 8 10 8 2 10 10 2 10 2 2 8 2 2 10 10 10 2 2 10 2 10 10
left_child=5 -2 4 12 10 6 13 57 9 -7 11 -3 51 -1 16 -16 24 18 19 36 -20 -10 -12 47 26 -26 31 -27 34 30 -30 40 -33 -31 35 -29 37 39 -39 -18 41 48 -43 52 -45 61 59 -9 -15 -11 -14 -4 53 63 55 56 -17 -8 -59 -47 -28 -23 -34 -25 -65
right_child=1 2 3 -5 -6 8 7 23 21 49 22 -13 50 14 15 54 17 -19 20 -21 -22 45 -24 43 25 27 60 28 29 33 -32 32 62 -35 -36 -37 -38 38 -40 -41 -42 42 -44 44 -46 46 -48 -49 -50 -51 -52 -53 -54 -55 -56 -57 -58 58 -60 -61 -62 -63 -64 64 -66
leaf_value=124.48663192917692 16.638252400443996 24.651138668207999 110.15482767554822 -295.08013945087981 -440.29417831682377 46.704601281854671 -5.8242891503198653 -70.331731328787043 -1.9452323783869481 7.5886131567898705 43.666499885524594 -433.54315673792058 -11.925837873942362 -0.00083089583809778096 0.012718983391914145 -0.040233376865534333 -0.0010297140003140773 -105.04518769484095 13.379513337162635 -385.74268764680812 -0.22976416946349879 268.17080151649634 23.724024625774099 -87.458222739236163 -0.054196974340555856 95.391829592102681 284.93057372398289 11.14670019228079 0.21118136414303215 -0.1450924139893586 -1.168403809649051 1.0887538129673897 -10.229285472213975 0.0026031663023451533 89.827073706885329 -23.870562470179475 27.41002206938786 0.0034324758965432471 -5.6199376463018318 -0.0091728407275675373 -0.036461860716216113 205.80044279720562 -0.22316922523506388 11.906083306602483 -151.50625469201327 26.569529623185694 25.209369440472333 5.3957282577448469 0.027768846684787497 -81.650062394745802 -219.58213093830142 -68.878548606147888 -259.20913487785708 8.0829484146399491 0.0057110583447018796 -2.6231782771260517 0.042556547961990154 3.9522289587375967 0.21108439088476461 469.90328572023219 13.669376672588369 -0.92527504898910007 -261.24897158666039 0.94896739799331653 -85.143399191168271
leaf_weight=124 118 190 108 310 171 151 136 181 156 102 96 161 100 134 348 186 542 107 197 137 170 100 100 311 134 118 100 1699 414 247 161 175 111 3609 172 315 114 3498 242 5607 178 110 1201 112 147 134 124 384 418 230 288 195 270 137 118 111 176 194 166 228 115 151 163 189 256
leaf_count=124 118 190 108 310 171 151 136 181 156 102 96 161 100 134 348 186 542 107 197 137 170 100 100 311 134 118 100 1699 414 247 161 175 111 3609 172 315 114 3498 242 5607 178 110 1201 112 147 134 124 384 418 230 288 195 270 137 118 111 176 194 166 228 115 151 163 189 256
internal_value=-6.83134e-05 -0.00834869 -0.0102628 -0.0161032 -0.00183105 0.000531276 8.97337e-05 -0.00506387 0.00799649 -0.00140868 0.00418498 -0.00389025 -0.00881024 0.000701154 0.000563042 0.00808625 0.000202812 -0.00149614 -0.00124193 -0.0016914 0.0105876 0.0132723 0.0193772 -0.0077776 0.00210515 0.00353083 -0.00144796 0.00402989 0.00357793 0.00130144 0.0127754 -0.00303309 -0.013523 -0.000372211 0.00810017 0.00649894 -0.00137379 -0.00162332 0.00106306 -0.00328647 -0.000617847 0.000738703 -0.00236803 -0.010901 0 0.0168493 0.0220661 0 0.0084137 -0.0101416 -0.0172548 0.00148173 -0.0134702 -0.0100486 0 -0.00386452 0.000767984 0.00542245 0.0106325 0.0276562 0.0158391 0.00587377 -0.0243458 -0.0134596 -0.00797252
internal_weight=26947 1837 1719 1001 718 25110 23734 2483 1376 483 547 351 691 21251 21127 939 20188 10614 10507 10140 367 893 196 1987 9574 6869 2705 6735 6617 4431 575 2490 449 3856 2186 2014 10003 9889 3740 6149 2041 1863 1311 1422 259 737 486 565 552 332 388 303 1163 893 591 473 362 496 360 362 215 251 274 756 445
internal_count=26947 1837 1719 1001 718 25110 23734 2483 1376 483 547 351 691 21251 21127 939 20188 10614 10507 10140 367 893 196 1987 9574 6869 2705 6735 6617 4431 575 2490 449 3856 2186 2014 10003 9889 3740 6149 2041 1863 1311 1422 259 737 486 565 552 332 388 303 1163 893 591 473 362 496 360 362 215 251 274 756 445
is_linear=0
shrinkage=0.0577944


Tree=20
num_leaves=66
num_cat=0
split_feature=40 34 20 37 2 23 57 97 121 42 95 22 40 127 91 130 95 42 131 4 76 76 31 63 99 28 53 127 22 56 11 127 130 102 23 23 23 12 73 108 15 12 127 51 26 42 23 21 18 47 127 35 35 107 127 50 102 35 127 102 130 42 23 100 35
split_gain=35.5886 24.7536 26.9183 22.0919 22.6886 21.1612 20.2927 20.1947 17.2063 19.7553 18.5714 23.5488 30.9913 21.3461 17.1893 15.4356 16.0458 15.1285 14.9597 14.7331 14.7424 21.6845 23.5132 21.0466 18.5828 33.1758 16.9914 14.8062 15.7159 14.7373 14.6707 14.2389 13.9547 19.2856 13.5249 14.3143 12.5335 20.5749 12.516 13.8476 12.4972 22.2287 23.9559 14.2242 20.7122 13.8907 13.7917 12.5783 12.2824 35.4308 39.5896 23.2886 19.143 27.645 21.9629 35.8558 30.4057 28.0713 16.2829 15.1917 14.4046 14.1827 17.9659 14.0287 13.8479
threshold=24500.000000000004 10125.000000000002 56250.000000000007 -11749.999999999998 33500.000000000007 11382.836444280305 33500.000000000007 65291.316266794565 1.0000000180025095e-35 0.3990403154390022 0.063573852288461338 2344.0361546899044 1850.0000000000002 10.500000000000002 7375.0000000000009 0.68301270189221941 0.087631246054506132 -1.1069902513999137 -0.5 19500.000000000004 18500.000000000004 20500.000000000004 22500.000000000004 1.0000000180025095e-35 50863.060415792592 43750.000000000007 3763.863263545406 92.500000000000014 2486.2257904940698 18500.000000000004 14500.000000000002 346.50000000000006 -0.6830127018922193 -1227.8088573230414 2248.8822255441869 1728.7295182088069 2305.6651868859522 45004.000000000007 27350.000000000004 0.080540540540540564 15360.389610389613 27350.000000000004 178.50000000000003 27750.000000000004 16.500000000000004 -0.40824829046386596 2653.3431525258839 377.96447300915537 34500.000000000007 43000.000000000007 310.50000000000006 0.20385090161786021 0.19758544956402058 4496.0000000000009 96.500000000000014 69333.333333333358 5320.6471919348924 0.11596505252424591 92.500000000000014 555.71388639018653 0.25000000000000011 -1.0830949588055327 2743.221849007949 -675.30239917296774 0.1356789778525048
decision_type=2 2 10 2 2 8 8 2 10 8 10 10 2 2 10 2 10 10 2 8 10 10 2 8 2 2 10 2 10 10 10 2 2 2 10 10 10 8 8 10 10 8 2 10 2 10 10 10 10 8 2 2 2 10 2 10 2 2 2 2 2 10 10 2 2
left_child=3 5 7 4 -1 -2 -4 -3 14 10 13 12 18 -10 31 34 -17 -6 -12 -11 -21 22 -22 24 29 -26 -24 -27 -29 -23 -15 -5 -25 -34 35 -14 -20 -38 -35 -40 -32 42 -42 -43 45 -45 -46 -44 51 50 59 61 54 -54 56 64 57 -51 -53 60 -50 -13 -63 -57 -56
right_child=1 2 6 8 17 -7 -8 -9 9 19 11 48 15 30 -16 16 -18 -19 36 20 21 23 26 32 25 27 -28 28 -30 -31 40 -33 33 38 -36 -37 37 -39 39 -41 41 43 47 44 46 -47 -48 -49 49 52 -52 58 53 -55 55 63 -58 -59 -60 -61 -62 62 -64 -65 -66
leaf_value=243.1203291171841 -182.60893963198421 -161.67037079481696 -181.74333251999153 0.0020941284824153401 88.408810799146082 29.871917502679704 -525.31710208739719 83.160773238067591 -11.15098004762226 0.0091171080486472239 -0.42306993887243172 -7.7420036051243288 -16.883414344831653 5.7663691190139108 13.216044474319569 -17.703547221829556 3.0232210058483906 -17.859491695674429 -0.0011366142858953733 -5.0013852639564904 -0.0014461224287005744 -0.32443444083172596 5.5879213004790396 -0.32085387158304784 1.2618892720947523 0.56024806505470581 0.03454576285316787 0.029116864517659179 -1.2841141340200197 -268.5439819856486 -2.9757552763225203 -0.96345848970925851 -0.75819892382937593 -1.2706395704642817 -3.1092171527660097 2.514458255815168 108.30308891830974 -5.5939347308242864 3.8449964357831452 -28.045713527282174 13.597957066420003 -0.11810775964210142 0.21922112175665079 -2.1695549714372846 0.02617458321995593 0.0093919119132486739 -0.79479832714847254 -0.01672523938187474 13.581122457890363 462.54471168288734 509.3163432797831 -5.3476598703319258 -1.6767132416084889 -250.75260238365877 -0.38551731781969206 -78.471096639622374 -150.96398652377431 5.3664649478949134 6.2028711827952954 -1.0430280246905528 231.95876225801328 1.0334007688925702 -1.1768205618553504 -419.1071436319076 2.4064832626084103
leaf_weight=143 170 146 475 6540 712 156 320 102 111 371 529 191 323 312 432 113 231 235 570 210 225 1359 99 317 254 287 107 184 820 108 119 317 95 146 487 145 208 101 682 117 280 195 106 426 1063 406 133 159 243 256 111 122 502 153 1220 190 208 547 192 271 125 138 198 132 1002
leaf_count=143 170 146 475 6540 712 156 320 102 111 371 529 191 323 312 432 113 231 235 570 210 225 1359 99 317 254 287 107 184 820 108 119 317 95 146 487 145 208 101 682 117 280 195 106 426 1063 406 133 159 243 256 111 122 502 153 1220 190 208 547 192 271 125 138 198 132 1002
internal_value=-1.6846e-05 -0.00909007 -0.0134685 0.000462817 0.0085024 0.00436095 -0.0186655 0.00249555 9.64103e-05 -0.000893187 0.000414856 -0.000997183 -0.00545565 0.00409649 0.0024557 -0.0118861 -0.000807776 0.00497767 0.000362619 -0.00379817 -0.00464411 -0.00393272 0.00822946 -0.00517955 -0.00787462 -0.00327922 0.0223158 -0.00713746 -0.0104904 -0.012572 0.00501451 0.00171735 0.000673596 0.00403549 -0.01567 -0.00795134 0.00509927 0.0144032 0.00669445 0.00964116 0.00363625 0.00448056 0.0149497 0.00181336 0.0033246 -0.00351826 0.00823284 0.00169151 0.001054 0.00217577 0.0137202 -0.00532875 6.66027e-05 -0.00894084 0.00178424 -0.00101766 0.00899363 0.0141802 0.00671084 0.00772407 0.015383 -0.0128419 -0.00491359 -0.0189784 0.0015285
internal_weight=26947 1369 1043 25578 1090 326 795 248 24488 17199 11818 8508 2707 3310 7289 1299 344 947 1408 5381 5010 4800 431 4369 3012 1545 206 1291 1004 1467 3199 6857 1357 1040 955 468 879 309 945 799 2887 2768 545 2223 2028 832 1196 265 5801 4960 750 841 4210 655 3555 2544 1011 803 314 639 368 527 336 322 2222
internal_count=26947 1369 1043 25578 1090 326 795 248 24488 17199 11818 8508 2707 3310 7289 1299 344 947 1408 5381 5010 4800 431 4369 3012 1545 206 1291 1004 1467 3199 6857 1357 1040 955 468 879 309 945 799 2887 2768 545 2223 2028 832 1196 265 5801 4960 750 841 4210 655 3555 2544 1011 803 314 639 368 527 336 322 2222
is_linear=0
shrinkage=0.0577944


Tree=21
num_leaves=66
num_cat=0
split_feature=77 51 76 125 121 63 100 50 93 21 1 131 63 23 106 127 29 80 48 51 20 1 11 32 130 23 101 77 125 1 111 92 12 111 96 0 125 55 101 88 100 64 107 95 0 127 10 31 78 40 102 131 45 0 35 127 101 89 42 53 41 98 130 89 55
split_gain=32.3759 36.7601 33.4661 29.318 24.971 33.0556 30.7866 28.4705 26.9033 22.2387 21.8556 40.2796 47.303 38.1394 44.9236 29.2967 52.8409 30.8082 28.2464 27.9598 29.3659 21.9419 38.9877 20.0237 22.3204 19.5744 19.5186 19.3417 18.6582 18.4098 45.4704 32.3469 18.2372 18.2141 18.5559 19.6619 17.5926 17.3239 21.3204 22.2253 17.1546 18.1547 21.7186 19.2129 15.8466 18.582 16.6553 15.7829 15.5304 15.5033 15.1293 14.8882 14.701 14.6716 26.2839 36.3033 25.7041 23.1084 20.7238 19.0182 19.2124 42.7032 42.7789 18.2247 18.0006
threshold=77500.000000000015 93416.666666666672 82500.000000000015 13.500000000000002 1.0000000180025095e-35 10750.000000000002 -4431.2276014436129 74250.000000000015 0.058890521643416453 6948.7922897232229 11.000000000000002 0.6830127018922193 -3749.9999999999995 5309.3931077302041 -14995.999999999998 215.50000000000003 44250.000000000007 79000.000000000015 54000.000000000007 52583.333333333336 73000.000000000015 9.0000000000000018 34500.000000000007 8190.4020859273787 0.68301270189221941 15252.66134682435 4810.0970571541266 34500.000000000007 12.500000000000002 9.0000000000000018 0.23205128205128209 7875.0000000000009 59000.000000000007 0.21980676328502416 51562.518665840827 39.500000000000007 14.500000000000002 14505.170023787674 7665.467489768228 9500.0000000000018 688.86675519090943 0.01709526592635886 4496.0000000000009 0.10614455246014713 39.500000000000007 105.50000000000001 92500.000000000015 31750.000000000004 32500.000000000004 4400.0000000000009 -8019.3814719656575 -0.5 44500.000000000007 10.000000000000002 0.022198254511034188 20.500000000000004 -1055.3305431694296 5004.0000000000009 -0.68649986357138082 6958.1853916855625 1254.0000000000002 28000.00004146864 -0.6830127018922193 1004.0000000000001 938.80963562504564
decision_type=10 8 10 2 10 10 2 10 10 10 2 2 10 10 8 2 2 10 10 10 10 2 10 2 2 10 2 10 2 2 10 10 10 10 2 2 2 10 2 8 2 10 8 10 2 2 8 2 10 2 2 2 10 2 2 2 2 10 10 10 2 2 2 10 10
left_child=4 -2 -3 -4 5 37 27 10 23 -7 11 15 50 28 -15 16 52 18 32 29 -21 22 -14 -9 -25 -10 -24 -6 33 30 -18 -31 36 34 35 -12 -17 38 39 53 41 42 -30 -43 45 49 -47 -44 51 -29 -13 -37 -8 54 -1 -56 57 -57 -58 60 61 63 -63 -55 -62
right_child=1 2 3 -5 6 9 7 8 25 -11 13 12 21 14 -16 17 19 -19 -20 20 -22 -23 26 24 -26 -27 -28 44 40 31 -32 -33 -34 -35 -36 48 -38 -39 -40 -41 -42 43 47 -45 -46 46 -48 -49 -50 -51 -52 -53 -54 59 55 56 58 -59 -60 -61 64 62 -64 -65 -66
leaf_value=0.16120551926217333 -454.4046935705606 49.664305882273716 27.187697671768575 -953.44659518209721 152.96291581010607 187.95405120681983 128.96617516635163 44.027073789431995 -412.08963330402941 -6.3042623167834968 -0.0017182108712540793 6.4418365639796464 392.94336542517419 6.4007737049863165 -5.3637882918838127 -0.092887584906180806 4.2619555971082246 -178.69197983975596 24.177367700599774 -13.300039775916154 25.982462351952641 467.89806124308808 49.028407772853775 -384.21741585465327 24.045613442895597 -93.220761883148086 -243.53294563366586 452.41049096353447 -0.10794066484561445 -1.4492811082235322 -273.27853948699197 305.95756688245547 4.0117062930642593 -53.195495444266925 57.032327129282145 0.18114109754408098 -4.9232686434390081 22.871653406981398 -239.79809331250306 9.3130144608151113 -34.55378014980144 0.48915013944669317 8.190697940973779 -1.3679335951047065 -72.42273920217751 6.1068483077828324 -180.65776579719346 -0.06707906277978215 -0.89868692689259244 10.722882651568785 -136.01212946752179 6.1761970268327016 5.0556428536183349 -0.0021321872024872564 2.3651258978947882 19.413084970074781 -0.18102124320035162 0.0062892444403135047 0.00045994688942751496 -3.1434022008825857 0.041858611763364216 0.023639810970809985 -0.13705614239888217 -0.016629386006263649 0.0056954082133891006
leaf_weight=117 153 113 103 97 184 337 294 133 244 146 2649 160 127 110 875 583 656 216 241 972 160 376 254 149 178 159 167 117 3548 135 127 195 182 199 127 210 713 156 321 415 833 766 137 206 206 571 95 156 172 312 231 329 296 325 116 117 127 169 1305 330 337 423 1058 304 1628
leaf_count=117 153 113 103 97 184 337 294 133 244 146 2649 160 127 110 875 583 656 216 241 972 160 376 254 149 178 159 167 117 3548 135 127 195 182 199 127 210 713 156 321 415 833 766 137 206 206 571 95 156 172 312 231 329 296 325 116 117 127 169 1305 330 337 423 1058 304 1628
internal_value=-0.00032565 -0.0153726 -0.0032615 -0.0178596 -5.20577e-05 0.00270392 -0.00119838 -0.00189382 -0.0121309 0.0173305 -0.00134171 0.00138454 0.0103391 -0.0029672 -0.0137911 -0.00105161 0.00264407 -0.0065551 -0.00382037 -0.00133293 -0.00778067 0.0175025 0.00952287 -0.00210218 -0.0101201 -0.0230174 0.000525042 0.00675078 -0.00180065 0.00506582 0 0.0164429 -0.00689972 0.00136059 0.00238197 0.00149247 -0.00937836 0.00169648 0.00124506 0.00196096 -0.00389622 -0.00251816 -0.00432744 0.00443533 0.00406986 0.00693781 0.000591889 0.0105011 0.0100198 0.016287 -0.00613336 0.0149019 0.018004 0.00108016 0.00525943 0.00342399 0.00117024 0.0169458 -0.00188657 -0.000732269 0.000309712 -0.00346907 0.00178536 -0.0160712 0.00445864
internal_weight=26947 466 313 200 26481 7731 18750 17265 863 483 16402 6085 1315 10317 985 4770 2835 1935 1719 2245 1132 924 548 460 327 403 421 1485 9332 1113 783 330 1478 3686 3487 3360 1296 7248 7092 6771 5646 4813 3841 972 1301 1095 666 293 711 429 391 539 590 6356 1951 1834 1718 286 1432 4405 4075 2110 1481 629 1965
internal_count=26947 466 313 200 26481 7731 18750 17265 863 483 16402 6085 1315 10317 985 4770 2835 1935 1719 2245 1132 924 548 460 327 403 421 1485 9332 1113 783 330 1478 3686 3487 3360 1296 7248 7092 6771 5646 4813 3841 972 1301 1095 666 293 711 429 391 539 590 6356 1951 1834 1718 286 1432 4405 4075 2110 1481 629 1965
is_linear=0
shrinkage=0.0577944


Tree=22
num_leaves=66
num_cat=0
split_feature=77 51 103 62 110 64 125 35 101 12 79 35 63 11 53 88 107 51 52 82 12 110 93 26 127 112 32 39 40 74 74 111 63 41 77 39 107 110 43 112 10 130 51 49 49 0 51 127 101 0 123 127 64 101 55 35 120 127 101 11 55 54 48 127 26
split_gain=35.2148 33.9773 26.327 28.2165 32.4523 21.2245 18.9123 18.4003 17.1534 32.3492 29.4003 21.2602 19.8115 24.762 26.24 28.6903 20.0888 19.4352 17.2991 17.2386 16.9813 21.0575 16.8164 17.6721 16.735 29.3981 16.2335 14.9576 14.9719 14.7628 18.8738 24.3599 22.954 16.4002 16.0445 15.3731 14.9677 13.91 13.8148 12.9847 12.3491 23.68 22.8061 20.6356 13.0734 12.3442 11.5616 11.363 10.8976 10.6314 10.2404 10.0858 9.00126 8.88099 8.51648 8.51451 7.55316 7.39057 7.55102 6.94364 6.86426 6.09618 5.67197 5.5548 10.0624
threshold=77500.000000000015 101250.00000000001 1250.0000000000002 10750.000000000002 0.2752525252525253 0.016807909604519777 12.500000000000002 0.16605994612220357 8751.3007284079013 35004.000000000007 120004.00000000001 0.19053407145948381 425.00000000000006 25500.000000000004 9966.5548085837818 9500.0000000000018 -7499.9999999999991 90083.333333333358 9853.0648157837531 85625.000000000015 9500.0000000000018 0.13484848484848486 0.038344221899512441 4.5000000000000009 320.50000000000006 0.22474747474747478 11779.099482878906 1.1647286821705429 6500.0000000000009 97500.000000000015 71000.000000000015 -0.25629629629629624 -9984.9999999999982 6500.0000000000009 45500.000000000007 1.0990196078431376 -35499.999999999993 -0.11651583710407239 0.95833333333333337 -0.44222222222222213 30500.000000000004 -0.93301270189221919 47333.333333333336 45666.666666666679 25750.000000000004 33.000000000000007 20583.333333333339 74.500000000000014 3365.4197957190777 13.000000000000002 4750.0000000000009 117.50000000000001 0.075498575498575513 283.83290250148281 3779.3291033476103 0.11065666703449764 0.14835164835164838 297.50000000000006 -5223.3452113429184 59000.000000000007 11416.353191989774 8005.2049468993073 49333.333333333336 72.500000000000014 23.500000000000004
decision_type=10 8 10 8 8 10 2 2 2 8 10 2 10 10 10 10 10 10 10 10 8 10 10 2 2 8 2 2 2 10 10 8 10 2 10 2 10 10 2 10 8 2 10 10 10 2 10 2 2 2 8 2 10 2 10 2 8 2 2 10 10 10 10 2 2
left_child=2 60 3 8 45 38 -3 56 10 -10 12 49 17 16 15 40 -14 19 27 29 -18 22 23 -22 25 47 53 28 -17 30 31 33 36 -1 -33 -34 -32 -19 50 -31 41 -15 43 -42 -43 -5 -24 -7 -49 61 57 -28 -44 -16 -23 -27 -6 58 -4 62 -2 -11 -60 -51 -65
right_child=1 6 5 4 7 24 -8 -9 9 11 -12 -13 13 14 26 18 20 37 -20 -21 21 54 46 -25 -26 55 51 -29 -30 39 32 34 35 -35 -36 -37 -38 -39 -40 -41 42 44 52 -45 -46 -47 -48 48 -50 63 -52 -53 -54 -55 -56 -57 -58 -59 59 -61 -62 -63 -64 64 -66
leaf_value=-1.6162491397743015 -333.00864932822844 47.252329459399959 7.3145191812282215 489.82385068060313 1.4114472708227082 27.848991541283571 -349.36677169256257 130.46415636038179 28.859132514953483 23.859154561332204 212.40450678038803 -508.61250276206152 -19.708674695562326 2.6406705965254647 -1.4077137593733287 116.35391233559849 47.818433616163794 -14.861898509348551 -22.680788954381551 36.752550808515082 0.24204746720528059 -48.969774864232335 2.3082403078078046 -0.04537806625364986 58.806528519275602 -2.3299581097083966 87.813523363417772 21.562755255305387 1.6044054002046113 -5.7447882561277783 -0.70306572775962517 -0.0029751051480072254 4.1216413209430289 33.128044221833306 0.11459452528268166 -11.067689467260315 -223.28200355115484 -373.93357679292791 -212.45052190951284 36.135070714845455 0.0054546102537009165 8.2675138038924558 29.765549556635928 -0.49393064947011611 0.0075254935131001755 54.366527575651368 -2.659049355950688 4.2768957108371675 -57.481392639920465 -52.855002968051018 -233.95354766821438 -38.5177637615596 1.1203330412536345 -216.86542892847172 -4.1334584182935385 -202.00978094095487 -44.58034944627564 5.4552774292303194 -74.205870298348316 -230.47192473328565 -428.14264177131201 -67.313357189374159 21.27605274353559 -431.49389021646135 -195.75171885144621
leaf_weight=129 101 143 97 223 123 143 98 151 136 100 99 137 102 147 112 739 98 140 106 103 126 169 448 885 143 119 151 121 527 107 137 11589 293 609 1912 117 345 98 170 133 813 98 188 349 1085 97 144 217 153 107 111 100 100 173 121 290 153 107 431 119 124 101 108 97 135
leaf_count=129 101 143 97 223 123 143 98 151 136 100 99 137 102 147 112 739 98 140 106 103 126 169 448 885 143 119 151 121 527 107 137 11589 293 609 1912 117 345 98 170 133 813 98 188 349 1085 97 144 217 153 107 111 100 100 173 121 290 153 107 431 119 124 101 108 97 135
internal_value=-0.000171248 -0.0158651 0.000100066 0.000656725 0.0116956 -0.00592881 0 0.000786282 0.000296853 -0.00791842 0.000600057 -0.0132386 0.00045192 0.0030369 0.00533047 0.00686353 -0.00214635 -0.000672463 0.0133577 -0.000406479 -0.00074925 -0.00206795 0.000426534 -0.00397994 0 -0.00292628 -0.00652037 0.0151243 0.0129691 -0.000578363 -0.00081666 -0.000291583 -0.00896252 0.00988873 -0.000863875 0.000678814 -0.0174853 -0.0169635 -0.0113862 0.0134999 0.00329847 0.0073188 -0.00027261 -0.00400977 0.00437722 0.0255293 0.00823673 0.00602736 0.000132421 -0.00753594 -0.00839659 0.003602 0.0140529 -0.0160026 -0.0163208 -0.0145544 -0.00762355 -0.00593406 -0.00806676 -0.0103858 -0.031846 0.00222113 -0.00701707 -0.0138164 -0.018869
internal_weight=26947 466 26481 24273 747 2208 241 427 23526 813 22713 677 22614 6902 4809 4273 2093 15712 1493 15474 1991 1893 1603 1011 1065 922 536 1387 1266 15371 15131 14239 892 738 13501 410 482 238 1143 240 2780 1330 1450 1162 1183 320 592 513 370 540 973 251 288 285 290 409 276 862 755 658 225 201 539 339 232
internal_count=26947 466 26481 24273 747 2208 241 427 23526 813 22713 677 22614 6902 4809 4273 2093 15712 1493 15474 1991 1893 1603 1011 1065 922 536 1387 1266 15371 15131 14239 892 738 13501 410 482 238 1143 240 2780 1330 1450 1162 1183 320 592 513 370 540 973 251 288 285 290 409 276 862 755 658 225 201 539 339 232
is_linear=0
shrinkage=0.0577944


Tree=23
num_leaves=52
num_cat=0
split_feature=38 64 93 108 28 85 127 20 35 101 54 51 127 52 23 59 0 47 61 26 111 42 121 125 101 127 34 59 34 10 95 106 34 127 55 0 7 95 131 86 127 118 42 32 58 25 93 12 22 61 62
split_gain=30.275 23.1595 36.2073 22.096 19.1437 21.8596 55.3687 42.6204 20.7612 18.4857 19.0018 23.1942 18.6679 32.0609 32.6317 25.8673 26.136 19.9847 18.6231 28.1575 23.7312 26.3311 21.1129 18.1555 28.3632 17.4901 16.9676 16.5115 22.062 16.0008 15.9644 14.5834 14.0863 13.9056 11.0655 10.9037 10.5183 10.3593 15.0973 9.91399 9.7788 9.1933 6.51478 6.29665 5.66288 5.3522 6.98796 4.50317 3.14415 2.3694 0.131687
threshold=13416.66666666667 0.25462962962962971 0.13696411321568006 -0.28174603174603169 112500.00000000001 95625.000000000015 96.500000000000014 86250.000000000015 0.14551257488954122 -7692.4866515657186 8817.5846485786769 59583.333333333336 296.50000000000006 9755.2057704550989 4052.1559113706044 19500.000000000004 21.000000000000004 12250.000000000002 5265.0000000000009 10.500000000000002 0.21583850931677021 -0.9121275484464263 1.0000000180025095e-35 13.500000000000002 1128.6564591413883 339.50000000000006 12375.000000000002 22500.000000000004 10125.000000000002 11250.000000000002 0.1149771524051288 -21499.999999999996 5003.0000000000009 232.50000000000003 8025.9843075042463 13.000000000000002 97500.000000000015 0.1524249778173358 0.6830127018922193 78125.000000000015 149.50000000000003 1.0000000180025095e-35 0.28455694568981665 7702.6917772327706 39000.000000000007 7.5000000000000009 0.095939932994204405 97500.000000000015 4258.1531362624091 -2514.9999999999995 -1.0000000180025095e-35
decision_type=2 10 10 10 2 10 2 10 2 2 8 8 2 10 10 10 2 10 10 2 10 10 10 2 2 2 2 8 2 10 10 8 2 2 10 2 8 10 2 10 2 10 10 2 10 2 10 8 10 10 10
left_child=1 3 37 -1 5 7 8 9 50 10 30 44 18 14 17 25 -17 -14 20 -20 23 -22 -23 24 -11 -16 39 35 -29 -19 43 -28 -32 -25 42 -2 -30 -3 -39 -13 -4 47 -21 48 -12 46 -34 -9 -5 -33 -7
right_child=27 2 40 4 -6 6 -8 41 -10 12 11 26 13 -15 15 16 -18 29 19 34 21 22 -24 33 -26 -27 31 28 36 -31 32 49 45 -35 -36 -37 -38 38 -40 -41 -42 -43 -44 -45 -46 -47 -48 -49 -50 -51 -52
leaf_value=194.02476025977887 -342.54494426925407 342.83221979188113 -208.67179387168744 -0.88687634337732102 -843.72108109074736 158.85421596692453 -397.75419581836928 -314.78147858369215 12.289687457243586 -0.0018858342707495216 14.030379506178168 -11.418570998870935 113.30362608076975 -247.83666537879301 6.6777315241390394 10.552401705196228 -54.502728827514296 -3.236382539800553 431.72681049235433 141.18680696894589 15.125330733648411 -0.36846574977841962 -109.5536473692153 -0.021241954304374859 3.1679137944613207 544.93347003736358 3.8328703673045643 22.356729192594532 -161.97769566706685 0.007949532638677731 -0.097837172394804911 -175.89710338703901 15.411719142617541 -0.035801272391939629 -28.867737994664754 -528.07689659265691 -677.04682999034287 -17.528209495918016 482.1873943810026 12.373890359094927 5.7315700572773363 -325.7301734633823 -0.87185043545768037 38.089173839661548 243.79183423411985 8.6055878569949691 208.52014288884203 -6.3169073739419126 0.05952525994452517 -237.96920131018831 257.55417064216277
leaf_weight=170 171 165 102 98 143 102 124 107 149 6233 163 166 95 163 386 131 124 187 138 115 130 447 863 7694 1438 96 95 106 160 2426 105 108 234 1843 148 113 104 100 106 170 96 152 99 98 100 124 144 101 95 110 110
leaf_count=170 171 165 102 98 143 102 124 107 149 6233 163 166 95 163 386 131 124 187 138 115 130 447 863 7694 1438 96 95 106 160 2426 105 108 234 1843 148 113 104 100 106 170 96 152 99 98 100 124 144 101 95 110 110
internal_value=-0.000308494 0 0.0114958 -0.000258013 -0.000404456 -0.000277109 0.0118162 -0.000521288 0.0234499 -0.000223128 0.00538154 -0.000306558 -0.000677643 0.00311833 0.00435512 0.015132 0 0.00133979 -0.00140282 0.00951243 -0.00170692 -0.00884314 -0.0113906 -0.00109755 0.000977916 0.0229623 -0.00636546 -0.0125589 -0.00384708 0.000306059 0.0113393 -0.0160477 0.0166504 -0.00278574 0.000451652 -0.0230965 -0.0131528 0.0222061 0.0118279 0.00218907 -0.00770643 -0.0201747 0.00926598 0 0.013853 0.0206814 0.0243746 -0.0106225 -0.00584277 -0.0242387 0.0351095
internal_weight=26947 26293 569 25724 25554 25411 485 24926 361 24566 1810 912 22756 3608 3445 737 255 2708 19148 500 18648 1440 1310 17208 7671 482 649 654 370 2613 898 313 607 9537 362 284 264 371 206 336 198 360 214 291 263 502 378 208 193 218 212
internal_count=26947 26293 569 25724 25554 25411 485 24926 361 24566 1810 912 22756 3608 3445 737 255 2708 19148 500 18648 1440 1310 17208 7671 482 649 654 370 2613 898 313 607 9537 362 284 264 371 206 336 198 360 214 291 263 502 378 208 193 218 212
is_linear=0
shrinkage=0.0577944


Tree=24
num_leaves=66
num_cat=0
split_feature=38 7 32 23 47 50 63 0 55 111 124 42 131 51 107 127 50 101 42 51 130 80 99 12 131 50 28 72 95 85 21 80 10 26 16 26 125 102 95 0 64 80 111 127 38 127 63 80 38 127 23 53 54 56 51 0 0 32 112 101 56 26 51 49 100
split_gain=28.7031 34.8692 33.3523 25.5837 28.6452 23.5053 18.8582 38.6941 29.6035 25.843 22.6149 21.5302 20.8815 37.667 30.6319 49.7635 38.2717 25.1288 20.1848 20.54 30.2567 25.4831 21.9912 20.0822 20.2172 19.7605 43.3467 27.2574 31.7681 29.7094 23.253 22.145 19.264 31.9435 18.2235 29.2743 18.1015 28.1604 20.6383 17.9793 17.7505 24.9832 20.9201 17.3194 17.2363 19.7564 17.5327 16.6505 16.6299 15.7696 15.673 15.3315 15.2102 14.9097 22.4326 14.748 14.5192 14.4471 14.2897 14.089 13.6234 14.5864 14.4033 13.2657 13.0749
threshold=-11666.666666666668 43500.000000000007 13419.512796399666 11382.836444280305 44500.000000000007 80250.000000000015 3250.0000000000005 21.000000000000004 8025.9843075042463 0.21583850931677021 36.500000000000007 -0.044919441838076869 -0.68301270189221952 59583.333333333336 7500.0000000000009 96.500000000000014 66750.000000000015 -10153.060869537419 -0.072245966447310475 16667.333333333339 -0.93301270189221919 22400.000000000004 18590.492875516265 69000.000000000015 -0.9330127018922193 28416.666666666668 28750.000000000004 25500.000000000004 0.051604805425958904 27875.000000000004 377.96447300909898 17500.000000000004 26500.000000000004 3.5000000000000004 40683.333333333336 7.5000000000000009 12.500000000000002 -300.27949607280783 0.13026271396295261 33.000000000000007 0.016530054644808747 37500.000000000007 -0.13961038961038957 191.50000000000003 8333.3333333333321 226.50000000000003 752.00000000000011 39500.000000000007 -166.66666666666694 153.50000000000003 490.13251785387939 4026.9874752696937 4496.2913330357997 21500.000000000004 59583.333333333336 33.000000000000007 21.000000000000004 4781.8646300913342 -0.55902777777777768 -8207.0753485107762 21500.000000000004 8.5000000000000018 83166.666666666672 21750.000000000004 -323.16041398216106
decision_type=2 10 2 10 10 8 10 2 10 10 2 10 2 8 10 2 10 2 8 8 2 8 2 10 2 10 2 10 10 10 10 10 10 2 10 2 2 2 10 2 10 10 8 2 2 2 10 10 2 2 10 8 10 10 10 2 2 2 10 2 10 2 10 10 2
left_child=1 -1 6 4 -4 39 9 8 -8 10 12 43 13 25 18 -16 -17 -15 32 20 -20 -21 -22 24 -9 27 -27 28 50 -29 -31 -30 36 -34 47 -36 37 57 -38 -5 42 -42 -23 -12 45 48 -47 -26 52 -13 -2 -39 -11 54 -10 -3 -32 -14 -35 -60 -57 -62 -63 -33 -37
right_child=2 55 3 5 -6 -7 7 23 53 44 11 49 14 17 15 16 -18 -19 19 21 22 40 -24 -25 34 26 -28 29 31 30 56 63 33 58 35 64 38 51 -40 -41 41 -43 -44 -45 -46 46 -48 -49 -50 -51 -52 -53 -54 -55 -56 60 -58 -59 59 -61 61 62 -64 -65 -66
leaf_value=226.98016660570229 -0.017504505009730272 493.96471567980859 46.525118505149273 26.91348973813334 -274.37140197566663 -269.22092713782985 13.278031050082109 43.546108376591533 -5.7165297763786311 -74.450838279267614 0.0080160194334114344 0.0013504197938832795 54.324628275669873 4.0284380648478386 49.209669335014887 2.5083101004102168 -445.03755064652631 -226.03904895578682 -0.029377937597924477 -0.24372153713100006 1.4519180814977501 0.27110142904931572 -0.045458415864286873 74.115048711275122 -2.5759373739174096 0.18978827807609427 -0.057168812836641374 -3.1728454825571588 0.22072842472321982 -0.020062905121733279 -0.16217939232693451 -1.7313980892087768 -5.0840830949148925 -16.59578046221753 95.661788966363417 -2.7397232653192503 -0.023092531207974692 -0.14093921122564368 -9.6721626464353996 -30.811837956829731 1.1382699609191311 -0.16370271937727535 -0.089627953745353511 -0.15021442004020871 -279.46449490477124 -3.7273707815425459 8.0661769484154338 4.0140648567580621 -120.18772695252909 0.025916699610435506 2.590370612704028 2.2902453256325757 19.747203327727849 -211.47816568053929 113.50389058083815 161.35802037275775 0.36099508545478348 -0.00050961924718895594 164.37484092852122 0.13342106306170784 41.903997966265003 -197.44152527872461 8.9700632266061433 0.07994501235080409 -163.42105885115026
leaf_weight=250 105 143 106 323 520 264 1325 178 156 108 180 160 281 147 376 474 116 457 139 300 361 748 173 171 249 252 2697 200 282 333 166 542 328 103 102 182 973 358 225 106 623 631 3908 198 107 106 146 271 281 341 217 175 134 190 97 97 189 139 340 3010 132 193 116 144 503
leaf_count=250 105 143 106 323 520 264 1325 178 156 108 180 160 281 147 376 474 116 457 139 300 361 748 173 171 249 252 2697 200 282 333 166 542 328 103 102 182 973 358 225 106 623 631 3908 198 107 106 146 271 281 341 217 175 134 190 97 97 189 139 340 3010 132 193 116 144 503
internal_value=-0.000299916 0.00963993 -0.000663819 -0.00960858 -0.0180761 -0.00164781 -0.000177488 0.00379162 0.00975056 -0.000825382 -0.000396328 0.00863609 -0.000813978 -0.00374776 0.000393512 0.0103054 0 -0.0173987 -0.00034201 -0.00248298 0.00699404 -0.00354255 0.0134274 -0.00246779 -0.00473163 -0.00209368 0.000936791 -0.00627528 -0.000753173 -0.0140599 -0.00792897 -0.00611947 0.00211157 0.00460986 -0.00731494 -0.0128586 -0.00219587 0.00361701 -0.00696838 0.0063963 -0.00266674 0.00334868 -0.00432714 -0.00134189 -0.0104998 -0.00711702 0.00562448 0.000756993 -0.0135982 0.0164829 0.0147158 -0.00494067 -0.00161454 -0.00282957 0.00582795 0.00252115 0.00191177 0.0148587 0.00628467 0.0069775 -0.00158582 -0.00622359 -0.0132932 -0.0118083 -0.0172825
internal_weight=26947 931 26016 1319 626 693 24697 3424 1768 21273 20391 879 19512 5731 13781 966 590 604 12815 6883 673 6210 534 1656 1485 5127 2949 2178 1290 888 688 968 5932 3781 1307 787 2151 953 1198 429 5910 1254 4656 378 882 775 252 520 523 501 322 533 242 443 253 681 355 420 3453 3350 538 441 309 686 685
internal_count=26947 931 26016 1319 626 693 24697 3424 1768 21273 20391 879 19512 5731 13781 966 590 604 12815 6883 673 6210 534 1656 1485 5127 2949 2178 1290 888 688 968 5932 3781 1307 787 2151 953 1198 429 5910 1254 4656 378 882 775 252 520 523 501 322 533 242 443 253 681 355 420 3453 3350 538 441 309 686 685
is_linear=0
shrinkage=0.0577944


Tree=25
num_leaves=66
num_cat=0
split_feature=127 51 63 34 37 26 23 77 47 77 52 111 4 121 101 109 47 21 47 89 55 101 125 87 101 51 76 0 39 89 63 74 23 42 98 20 38 112 23 99 83 127 105 10 101 95 44 50 47 52 106 127 127 51 95 32 96 96 35 16 130 89 29 28 12
split_gain=40.5733 36.702 33.9746 32.1421 31.6285 30.7079 28.055 26.0557 32.3951 29.3912 40.1774 26.4891 31.5296 25.547 30.9216 24.9805 24.5381 22.9918 32.0646 22.6787 22.3939 21.4517 17.5423 16.8443 16.4776 15.7922 31.5903 20.4261 19.7352 22.3922 29.0381 16.3196 16.684 20.009 22.43 19.0647 16.0397 15.6441 20.2096 15.4625 19.1437 15.2636 14.9565 14.8643 14.7406 19.1502 18.6538 39.2 28.3048 20.6765 17.233 16.0573 22.484 18.7808 14.6984 20.0757 14.6975 34.5311 21.2463 19.8826 14.6755 17.5819 14.6706 14.3692 14.349
threshold=297.50000000000006 66750.000000000015 12000.000000000002 1.0000000180025095e-35 -1749.9999999999998 31.500000000000004 448.15023794059232 77500.000000000015 91250.000000000015 66500.000000000015 10254.964136156201 0.20576923076923079 17500.000000000004 1.0000000180025095e-35 3026.2396176185889 -0.32575757575757569 12250.000000000002 2439.7501823703128 44500.000000000007 1004.0000000000001 19289.386125805115 24.76555827587072 12.500000000000002 2500.0000000000005 567.35056995003663 36000.000000000007 29500.000000000004 39.500000000000007 0.72834224598930486 24500.000000000004 -1249.9999999999998 97500.000000000015 2344.9628088122804 -1.0400642477195037 41657.953630856013 78750.000000000015 -6666.6666666666661 0.17519181585677754 2520.0346649686985 64780.85630957003 45375.000000000007 240.50000000000003 -7499.9999999999991 75500.000000000015 690.96138462806277 0.038119713718836622 26250.000000000004 23916.666666666668 27750.000000000004 3561.3660101257651 -4469.9999999999991 179.50000000000003 189.50000000000003 28250.000000000004 0.16850503772537914 10016.638981097474 30031.402584134416 26210.977171920244 0.2329424586348576 50000.133333333339 0.25000000000000011 14500.000000000002 31583.333333333339 26750.000000000004 29500.000000000004
decision_type=2 10 10 2 2 2 10 10 8 10 10 8 8 8 2 8 10 10 10 8 10 2 2 10 2 10 10 2 2 10 10 10 10 10 2 10 2 10 10 2 10 2 10 8 2 10 10 10 10 10 10 2 2 10 10 2 2 2 2 10 2 10 2 2 10
left_child=4 2 3 6 5 15 -2 9 -9 11 -11 12 21 43 63 -1 -5 37 62 -17 44 23 -10 -6 -20 26 36 31 -29 30 -30 32 -27 -34 -35 -36 -21 56 -39 40 -31 -7 -3 60 46 -46 47 49 -48 -14 -51 53 -53 -50 -16 -56 57 58 -18 -58 61 -13 -19 -15 -47
right_child=1 42 -4 16 7 41 -8 8 22 10 -12 13 20 14 54 19 17 18 24 25 -22 -23 -24 -25 -26 27 -28 28 29 39 -32 -33 33 34 35 -37 -38 38 -40 -41 -42 -43 -44 -45 45 64 48 -49 51 50 -52 52 -54 -55 55 -57 59 -59 -60 -61 -62 -63 -64 -65 -66
leaf_value=388.62682474718122 0.0059924577199446912 6.9140178574858773 575.64838562400166 92.602334219835782 -0.00017358400098419901 -8.257096736271988 0.017338244486409016 -384.56782615460639 52.943729170641141 90.992086581939375 -26.821770446583184 -0.14874405108848773 0.014312720740631325 20.83023887140186 -215.66544307676511 5.1657161525810968 -0.4622387506203034 0.12566249319708545 6.1195689750419993 -6.5188780323472377 54.308024808584783 -0.15301700325888623 -315.24268965273995 -2.8042250268699922 -183.37000989930056 -0.21058828703873078 -12.607746264403302 75.745676715454394 -6.2208975901880716 -10.760932612418346 93.270383668423747 -27.508059869169411 228.61260660635062 173.08611636915046 0.64474267157407972 142.18384910370099 0.21030416545776079 -2.2184074625666672 0.2753861420217561 8.2048660829155953 -241.99214264755716 -0.040038253580995511 -350.62598077038399 -41.995599900885281 2.2476677547676114 -0.3085027751666794 -0.12858812264316832 5.3279897619279977 0.008974851832189051 5.6297946230143046 -0.14494053404934015 0.49063396949835897 -0.0034605244905195711 -0.13964641161076002 -19.078757557552024 -382.80603567683556 -0.12460961289305206 2.1651648705577045 0.15976955102685456 15.718739007721306 -6.8529608565019533 81.230080228449737 243.24081598854673 -21.895158712783754 1.5480831308951144
leaf_weight=118 227 95 239 113 424 460 274 142 126 286 319 108 532 147 389 262 287 104 221 134 121 283 127 132 192 213 118 148 277 312 365 154 563 203 1130 119 1251 242 210 200 163 948 150 152 514 817 548 253 469 105 573 290 2290 3967 276 151 855 226 168 126 356 105 220 149 1709
leaf_count=118 227 95 239 113 424 460 274 142 126 286 319 108 532 147 389 262 287 104 221 134 121 283 127 132 192 213 118 148 277 312 365 154 563 203 1130 119 1251 242 210 200 163 948 150 152 514 817 548 253 469 105 573 290 2290 3967 276 151 855 226 168 126 356 105 220 149 1709
internal_value=-0.000342806 0.00505731 0.00652951 0.00499653 -0.00127857 0.00190065 0.0185454 -0.00272098 -0.0173868 -0.0023309 0.0100556 -0.00284961 -0.00191543 -0.00937397 -0.0148634 0.00379882 0.0026265 0.00149539 0.0102924 0.00319936 -0.00115128 -0.0127509 -0.00402472 -0.00566737 0 0.00234113 -0.00260333 0.0043207 -0.000938923 -0.00332022 0.00419581 0.00762843 0.00893192 0.0105903 0.00678471 0.00368508 0 -0.00149728 -0.0110227 -0.0107219 -0.0164123 -0.00568588 -0.0162528 -0.000626733 -0.00141659 0.00202919 -0.00259747 0.00330494 -0.00376408 -0.00089809 -0.00770607 -0.00274057 0.000824511 -0.00485402 -0.0206558 -0.0123343 0.00100137 0.00758785 -0.00124256 -0.0033967 0.00341833 0.0154514 0.0238052 0.000551213 0
internal_weight=26947 3949 3704 3465 22998 7138 501 15860 395 15465 605 14860 13027 1833 1112 5730 2964 2851 737 5612 12188 839 253 556 413 5350 1503 3847 1465 1317 642 2382 2228 2015 1452 1249 1385 2114 452 675 475 1408 245 721 12067 3040 9027 1463 7564 1210 678 7016 2580 4436 816 427 1662 681 455 981 569 213 324 296 2526
internal_count=26947 3949 3704 3465 22998 7138 501 15860 395 15465 605 14860 13027 1833 1112 5730 2964 2851 737 5612 12188 839 253 556 413 5350 1503 3847 1465 1317 642 2382 2228 2015 1452 1249 1385 2114 452 675 475 1408 245 721 12067 3040 9027 1463 7564 1210 678 7016 2580 4436 816 427 1662 681 455 981 569 213 324 296 2526
is_linear=0
shrinkage=0.0577944


Tree=26
num_leaves=66
num_cat=0
split_feature=127 34 64 39 9 23 44 29 31 127 29 110 2 47 95 64 74 16 0 23 55 40 111 47 99 127 107 28 118 32 53 43 112 30 0 97 71 42 51 42 11 100 73 55 46 111 127 16 101 63 124 99 0 34 35 127 121 32 86 42 125 37 127 94 9
split_gain=32.0599 38.4223 31.3616 28.8706 30.6096 26.8082 26.7011 28.0776 33.6499 33.4206 30.6897 25.3405 24.8837 21.6601 23.7671 20.3297 17.6042 25.882 17.1504 49.1181 41.2564 27.2609 27.7403 20.6801 30.8847 29.6758 23.56 20.9936 18.004 17.1602 22.242 24.3963 17.2205 16.9041 26.6198 18.854 23.8629 19.0662 21.5544 17.7751 16.1366 15.9396 17.6772 16.407 19.7017 14.7161 14.4436 15.6264 18.8148 13.9437 19.3375 13.6997 14.8299 14.5591 13.6625 21.0771 16.0238 13.5155 20.5795 17.493 13.2469 12.9848 12.5437 12.5329 12.5192
threshold=297.50000000000006 1.0000000180025095e-35 0.267948717948718 0.83266666666666678 15004.000000000002 448.15023794059232 112500.00000000001 90083.333333333358 97500.000000000015 80.500000000000014 74250.000000000015 -0.39444444444444443 75500.000000000015 12250.000000000002 0.20904966342347622 -0.056873315363881398 69000.000000000015 85250.000000000015 33.000000000000007 1431.9827906239173 2673.932045947297 5500.0000000000009 -0.25629629629629624 27750.000000000004 27964.119483032027 218.50000000000003 -2499.9999999999995 27750.000000000004 1.0000000180025095e-35 5399.0720090734949 10820.48809584292 0.45833333333333343 -0.11696306429548563 44500.000000000007 21.000000000000004 49842.071590507338 45004.000000000007 0.6454972243679028 18416.666666666668 0.47656947477720596 12500.000000000002 29.628415802462772 32500.000000000004 1372.3324886684848 27750.000000000004 -0.035098522167487677 149.50000000000003 13283.333333333334 -73.687887399716587 -1749.9999999999998 4.5000000000000009 83690.805854594641 21.000000000000004 1625.0000000000002 0.20553038935206394 190.50000000000003 1.0000000180025095e-35 6646.3026123349018 63875.000000000007 -1.202229259025428 8.5000000000000018 1650.0000000000002 62.500000000000007 0.11039987542615655 49000.000000000007
decision_type=2 2 10 2 10 10 10 2 2 2 2 10 2 10 10 10 10 10 2 10 8 2 10 10 2 2 10 2 10 2 10 2 10 2 2 2 10 10 10 10 10 2 8 10 10 10 2 10 2 10 2 2 2 2 2 2 10 2 10 10 2 2 2 10 8
left_child=3 5 12 11 46 -2 7 8 10 -9 18 -1 13 -3 33 -10 -12 -18 20 41 23 22 -22 26 27 -26 -6 -25 -24 32 -31 -32 -21 35 -35 36 37 39 -39 40 -15 42 45 44 -43 -20 51 48 -48 50 57 52 53 -5 56 -56 -23 59 -59 -13 -34 -55 -17 -36 -51
right_child=1 2 -4 4 6 -7 -8 9 15 -11 16 49 -14 14 -16 62 17 -19 19 29 21 54 28 24 25 -27 -28 -29 -30 30 31 -33 60 34 63 -37 -38 38 -40 -41 -42 43 -44 -45 -46 -47 47 -49 -50 64 -52 -53 -54 61 55 -57 -58 58 -60 -61 -62 -63 -64 -65 -66
leaf_value=333.25945953217911 0.0056461271532214467 101.4051101834422 436.07101923728584 -5.4146703611446521 0.33091937158858203 0.016445409253567203 -813.49081280778489 171.11881980091158 -57.120458839928787 -355.25245035577194 3.8563006554405255 -8.7997810520044055 -465.53881483886948 -4.5124125504420682 108.3053820098776 -234.78680208185716 219.34019156535436 -15.402814550794917 1.6345102191150571 -31.055687072147609 56.863862791283438 0.023136641523162974 0.0046856757772562692 -0.30679945901017136 -0.13989423130405704 0.0098892067992442951 -0.20885753656455885 0.019184705731517093 6.1991111668782315 -1.9096614060880013 -11.379502129789625 -360.7367941865491 0.011690659992956879 70.413623613685374 -81.795029076665017 -1.7369906539736624 6.0669247847910963 0.047868119029060144 -1.0741294315526433 2.4290873297679396 0.061800245832512715 -0.13468986013722378 2.8962539628858668 -0.88680535135285077 2.6242454731313969 -0.15127864933603921 2.4284686329958882 -0.12654769076484818 -0.27080803252205926 0.61729636643408348 -4.7523530261212992 -268.00625037652446 -0.70314140197846975 15.518859891219396 -0.11663952424406794 -72.561930034751185 -0.058401339822090489 125.47717555121515 -24.346434659434856 4.7484197970771787 -13.806266599323417 0.014630621316849073 -748.52746406207382 281.49267790298109 146.70973798113664
leaf_weight=98 227 95 165 101 133 280 175 319 142 97 286 170 108 180 101 96 197 104 236 305 201 1514 1392 100 1702 344 535 255 782 1324 228 109 261 188 110 260 155 113 435 98 1338 102 97 111 321 594 143 650 198 1286 205 105 697 170 1393 257 3508 285 204 135 627 259 112 96 333
leaf_count=98 227 95 165 101 133 280 175 319 142 97 286 170 108 180 101 96 197 104 236 305 201 1514 1392 100 1702 344 535 255 782 1324 228 109 261 188 110 260 155 113 435 98 1338 102 97 111 321 594 143 650 198 1286 205 105 697 170 1393 257 3508 285 204 135 627 259 112 96 333
internal_value=-0.000848902 0.00394599 0.00169179 -0.0016806 -0.00243554 0.0187803 -0.00161473 -0.00138043 -0.00174619 0.0133468 -0.00136785 0.00388616 0.000385053 0.00138193 0.000466794 -0.0194372 0.0115368 0.021237 -0.00184223 -0.00497665 -0.000709855 0.00123793 0.0065574 -0.00650582 -0.00389051 -0.00667947 -0.015568 0.0115871 0.00453499 -0.00940226 -0.0054119 -0.0186515 -0.0147749 -0.000424381 0.0105954 -0.00219002 -0.000444346 -0.00210271 -0.0114095 0.00095844 -0.000488351 0.00354626 -0.000860674 0.0114917 0.0167873 -0.00380409 -0.0086914 -0.0140566 -0.00333196 0.00270861 -0.00252853 -0.004538 -0.00262364 0.00442671 -0.00063077 -0.00520322 0.000837872 0.00136662 0.00749486 -0.00784368 -0.0102994 0.00933679 -0.0308529 -0.00299608 0.00605072
internal_weight=26947 3949 3442 22998 20282 507 17959 17784 17368 416 17018 2716 3277 3169 3074 350 587 301 16431 4315 12116 9047 2375 3069 2401 2046 668 355 2174 2854 1661 337 1193 2973 394 2579 2319 2164 548 1616 1518 1461 927 534 423 830 2323 991 341 2618 999 1332 1227 530 6672 1650 5022 794 489 305 888 429 208 206 1619
internal_count=26947 3949 3442 22998 20282 507 17959 17784 17368 416 17018 2716 3277 3169 3074 350 587 301 16431 4315 12116 9047 2375 3069 2401 2046 668 355 2174 2854 1661 337 1193 2973 394 2579 2319 2164 548 1616 1518 1461 927 534 423 830 2323 991 341 2618 999 1332 1227 530 6672 1650 5022 794 489 305 888 429 208 206 1619
is_linear=0
shrinkage=0.0577944


Tree=27
num_leaves=66
num_cat=0
split_feature=26 52 42 103 77 51 76 48 26 0 76 43 52 79 0 80 39 23 55 47 21 51 92 11 101 50 51 0 26 51 127 63 89 35 21 107 101 33 68 2 45 89 35 94 0 124 74 96 82 95 35 74 127 54 125 112 124 100 59 83 127 40 111 112 28
split_gain=35.7939 31.8417 29.912 26.6111 24.6591 31.0729 26.2533 25.7008 34.5322 31.8755 35.3531 27.6708 26.029 22.5391 25.2771 22.1484 22.0576 19.8022 19.2965 18.8829 22.4707 33.1303 21.5424 18.4809 21.7754 20.1394 36.4225 24.7385 20.0749 24.8248 21.2551 28.6018 19.8617 18.7444 18.2163 17.7798 17.2112 16.6567 21.0542 15.782 15.5514 15.4916 16.2304 15.0104 25.6125 19.6499 14.8168 14.0041 27.8664 24.3306 15.5758 19.2326 15.2669 13.2732 13.0511 12.7795 12.6433 13.7376 12.5497 18.0506 18.5831 12.7773 11.56 17.09 10.9805
threshold=42.500000000000007 648.51779997311962 0.88297892281076595 2500.0000000000005 77500.000000000015 93416.666666666672 82500.000000000015 38416.666666666679 41.500000000000007 39.500000000000007 33500.000000000007 0.45833333333333343 4133.1984307908233 37500.000000000007 10.000000000000002 49000.000000000007 0.72301587301587311 448.15023794059232 5484.8222964065126 11750.000000000002 2439.7501823716475 47333.333333333336 7125.0000000000009 34500.000000000007 3460.6240135499615 29667.333333333339 29250.000000000004 39.500000000000007 29.500000000000004 28250.000000000004 189.50000000000003 -1749.9999999999998 13500.000000000002 0.24423436980598986 2439.7501823713278 -13499.999999999998 391.8946718329899 26500.000000000004 2250.0000000000005 26500.000000000004 37000.000000000007 7750.0000000000009 0.033044246696625763 0.032980441624693026 21.000000000000004 40.500000000000007 15004.000000000002 112499.96742348665 85625.000000000015 0.1228790053175363 0.094083023393237084 50004.000000000007 58.500000000000007 1033.8299006464601 11.500000000000002 0.28582857142857149 6.5000000000000009 474.1623595892616 14500.000000000002 43875.000000000007 347.50000000000006 1850.0000000000002 0.19615384615384621 0.099780087964814093 29750.000000000004
decision_type=2 10 10 10 10 8 10 8 2 2 8 2 8 10 2 10 2 10 8 10 10 10 10 8 2 10 10 2 2 10 2 10 10 2 10 10 2 2 10 2 10 10 2 10 2 2 10 2 10 10 2 10 2 10 2 8 2 2 10 10 2 2 10 10 2
left_child=3 17 19 4 7 -6 -7 13 9 12 15 35 18 23 -15 -11 -14 -2 -9 -3 43 22 -22 24 25 26 28 64 30 33 31 -1 34 -30 39 -12 -32 38 55 46 -16 42 -29 45 -45 58 -25 48 50 -50 52 -52 -18 -28 -20 -5 57 -46 59 60 61 -21 63 -4 -27
right_child=1 2 62 37 5 6 -8 8 -10 10 11 -13 16 14 40 -17 47 -19 54 20 21 -23 -24 32 -26 27 53 41 29 -31 36 -33 -34 -35 -36 -37 -38 -39 -40 -41 -42 -43 -44 44 56 -47 -48 -49 49 -51 51 -53 -54 -55 -56 -57 -58 -59 -60 -61 -62 -63 -64 -65 -66
leaf_value=-1.2653103810961777 0.0053196085175373211 81.389788164636315 -0.02911489800381678 -13.011913455047617 -359.62709471704721 59.858662795660031 -218.16920710802174 226.09773279472304 -8.1834614754314945 135.27621925577958 -59.27658944745496 -189.44026872875625 368.84708458196803 0.025860207846333402 -3.0055826108020138 -9.3485080633018747 395.12509519313892 0.014893962285163004 6.6746531897203454 0.042773181108384066 55.472390882551366 4.1569065796017721 426.29953430567133 40.696564642755867 -172.24363805800974 -9.3763043814138882 1.7944294566557584 2.728138153000744 -0.14452618327507766 0.0072813964307403001 0.21984819330364491 0.0011893180959925368 -91.027635139438402 -0.010661926134721026 12.593997145475477 -1.0883573596796692 -0.11066367529684769 -252.81277534307068 58.088387830916247 -0.00037597148309117482 -0.11425031394075293 -11.819429493442023 1.2353922117001646 0.45272599011261727 0.017614493361466609 -5.185686255688509 0.012217377725659048 -808.70262868583177 -58.532497726741617 51.176065593490542 0.21075540877695978 -0.16693082334518741 1.308759001854912 -0.28002109638874684 -2.2216562926373404 -193.80325348674882 -6.2267814711017122 -45.390337942881082 10.319398236216545 -0.08490224442579461 -2.6895236171877905 0.28628582072054071 0.22424455442849367 -9.7770031838044265 -0.5281109828195627
leaf_weight=528 211 98 223 814 143 101 188 236 144 164 332 200 134 228 300 140 193 150 114 235 260 486 136 139 113 208 338 100 1159 378 340 3487 96 530 115 857 95 343 162 658 152 96 139 360 370 117 112 101 95 278 3453 3305 591 113 145 273 159 163 188 105 122 225 212 199 998
leaf_count=528 211 98 223 814 143 101 188 236 144 164 332 200 134 228 300 140 193 150 114 235 260 486 136 139 113 208 338 100 1159 378 340 3487 96 530 115 857 95 343 162 658 152 96 139 360 370 117 112 101 95 278 3453 3305 591 113 145 273 159 163 188 105 122 225 212 199 998
internal_value=-0.000480052 0.00453825 0.00285476 -0.00136817 -0.000820237 -0.0144492 -0.00273859 -0.000527583 0.0014819 0.00189374 -0.00530981 -0.00929156 0.003327 -0.00256589 -0.0127576 0.0121934 0.00251535 0.0209123 0.0162175 0.00528529 0.00435728 0.0120664 0.0244337 -0.00183165 -0.00275293 -0.0023889 -0.00103508 -0.00837709 -0.00216144 -0.00686295 0 -0.00129234 0.0050857 -0.00989837 0.00758601 -0.00571232 0.0121093 -0.00858023 -0.00525407 0.00455155 -0.0206677 0.0050989 0.0133172 0.000927452 -0.00377056 0.00608805 0.0167782 0.00209614 0.00239293 0.0177889 0.00159974 0.000674033 0.00931104 0.0147354 0.00437319 -0.00826078 -0.0103766 -0.00558714 0.00920177 0.00517799 0.00936469 0.0148233 -0.00841936 -0.0139737 -0.0122745
internal_weight=26947 4019 3658 22928 21336 432 289 20904 10482 10338 1693 1389 8645 10422 680 304 8150 361 495 3024 2926 882 396 9742 8622 8509 6968 1541 6517 2067 4450 4015 1120 1689 1024 1189 435 1592 1249 909 452 335 239 2044 1052 992 251 8016 7915 373 7542 6758 784 451 259 1087 692 533 875 687 582 460 634 422 1206
internal_count=26947 4019 3658 22928 21336 432 289 20904 10482 10338 1693 1389 8645 10422 680 304 8150 361 495 3024 2926 882 396 9742 8622 8509 6968 1541 6517 2067 4450 4015 1120 1689 1024 1189 435 1592 1249 909 452 335 239 2044 1052 992 251 8016 7915 373 7542 6758 784 451 259 1087 692 533 875 687 582 460 634 422 1206
is_linear=0
shrinkage=0.0577944


Tree=28
num_leaves=66
num_cat=0
split_feature=127 53 32 77 39 0 26 97 28 29 31 99 22 75 50 95 109 0 16 84 53 95 92 99 8 92 40 127 9 8 112 26 80 41 56 2 7 40 64 33 12 32 52 51 102 31 95 35 49 0 48 39 0 0 47 118 13 76 127 91 100 121 0 127 38
split_gain=34.3933 39.8805 32.7972 29.4319 24.6855 25.1059 23.1834 43.1859 28.3842 39.3792 22.9763 33.3284 26.688 21.8576 23.9368 43.8754 21.1899 36.6613 19.9971 23.1577 24.9986 19.6708 20.9751 22.844 25.4424 20.8796 19.3657 18.9231 18.5476 18.4623 18.1257 17.8022 17.3304 17.0732 16.9035 17.0644 16.613 15.4527 15.2116 17.5274 15.1211 15.0809 16.3113 21.6097 24.6803 14.8036 23.7564 15.4377 14.3766 26.6492 25.2413 21.7416 21.8356 19.0252 18.5794 17.9591 14.7411 14.3683 15.4964 14.5388 14.145 13.9426 15.2069 13.2248 22.7336
threshold=312.50000000000006 648.51779997311962 3671.9651663571021 31500.000000000004 0.83266666666666678 21.000000000000004 15.500000000000002 89478.878814296084 112500.00000000001 91000.000000000015 92500.000000000015 59585.93598456763 3056.2492275075283 39500.000000000007 68250.000000000015 0.12662926850015879 0.086335403726708088 10.000000000000002 87925.000000000015 83750.000000000015 7005.8867426102979 0.20420084810122383 5375.0000000000009 29695.72427265728 15004.000000000002 312.50000000000006 2250.0000000000005 56.500000000000007 29500.000000000004 31004.000000000004 -0.28730158730158722 5.5000000000000009 79000.000000000015 4996.0000000000009 7504.0000000000009 30500.000000000004 7500.0000000000009 9500.0000000000018 -0.058147396889790391 32500.000000000004 29500.000000000004 2585.2123592902849 3551.987771491275 37583.333333333336 -2063.6266076192364 46504.000000000007 0.079419946285971418 0.22020453729724962 45834.000000000007 39.500000000000007 51916.666666666672 1.1299036146057326 33.000000000000007 13.000000000000002 51250.000000000007 1.0000000180025095e-35 48833.333333333336 33500.000000000007 56.500000000000007 5875.0000000000009 3.42558878401178e-05 0.19090909090909094 21.000000000000004 284.50000000000006 1166.6666666666672
decision_type=2 10 2 10 2 2 2 2 2 2 2 2 10 10 10 10 10 2 10 10 8 10 10 2 8 8 2 2 10 8 10 2 10 2 10 2 10 2 8 2 8 2 10 10 2 2 10 2 10 2 10 2 2 2 10 10 10 10 2 10 2 10 2 2 2
left_child=4 -2 29 45 5 -1 8 16 9 10 11 21 -13 60 15 37 28 -18 19 20 -14 22 23 24 27 -26 36 -6 63 34 -24 -25 -19 -32 35 -3 -7 -15 -12 -40 -33 -38 -43 44 -44 46 -4 -48 -30 50 53 52 54 55 -52 -50 -51 59 -59 -45 -5 62 -23 -8 -65
right_child=1 2 3 13 6 26 7 -9 -10 -11 38 12 18 14 -16 -17 17 32 -20 -21 -22 61 30 31 25 -27 -28 -29 48 -31 33 40 -34 -35 -36 -37 41 -39 39 -41 -42 42 43 57 -46 -47 47 -49 49 56 51 -53 -54 -55 -56 -57 -58 58 -60 -61 -62 -63 -64 64 -66
leaf_value=386.74480756043351 0.0050123689146357887 0.19267163212741234 0.44666773985251529 -2.1204825233391147 -2.7853779258474702 85.09759956465038 -0.053186728157366692 -585.3859262343376 -753.86662919878449 136.43699604906678 13.921304142757435 36.313602569233637 594.84877760120003 6.9241585635205745 -223.91186696595935 370.97353927520743 13.898337423903191 -44.676788942864825 -75.333212345691848 79.471956385466541 -1.3334190643073061 -2.6856722227095871 -17.45940403667943 -1.9080863865050117 -0.034659343871495739 1.3173779984426019 -13.379503575952645 0.44791181225927718 0.022566183486251421 -12.951455968572171 0.19857492397874796 -0.69985816975631754 -247.84452016693149 134.67796700743875 -5.2688070684293677 -0.59738122869404131 -4.3001273805891049 -0.083048859384098964 -173.82953221474949 -755.58561583152925 0.0073291157299069428 9.8946546267947788 -8.8068133033358134 46.268691912264075 -0.29725758086570764 383.05255728371185 -1.2347261104055118 6.2507510969117019 -0.61106146132788752 -3.5175803604618316 111.98286320844345 -119.01613183529926 -31.432675090244171 -0.00040887331646383796 4.7586589689488452 0.17659924160059651 -190.08871558613768 180.57602096306277 -2.2818569054091671 247.29209217467326 -15.644350954401869 1.2292592951074328 -97.960041260968808 0.058707120429902934 -0.043033998935964553
leaf_weight=97 311 150 188 101 165 156 4291 144 179 374 124 254 122 274 240 196 128 1431 134 165 676 105 112 811 546 1124 178 150 2894 107 209 267 193 308 261 131 110 502 136 114 1456 375 178 238 483 177 214 139 570 217 258 284 287 841 862 193 223 160 729 105 101 115 111 335 138
leaf_count=97 311 150 188 101 165 156 4291 144 179 374 124 254 122 274 240 196 128 1431 134 165 676 105 112 811 546 1124 178 150 2894 107 209 267 193 308 261 131 110 502 136 114 1456 375 178 238 483 177 214 139 570 217 258 284 287 841 862 193 223 160 729 105 101 115 111 335 138
internal_value=-0.000698788 0.00501981 0.00273686 0.00624807 -0.00144824 0.0036138 -0.00213298 -0.00359946 0.000356397 0.000921304 -6.8605e-06 0.000734592 0.00886951 0.00125813 0.00432033 0.00846445 -0.00323449 -0.00918096 0.00471931 0.00776583 0.00337906 -0.00124241 -0.000323735 -0.00173618 0.00284424 0.0057627 0.00248714 -0.0119536 -0.00230163 -0.00849155 0.0094912 -0.00539486 -0.0116077 0.0141992 -0.00369352 0.0056606 0.00384602 0.0019914 -0.0139133 -0.0220901 -0.00193682 0.00254475 0.00363487 0.00133653 -0.00694639 0.0157709 0.0103884 0.000949537 -0.000295016 -0.00268775 -0.000838522 0.00401994 0.00704216 -0.00607122 0.0107447 -0.012658 -0.0160133 0.00593453 0.001804 0.0159927 -0.0159975 -0.0148383 -0.023406 -0.00505347 0.00386452
internal_weight=26947 3092 2781 2132 23855 2809 21046 13289 7757 7578 7204 6830 1351 1414 1212 972 13145 1752 1097 963 798 5479 5148 4519 1985 1670 2712 315 11393 649 629 2534 1624 517 542 281 2534 776 374 250 1723 2378 2268 1893 661 718 541 353 6629 3735 3295 1691 1407 1604 1120 763 440 1232 889 343 202 331 216 4764 473
internal_count=26947 3092 2781 2132 23855 2809 21046 13289 7757 7578 7204 6830 1351 1414 1212 972 13145 1752 1097 963 798 5479 5148 4519 1985 1670 2712 315 11393 649 629 2534 1624 517 542 281 2534 776 374 250 1723 2378 2268 1893 661 718 541 353 6629 3735 3295 1691 1407 1604 1120 763 440 1232 889 343 202 331 216 4764 473
is_linear=0
shrinkage=0.0577944


Tree=29
num_leaves=66
num_cat=0
split_feature=121 42 1 0 16 131 112 107 125 37 120 127 127 111 34 57 39 39 127 97 33 35 64 100 54 51 94 127 41 93 50 95 127 29 45 11 38 23 35 127 121 32 40 101 107 120 95 95 93 123 23 8 45 91 50 64 16 5 52 55 102 106 77 127 54
split_gain=37.3251 32.9305 27.16 34.0098 48.3991 35.4793 29.3439 25.7552 24.8918 23.6323 23.2178 23.1448 43.8813 22.9717 22.1295 21.6027 21.3781 18.3944 16.7904 32.1181 16.7001 16.5945 16.3648 15.9907 15.6758 15.191 14.8659 19.5514 19.5091 16.0402 14.7516 15.1433 14.3434 17.7386 17.2849 20.7336 23.5139 20.8178 18.4722 17.0206 13.9407 13.9063 13.8997 14.9321 13.8962 17.96 31.0363 16.0091 13.8277 13.7043 13.9738 13.2458 13.1636 30.6807 15.3762 13.8455 17.3227 17.3931 13.8996 13.1502 12.9895 12.905 15.654 13.0079 12.8465
threshold=1.0000000180025095e-35 0.32274861218395107 11.000000000000002 33.000000000000007 58500.133333333339 0.6830127018922193 0.28582857142857149 17500.000000000004 23.500000000000004 18750.000000000004 0.16025641025641027 306.50000000000006 345.50000000000006 0.10172413793103451 1625.0000000000002 2750.0000000000005 0.95380241648898367 1.2922201138519926 212.50000000000003 40021.54362657047 11500.000000000002 0.11770549438251419 -0.086489013557737249 -5250.0635497148314 516.39777949432244 79250.000000000015 0.092819096178459473 8.5000000000000018 14470.000000000002 0.1738856726170033 10916.66666666667 0.14569251064559188 144.50000000000003 47333.333333333336 17250.000000000004 38500.000000000007 -2833.3333333333298 889.91798666416071 0.10722457412328122 76.500000000000014 0.26136363636363641 5062.9201007730308 9500.0000000000018 -2185.413016635935 7500.0000000000009 0.20714285714285716 0.089899369028502499 0.11813234659305723 0.052548465466434185 3750.0000000000005 1008.0138659879166 77000.000000000015 20250.000000000004 3622.0000000000005 23916.666666666668 -0.18585526315789472 83535.714285714304 87500.000000000015 9755.2057704550989 3339.1531779639195 -605.51029150610873 1004.0000000000001 31500.000000000004 121.50000000000001 938.80963562504564
decision_type=8 8 2 2 8 2 10 8 2 2 10 2 2 10 2 10 2 2 2 2 2 2 10 2 8 8 10 2 2 10 10 8 2 2 8 8 2 10 2 2 10 2 2 2 8 10 10 10 10 10 8 8 8 10 8 8 10 10 10 8 2 10 10 2 10
left_child=11 2 3 6 5 8 10 -7 20 49 21 14 15 23 24 -13 22 32 19 -10 -5 -2 -6 -4 -1 -24 27 -25 29 40 -29 -32 34 -34 -16 37 -37 -36 -38 41 48 -39 43 -12 45 46 -15 -47 60 50 64 -27 53 59 -54 -56 57 -57 -58 -52 -28 63 -63 -22 -3
right_child=1 9 13 4 16 7 -8 -9 18 -11 42 12 -14 44 17 -17 -18 -19 -20 -21 61 -23 25 26 -26 51 28 30 -30 -31 31 -33 33 -35 35 36 38 39 -40 -41 -42 -43 -44 -45 -46 47 -48 -49 -50 -51 52 -53 54 -55 55 56 58 -59 -60 -61 -62 62 -64 -65 -66
leaf_value=0.0093785553688535157 158.77539617602159 -0.073823481376572964 144.04175765891554 -12.38281906276686 -153.48839598916317 243.94856701847971 104.33126805771452 -18.789588150559734 241.42451799770126 -380.69786116418089 405.19124114437449 0.0137434875904712 -0.49059080648650621 0.30103660023223455 5.4761488443112105 0.38755113963353316 -390.7552692336406 -0.091002706310689629 -1.0493305039313814 3.0974830845385268 132.42925609564873 -0.0090272430235845188 41.756396358040362 -37.949052353589728 -0.042558051720990697 -226.36698587413346 -1.6840915605902194 -0.48552654938784845 -15.756234410113651 23.182039697367955 0.017876399870899687 -8.1736046565449332 0.0076041673237445002 -0.88776931662316394 0.056498424537329853 26.01359051394439 11.165486921088217 -0.54015360468546625 0.02341511987816958 0.025656572869466345 5.7413355536689146 -0.20688448377258575 15.404526487774042 185.84963116786335 -69.884253248900578 -13.250100172068025 -69.269186116500464 15.435367393728811 -4.6251193927041507 -201.2486586723135 0.24556073793871488 4.4032362282658584 -86.440259708236709 4.3175753475508314 14.508916559425685 -0.27256770597113333 -14.898287678070838 78.569563580161443 -286.49503602729419 -0.13230727233706943 4.4010657325610598 1.6402567589001249 -204.30340953773529 -0.71617348674797265 -0.14062759385802867
leaf_weight=272 408 355 122 213 266 290 233 120 124 196 108 281 435 154 175 693 240 367 181 131 128 1439 267 113 1659 119 165 104 218 100 4256 205 1217 522 255 326 340 130 807 179 181 97 173 95 172 200 180 134 538 183 220 140 161 154 170 3693 121 113 234 375 102 173 176 629 620
leaf_count=272 408 355 122 213 266 290 233 120 124 196 108 281 435 154 175 693 240 367 181 131 128 1439 267 113 1659 119 165 104 218 100 4256 205 1217 522 255 326 340 130 807 179 181 97 173 95 172 200 180 134 538 183 220 140 161 154 170 3693 121 113 234 375 102 173 176 629 620
internal_value=-0.000677344 -0.00204995 -0.00030206 0.00265508 -0.00122537 0.00362096 0.00777489 0.018853 0 -0.00535915 0.00560332 0.00269556 0.0094055 -0.0027357 0.00117289 0.0162524 -0.0115463 0.00345133 0.0119502 0.021439 -0.00392705 0.0028065 -0.00660161 -0.0014654 -0.00393946 -0.000311738 -0.00192013 -0.000356237 -0.00737593 -0.00397119 0.000200587 0.000748975 0.00460563 0.000525919 0.00759433 0.00602591 0.00985899 -0.0022491 0.00571992 -0.0105672 -0.00635862 -0.0210343 0.0187145 0.0290803 -0.0117079 -0.00747653 -0.0169331 0.00151688 -0.00971259 -0.00471078 -0.0042082 -0.0105402 -0.00297386 0.00398318 -0.00417645 -0.00346488 -0.00416145 -0.00295625 -0.0164247 -0.00172451 0.000396596 -0.000878091 -0.0101444 0.00318123 -0.0106241
internal_weight=26947 19192 12597 5653 3197 2165 2456 410 1755 6595 2223 7755 1409 6944 6346 974 1032 4415 436 255 1319 1847 792 6104 1931 526 5982 4678 1304 1086 4565 4461 4048 1739 2309 2134 1473 661 1147 406 986 227 376 203 840 668 334 334 805 6399 6216 259 5241 749 4492 4331 4161 3806 355 595 267 1106 349 757 975
internal_count=26947 19192 12597 5653 3197 2165 2456 410 1755 6595 2223 7755 1409 6944 6346 974 1032 4415 436 255 1319 1847 792 6104 1931 526 5982 4678 1304 1086 4565 4461 4048 1739 2309 2134 1473 661 1147 406 986 227 376 203 840 668 334 334 805 6399 6216 259 5241 749 4492 4331 4161 3806 355 595 267 1106 349 757 975
is_linear=0
shrinkage=0.0577944


Tree=30
num_leaves=66
num_cat=0
split_feature=26 53 38 30 56 45 42 62 35 93 54 36 23 100 131 93 64 35 35 55 64 125 32 35 54 54 42 110 49 42 92 22 107 26 26 36 102 72 29 4 95 130 125 101 101 92 15 80 112 39 0 95 75 95 46 44 121 107 13 10 36 51 49 34 111
split_gain=31.6251 32.7745 24.7608 31.1807 23.6437 26.5966 23.4477 18.9599 41.9615 36.6415 30.0117 23.9942 17.7524 17.7004 23.7779 25.8317 24.1599 32.9469 19.9321 18.0503 16.8397 29.2356 21.8372 18.4827 19.3874 16.7272 21.0582 18.7803 17.8435 16.0168 17.9686 18.2197 17.0268 15.9044 19.4862 15.8548 15.5723 18.1386 19.5518 17.8046 15.5777 15.5583 59.0452 19.4474 19.0543 18.2602 17.1216 26.2224 21.5777 15.1195 20.8872 20.3296 16.663 14.5996 26.2544 20.509 16.6978 14.1305 14.0399 19.0646 14.763 14.0176 14.4115 13.9964 13.7083
threshold=42.500000000000007 648.51779997311962 -12333.333333333334 39500.000000000007 39000.000000000007 48750.000000000007 -1.1069902513999137 3250.0000000000005 0.11065666703449764 0.18831783020640472 4421.5345786998287 0.91666666666666685 448.15023794059232 0.041626047785030103 -0.68301270189221952 0.062360956446239089 0.016530054644808747 0.21089081847093868 0.11498998341416489 3398.5211323739577 0.12613636363636366 16.500000000000004 9853.0648157837531 0.26091799577839381 6304.7289326625132 532.06016849974446 -0.47673129462279612 -0.19677419354838707 25750.000000000004 1.2909944487358087 1562.5000000000002 1815.6825980064743 9496.0000000000018 30.500000000000004 25.500000000000004 0.91666666666666685 7196.7980900632911 54500.000000000007 84416.666666666686 45004.000000000007 0.11030345351942515 0.68301270189221941 6.5000000000000009 952.05968030089946 -273.41215079157149 1062.5000000000002 40357.428571428572 81000.000000000015 -0.39827586206896548 1.3011627906976748 33.000000000000007 0.19643840975977597 81000.000000000015 0.099629180283590149 51250.000000000007 47000.000000000007 0.13392857142857145 2004.0000000000002 61333.333333333336 75500.000000000015 0.75000000000000011 60750.000000000007 49916.666666666679 751.00000000000011 0.033908045977011504
decision_type=2 10 2 2 10 10 10 10 2 10 10 2 10 2 2 10 10 2 2 10 10 2 2 2 10 8 8 8 8 8 8 10 10 2 2 2 2 10 2 8 10 2 2 2 2 8 10 10 10 2 2 10 10 10 10 10 10 8 10 8 2 10 10 2 10
left_child=2 12 3 -1 7 -6 -5 13 36 10 -10 -12 -2 18 15 61 29 -18 25 -19 22 -22 23 24 35 26 -4 -27 -29 30 31 64 -32 34 -13 -3 37 39 -39 -9 -41 43 -43 44 46 -46 -20 -48 -49 50 51 52 -7 54 55 -44 -55 -21 60 -60 -30 62 -15 -62 -16
right_child=1 20 4 6 5 49 -8 8 9 -11 11 33 -14 14 16 -17 17 19 41 57 21 -23 -24 -25 -26 27 -28 28 58 -31 32 -33 -34 -35 -36 -37 -38 38 -40 40 -42 42 53 -45 45 -47 47 48 -50 -51 -52 -53 -54 56 -56 -57 -58 -59 59 -61 63 -63 -64 -65 -66
leaf_value=203.23593542628041 0.0039283852277465468 0.44920624763521405 0.11364863393724071 81.444190360177871 6.9161667324186347 -13.664585703013895 -70.776108050856053 151.67621656394326 110.14112165558775 -204.19557553890249 -56.196301928302347 0.13221757997868519 0.012949190814689242 -0.21532214079313922 -0.053505054228336353 -102.43782631369938 2.0473010233826323 -12.359235572609377 -0.12835527711903336 2.9173557763750613 -2.81338582226515 402.99570004742867 -229.19002613712203 0.91031030451687167 15.635288057491147 144.50661896902156 -0.12901437973150781 56.923916240240146 2.2977954913268577 -40.498194323140503 -3.3179575943724724 11.662692745957724 6.9730203931226882 -4.0130405547003587 170.96766164238994 -0.097930795478504182 3.3161474514117559 326.87959502923246 20.721876851143609 -11.279793989833014 20.266566182988051 66.387898741620646 -0.14866579630943039 -209.72140637832328 0.0059881129470727235 5.2704523981532212 0.14010601317862753 8.2652474454132925 -145.92423626546392 -898.06359687578731 -302.97912937096498 44.473276866932387 -367.38323783489329 -0.7358604952944704 -39.667473782152761 5.7751655476240442 14.565966580384883 -22.793321560812561 23.890903163677383 -50.073023468281121 -0.039780095273378009 -236.42815987888585 12.753095185492256 -0.3090698657181743 0.060960124551653644
leaf_weight=161 217 445 211 404 245 297 201 110 131 102 257 578 143 1270 703 688 1168 156 2292 115 255 238 236 133 616 137 185 103 151 438 1355 202 310 192 147 1736 264 217 96 111 95 422 478 143 542 145 1595 162 272 98 194 156 130 263 105 160 463 99 130 179 1360 126 188 2109 317
leaf_count=161 217 445 211 404 245 297 201 110 131 102 257 578 143 1270 703 688 1168 156 2292 115 255 238 236 133 616 137 185 103 151 438 1355 202 310 192 147 1736 264 217 96 111 95 422 478 143 542 145 1595 162 272 98 194 156 130 263 105 160 463 99 130 179 1360 126 188 2109 317
internal_value=-0.000836035 0.00387732 -0.00167061 0.00847724 -0.0020308 -0.0102303 0.00207614 -0.00158415 0.00333346 -0.00278053 0 -0.00308535 0.0204927 -0.00219782 -0.00446797 -0.0093688 -0.002136 0.00378155 -0.000785775 -0.0109668 0.00217542 0.0120915 0.000562654 0.00198707 0.000905086 -0.00376814 0.00735889 -0.00487376 -0.00562642 -0.00492887 -0.00327634 0.00192689 -0.00720023 0.00112119 0.00522524 -0.00158364 0.0131433 0.0180817 0.0281033 0.0073926 -0.0018921 0.00112264 0.00560906 -0.000491736 7.90623e-05 0.0090287 -0.00130781 0.0024983 -0.00989071 -0.0149917 -0.0118384 -0.00589921 -0.0126029 0 -0.00556381 -0.00079794 0.00593119 0 -0.00628818 0.00515326 -0.00731889 -0.00512829 -0.0033558 -0.00811983 -0.00106483
internal_weight=26947 4019 22928 766 22162 1120 605 21042 2300 1407 1305 1174 360 18742 7135 2272 4863 1538 11607 370 3659 493 3166 2930 2797 4565 396 4169 4032 3325 2887 1222 1665 917 725 2181 893 629 313 316 206 7042 1891 5151 5008 687 4321 2029 434 875 777 583 427 1469 743 638 726 214 3929 309 3620 1584 1458 3469 1020
internal_count=26947 4019 22928 766 22162 1120 605 21042 2300 1407 1305 1174 360 18742 7135 2272 4863 1538 11607 370 3659 493 3166 2930 2797 4565 396 4169 4032 3325 2887 1222 1665 917 725 2181 893 629 313 316 206 7042 1891 5151 5008 687 4321 2029 434 875 777 583 427 1469 743 638 726 214 3929 309 3620 1584 1458 3469 1020
is_linear=0
shrinkage=0.0577944


Tree=31
num_leaves=66
num_cat=0
split_feature=121 38 100 0 0 26 34 124 120 127 51 54 0 95 53 42 55 56 95 127 42 92 22 103 80 120 26 0 12 94 55 42 33 32 23 89 55 127 120 64 8 92 112 127 26 35 101 41 39 7 101 49 32 12 34 111 31 20 35 55 102 125 95 112 101
split_gain=35.5177 29.4091 35.9823 29.3608 25.0708 26.9911 24.8198 21.8044 21.7272 19.9832 29.7912 22.07 24.2869 18.9101 23.5681 21.5041 27.4052 19.0006 35.6194 18.3824 30.6324 16.9626 20.9368 18.1101 16.6823 24.5799 30.2951 24.5009 23.1378 17.9995 17.8992 17.6259 16.6567 19.1756 16.1671 21.9159 17.3941 15.9615 15.7865 15.4359 27.4392 17.919 16.4413 22.9143 16.7512 27.7119 20.2454 20.3574 18.5518 16.7519 15.4913 15.4355 22.4377 14.449 22.6911 19.4126 19.3 14.2294 14.1295 14.2941 20.9557 15.4023 19.8543 18.3764 15.8031
threshold=1.0000000180025095e-35 -1.0000000180025095e-35 -2984.2340312977099 39.500000000000007 10.000000000000002 2.5000000000000004 16375.000000000002 61.500000000000007 0.22649572649572652 236.50000000000003 16667.333333333339 648.51779997311962 33.000000000000007 0.034913963078320648 2572.2698549879774 -0.72821908125441903 865.54360876699582 10004.000000000002 0.058591819180656299 336.50000000000006 0.69259738226758949 9874.0000000000018 3056.2492275075283 4500.0000000000009 75500.000000000015 0.20714285714285716 47.500000000000007 33.000000000000007 45004.000000000007 0.11847095207213339 6646.3026123349018 -1.1000468889568416 10504.000000000002 4464.6699308926954 2421.1709905571201 5004.0000000000009 1033.8299006464601 10.500000000000002 0.19090909090909094 -0.035504201680672261 65030.000000000007 3625.0000000000005 0.28582857142857149 50.500000000000007 5.5000000000000009 0.17767701563092883 38.070963860307536 1746.0000000000002 1.0325224748810156 27350.000000000004 140.51881706737643 54000.000000000007 5657.985865374606 81000.000000000015 6375.0000000000009 -0.12310606060606059 57500.000000000007 71000.000000000015 0.023424278964210215 8190.4020859273787 1426.2970491987219 14.500000000000002 0.11560805825732874 0.23443223443223446 -723.81148451241177
decision_type=8 2 2 2 2 2 2 2 10 2 8 10 2 10 10 10 10 8 10 2 10 10 8 10 10 8 2 2 10 10 8 10 2 2 10 10 10 2 10 8 8 10 10 2 2 2 2 2 2 10 2 10 2 8 2 8 2 10 2 8 2 2 10 10 2
left_child=4 2 3 38 5 -1 21 13 -5 10 -6 12 -11 15 -15 -7 -17 18 -16 32 -21 22 34 53 25 37 28 57 51 -30 -29 -32 33 -13 35 -3 -37 -4 -2 40 41 -12 44 -44 45 50 47 48 -46 -48 -41 52 -27 56 -55 -56 -23 -26 -39 61 -61 64 -63 -64 -60
right_child=1 6 24 8 9 7 -8 -9 -10 11 39 19 -14 14 17 16 -18 -19 -20 20 -22 23 -24 -25 27 26 -28 30 29 -31 31 -33 -34 -35 -36 36 -38 58 -40 42 -42 -43 43 -45 46 -47 49 -49 -50 -51 -52 -53 -54 54 55 -57 -58 -59 59 60 -62 62 63 -65 -66
leaf_value=4.861018059663575 22.55975612787708 -0.043480019269932349 -40.52221338788685 7.456417969197271 8.4462236624965019 -0.18749335656236082 -188.83108096833885 -0.43563976768452095 -181.70868271398379 0.0026561499538303814 -2.2817374547192535 0.01131235693889973 0.19772726459920795 -0.2867684078389805 -0.092774030366288562 0.16659336594230098 0.024494097811833607 0.010299359694862219 0.31647073734969727 0.29421232531437747 -29.495883989675068 -0.19927395923230104 -4.3149760437763511 -131.88047369842215 -7.7789892735135266 -1.5085560098253772 212.80227861317766 29.623670886059735 29.994577905452552 288.99935475962269 -5.311340655465921 -275.94742235909206 -0.59516152897506702 0.50121518202093684 0.05961911113256084 0.89011237652376973 -1.4603324074579427 0.024365223023519744 224.0856895892336 -0.15864248738943426 17.541156758818261 -1.4377251501464847 78.074911446345993 -250.90468414129953 -2.6998131989985148 0.074752113249229854 -1.0864566333540369 0.013905262689223001 0.00064947002804779572 0.16393169209776373 -89.007213078896584 -83.029951638780346 40.550209739576843 75.482161000211377 -0.45749230316040762 -220.62172036144275 9.8430130941760154 166.49130240688791 -0.33397210425208473 16.093273915660884 -94.958090006056523 -0.19305057619490978 -7.7531970461420991 2.0641391655209471 0.8676336678810207
leaf_weight=127 1066 2552 97 344 180 102 526 113 112 173 232 788 100 169 106 208 537 761 261 283 130 579 1713 372 191 869 132 104 190 98 130 368 309 184 1195 103 448 337 271 181 98 159 107 182 197 96 205 497 139 1020 111 144 357 100 258 189 1060 139 1121 492 98 1832 549 123 933
leaf_count=127 1066 2552 97 344 180 102 526 113 112 173 232 788 100 169 106 208 537 761 261 283 130 579 1713 372 191 869 132 104 190 98 130 368 309 184 1195 103 448 337 271 181 98 159 107 182 197 96 205 497 139 1020 111 144 357 100 258 189 1060 139 1121 492 98 1832 549 123 933
internal_value=-0.000505786 -0.00184521 0.000285273 0.0077167 0.00278495 0.00771888 -0.00422961 0.00613267 -0.00463655 0.000557636 -0.00208381 0.00521673 0.020461 0.00750501 0.00292685 0.014262 0.0177503 0.00607139 0.0168288 0.00261683 -0.00775243 -0.00345089 -0.00513 0.000425449 -0.00129995 -0.000351493 0.00550601 -0.00857927 0.00323012 0.0180195 -0.0155469 -0.0201548 0.0061131 0.00988649 -0.00291371 -0.00513227 -0.0156219 -0.00226459 0.0120666 -0.00341773 -0.012894 -0.0199078 -0.00164315 -0.0145978 -2.01871e-05 -0.0110531 0.00198654 -0.00482693 -0.0158117 0.00676817 -0.0201232 0 0.00220269 0.00250393 -0.00544503 -0.0112734 0.00527326 0.00361524 -0.00180969 -0.00259001 0.00573222 -0.00371057 -0.00675018 -0.0153047 0
internal_weight=26947 19192 10097 1793 7755 2384 9095 2257 456 5371 3404 1967 273 2144 1297 847 745 1128 367 1694 413 8569 6011 2558 8304 7372 1790 932 1658 288 602 498 1281 972 4298 3103 551 5582 1337 3224 489 391 2735 289 2446 388 2058 833 336 1225 292 1370 1226 2186 547 447 1639 330 5485 5148 590 4558 2504 672 2054
internal_count=26947 19192 10097 1793 7755 2384 9095 2257 456 5371 3404 1967 273 2144 1297 847 745 1128 367 1694 413 8569 6011 2558 8304 7372 1790 932 1658 288 602 498 1281 972 4298 3103 551 5582 1337 3224 489 391 2735 289 2446 388 2058 833 336 1225 292 1370 1226 2186 547 447 1639 330 5485 5148 590 4558 2504 672 2054
is_linear=0
shrinkage=0.0577944


Tree=32
num_leaves=66
num_cat=0
split_feature=121 37 100 7 125 50 1 101 131 63 1 11 127 51 33 42 93 131 47 1 22 54 106 106 82 20 16 0 127 63 92 39 127 99 89 30 28 40 53 86 11 130 130 5 98 28 55 16 22 55 31 127 7 121 54 78 120 47 34 64 0 121 101 49 50
split_gain=30.8584 31.4739 25.5255 21.5282 24.024 20.4675 24.4532 34.904 32.9052 33.2772 35.5595 42.6977 21.358 22.8148 22.3329 20.5141 20.0038 19.0987 18.9809 26.2116 18.1473 18.1031 16.5084 16.3582 16.1897 16.0176 18.1352 15.8997 21.1413 20.779 18.6727 18.0894 17.6847 15.4584 17.2738 15.1224 19.4581 26.6313 29.2734 17.1644 15.5194 20.3806 16.8042 15.3338 18.4364 15.049 16.3735 14.5116 14.2334 17.1293 14.1507 14.064 13.804 13.7729 13.5461 15.4986 19.8698 21.1762 14.3163 21.6156 14.4042 22.3234 14.7032 12.9014 18.6268
threshold=1.0000000180025095e-35 18750.000000000004 -4431.2276014436129 50504.000000000007 11.500000000000002 74250.000000000015 11.000000000000002 3365.4197957190777 0.6830127018922193 -13749.999999999998 9.0000000000000018 30500.000000000004 96.500000000000014 101250.00000000001 32500.000000000004 -1.1000468889568416 0.034644975803460078 -0.9330127018922193 66250.000000000015 9.0000000000000018 5135.5259101319489 7005.8867426102979 18500.000000000004 4500.0000000000009 55875.000000000007 33750.000000000007 38000.133333333339 10.000000000000002 14.500000000000002 -2249.9999999999995 4125.0000000000009 1.2132034632034634 111.50000000000001 41792.198455660189 33500.000000000007 49000.000000000007 47000.000000000007 1.0000000180025095e-35 648.51779997311962 78875.000000000015 45004.000000000007 -0.6830127018922193 0.25000000000000011 24500.000000000004 19993.215115716648 78750.000000000015 8817.5846485786769 55000.133333333339 471.90907252325309 3046.8256129620481 77500.000000000015 220.50000000000003 12500.000000000002 0.17424242424242428 1033.8299006464601 30500.000000000004 1.0000000180025095e-35 27750.000000000004 2125.0000000000005 0.016530054644808747 33.000000000000007 0.26136363636363641 162.07867898634689 27916.666666666668 27225.000000000004
decision_type=8 2 2 10 2 8 2 2 2 8 2 8 2 10 2 10 10 2 10 2 10 10 10 10 10 10 10 2 2 8 10 2 2 2 10 2 2 2 10 10 8 2 2 10 2 2 8 10 10 8 2 2 8 10 10 10 10 8 2 10 2 10 2 8 10
left_child=27 2 3 -2 -5 6 8 21 17 -10 11 -11 13 14 45 -13 -14 18 19 23 -6 48 25 -4 -23 -19 51 28 -1 30 -29 52 -33 -28 -35 36 37 -30 -39 -37 41 -40 -43 44 -44 -7 -47 -21 49 -8 -22 -27 -31 -9 55 56 -50 -58 59 -56 62 -62 -60 64 -54
right_child=1 -3 5 4 20 12 7 53 9 10 -12 15 16 -15 -16 -17 -18 22 -20 47 50 24 -24 -25 -26 26 33 29 35 31 -32 32 -34 34 -36 39 -38 38 40 -41 -42 42 43 -45 -46 46 -48 -49 54 -51 -52 -53 63 -55 58 -57 57 -59 60 -61 61 -63 -64 -65 -66
leaf_value=5.1470235038307379 121.28540181593819 -336.19103197973232 5.1203524953090538 34.341047580556044 -16.034996724403658 20.444010093148094 -0.16924214575792715 -33.32463219269718 -179.8869981061118 339.29217534698751 287.13163527747423 159.20871647581342 -9.1502453870798952 97.963678106302012 -359.67775771733358 -11.473002442444857 -290.97278997887184 -2.4591974205588225 -128.81988101206736 353.20710041441828 20.70035336726545 -2.9227272706714684 -360.75329505920791 -139.93783565407844 10.186010386879424 130.26143467699109 -18.676135628126158 -0.80838615338642428 -0.010512322844971916 2.9819296378190483 0.26715161800331455 3.3861062925401466 -86.220147156107657 0.67078141040135819 -12.92726159107333 64.019059663914547 -0.46433750242745392 0.14765602763294916 0.14515419380346467 0.14336564659265358 0.31593225717493545 -0.28633078580723254 -0.052119204379659348 -0.14031770409614444 0.071301706869043122 35.527541494286503 -632.31908997157711 5.937371822950781 -0.055660317113663531 0.10199885417819778 -39.655235885966604 0.21895552156307285 0.00079576504647975649 12.664948202490837 -2.2880859369806945 -0.4820975522156104 -0.057032291969654134 1.9398004377623399 -0.0097185193467085942 1.5869375207708711 -3.5126734274639317 14.976906600318307 1.9938819924064721 0.031497022103791912 -2.567863824230002
leaf_weight=128 474 196 324 317 130 196 1066 709 95 100 466 98 126 169 160 538 286 253 107 170 269 642 147 96 125 116 326 366 212 156 197 126 158 2223 679 238 380 108 224 146 216 263 99 262 108 97 96 121 316 320 383 153 882 98 578 333 213 515 2193 220 1810 323 820 3330 156
leaf_count=128 474 196 324 317 130 196 1066 709 95 100 466 98 126 169 160 538 286 253 107 170 269 642 147 96 125 116 326 366 212 156 197 126 158 2223 679 238 380 108 224 146 216 263 99 262 108 97 96 121 316 320 383 153 882 98 578 333 213 515 2193 220 1810 323 820 3330 156
internal_value=-0.000445741 -0.00169467 -0.00144447 0.00556736 0.000936092 -0.00208891 -0.00155283 -0.00326981 0.0013533 0.00950448 0.0122193 0.00397505 -0.00963011 -0.0032731 -0.00919176 -0.00134276 -0.0201535 -0.000855641 0.00709625 0.010667 -0.00433092 -0.00226152 -0.00257611 0.000935781 -0.0107918 -0.00176853 -0.000691068 0.00262107 0.00655689 0.000837231 -0.00957679 0.00210036 -0.0118354 -0.00194691 -0.000534212 0.00513778 0.00286153 0.00590757 0.00913502 0.0156428 0.00623747 0.00282258 -0.00163901 0.00463129 0.0164413 -0.00115699 -0.0129051 0.0239215 -0.0014853 -0.00685742 -7.54442e-05 0.0135479 0.00302357 -0.0148233 -0.000440737 0.00468314 0.00821366 0.0135008 -0.0016603 -0.00885991 -0.000503437 -0.00416213 0.0020282 0.00236465 -0.00315529
internal_weight=26947 19192 18996 1573 1099 17423 16293 10281 6012 1297 1202 736 1130 718 549 636 412 4715 818 711 782 9474 3897 420 767 3750 3497 7755 2384 5371 563 4808 284 3228 2902 2256 1872 1492 1280 384 1172 956 732 469 207 389 193 291 8707 1386 652 269 4524 807 7321 1377 1044 728 5944 798 5146 2133 3013 4368 1038
internal_count=26947 19192 18996 1573 1099 17423 16293 10281 6012 1297 1202 736 1130 718 549 636 412 4715 818 711 782 9474 3897 420 767 3750 3497 7755 2384 5371 563 4808 284 3228 2902 2256 1872 1492 1280 384 1172 956 732 469 207 389 193 291 8707 1386 652 269 4524 807 7321 1377 1044 728 5944 798 5146 2133 3013 4368 1038
is_linear=0
shrinkage=0.0577944


Tree=33
num_leaves=66
num_cat=0
split_feature=121 38 63 127 31 95 127 35 93 107 111 32 95 127 102 97 41 94 1 34 0 123 21 130 100 16 93 54 89 88 99 63 1 112 42 112 99 49 92 39 127 16 93 102 127 12 127 100 102 65 102 101 22 101 77 28 35 125 64 64 96 12 63 38 88
split_gain=32.9283 26.3023 19.864 34.0323 48.5011 31.0154 37.2417 31.8738 29.7421 24.4839 24.4074 23.8187 20.4971 19.8207 28.4931 31.2775 26.1357 32.3328 25.4942 24.09 21.8744 22.263 19.223 17.9219 17.7338 16.403 33.6377 18.7557 23.7716 25.7456 16.1132 26.9001 21.5809 18.9609 19.8956 19.0388 27.0466 19.4362 19.2093 25.1276 18.4243 16.5098 16.0941 20.5996 19.3184 16.0078 15.3214 15.3093 14.2036 13.8838 13.8047 15.8498 23.1665 13.2973 13.2456 13.0661 13.0148 25.4609 19.1668 16.7546 12.8865 15.9401 11.6494 13.9758 13.4286
threshold=1.0000000180025095e-35 15833.333333333334 1750.0000000000002 104.50000000000001 77500.000000000015 0.11967322710602578 42.500000000000007 0.20737610035826617 0.063252782505925795 49000.000000000007 0.18301435406698566 15013.824754249381 0.021692591031246527 157.50000000000003 4451.4807600542781 54181.025697513847 4996.0000000000009 0.13571486201768615 9.0000000000000018 11125.000000000002 21.000000000000004 750.00000000000011 3779.6447300929126 -0.93301270189221919 896.75013853966095 29166.800000000007 0.025439916452699354 2425.4391150134479 1004.0000000000001 1254.0000000000002 88041.109616810383 10750.000000000002 9.0000000000000018 0.34166666666666673 1.57893858507966 0.036038961038961044 17357.151328279404 68250.000000000015 3751.0000000000005 1.2113237639553431 32.500000000000007 68167.666666666686 0.022047927592249512 1.0000000180025095e-35 119.50000000000001 29500.000000000004 146.50000000000003 -4431.2276014436129 -1321.209610179654 1.0000000180025095e-35 1841.1015432487532 -4703.2339526723854 2567.7629550645429 201.77684608470011 26500.000000000004 28750.000000000004 0.09995910434834869 14.500000000000002 -0.01600102406554019 -0.016261237440507666 27380.577086907619 28004.000000000004 -1749.9999999999998 2503.3333333333326 4500.0000000000009
decision_type=8 2 10 2 2 10 2 2 10 8 10 2 10 2 2 2 2 10 2 2 2 10 10 2 2 8 10 10 8 8 2 10 2 10 10 8 2 10 10 2 2 10 10 2 2 10 2 2 2 2 2 2 10 2 10 2 2 2 10 10 2 10 10 2 10
left_child=30 2 3 5 10 8 7 22 25 13 12 50 46 14 15 42 -15 20 -16 -17 -18 48 -7 -14 -12 26 -2 28 -27 -30 31 33 -33 34 35 40 -37 38 39 -38 55 -34 53 44 -44 -40 -5 -6 -22 56 51 -8 -53 -4 -48 -1 57 59 -59 -25 -56 -62 -42 64 -64
right_child=1 -3 9 4 47 6 11 -9 -10 -11 24 -13 23 16 18 19 17 -19 -20 -21 21 -23 -24 49 -26 27 -28 -29 29 -31 -32 32 41 -35 -36 36 37 -39 45 -41 62 -43 43 -45 -46 -47 54 -49 -50 -51 -52 52 -54 -55 60 -57 -58 58 -60 -61 61 -63 63 -65 -66
leaf_value=0.0068912809557542445 5.8413807987905031 -316.76106917076862 -0.33255380368579313 -0.74320222002234282 -57.764131063205561 -25.774271456751908 261.36532346185891 20.38089600321603 -5.6050085033523755 -226.36788554829582 -4.3244869489468742 -4.9498781812681711 1.991284623906179 -0.46879001319874475 -436.9158253754369 141.85455058346952 75.31953474652812 198.87561655639988 -9.7380478500457439 5.7506639184060147 -16.257494666798262 134.07028485503852 2.5812420676422647 -0.13525521589854578 -151.64262968351116 2.2129931283006434 -1.1296168484934985 0.13561006598600897 -19.517908717945424 -0.42638045404801977 -774.90503893541847 -13.338527736647078 288.09646987651632 -14.270839946062674 0.22262713527744604 5.4127635903484501 0.075704414553240271 68.353681434666058 -53.57853759385457 -101.2958495609364 -0.36581441162790435 15.563042015790463 42.870128682655434 -15.981515153718703 -4.8111593803609125 0.021836685756297658 -0.48754634432838873 -286.25814376470407 -0.46223623286717808 -0.50907346259723418 115.75277234950529 105.93841830114951 -5.1966753703379789 17.414506765826626 0.095350149409280327 -1.4249040399475321 0.049151621136072722 -0.075542362801331892 -0.88062067627921847 3.1332691367574976 -0.10704159857238844 0.012781905864545529 0.0024566485582078672 0.055831528029344081 -4.4503322653266979
leaf_weight=129 397 240 115 119 195 274 231 178 738 171 177 218 668 693 175 251 381 360 399 278 107 107 245 186 221 119 326 810 228 397 128 116 239 387 366 221 1283 136 154 96 553 99 163 487 116 319 121 369 515 3013 150 149 174 121 103 202 3455 315 293 221 175 248 2569 643 115
leaf_count=129 397 240 115 119 195 274 231 178 738 171 177 218 668 693 175 251 381 360 399 278 107 107 245 186 221 119 326 810 228 397 128 116 239 387 366 221 1283 136 154 96 553 99 163 487 116 319 121 369 515 3013 150 149 174 121 103 202 3455 315 293 221 175 248 2569 643 115
internal_value=-0.000398562 -0.00168865 -0.00143562 -0.0024758 -0.00439701 0.00158096 0.00804559 -0.00180343 -0.00183538 0.00192356 -0.00337309 0.0156667 -0.0027202 0.00282593 -0.0010925 0.00293249 0.0067189 0.011095 -0.0120969 0.0143134 0.00596191 0 -0.00927709 -0.00184173 -0.0174009 0.00136491 0.00858125 -0.00188722 -0.00857212 -0.0132304 0.00277005 0.00313464 0.0167867 0.00223768 0.00296961 0.00218509 0.00652695 0.00426203 0.00258089 0.00609781 -5.28734e-05 0.0241833 -0.00292337 -0.00712516 0.00488208 -0.00726132 -0.0117823 -0.0208661 -0.00414516 -0.00266998 0.0208215 0.0158488 0.00670287 0.00986294 -0.00780678 -0.01311 -0.000579514 -0.0063478 -0.0138819 0.00448601 -0.00336847 -0.00811278 0.00102474 0.00235758 0.000448513
internal_weight=26947 19192 18952 14513 9879 4634 1619 697 3015 4439 9315 922 8917 4268 2105 1531 2163 1470 574 529 1110 729 519 8151 398 2277 723 1554 744 625 7755 7627 454 7173 6786 6420 2209 1988 1852 1379 4211 338 1002 766 279 473 766 564 622 7483 704 554 323 236 647 331 4470 1015 608 407 526 423 3880 3327 2684
internal_count=26947 19192 18952 14513 9879 4634 1619 697 3015 4439 9315 922 8917 4268 2105 1531 2163 1470 574 529 1110 729 519 8151 398 2277 723 1554 744 625 7755 7627 454 7173 6786 6420 2209 1988 1852 1379 4211 338 1002 766 279 473 766 564 622 7483 704 554 323 236 647 331 4470 1015 608 407 526 423 3880 3327 2684
is_linear=0
shrinkage=0.0577944


Tree=34
num_leaves=66
num_cat=0
split_feature=121 37 100 50 63 55 127 127 35 64 42 35 0 39 111 111 125 92 41 112 4 64 111 77 92 95 95 125 93 0 15 80 37 120 35 125 112 102 111 26 0 102 74 41 99 102 99 125 55 44 23 80 16 130 44 112 93 12 36 64 77 112 101 99 102
split_gain=27.8018 24.9223 24.4786 20.7842 21.5601 23.5334 20.0834 29.0635 21.045 33.6718 20.9218 18.9833 18.0125 21.8723 18.7806 17.273 23.7202 20.6624 19.5186 16.717 16.563 16.0063 15.9695 27.9648 19.5332 17.8087 17.6404 18.8672 18.2405 15.0307 28.5515 23.3202 21.627 20.6126 16.7243 15.6651 24.2632 20.8388 18.9186 14.7708 14.7378 14.6914 14.4752 14.2741 14.0952 15.6094 21.5992 19.7962 18.0243 20.566 16.1844 22.8472 21.0169 17.068 16.0432 19.6021 22.1711 19.3012 15.9551 15.6203 14.6212 14.3881 13.6285 13.4599 18.723
threshold=1.0000000180025095e-35 18750.000000000004 -675.30239917296774 74250.000000000015 13750.000000000002 7555.3009855711816 10.500000000000002 102.50000000000001 0.10980312508607999 0.01709526592635886 0.81649658092772792 0.10361161552366703 10.000000000000002 1.1072796934865903 -0.45383522727272724 0.053588516746411484 20.500000000000004 4625.0000000000009 2750.0000000000005 0.12613636363636366 27350.000000000004 -0.032002048131080381 0.18301435406698566 31500.000000000004 2125.0000000000005 0.021692591031246527 0.14569251064559188 11.500000000000002 0.064530519782081464 39.500000000000007 38678.571428571442 49000.000000000007 4750.0000000000009 0.19090909090909094 0.15761361518787229 16.500000000000004 -0.42678571428571421 -7652.585710296381 -0.1982142857142857 21.500000000000004 21.000000000000004 1426.2970491987219 71000.000000000015 30500.000000000004 88041.109616810383 1.0000000180025095e-35 61711.163440889846 28.500000000000004 1001.9064032049168 28002.000000000004 5930.6335068945673 30500.000000000004 28650.000000000004 0.68301270189221941 17250.000000000004 0.96458333333333346 0.14385187520315421 47000.000000000007 0.91666666666666685 -0.063508064516129017 13500.000000000002 0.03509852216748769 -7198.3199602089544 30665.224883735234 -1894.6300571032423
decision_type=8 2 2 10 8 8 2 2 2 10 8 2 2 2 8 10 2 10 2 8 10 10 10 10 10 10 10 2 10 2 10 10 2 10 2 2 10 2 10 2 2 2 10 2 2 2 2 2 10 10 10 8 10 2 10 10 10 10 2 10 10 10 2 2 2
left_child=43 2 12 4 6 -6 -4 8 9 10 21 -5 13 -2 -14 18 17 -17 -10 -11 -7 -8 25 24 -24 39 27 28 -27 31 -31 -16 33 35 -34 36 -33 -38 -37 -9 -23 62 -36 44 45 46 50 48 49 61 51 52 53 -1 60 56 57 -56 -51 -59 -50 -47 -28 -53 -65
right_child=1 -3 3 11 5 20 7 22 15 19 -12 -13 14 -15 29 16 -18 -19 -20 -21 -22 40 23 -25 -26 26 41 -29 -30 30 -32 32 34 -35 42 38 37 -39 -40 -41 -42 -43 -44 -45 -46 47 -48 -49 54 58 -52 63 -54 -55 55 -57 -58 59 -60 -61 -62 -63 -64 64 -66
leaf_value=-0.009511488174045464 -3.1653984588566848 -302.95419512544595 -42.248790521305637 -2.9084369740123273 170.22011540241019 27.428235260172404 3.1725137523279838 -0.76786490958150588 1.8854935670278732 103.70856444574009 -30.93763907192178 -340.37617808458526 172.59941949673254 2.1925202788653451 -0.2193752034627309 -26.073661316338889 -97.109436357926455 23.200165031187943 -0.15753055529644444 1.0804472516763888 -95.167150571490183 -2.2423609402014475 -39.90845126350824 -177.42800019761552 4.3633995762032995 0.00083692244370941549 1.4459216116720168 -0.12051779734933291 14.193668287727796 5.910574888085141 -20.797282754910761 -18.042919049736341 0.22470979279188893 137.33612678878626 -39.434525268319859 15.674811691850357 104.78999621116039 7.3798505646912513 -1.5266763791722866 -0.086524571869456418 1.7914171172458191 4.889274715020183 -232.05612470643831 246.76166292883528 -730.72172043049238 0.20182392049699363 215.89739588446201 -0.42083869288334969 0.2717578029155846 2.0134744999897025 -15.166095472948584 0.18564060724747838 -6.6340828175861715 0.078793426115331397 -0.012242291906813226 105.2283310377433 -224.8911378435071 -10.330132850104652 0.01650406943957294 10.609075551660455 4.6662215993482477 0.016260070319289235 -20.195490513542463 0.74318379595073925 -0.022204000586037623
leaf_weight=1142 597 196 157 234 289 106 124 101 257 176 191 327 112 276 1255 237 156 160 1005 104 217 251 222 479 361 1379 99 3505 423 474 773 162 313 568 144 491 114 894 556 621 274 120 96 102 127 167 102 329 148 189 114 232 111 139 1749 129 101 106 553 781 186 131 596 237 880
leaf_count=1142 597 196 157 234 289 106 124 101 257 176 191 327 112 276 1255 237 156 160 1005 104 217 251 222 479 361 1379 99 3505 423 474 773 162 313 568 144 491 114 894 556 621 274 120 96 102 127 167 102 329 148 189 114 232 111 139 1749 129 101 106 553 781 186 131 596 237 880
internal_value=-0.000690211 -0.00187532 -0.00165132 -0.00320843 -0.00266172 0.00778122 -0.00326158 -0.00294107 0.00192469 0.00817245 0.00211438 -0.0141163 0.00109907 -0.00658497 0.00225975 -0.00183883 -0.0103721 -0.0022886 0.00177464 0.0254618 -0.00245332 0.00725133 -0.00477045 -0.0114382 -0.00254826 -0.00370409 -0.00264993 -0.00139148 0.00335663 0.00176898 -0.00378341 0.00331768 0.005861 0.00795606 -0.0043476 0.00530611 0.00989287 0.013306 0 -0.0123377 0.00239046 -0.0105826 -0.0158744 0.00221881 0.00190113 0.00224791 -0.000973304 0.00437156 0.00545958 0.0121225 -0.00197855 -0.00100779 -0.00624809 -0.00395324 0.00322683 0.00174941 0.000629646 0.00172668 0.00657922 0.00868831 0.0152202 0.0250917 -0.0138904 0.00426729 0.00143689
internal_weight=26947 19192 18996 12171 11610 612 10998 10841 2935 1120 840 561 6825 873 5952 1815 553 397 1262 280 323 649 7906 1062 583 6844 6122 5307 1802 5840 1247 4593 3338 2785 553 2217 1170 1008 1047 722 525 815 240 7755 7653 7526 2957 4569 4240 1040 2855 2741 1392 1281 3200 2866 2737 2636 742 887 334 298 695 1349 1117
internal_count=26947 19192 18996 12171 11610 612 10998 10841 2935 1120 840 561 6825 873 5952 1815 553 397 1262 280 323 649 7906 1062 583 6844 6122 5307 1802 5840 1247 4593 3338 2785 553 2217 1170 1008 1047 722 525 815 240 7755 7653 7526 2957 4569 4240 1040 2855 2741 1392 1281 3200 2866 2737 2636 742 887 334 298 695 1349 1117
is_linear=0
shrinkage=0.0577944


Tree=35
num_leaves=66
num_cat=0
split_feature=38 37 63 100 61 35 26 64 42 4 80 64 112 120 32 51 111 125 64 127 74 0 39 32 34 94 89 111 101 127 35 24 47 42 77 54 12 37 37 1 131 130 12 30 109 102 130 11 55 93 55 26 89 111 124 125 109 59 102 34 26 86 101 89 55
split_gain=21.9966 20.952 21.0856 28.7664 19.535 23.7917 18.8534 20.6108 20.8548 18.6685 37.4744 16.7804 16.6445 15.5091 15.107 22.1498 16.7065 16.101 15.7716 14.9296 20.9311 17.177 14.9054 14.8225 14.5606 14.9153 14.5225 14.1511 31.1048 22.6065 17.1135 14.1473 13.9356 13.8151 13.6257 18.4571 13.4341 14.7697 18.629 13.0741 34.5811 27.7751 25.2909 18.1196 22.2129 16.3501 14.6348 18.3544 14.0851 12.7259 11.7772 11.5938 12.7608 11.5805 11.3248 14.2752 11.1723 11.0855 10.9652 10.9244 10.7971 10.5205 10.2637 16.7053 10.1244
threshold=13416.66666666667 -17249.999999999996 -1.0000000180025095e-35 105.39106365715999 750.00000000000011 0.068675234712179498 40.500000000000007 -0.01680790960451977 1.5215978279796285 87500.000000000015 92500.000000000015 0.19615384615384621 0.40312500000000007 0.13392857142857145 10016.638981097474 68416.666666666672 -0.046031746031746028 13.500000000000002 -0.092329545454545442 72.500000000000014 79000.000000000015 33.000000000000007 0.80229885057471273 826.10312969235281 14625.000000000002 0.20449015786334376 2900.0000000000005 0.039230769230769243 1533.5734881833889 290.50000000000006 0.26294146442420246 1.5000000000000002 45500.000000000007 0.79059178479438463 43000.000000000007 10428.15457918269 28004.000000000004 -2764.9999999999995 -1749.9999999999998 11.000000000000002 0.6830127018922193 -0.93301270189221919 52500.000000000007 34500.000000000007 0.20606060606060608 4653.5437542836489 0.25000000000000011 16500.000000000004 4916.6389135554518 0.12889246246489469 7400.3394031619564 24.500000000000004 45004.000000000007 0.21980676328502416 22.500000000000004 13.500000000000002 0.032795698924731186 6500.0000000000009 25.253586644261308 7375.0000000000009 29.500000000000004 70500.000000000015 -9011.8664164808415 4500.0000000000009 10428.15457918269
decision_type=2 2 8 2 10 2 2 10 10 10 8 10 8 10 2 10 8 2 10 2 10 2 2 2 2 10 10 8 2 2 2 2 8 10 10 10 10 2 2 2 2 2 10 2 10 2 2 10 10 10 10 2 8 10 2 2 10 10 2 2 2 10 2 10 10
left_child=1 13 3 6 11 56 7 8 12 -2 -11 14 24 -1 15 17 -16 22 -19 21 49 58 -4 -8 25 62 54 30 33 -30 60 -25 -18 -29 -26 -36 37 -24 -39 40 42 -41 43 -7 50 46 57 -48 -49 -21 59 52 -34 -44 55 -9 -6 -43 -5 -45 -20 -15 64 -64 -3
right_child=9 2 4 19 5 39 23 26 -10 10 -12 -13 -14 61 16 -17 32 18 27 20 -22 -23 36 31 34 -27 -28 28 29 -31 -32 -33 51 -35 35 -37 -38 38 -40 41 -42 45 53 44 -46 -47 47 48 -50 -51 -52 -53 -54 -55 -56 -57 -58 -59 -60 -61 -62 -63 63 -65 -66
leaf_value=609.03396335562445 -274.8556562717352 16.921358627602316 48.691921106894185 -0.36690373860706554 46.377775481353375 -6.6904718438367157 0.16695875219682565 -0.076975926810652531 2.3728748533205564 71.595191195389773 -310.88759727676052 -20.941409232789418 29.402291593136098 247.46183514916933 52.751757638623403 86.376184648274901 8.4720331264594009 -13.681401361083964 -0.008524770288534704 -42.205543789445713 -239.30090727378737 -23.017775956325984 -10.210635097104243 2.2081584153550105 18.338321433456802 54.553017489152403 -0.19647516529557593 1.1354139215674433 -12.951456750076694 1.3720185141012393 1.989194190014165 -0.043598495331289941 -205.72539129365796 2.2719105172097542 4.0675510454437296 -272.51981350696553 0.21013397715136833 8.646674486550662 -0.016149453896311797 5.4221412815898749 191.03748634377453 6.2647634586229692 -5.4562935224499238 12.51180747979782 -192.66155680427727 -37.798505628121504 -6.1965727690596024 14.60070799858917 -0.20617955259387954 10.184861592953274 8.1169060483516926 0.57156951383064258 -17.951633670591896 -229.65241095704229 -0.044546321645978576 -0.67726291840205166 1.343326910335519 -1.4247230312982229 7.6400693657955472 169.6315267825631 -0.03680710013545866 -53.823672765165547 0.050395571421163007 -0.27260074769348447 -2.4900216904444772
leaf_weight=130 335 359 412 95 233 112 120 179 146 107 212 202 213 125 135 147 146 135 1791 1321 100 207 114 196 120 123 2016 513 644 307 146 498 334 174 110 222 2114 105 1663 145 696 120 361 147 158 153 185 309 238 178 291 107 126 116 182 320 217 636 95 283 1543 116 1104 2413 347
leaf_count=130 335 359 412 95 233 112 120 179 146 107 212 202 213 125 135 147 146 135 1791 1321 100 207 114 196 120 123 2016 513 644 307 146 498 334 174 110 222 2114 105 1663 145 696 120 361 147 158 153 185 309 238 178 291 107 126 116 182 320 217 636 95 283 1543 116 1104 2413 347
internal_value=-0.000870346 -0.000601882 -0.00080444 -0.00277858 0.000563711 0.00381746 -0.00131203 -0.0021982 -2.07815e-05 -0.0113281 -0.000691151 -0.000738862 -0.000689876 0.0129443 -0.000405861 0.000217099 -0.00779655 -0.000106779 -0.00228538 -0.00904335 -0.0115363 0.000556513 0.00244802 0.00698957 -0.00143066 -0.000356854 -0.00628914 -0.00172496 0.00263569 -0.00398792 -0.00383021 0.00338573 -0.0114439 0.0120423 -0.0112765 -0.0173787 0.00131293 -0.00217198 -0.000745693 0.00232229 0.00535587 -0.00125496 0.000190719 0.00557109 0.00850509 -0.00350954 -0.00150572 0.00415385 0.00964517 -0.00961144 0.0129132 -0.0155889 -0.0195626 -0.0105694 -0.0136679 -0.018159 0.016425 -0.00721898 0.0134041 0.0190498 -0.00472509 0.00327644 -0.000982597 -0.00229601 0.00528372
internal_weight=26947 26293 25922 10664 15258 4400 8668 7854 5157 654 319 10858 5011 371 10656 9808 848 9661 5253 1996 1599 397 4408 814 4798 4346 2697 5118 1638 951 3480 694 713 687 452 332 3996 1882 1768 3950 2164 1786 1468 991 879 1641 1488 732 547 1499 721 567 460 477 681 499 450 756 190 430 3334 241 4223 3517 706
internal_count=26947 26293 25922 10664 15258 4400 8668 7854 5157 654 319 10858 5011 371 10656 9808 848 9661 5253 1996 1599 397 4408 814 4798 4346 2697 5118 1638 951 3480 694 713 687 452 332 3996 1882 1768 3950 2164 1786 1468 991 879 1641 1488 732 547 1499 721 567 460 477 681 499 450 756 190 430 3334 241 4223 3517 706
is_linear=0
shrinkage=0.0577944


Tree=36
num_leaves=66
num_cat=0
split_feature=62 1 29 101 79 77 110 36 77 83 91 130 39 131 109 63 117 51 79 9 9 2 26 0 26 127 127 120 16 127 31 125 83 19 46 51 34 42 42 95 97 42 51 95 111 1 46 64 99 89 15 26 34 1 125 39 92 53 92 96 64 121 38 43 92
split_gain=19.6293 48.0054 44.3309 19.4368 23.0258 22.4901 19.1775 19.1546 19.9426 20.6144 22.6085 18.4299 15.8844 15.0169 24.7706 28.5865 28.4093 16.3347 18.9266 18.1749 15.817 25.2277 23.6381 23.748 21.2477 19.081 33.0734 27.9559 28.3232 19.5808 18.4935 24.9696 20.0604 40.6581 19.0193 18.8977 15.6742 17.0216 16.8535 16.8834 15.3719 15.0715 14.3481 13.9818 13.7588 13.2424 14.5912 12.7208 12.4704 14.4545 12.3751 12.3324 11.3658 11.1661 10.4485 9.82848 9.62844 9.51787 9.09704 14.838 8.24673 8.16813 7.20993 7.05395 6.78684
threshold=10750.000000000002 9.0000000000000018 110416.66666666667 8751.3007284079013 127500.00000000001 82500.000000000015 0.2752525252525253 0.91666666666666685 66500.000000000015 46253.000000000007 4874.0000000000009 0.68301270189221941 1.4826762246117087 -0.68301270189221952 0.1327044025157233 3250.0000000000005 166.80000000000004 72833.333333333358 81000.000000000015 63500.000000000007 26500.000000000004 26500.000000000004 2.5000000000000004 33.000000000000007 21.500000000000004 74.500000000000014 135.50000000000003 1.0000000180025095e-35 28650.000000000004 126.50000000000001 21004.000000000004 9.5000000000000018 15125.000000000002 18750.000000000004 11750.000000000002 15583.333333333334 3878.0000000000005 0.22140372138502368 0.95382706882336776 0.12833295308811934 19888.406752571933 1.2447036665130666 25416.666666666668 0.014451838762110042 0.10912698412698414 9.0000000000000018 43000.000000000007 0.064866760168302964 15745.45255297029 4500.0000000000009 40000.285714285717 8.5000000000000018 9875.0000000000018 11.000000000000002 21.500000000000004 0.83266666666666678 1562.5000000000002 5904.7760209362777 751.00000000000011 49689.518047380443 -0.050423728813559318 0.13392857142857145 -3333.3333333333344 0.63333333333333341 9874.0000000000018
decision_type=10 2 2 2 10 10 10 2 10 8 10 2 2 2 10 10 10 8 10 10 8 2 2 2 2 2 2 10 10 2 2 2 10 10 10 10 2 10 10 10 2 10 8 10 10 2 10 10 2 10 8 2 2 2 2 2 10 10 8 2 10 10 2 2 10
left_child=3 11 6 4 5 12 61 -5 9 10 -9 -2 13 14 15 16 17 19 -19 43 30 24 23 58 42 27 29 51 -29 -27 31 34 48 -34 -15 56 37 54 39 -38 -35 -28 -22 -1 -16 -17 -47 -12 49 62 -25 -24 -11 -48 -33 -51 -36 -42 63 -60 -14 -3 -32 -23 -8
right_child=1 2 -4 7 -6 -7 64 8 -10 52 47 -13 60 20 44 45 -18 18 -20 -21 21 22 25 50 -26 26 41 28 -30 -31 32 36 33 40 35 -37 38 -39 -40 -41 57 -43 -44 -45 -46 46 53 -49 -50 55 -52 -53 -54 -55 -56 -57 -58 -59 59 -61 -62 -63 -64 -65 -66
leaf_value=0.0096496196591338308 4.3625745511806189 575.76577016278452 -537.8598615222146 -326.18023904720798 183.35617348492013 -655.80250447208687 -4.4073359235994491 -171.11818978689209 101.23144051947342 -36.44040504691332 -2.7929616605091008 -628.04184322766002 3.2291772608389979 -0.22818934092769211 -57.746344232723004 -0.69406600405341556 -184.65963365299913 -194.29838953153623 8.8670390434229382 14.580405088745222 4.7894882793616151 2.7619917460110579 -0.3566383522222214 -45.908250830078842 -0.11945806796646299 -0.20652046267799679 0.041538417426433216 37.274832752775858 2.4487073056023854 -4.1200053215555572 -6.8768413838781139 -6.4611159868084691 41.90000226729105 -19.488885786641074 14.105950743645929 0.58483598564139283 1.6006347950848188 0.0070981745062314704 -0.38908643422147371 -4.3721790829743838 -0.1186064957799849 -0.071768744049198821 100.22733985135247 -0.083908244455400974 -171.82576614458213 -0.51986746729934574 291.55616318877662 107.04190698737399 -10.918514702806981 19.54073218542473 -46.987513062673834 0.31293238481304103 -308.11108274559973 12.344237361675498 -4.4736567646610403 -8.7482685782137821 26.948588401037732 5.5193358858109542 -32.104349002396809 0.95900306778761046 4.3972261532176402 241.04495740696183 -0.10031853751717797 -0.69533355256741991 285.03604557499654
leaf_weight=564 109 155 101 327 138 104 95 125 103 172 113 95 95 101 225 176 308 131 104 166 171 95 1029 145 154 2941 5075 198 2021 598 104 147 151 97 146 207 523 189 120 114 1041 415 115 4691 174 96 151 151 179 102 113 228 251 104 114 117 143 131 115 192 99 104 120 102 167
leaf_count=564 109 155 101 327 138 104 95 125 103 172 113 95 95 101 225 176 308 131 104 166 171 95 1029 145 154 2941 5075 198 2021 598 104 147 151 97 146 207 523 189 120 114 1041 415 115 4691 174 96 151 151 179 102 113 228 251 104 114 117 143 131 115 192 99 104 120 102 167
internal_value=-0.000861768 0.00786399 0.0159738 -0.00114564 -0.000784738 -0.000924582 0.0229077 -0.00820719 -0.0036408 -0.00686496 0.00233526 -0.0158432 -0.000801827 -0.000940581 -0.00322664 -0.00233028 -0.00349489 -0.00252091 -0.0174194 -0.00183104 -3.24438e-05 0.000876188 0.000408754 -0.00942765 0.0144492 0.00102507 -0.000357395 0.00466513 0.00857801 -0.004729 -0.00331589 0.000858746 -0.00708811 -0.00312056 0.0105746 0.015375 -0.00381295 -0.012346 0.00105309 0.00504079 -0.00662497 0.00242876 0.0237357 -0.00246037 -0.017214 0.0104447 0.0169363 0.0122883 -0.015789 -0.00982077 -0.023625 -0.00210266 -0.015703 0.0241229 -0.0218268 0 0.0248757 -0.00456569 -0.00169208 -0.00816552 0.0154747 0.0343272 -0.0200411 0.00745649 0.0106388
internal_weight=26947 826 622 26121 24879 24741 521 1242 915 812 389 204 24637 24443 6890 6491 5964 5656 235 5421 17553 13707 13267 762 440 12505 9029 3476 2219 3539 3846 1804 2042 1420 597 496 1207 450 757 637 1269 5490 286 5255 399 527 351 264 622 443 258 1257 423 255 261 219 289 1172 504 307 194 259 224 197 262
internal_count=26947 826 622 26121 24879 24741 521 1242 915 812 389 204 24637 24443 6890 6491 5964 5656 235 5421 17553 13707 13267 762 440 12505 9029 3476 2219 3539 3846 1804 2042 1420 597 496 1207 450 757 637 1269 5490 286 5255 399 527 351 264 622 443 258 1257 423 255 261 219 289 1172 504 307 194 259 224 197 262
is_linear=0
shrinkage=0.0577944


Tree=37
num_leaves=66
num_cat=0
split_feature=38 62 26 89 55 100 110 88 88 109 112 50 101 63 101 94 50 125 131 26 15 110 119 56 51 23 77 26 83 88 100 63 100 125 63 86 46 63 43 0 80 23 34 49 43 50 92 1 97 45 130 86 0 9 106 130 52 100 21 101 51 47 29 29 58
split_gain=19.0423 24.0259 35.047 35.2101 18.5238 18.5949 17.3946 15.2161 19.9824 14.2037 14.6382 19.9307 26.7987 23.3158 19.3402 18.7723 20.1365 25.8273 20.2129 16.6761 15.7024 15.1976 20.0195 14.5751 20.2828 21.4374 19.6552 26.6657 23.7517 15.1462 15.3517 15.8293 14.4587 14.3037 14.0843 13.4884 15.1091 13.4727 13.3486 28.2096 24.2385 22.8361 15.9195 13.2147 13.1514 12.6558 12.5041 24.2085 23.0471 20.2782 24.6381 19.3145 15.0208 11.6683 11.7875 13.2571 14.2288 19.4002 12.8889 12.3041 10.3339 10.3336 21.0813 11.0726 15.197
threshold=13416.66666666667 10750.000000000002 7.5000000000000009 39000.000000000007 7555.3009855711816 20.097047077355459 0.2894088669950739 10500.000000000002 34500.000000000007 -0.32575757575757569 -0.22967032967032966 76916.666666666686 -11543.320991896127 -9984.9999999999982 -3216.612814740352 0.16652166949124206 72333.333333333358 13.500000000000002 -0.5 31.500000000000004 38035.714285714297 -0.10435571687840288 0.2678571428571429 39000.000000000007 51416.666666666679 11768.846465411707 45500.000000000007 14.500000000000002 54375.000000000007 10500.000000000002 -252.33646178600245 -1.0000000180025095e-35 -1.4791446684203036 27.500000000000004 -13749.999999999998 83125.000000000015 66250.000000000015 4750.0000000000009 0.95833333333333337 13.000000000000002 32500.000000000004 2468.1884091350171 5128.0000000000009 44750.000000000007 0.87500000000000011 28500.666666666668 9125.0000000000018 11.000000000000002 48425.198782244748 45500.000000000007 -0.93301270189221919 69375.000000000015 39.500000000000007 65030.000000000007 354.00000000000006 0.93301270189221952 3013.8556183179985 -78.367913933542681 1812.6539343499078 -2475.5341875775862 52333.333333333336 42000.000000000007 42916.666666666679 45666.666666666679 21500.000000000004
decision_type=2 10 2 10 8 2 10 8 10 8 10 10 2 10 2 10 10 2 2 2 10 10 10 10 10 10 10 2 10 10 2 10 2 2 8 10 10 10 2 2 10 10 2 10 2 10 10 2 2 10 2 10 2 10 10 2 10 2 10 2 10 10 2 2 10
left_child=1 9 -3 6 -2 -6 -4 -7 -9 -1 11 12 13 19 15 16 18 -18 61 35 -20 22 -22 26 -25 -26 28 33 38 30 -29 -32 -33 44 -14 -11 -37 -31 46 41 45 42 -40 -23 -28 -41 49 51 -49 52 -51 -48 -16 54 55 56 57 -36 -56 -58 -5 -12 -63 -64 -65
right_child=4 2 3 60 5 7 -8 8 -10 10 14 -13 34 -15 23 -17 17 -19 20 -21 21 43 -24 24 25 -27 27 29 -30 37 31 32 -34 -35 53 36 -38 -39 39 40 -42 -43 -44 -45 -46 -47 47 48 -50 50 -52 -53 -54 -55 58 -57 59 -59 -60 -61 -62 62 63 64 -66
leaf_value=85.84850900990763 -362.37771747558907 455.67980456144812 345.76502428093448 4.3525607306551626 -348.77483868086301 40.502074113543593 -6.8975861831701861 -319.83549844195892 69.429155177006905 19.242879287755571 -2.7859743749744705 -137.41797211448142 -119.20609569875323 233.13016970113605 -0.0097058482276015431 100.94788312387693 32.686350360782306 -229.76414818604127 110.11651196387366 -65.170963203153249 -8.877270987789819 -0.010542435962963372 46.902075530393539 51.427676666222133 -230.9720633561852 15.366953608703412 28.551046713394022 12.166121942094183 -183.42164722982088 -258.01442271067202 -4.5416093751897026 -0.79607637796282016 4.4681789125212932 -4.3108147680236275 4.1347184506885029 -46.648376100834838 19.508056930519484 7.5993989675785318 0.00088024833437095012 -0.10818843130805916 -103.27040635335979 5.7982387483794415 -89.462543608314505 30.508417383730126 30.56649123741451 2.4128839041511689 43.05202794751829 2.699562178669944 -11.882789945022489 -8.4863812725261187 -0.67178346326198735 -56.362540990793349 1.3048381545143057 19.689169555985359 -39.658098533255583 32.585661587616812 -1.4353889417495713 -0.13055145715463223 -5.9185904807095842 0.058702726974710143 -384.08450895010066 16.80745512029927 -5.6087304110174276 0.96122819591879682 -19.906680486798702
leaf_weight=202 194 148 191 99 113 109 123 113 125 239 143 238 165 187 9425 243 130 232 127 115 220 117 212 98 205 99 493 229 224 201 338 137 603 98 190 100 95 162 378 230 239 226 131 323 180 96 700 152 239 180 1453 151 1977 179 144 95 1495 159 108 591 184 212 178 361 104
leaf_count=202 194 148 191 99 113 109 123 113 125 239 143 238 165 187 9425 243 130 232 127 115 220 117 212 98 205 99 493 229 224 201 338 137 603 98 190 100 95 162 378 230 239 226 131 323 180 96 700 152 239 180 1453 151 1977 179 144 95 1495 159 108 591 184 212 178 361 104
internal_value=-0.000720233 -0.000470013 0.00971902 0.00306639 -0.010449 -0.00359879 0.0165434 0.00261516 -0.00499303 -0.000775501 -0.000904796 -0.00406839 -0.00300314 0.00678894 -0.000285188 0.00436675 0.00268753 -0.00962528 0.00502293 0.000403382 0.010831 0.00771484 0 -0.000944847 -0.0118119 -0.0193377 -0.00069325 0.00411057 -0.00144759 0 0.00290451 0 0.00473109 0.012975 -0.00537158 0.00592679 -0.00461868 -0.0103877 -0.00116423 -0.00677779 -0.0164572 0.000458311 -0.00607441 0.0152313 0.0160511 -0.00541366 -0.000638859 0.00486595 -0.0067195 -0.00117844 -0.00719976 0.0104073 -0.000298238 -0.00436432 -0.0053295 -0.0040346 -0.00492654 0.00555233 -0.0173914 -0.00677288 -0.0112713 -0.000626511 0.00160614 -0.00338463 0.000969265
internal_weight=26947 26293 745 597 654 460 314 347 238 25548 25346 4100 3862 736 21246 2602 2359 362 1997 549 999 872 432 18644 402 304 18242 2441 15801 1670 1307 1078 740 771 3126 434 195 363 15577 1300 565 735 509 440 673 326 14277 1242 391 13035 1633 851 11402 2961 2782 2530 2435 349 252 2086 283 998 855 643 465
internal_count=26947 26293 745 597 654 460 314 347 238 25548 25346 4100 3862 736 21246 2602 2359 362 1997 549 999 872 432 18644 402 304 18242 2441 15801 1670 1307 1078 740 771 3126 434 195 363 15577 1300 565 735 509 440 673 326 14277 1242 391 13035 1633 851 11402 2961 2782 2530 2435 349 252 2086 283 998 855 643 465
is_linear=0
shrinkage=0.0577944


Tree=38
num_leaves=66
num_cat=0
split_feature=29 62 1 21 38 127 23 59 63 0 40 75 64 1 131 32 26 89 23 12 64 124 16 63 101 53 110 47 30 91 19 51 63 50 131 26 44 50 99 78 47 112 0 88 127 99 76 127 39 0 110 35 130 89 52 16 46 51 80 0 1 99 127 40 75
split_gain=19.3493 26.7207 50.9457 22.0091 20.0925 25.2387 24.0691 18.8755 14.7724 32.0027 28.5854 20.4038 17.3281 19.4209 23.829 37.3573 25.4463 21.6334 18.8302 19.7809 17.2763 16.991 16.9502 16.6285 15.6939 22.0727 21.2907 15.338 21.3885 16.3352 15.4639 19.9561 14.7103 32.0843 31.4728 17.3295 15.2941 14.1463 12.9797 16.0451 12.7232 21.029 15.5947 12.7085 12.7063 12.676 17.3936 14.1058 12.6453 12.3377 12.1802 11.9649 11.7648 11.5932 11.1534 11.019 10.8489 9.98659 9.36908 9.07307 8.81811 13.9195 8.19424 7.39274 10.8313
threshold=112083.33333333336 10750.000000000002 9.0000000000000018 18126.539343499699 13416.66666666667 105.50000000000001 11382.836444280305 21500.000000000004 -1749.9999999999998 39.500000000000007 2250.0000000000005 33500.000000000007 0.19615384615384621 11.000000000000002 0.25000000000000017 10016.638981097474 40.500000000000007 12500.000000000002 5309.3931077302041 40004.000000000007 0.20344827586206901 16.500000000000004 50916.666666666679 4750.0000000000009 -723.81148451241177 6388.7814843559809 -0.070598006644518249 24250.000000000004 22500.000000000004 3125.0000000000005 27250.000000000004 33916.666666666679 4750.0000000000009 44750.000000000007 -0.68301270189221952 37.500000000000007 42000.000000000007 20583.333333333339 40590.25580842355 44000.000000000007 16250.000000000002 0.28582857142857149 33.000000000000007 9500.0000000000018 161.50000000000003 40827.508919799249 34500.000000000007 204.50000000000003 0.79008567931456553 10.000000000000002 0.21525096525096529 0.1440595597181259 0.68301270189221941 49000.000000000007 4781.8646300913342 55000.133333333339 24250.000000000004 49000.000000000007 32500.000000000004 33.000000000000007 9.0000000000000018 41579.04445577928 125.50000000000001 2250.0000000000005 15500.000000000002
decision_type=2 10 2 10 2 2 10 10 10 2 2 10 10 2 2 2 2 10 10 8 10 2 10 10 2 10 10 8 2 10 10 8 10 10 2 2 10 10 2 10 10 10 2 10 2 2 10 2 2 2 10 2 2 10 10 10 8 10 10 2 2 2 2 2 10
left_child=1 3 52 4 8 6 -6 59 9 27 11 54 13 14 16 17 32 21 22 -20 -14 51 24 -17 25 26 -15 29 56 37 -30 58 33 36 -35 44 -10 63 -13 -40 42 -42 -26 -18 -34 47 -47 -33 -41 -7 -22 -16 -3 -25 -11 57 -29 -24 -32 -4 61 -19 -12 -1 -65
right_child=-2 2 7 -5 5 49 -8 -9 12 10 62 38 20 18 15 23 43 60 19 -21 50 -23 55 53 40 -27 -28 28 30 -31 31 45 35 34 -36 -37 -38 -39 39 48 41 -43 -44 -45 -46 46 -48 -49 -50 -51 -52 -53 -54 -55 -56 -57 -58 -59 -60 -61 -62 -63 -64 64 -66
leaf_value=0.19296786444861294 -671.59866064793334 -0.6066870211387575 378.32871150257051 108.00254368092145 -264.66727915841102 -126.20129140504321 49.451842246249676 -4.9633692464583685 -14.466301476653792 -3.223843093261531 -85.90504536040163 -38.216790197909759 -54.142836593436805 0.5140555007063411 12.418022985415989 16.521601601504617 -6.5437953855217668 196.93888894805232 0.23896550355051671 -63.905319477505699 7.7512806541808121 31.64780854614509 36.669046066391502 -201.22553892568621 0.92242178996277846 -14.77129846509445 -0.16597528667713551 0.16029188102781516 -4.0168704270124458 3.1945503611300485 0.025898382613180469 -0.27825278749964416 6.6847322173143002 -22.040352972885927 3.1668298046841272 -5.0957690447279509 12.399237342124541 -93.910015383767288 2.2136729804264839 2.5827200767695322 0.0013722884442665538 -18.120412276917101 -0.29598967902251744 -0.43611454204095634 99.558748174044311 113.67782668992709 -0.16916497882435344 -17.669122327132715 -43.808796016899798 -488.18266351723463 -39.222112400478025 -1.6078119636642407 -584.85443096426252 7.6243818994588066 65.324517603613714 0.070201383045384022 20.381416994743539 0.59824471522394029 0.48523952890793071 118.78340387748901 371.70959415107916 23.371836680317745 -166.91012482694094 -2.7447773328569278 -0.092946908227049346
leaf_weight=156 119 109 278 134 146 95 154 111 100 163 152 104 166 723 219 191 188 98 236 328 157 138 126 187 847 153 1544 145 152 114 123 331 472 459 389 127 425 96 144 138 7441 333 381 121 426 130 4690 164 274 142 134 218 95 115 187 167 147 100 137 149 363 305 207 103 181
leaf_count=156 119 109 278 134 146 95 154 111 100 163 152 104 166 723 219 191 188 98 236 328 157 138 126 187 847 153 1544 145 152 114 123 331 472 459 389 127 425 96 144 138 7441 333 381 121 426 130 4690 164 274 142 134 218 95 115 187 167 147 100 137 149 363 305 207 103 181
internal_value=-0.000582987 -0.000471411 0.0103009 -0.000786092 -0.000914844 -0.0119626 -0.000162972 0.0197332 -0.000672694 -0.00272287 -0.0107745 -0.00552367 0.000265541 0.000576652 0.00381348 0.00889705 0.000295444 0.0139222 -0.000596761 -0.0108841 -0.0107774 0.0049816 -8.73173e-05 -0.00440738 -0.000510169 -0.004647 -0.0031019 -0.00103815 -9.45795e-05 -0.00945152 -0.000906245 -0.000371477 0.00237915 -0.00142158 -0.00847536 0.00763484 0.00960925 -0.0138062 -0.0115741 -0.00752702 0.000583088 -0.000259014 0.00604768 -0.0151432 0.0105699 -0.00117205 -0.000225929 -0.00995573 -0.0134754 -0.0259291 -0.00154213 -0.000243506 -0.0136139 -0.0130302 0.00537309 0.0116427 0.0150365 0.0198664 0.0151079 0.0252252 0.0203456 0.0133471 -0.0248551 -0.00871413 -0.0142485
internal_weight=26947 26828 742 26086 25952 537 300 538 25415 8038 1369 1010 17377 16920 4541 1834 2707 1341 12379 564 457 575 11815 493 11422 2420 2267 6669 6019 650 5727 5575 2398 1373 848 1025 525 536 660 556 9002 7774 1228 309 898 5315 4820 495 412 237 291 437 204 302 350 393 292 226 260 427 766 403 359 440 284
internal_count=26947 26828 742 26086 25952 537 300 538 25415 8038 1369 1010 17377 16920 4541 1834 2707 1341 12379 564 457 575 11815 493 11422 2420 2267 6669 6019 650 5727 5575 2398 1373 848 1025 525 536 660 556 9002 7774 1228 309 898 5315 4820 495 412 237 291 437 204 302 350 393 292 226 260 427 766 403 359 440 284
is_linear=0
shrinkage=0.0577944


Tree=39
num_leaves=66
num_cat=0
split_feature=38 0 48 38 40 63 52 42 10 83 84 81 112 35 100 127 38 61 49 63 59 35 54 38 127 43 127 55 127 119 51 5 125 55 112 88 93 0 43 57 23 39 107 118 9 111 127 127 39 83 50 131 42 51 127 127 35 61 120 5 41 130 53 80 54
split_gain=19.3036 17.485 42.9504 52.7787 41.5593 29.8439 25.0738 21.8585 21.075 18.7036 29.7301 23.6345 18.4531 17.8242 29.7045 30.7141 21.7912 20.7352 17.9296 17.9352 17.4236 17.355 18.8331 16.8083 16.0822 18.7087 15.5639 17.2465 14.8498 15.0213 17.4295 16.0007 14.7415 25.3697 13.9876 16.9902 13.2239 14.2962 25.6047 19.734 13.0146 13.669 12.6643 21.6682 16.9472 19.7912 18.7545 21.0748 13.9483 14.6187 13.3224 12.8131 16.9854 12.6636 12.6656 19.3879 16.0634 12.5592 12.3634 12.303 11.8532 11.7394 11.2435 11.0266 10.8615
threshold=15833.333333333334 33.000000000000007 51916.666666666672 875.00000000000193 9500.0000000000018 -2249.9999999999995 6639.5251299182155 -1.224301805449024 69000.000000000015 12375.000000000002 13250.000000000002 13750.000000000002 0.10902823625006348 0.023424278964210215 0.60625074867857631 216.50000000000003 -1.0000000180025095e-35 -749.99999999999989 48166.666666666679 -4249.9999999999991 15004.000000000002 0.14069071591458374 4804.5114553833009 -666.66666666666958 313.50000000000006 0.45833333333333343 240.50000000000003 11198.819222193641 351.50000000000006 1.0000000180025095e-35 47333.333333333336 21500.000000000004 7.5000000000000009 11708.24567202935 0.21583850931677021 9500.0000000000018 0.1738856726170033 13.000000000000002 0.63333333333333341 5500.0000000000009 11168.768030107007 1.2986486486486488 4496.0000000000009 0.2678571428571429 27350.000000000004 0.039230769230769243 30.500000000000004 56.500000000000007 0.93771551724137947 39000.000000000007 46667.333333333336 -0.24999999999999994 -0.9960238411119946 49000.000000000007 78.500000000000014 42.500000000000007 0.15317037595706037 2250.0000000000005 0.22649572649572652 51004.000000000007 2750.0000000000005 0.68301270189221941 4189.267762675493 22900.000000000004 5183.2706328218355
decision_type=2 2 8 2 2 10 10 10 10 10 10 10 8 2 2 2 2 10 10 10 8 2 8 2 2 2 2 10 2 8 8 10 2 8 10 10 10 2 2 10 10 2 8 10 10 10 2 2 2 10 10 2 10 10 2 2 2 10 10 8 2 2 8 10 10
left_child=1 2 8 7 5 21 -5 -4 12 10 -7 -11 13 14 15 -1 -17 23 19 -19 -2 26 -23 -15 25 -6 27 -3 29 30 31 60 33 -8 35 -33 37 39 -39 -21 -22 -42 43 44 45 61 -46 -48 51 -50 -49 -44 57 -34 55 56 -55 -53 64 -20 -14 -13 -32 -25 -24
right_child=20 4 3 6 24 9 32 -9 -10 11 -12 42 28 17 -16 16 -18 18 59 36 40 22 58 63 -26 -27 -28 -29 -30 -31 62 34 53 -35 -36 -37 -38 38 -40 -41 41 -43 48 -45 46 -47 47 50 49 -51 -52 52 -54 54 -56 -57 -58 -59 -60 -61 -62 -63 -64 -65 -66
leaf_value=0.002450704429924116 -636.65634627635222 -14.653400689181575 769.95126521600901 10.99717596427122 -4.5373984298181602 -0.025406008063731549 50.775490028418822 21.789904972825806 -19.875077065939077 31.361134518572801 -52.617390786100778 -0.13324952325944389 0.31338949173391772 3.5791189762809519 -0.059208648914511677 0.018365791861972115 0.073042788527643912 0.4105025750833089 -1.3318253049111477 -0.15386315264057834 -310.90991626507969 -10.310413611912816 32.484571625362271 -0.17148863364507097 9.0514210774879675 -190.98137389674292 0.95852750541691445 0.95062623829246495 5.6270173353273405 -0.8164206768110579 0.22367426938208848 -0.035099835032163872 52.269394219736732 -46.796259353194614 -5.1617717951821778 18.085190141953586 28.00590856168656 -0.055013549967509894 -0.48666162846952526 0.032113930762340523 -199.51196129100151 61.20237064456991 13.823436762674453 15.284795475047492 -32.420333261980957 4.5535570678286952 46.300009527229051 0.60708076609425032 -0.04467539273653922 -179.60705987145622 -6.924082320519779 -35.985631085342717 7.2075020766755733 -58.925698132456652 -43.432542735426935 45.796270181422514 17.4738763206614 35.658562139554235 -98.512767613804101 -0.50204943685199843 1.3949802896658261 0.29780882798739616 20.707819138205064 0.045364715201872588 1.324212130588575
leaf_weight=450 102 656 142 508 253 567 304 1475 242 134 203 521 219 590 325 98 150 577 407 1208 133 221 103 190 141 662 185 121 96 835 97 426 153 128 319 131 105 1847 1276 1911 99 107 238 550 141 182 186 1384 263 276 368 159 160 123 929 266 106 113 136 229 186 177 191 1231 936
leaf_count=450 102 656 142 508 253 567 304 1475 242 134 203 521 219 590 325 98 150 577 407 1208 133 221 103 190 141 662 185 121 96 835 97 426 153 128 319 131 105 1847 1276 1911 99 107 238 550 141 182 186 1384 263 276 368 159 160 123 929 266 106 113 136 229 186 177 191 1231 936
internal_value=-0.000510075 -0.000302726 0.000756955 0.00590677 -0.00237111 -0.000918348 0.000592884 0.0140475 -0.000826902 0.00134439 -0.00693885 0.00270029 -0.000497993 -0.00156441 0.00562264 0.0124302 0.0287027 -0.0023533 -0.00375079 -0.0028604 -0.012466 -0.00638434 -0.0021003 0.00280753 -0.0131396 -0.0159749 -0.0123835 -0.0159856 0.00394443 0.00294939 0.00631663 0.00323329 -0.00223594 0.00701592 -0.000976307 0.00431656 -0.00376646 -0.00413516 -0.00691106 -0.001293 -0.00537691 0.00299608 0.00196902 0.00374922 0.001714 -0.00489723 0.00460311 0.00615797 -0.00304395 -0.0100005 0.00404486 0.00230486 -0.00329927 -0.00489502 -0.00667487 0.000447087 -0.0114034 -0.012351 0.000679541 -0.0130932 0.0127157 -0.0094639 0.0192095 -0.000481033 0.00298594
internal_weight=26947 26506 17470 4134 9036 7980 2517 1617 13336 5622 770 4852 13094 10594 1023 698 248 9571 7560 6924 441 2358 1396 2011 1056 915 962 777 2500 2404 1569 1281 2009 432 876 557 6347 6242 3123 3119 339 206 4718 3509 2959 880 2079 1938 1209 539 1752 670 432 1577 1424 495 229 272 1175 636 405 698 288 1421 1039
internal_count=26947 26506 17470 4134 9036 7980 2517 1617 13336 5622 770 4852 13094 10594 1023 698 248 9571 7560 6924 441 2358 1396 2011 1056 915 962 777 2500 2404 1569 1281 2009 432 876 557 6347 6242 3123 3119 339 206 4718 3509 2959 880 2079 1938 1209 539 1752 670 432 1577 1424 495 229 272 1175 636 405 698 288 1421 1039
is_linear=0
shrinkage=0.0577944


Tree=40
num_leaves=66
num_cat=0
split_feature=64 93 33 40 56 33 123 125 102 100 95 33 106 89 26 91 107 130 60 111 57 47 127 35 125 53 64 39 46 0 42 22 130 24 0 101 25 40 111 91 102 19 11 92 127 98 127 51 99 112 101 23 122 63 127 130 43 89 89 21 125 94 127 124 95
split_gain=18.7044 40.5444 21.6171 17.8397 19.7683 22.5464 31.7398 22.6795 25.2534 22.0019 20.664 19.7087 19.3603 18.7233 17.4425 17.4078 26.2068 15.8089 14.9511 14.291 13.4311 18.7533 26.5953 17.7415 24.2546 16.1679 14.4334 16.3001 13.3748 13.4157 30.1667 18.2798 14.7931 13.3429 13.2277 18.1941 15.7052 18.2151 15.3759 13.5035 13.0422 12.9559 12.7738 12.4555 12.0758 18.746 12.0473 11.8083 11.6263 11.6219 27.2163 11.0862 10.7493 11.9785 10.4497 10.1311 10.0647 9.51675 9.2365 9.20131 9.13176 12.2699 10.1602 9.12252 9.01467
threshold=0.23669467787114848 0.14497267457889237 24500.000000000004 10004.000000000002 39000.000000000007 14500.000000000002 1.0000000180025095e-35 7.5000000000000009 946.29286784912267 -1.4791446684203036 0.14169367317851853 51000.000000000007 5500.0000000000009 60500.000000000007 51.500000000000007 14875.000000000002 -25999.999999999996 0.68301270189221941 -497.99999999999994 -0.16904761904761903 15004.000000000002 27750.000000000004 20.500000000000004 0.030147913548188826 19.500000000000004 3779.3291033476103 0.12613636363636366 0.76759410801964012 39500.000000000007 39.500000000000007 -1.1069902513999137 3231.0308632943061 0.68301270189221941 4.5000000000000009 13.000000000000002 -3216.612814740352 7.5000000000000009 19500.000000000004 -0.075961538461538455 2251.0000000000005 4114.7218632824197 26250.000000000004 75500.000000000015 1062.5000000000002 284.50000000000006 27409.349688412778 96.500000000000014 15583.333333333334 54976.338549736553 0.080540540540540564 8013.8102233049258 6253.7345164549997 1500.0000000000002 3250.0000000000005 155.50000000000003 0.68301270189221941 0.27500000000000008 29000.000000000004 1004.0000000000001 1889.8223650468367 11.500000000000002 0.034400652029583742 322.50000000000006 7.5000000000000009 0.15858803738746216
decision_type=10 10 2 2 10 2 8 2 2 2 10 2 8 10 2 10 10 2 8 10 10 10 2 2 2 10 10 2 10 2 10 10 2 2 2 2 2 2 8 10 2 10 8 8 2 2 2 10 2 8 2 10 10 10 2 2 2 10 8 10 2 10 2 2 8
left_child=3 2 -2 11 5 43 7 8 9 -7 51 14 19 34 15 18 -17 -3 33 -12 21 23 -23 24 44 52 27 -24 -22 31 -31 32 48 58 36 57 42 39 -37 -38 -33 -29 -9 -5 45 -20 -18 -27 -30 -40 -51 -6 53 -25 -48 -10 -49 -36 -1 -28 61 63 -62 -60 -8
right_child=1 17 -4 4 10 6 64 13 55 -11 12 -13 -14 -15 -16 16 46 -19 20 -21 28 22 26 25 -26 47 59 41 29 30 -32 40 -34 -35 35 38 37 -39 49 -41 -42 -43 -44 -45 -46 -47 54 56 -50 50 -52 -53 -54 -55 -56 -57 -58 -59 60 -61 62 -63 -64 -65 -66
leaf_value=0.12195746913284448 6.2580770320388837 7.6197196688745574 422.52626155331842 -91.453263718650746 -101.06648964212256 5.8921324717993837 -222.28700421451757 3.6257108020063096 17.353461337001111 -11.111167477192108 -77.793237095466864 140.99530024215645 -129.27428753883754 -455.16403419389553 -4.8154471640946568 -46.810370221770526 190.73704032352811 -350.86990159885249 -0.22129332788148895 72.871151339624916 -5.1716378460871866 -10.451620286803726 165.28988861610782 0.011352140521721163 -0.045392429505025755 0.88577749646726034 0.34850201531106656 -3.7227185734708668 -4.0579331789476214 1.0407450217286611 -171.34919289586321 3.5936250161657832 0.32370767485953639 2.5131193705820567 6.4605238930456972 -220.62256679455842 -21.674340118733273 -180.55408542628604 -17.502493312442763 3.9474235315134103 -113.79754478020055 0.012198505417071548 -8.6926999573466261 -2.5545860810083849 0.010275431747234819 0.059468331178895058 -6.5911276220154766 -5.7306383571172645 4.2072991460722537 19.643795056968923 -235.26331087165335 -431.29373687386834 -4.4396127846000475 28.18193797795945 82.188148670532726 78.512188928997247 -0.39358391504642337 -18.847477520913213 -1.1348902451922978 200.71324040585085 -0.37579312494558115 5.476332229554453 1.9947204971884829 0.11782625456758654 -43.706314852091424
leaf_weight=234 319 157 228 102 112 279 183 862 222 229 106 120 186 106 232 147 191 99 124 128 203 338 173 2679 195 254 121 141 447 434 368 1060 296 794 185 110 130 187 369 132 142 7282 324 191 207 114 96 277 108 313 235 190 112 132 165 158 977 146 129 199 1461 628 123 107 149
leaf_count=234 319 157 228 102 112 279 183 862 222 229 106 120 186 106 232 147 191 99 124 128 203 338 173 2679 195 254 121 141 447 434 368 1060 296 794 185 110 130 187 369 132 142 7282 324 191 207 114 96 277 108 313 235 190 112 132 165 158 977 146 129 199 1461 628 123 107 149
internal_value=-0.000630165 0.00801661 0.0169954 -0.000903706 -0.00388576 -0.00244 -0.00133516 5.58414e-05 0.00822472 0 -0.0128157 -0.000130108 -0.00393877 -0.00223278 -0.000276093 -8.71533e-05 0.00958011 -0.0104393 -0.000389485 0.00653782 -0.00112812 -0.000320251 0.00136381 -0.00309627 -0.0121135 -0.00174456 0.00206423 0.00152753 -0.00458473 -0.00347477 -0.00982053 -0.000895288 -0.00743096 0.00303731 -0.00130879 -0.00555509 0.00211139 -0.00688003 -0.00941487 0.00236391 0.00358903 0.0010884 0.00567814 -0.0179105 -0.00410584 -0.013133 0.0166066 -0.00660981 -0.013026 -0.00664693 -0.00092818 -0.0243846 0.000708122 0.00147557 0.00740029 0.0194237 -0.0089562 0.0058512 0.00100841 0.014092 0 0.00472105 -0.00265254 -0.00600038 -0.0184126
internal_weight=26947 803 547 26144 5334 4612 4319 3987 888 508 722 20810 420 3099 20690 20458 599 256 19859 234 16383 13325 8254 5071 640 4431 7916 7596 3058 2855 802 2053 851 3476 2993 1358 1635 449 1027 262 1202 7423 1186 293 445 238 452 1508 555 917 548 302 2923 2811 261 380 1254 331 2682 320 2448 864 1584 236 332
internal_count=26947 803 547 26144 5334 4612 4319 3987 888 508 722 20810 420 3099 20690 20458 599 256 19859 234 16383 13325 8254 5071 640 4431 7916 7596 3058 2855 802 2053 851 3476 2993 1358 1635 449 1027 262 1202 7423 1186 293 445 238 452 1508 555 917 548 302 2923 2811 261 380 1254 331 2682 320 2448 864 1584 236 332
is_linear=0
shrinkage=0.0577944


Tree=41
num_leaves=66
num_cat=0
split_feature=127 108 63 81 35 77 48 51 64 101 101 102 110 37 51 49 56 45 28 101 74 127 28 1 127 30 95 107 63 30 107 130 64 50 14 55 130 125 85 112 0 59 23 99 49 15 98 16 112 59 12 102 9 23 43 38 83 53 127 91 125 125 125 125 42
split_gain=18.5541 20.4204 18.4146 22.4998 17.0014 20.1389 30.4523 17.7925 17.3332 19.064 19.1721 18.3558 17.0773 14.4078 19.945 15.5655 14.4163 27.2947 25.7248 18.1759 17.0962 21.1013 17.7238 21.4447 16.8612 15.7897 15.6194 15.5499 14.9616 14.9502 14.4685 16.218 15.1862 27.0166 19.0072 14.9343 14.0542 16.7581 13.5331 13.2592 13.0459 15.1678 14.9061 19.2666 17.4615 20.222 13.5953 12.5333 12.0885 11.4775 12.7197 11.4024 11.0158 10.6575 24.8278 19.7031 10.6474 10.6128 10.5824 13.4861 10.4851 10.3696 9.94841 9.90882 8.992
threshold=297.50000000000006 0.042572463768115944 12000.000000000002 61250.000000000007 0.13978944420333686 31500.000000000004 30834.000000000004 13416.66666666667 0.078461538461538485 328.09394396147042 1917.2776691654337 -513.24092045940586 -0.088932806324110658 -12749.999999999998 76083.333333333343 87333.333333333358 39000.000000000007 48750.000000000007 63015.000000000007 8013.8102233049258 112500.00000000001 189.50000000000003 106250.00000000001 9.0000000000000018 74.500000000000014 57000.000000000007 0.11216071804812042 -10003.999999999998 4750.0000000000009 39500.000000000007 -21499.999999999996 1.0000000180025095e-35 -0.20710784313725486 63500.000000000007 60071.42857142858 11302.64914481049 0.93301270189221952 17.500000000000004 78125.000000000015 0.074537037037037054 21.000000000000004 19500.000000000004 4359.6899605047865 41336.094487832386 41667.333333333336 30178.571428571431 27167.929553126527 59216.666666666679 0.28582857142857149 34500.000000000007 87500.000000000015 2429.4720381635748 97500.000000000015 678.91055392428837 0.54166666666666685 -166.66666666666967 54375.000000000007 8005.2049468993073 56.500000000000007 4125.0000000000009 19.500000000000004 11.500000000000002 14.500000000000002 16.500000000000004 -1.146970687356559
decision_type=2 10 10 10 2 10 10 10 10 2 2 2 10 2 8 8 10 10 2 2 8 2 2 2 2 2 10 10 10 2 8 2 8 10 10 10 2 2 10 10 2 10 10 2 10 10 2 10 8 10 10 2 8 10 2 2 10 10 2 10 2 2 2 2 10
left_child=1 13 4 -4 40 6 7 -6 9 11 -11 -9 -7 14 58 -16 18 27 19 30 21 22 23 28 52 -22 -23 -18 38 -26 31 -15 -32 34 35 47 37 -25 -20 -14 53 42 43 44 45 46 -42 -34 51 50 -33 64 -19 54 -2 -55 -37 -39 -1 -60 -50 -57 -21 -63 -3
right_child=2 48 3 -5 5 12 -8 8 -10 10 -12 -13 39 16 15 -17 17 24 20 62 25 26 -24 36 29 -27 -28 -29 -30 -31 32 49 33 -35 -36 56 -38 57 -40 -41 41 -43 -44 -45 -46 -47 -48 -49 60 -51 -52 -53 -54 55 -56 61 -58 -59 59 -61 -62 63 -64 -65 -66
leaf_value=360.99185042098566 -0.14696634101748648 31.416198703306904 781.88494766633642 -12.187214125572057 21.606247946609408 1.9190802228158632 239.28878080295178 0.54937982579388578 -6.5555418625519852 3.0853716920856744 -0.97504755529985698 -0.66567139862158897 -4.9704775111872257 -18.78906300941896 -95.03816498072743 97.781211321349645 -1.4451550344977457 -78.610109482285921 1.2154013086244633 -5.5281473982150544 48.675630642178035 -222.95219012520795 -372.34966588453699 189.52074902957011 -8.2013066447670262 -76.831439137482405 9.8941519811487471 73.969238023448227 -33.27472815080975 -291.79146364473166 6.1164000087714987 -6.0008091707044882 -0.010929327348890362 -158.88855231891529 15.801854579814123 12.95947840730725 5.529807390831019 396.59520302765145 96.310865634327016 -251.81843985745084 -0.0021169998095431808 -47.866425934056572 13.607010954426629 -16.416115477643665 6.0774246952958055 -1.7247384465136701 0.1272371790604778 -4.1365444257125903 -63.767873916733436 -44.25233606191567 41.850117574578789 31.349111933836681 44.342110322995204 210.57086917113796 0.10636676254374575 3.6553620979277928 -2.3802172751612867 5.9115183299140579 309.92937331383558 -2.7380516356621434 -208.88666348510498 -1.7872243456673977 -196.34784853160136 0.45571994342234284 -31.946200321106257
leaf_weight=96 170 102 149 113 150 190 106 165 147 173 118 220 204 321 119 116 157 177 146 120 104 99 101 389 123 168 251 95 202 384 221 148 14810 253 291 332 168 100 118 133 104 142 129 118 116 273 169 356 335 102 121 103 126 176 159 178 112 177 99 146 193 100 160 247 1257
leaf_count=96 170 102 149 113 150 190 106 165 147 173 118 220 204 321 119 116 157 177 146 120 104 99 101 389 123 168 251 95 202 384 221 148 14810 253 291 332 168 100 118 133 104 142 129 118 116 273 169 356 335 102 121 103 126 176 159 178 112 177 99 146 193 100 160 247 1257
internal_value=-0.000402851 -0.00103736 0.0032441 0.0180427 0.0021276 -0.00225717 0.00212807 -0.000938508 -0.00446573 -0.000242912 0.0105724 -0.0089065 -0.0115343 -0.000497465 0.00846418 -0.00384375 -0.000760364 -0.00731544 -0.000390366 -0.00111874 0.00575706 0.00790144 0.0111052 0.0129856 -0.012566 -0.00731456 -0.00439187 0.0087925 0.0025678 -0.0190068 -0.000866237 -0.0090469 -0.000507623 -0.000725607 -0.000413735 -0.000699066 0.0185554 0.0223489 0.011856 -0.0193306 0.00559686 0.000869082 0.00379143 0.000505758 0.00459083 0 0.0112609 -0.0010167 -0.00663517 -0.000286431 0.00548564 -0.00374103 -0.00110449 0.0102264 0.0010181 0.0142644 0.00966964 0.0102758 0.017428 0.00973826 -0.0142316 0.00807799 -0.0156731 0.00162554 -0.00525407
internal_weight=26947 22998 3949 262 3687 1606 1079 973 823 676 291 385 527 21008 576 235 20432 1062 19370 17347 2023 1751 1401 1300 810 272 350 252 466 507 17067 692 16375 16154 15901 15610 834 666 264 337 2081 1051 909 780 662 546 273 15166 1990 371 269 1462 303 1030 329 701 444 277 341 245 528 525 280 347 1359
internal_count=26947 22998 3949 262 3687 1606 1079 973 823 676 291 385 527 21008 576 235 20432 1062 19370 17347 2023 1751 1401 1300 810 272 350 252 466 507 17067 692 16375 16154 15901 15610 834 666 264 337 2081 1051 909 780 662 546 273 15166 1990 371 269 1462 303 1030 329 701 444 277 341 245 528 525 280 347 1359
is_linear=0
shrinkage=0.0577944


Tree=42
num_leaves=66
num_cat=0
split_feature=42 100 131 74 87 38 130 62 32 30 62 46 124 127 2 101 9 102 8 35 127 42 16 35 94 15 61 34 77 30 80 131 95 101 130 112 16 119 39 91 95 127 77 79 99 96 51 75 95 80 76 12 1 125 99 4 73 74 92 51 55 95 125 32 67
split_gain=17.7913 21.025 16.6958 23.7514 15.2064 18.9394 15.633 15.2541 15.1908 17.6292 15.0919 14.9608 14.5446 15.3814 31.1231 29.5559 23.4569 17.2139 15.293 13.96 24.7701 19.7006 18.6354 17.5858 28.7754 13.7611 21.2968 13.1809 12.8847 12.619 19.6944 18.3722 20.0519 20.7913 17.9832 20.05 17.0546 16.181 15.7757 21.5543 20.3386 15.4586 17.2556 13.1173 19.2673 17.8892 21.4158 20.2417 17.1728 13.0426 12.9678 12.7506 16.0575 14.6692 12.3799 17.5751 12.0902 11.9023 19.6607 16.0638 11.7389 15.3977 22.5262 14.3463 11.5717
threshold=-0.081649658092772789 -2984.2340312977099 -0.5 62500.000000000007 12500.000000000002 -15749.999999999998 0.68301270189221941 2250.0000000000005 17187.650926634502 39500.000000000007 4500.0000000000009 46250.000000000007 44.500000000000007 32.500000000000007 28004.000000000004 -172.3645108588116 25500.000000000004 -397.31685809735239 8500.0000000000018 0.15761361518787229 56.500000000000007 -1.146970687356559 10616.66666666667 0.090908020799579867 0.0092386602142570211 93071.428571428594 -11249.999999999998 962.50000000000011 27500.000000000004 49000.000000000007 71500.000000000015 -0.9330127018922193 0.22009935974898084 -4817.1116886012742 0.93301270189221952 0.63714733542319768 61850.000000000007 0.22500000000000003 1.0178628389154707 1.0000000180025095e-35 0.10614455246014713 144.50000000000003 77500.000000000015 64500.000000000007 51966.531334543695 49997.634888864217 42500.666666666679 45500.000000000007 0.038119713718836622 71500.000000000015 17500.000000000004 50004.000000000007 11.000000000000002 14.500000000000002 11591.052599091419 12500.000000000002 35004.000000000007 16500.000000000004 1375.0000000000002 14583.333333333334 1001.9064032049168 0.087631246054506132 27.500000000000004 2572.2698549879774 0.91666666666666685
decision_type=10 2 2 10 10 2 2 10 2 2 10 8 2 2 2 2 10 2 10 2 2 8 10 2 10 10 10 2 10 2 10 2 10 2 2 8 10 10 2 8 10 2 10 10 2 2 10 8 10 10 10 8 2 2 2 10 10 10 10 10 10 10 2 2 2
left_child=1 11 3 10 5 -4 7 -6 29 -10 27 -1 13 14 15 16 -7 56 -15 20 21 -20 -21 24 -22 26 -13 -3 -23 30 36 -32 33 -33 35 41 38 -37 39 40 -2 42 49 44 45 47 -47 57 -48 -31 -41 52 -43 -53 -24 -56 -16 58 -40 -59 -29 63 -63 -62 -25
right_child=8 2 4 -5 6 12 -8 -9 9 -11 -12 25 -14 18 17 -17 -18 -19 19 22 23 28 54 64 -26 -27 -28 60 -30 34 31 32 -34 -35 -36 37 -38 -39 43 50 -42 51 -44 -45 -46 46 48 -49 -50 -51 -52 53 -54 -55 55 -57 -58 59 -60 -61 61 62 -64 -65 -66
leaf_value=148.03912138382739 -0.0082322317886869834 0.0064706899600447806 285.84425979859498 -27.01553547246527 -164.71901521459452 3.1205865170755445 -119.58262176766625 92.994140329917272 25.076203259526544 -319.11837502938783 54.125887818311114 -125.45881667370742 -2.879282877815402 22.972419248166734 -26.561234238895718 -0.25233741186857733 6.8925436505523283 -1.094978927897168 175.6510678611015 58.206513648498003 0.058735211965778487 35.926502717807182 -8.970470260140246 0.75948347384134607 -0.20606261526225403 124.09218922983172 11.977924542576813 -0.22511013683498232 6.2041616793788137 -0.13475696911852675 12.934245031367119 -8.9365025358015835 3.7642061793331534 -182.91335944716417 -103.62317513220736 -0.5478682674366222 23.452163307617905 -371.38401582713237 2.1164156856796787 -14.567789592013941 3.1061162560816911 127.70376158123041 -43.339710620717383 -126.1868420014527 1.0640978720437309 26.070537268473871 0.04811611340711807 5.9340826696165001 -12.807756867009807 97.333757284084754 -0.3949613869047503 8.3677644701685985 -10.739617106229886 -109.38064209102338 13.297251809820239 -1.3612967482976597 -8.1200091721972054 -1.0415151489070946 -0.088712975939936628 -0.0064011544079038618 4.2928287068392423 -4.7573342955662961 6.1133431235542597 -0.054986178518937556 7.1473378727695183
leaf_weight=338 1960 572 108 153 95 106 224 169 95 249 282 125 163 334 112 228 97 280 106 100 333 97 120 967 962 120 1175 309 303 125 113 439 173 281 280 474 100 101 347 193 208 120 135 232 834 108 155 114 332 592 1471 215 95 252 263 1390 161 130 335 4139 128 1386 173 646 425
leaf_count=338 1960 572 108 153 95 106 224 169 95 249 282 125 163 334 112 228 97 280 106 100 333 97 120 967 962 120 1175 309 303 125 113 439 173 281 280 474 100 101 347 193 208 120 135 232 834 108 155 114 332 592 1471 215 95 252 263 1390 161 130 335 4139 128 1386 173 646 425
internal_value=-0.000389984 0.00119174 0.000218725 -0.00294092 0.00185889 0.00260272 -0.00786294 0.00104944 -0.00178136 -0.0137839 -0.0018969 0.00704975 0.00216919 0.00263172 -0.00391317 0.0074312 0.0234801 -0.0130728 0.00385968 0.00301952 0.00534939 0.0171153 -0.000857969 0.0030473 -0.00168502 0.00425745 0.00234368 -0.00306909 0.0104378 -0.00147136 -0.00226303 -0.0100115 -0.0128854 -0.0171653 0.00231563 0.00420942 -0.00151165 -0.00478175 -0.00175579 -0.00471432 -0.000821256 0.00770098 0.0128949 -4.17012e-05 0.00041678 -0.000763893 -0.0102236 0.000317634 -0.0155393 0.0165148 -0.0096655 0.000915359 0.0126636 -0.00415954 -0.00233779 -0.000902139 -0.0233884 -0.00020829 0.00681788 -0.00137784 -0.00482505 -0.00331112 -0.00665298 0.00318601 0.00757346
internal_weight=26947 12550 10792 3649 7143 6655 488 264 14397 344 3496 1758 6547 6384 984 431 203 553 5400 5066 3193 506 1873 2687 1295 1420 1300 3214 400 14053 11664 1006 893 720 2389 2109 10658 575 10558 3832 2168 1534 852 6726 6494 5660 595 5065 487 717 1664 682 215 467 1773 1653 273 4951 682 4269 2642 2333 1559 774 1392
internal_count=26947 12550 10792 3649 7143 6655 488 264 14397 344 3496 1758 6547 6384 984 431 203 553 5400 5066 3193 506 1873 2687 1295 1420 1300 3214 400 14053 11664 1006 893 720 2389 2109 10658 575 10558 3832 2168 1534 852 6726 6494 5660 595 5065 487 717 1664 682 215 467 1773 1653 273 4951 682 4269 2642 2333 1559 774 1392
is_linear=0
shrinkage=0.0577944


Tree=43
num_leaves=66
num_cat=0
split_feature=9 28 28 26 31 50 63 130 1 109 35 26 48 62 130 51 92 41 122 0 37 56 22 102 93 110 85 131 102 93 55 42 127 124 94 102 111 37 99 0 0 82 90 130 23 52 127 122 131 50 50 102 100 127 102 1 42 83 35 107 102 92 106 51 83
split_gain=18.3085 20.9036 25.8531 35.8139 24.7794 23.9845 22.6666 43.399 22.6179 21.1738 17.5722 16.7585 16.0881 15.776 15.639 22.3855 18.8408 19.4665 20.9942 19.2673 18.8333 23.026 20.4183 26.6916 18.0159 17.8807 23.3796 27.3063 17.1026 15.4692 14.9025 14.9118 14.7998 17.1219 14.7222 15.6236 14.4423 14.3236 14.187 13.8734 13.8182 13.8008 13.6604 12.9533 12.5134 13.8418 11.8221 11.7741 11.4644 13.0525 12.8641 11.367 12.5118 11.3452 11.1875 10.8179 10.8114 10.6663 9.87265 9.41759 8.70392 8.02492 8.98995 7.91136 7.90139
threshold=27350.000000000004 112500.00000000001 93750.000000000015 12.500000000000002 97500.000000000015 91000.000000000015 10750.000000000002 0.68301270189221941 9.0000000000000018 0.12034482758620692 0.11172507400033474 9.5000000000000018 77750.000000000015 -23749.999999999996 0.93301270189221952 16667.333333333339 2625.0000000000005 1254.0000000000002 1500.0000000000002 13.000000000000002 2250.0000000000005 14500.000000000002 1499.0839693802116 188.30565484834554 0.064150029909972997 -0.09600614439324115 15875.000000000002 0.6830127018922193 -1116.7926522609266 0.057974426813536713 2795.8159289360747 0.12553782032001234 12.500000000000002 58.500000000000007 0.020446215228268408 231.54098239037924 0.21583850931677021 4750.0000000000009 28078.890042246258 33.000000000000007 33.000000000000007 85625.000000000015 325.00000000000006 -0.93301270189221919 691.49180728353258 3511.8717577077277 138.50000000000003 280.00000000000006 0.6830127018922193 26916.666666666668 27750.000000000004 -37.145391298623501 1.0000000180025095e-35 76.500000000000014 9842.2465913622964 9.0000000000000018 0.87774725950715859 20875.000000000004 0.18567447453794247 -503.99999999999994 280.39244506091387 751.00000000000011 -1849.9999999999998 17250.000000000004 22875.000000000004
decision_type=10 2 2 2 2 10 10 2 2 10 2 2 10 10 2 10 10 2 10 2 2 8 8 2 10 10 10 2 2 10 8 10 2 2 10 2 8 2 2 2 2 10 10 2 10 10 2 10 2 10 10 2 2 2 2 2 10 10 2 8 2 10 8 10 10
left_child=14 2 4 54 6 11 9 8 -8 13 40 -6 -10 -2 16 -16 17 34 20 37 21 22 23 25 46 -19 29 -28 -17 -27 -21 47 39 38 35 43 -12 -18 51 61 60 53 -23 -1 -36 -46 -25 -32 49 56 -51 59 -53 -40 -4 -9 -45 -49 -24 -34 -11 -15 -63 -22 -47
right_child=1 -3 3 -5 5 -7 7 55 12 10 36 -13 -14 32 15 28 19 18 -20 30 63 42 58 24 -26 26 27 -29 -30 -31 31 -33 33 -35 44 -37 -38 -39 41 -41 -42 -43 -44 48 45 64 -48 57 -50 50 -52 52 -54 -55 -56 -57 -58 -59 -60 -61 -62 62 -64 -65 -66
leaf_value=0.040478027239299268 -190.00291740260073 -549.52083689494123 439.71412447518713 -435.5660742529372 -51.056476490024423 56.705823330006325 6.400794584755972 -405.65573493424995 534.15288112093765 36.081785320155028 -16.058246101049086 -355.88851498699842 8.0456286096384186 2.2670756233480582 23.548726631937601 55.152077446677907 -0.21794377736854867 3.9052093355717563 -4.9736179027745742 0.24877860447723329 -0.00092378379518735917 82.489395264549358 -7.3485547822801909 1.4854849759957445 -1.4601308471630159 -0.56337799862761406 -0.0030900127214255461 36.988683328662738 -0.66233331070094015 0.9881691091541176 -8.1292113448692707 -83.783917761399465 0.06491757292955351 -1.5070933608185668 1.6675578314444515 -0.37361732943870635 -217.91732662589607 7.3012343128830457 0.50523289698425977 -39.757230777424382 -10.259519529524127 49.633086177831203 3.722409893167955 0.004880690915303236 0.047072842742015189 -86.05769912804621 7.5229208570796011 54.58292126549739 0.66432243244166822 -0.075745566516534774 -0.039985114371638396 -0.02048745079196192 0.069277292112569971 0.0062651408460037928 123.75258567572048 0.24632980576458263 -0.18909761996893115 -31.304254706709084 -0.48258425094915436 0.24756846450855682 0.96615213914001885 1.4271834091790743 -41.718237246742298 -7.1475033211943986 -0.75494760181255782
leaf_weight=113 104 183 166 95 179 154 197 96 304 100 742 260 98 95 147 101 398 244 118 248 96 169 156 203 145 552 534 110 421 201 789 349 183 175 140 192 225 181 2864 146 262 158 132 136 403 125 236 116 178 116 96 196 251 11166 137 180 95 99 174 179 95 96 102 149 97
leaf_count=113 104 183 166 95 179 154 197 96 304 100 742 260 98 95 147 101 398 244 118 248 96 169 156 203 145 552 534 110 421 201 789 349 183 175 140 192 225 181 2864 146 262 158 132 136 403 125 236 116 178 116 96 196 251 11166 137 180 95 99 174 179 95 96 102 149 97
internal_value=-0.000291339 0.000659078 0.000856972 0.0153852 0.000533696 -0.0110332 0.000926562 0.00999131 0.0187903 0.000451285 -0.00626998 -0.0180091 0.0266382 0.00107311 -0.00266439 0.00566042 -0.00347786 -0.0014451 0.00114526 -0.00796361 0.00211964 0.00349377 0.00162322 0.00367907 0.0142523 0 -0.00263531 0.0052541 0 -0.00961623 -0.0112338 -0.0136286 0.00123572 0.00154948 -0.00647578 -0.0113708 -0.0107117 0.000779541 0.00177176 -0.00912574 0.00274353 0.00133112 0.018579 -0.00712086 -0.00028999 -0.00403341 0.0200993 -0.00968719 -0.0105384 -0.0155173 -0.0259871 0.00923793 0.0025478 0.00112371 0.0252481 -0.00845094 -0.00489558 0.00154951 -0.0115892 0.0169009 0.0145228 -0.00114175 -0.00828034 -0.0129955 -0.0156036
internal_weight=26947 19188 19005 398 18607 593 18014 875 599 17139 1424 439 402 15715 7759 669 7090 4910 3219 2180 3101 2856 2555 2225 584 1641 1397 644 522 753 1601 1353 15611 15172 1691 926 967 579 14997 439 457 14188 301 734 765 625 439 1004 621 443 212 809 447 14030 303 276 231 215 330 362 195 293 198 245 222
internal_count=26947 19188 19005 398 18607 593 18014 875 599 17139 1424 439 402 15715 7759 669 7090 4910 3219 2180 3101 2856 2555 2225 584 1641 1397 644 522 753 1601 1353 15611 15172 1691 926 967 579 14997 439 457 14188 301 734 765 625 439 1004 621 443 212 809 447 14030 303 276 231 215 330 362 195 293 198 245 222
is_linear=0
shrinkage=0.0577944


Tree=44
num_leaves=66
num_cat=0
split_feature=0 40 38 8 16 48 26 53 48 55 127 32 99 39 39 127 74 127 125 80 32 59 25 91 131 102 10 77 100 85 95 69 127 32 8 52 127 49 55 12 106 102 64 102 95 124 111 92 11 54 93 101 47 130 99 22 95 89 89 80 131 112 35 98 63
split_gain=22.4648 40.8041 36.7528 31.6518 24.1204 25.0401 22.7933 20.9154 24.9902 19.2946 18.9472 16.7975 23.8565 16.5503 16.4353 24.1494 16.3969 16.2571 22.9383 17.6405 24.742 16.8999 22.387 18.2668 16.4231 17.9991 18.8883 16.0341 15.8947 15.8297 15.2482 15.2133 14.5675 14.2786 22.0598 19.5438 27.0961 26.5886 16.5051 15.241 17.2854 15.077 14.0258 13.5821 15.2933 13.5252 16.0686 13.4367 16.6557 13.2874 13.1949 13.0915 12.9743 18.8366 18.0311 16.2286 15.2412 19.5972 13.7233 12.79 15.7698 17.8457 12.7064 12.5556 12.5075
threshold=33.000000000000007 2250.0000000000005 -2833.3333333333298 38500.000000000007 43683.333333333336 51916.666666666672 44.500000000000007 10820.48809584292 18250.000000000004 5519.6320924097272 343.50000000000006 3671.9651663571021 53991.700902951605 0.95380241648898367 0.94641148325358859 317.50000000000006 61000.000000000007 12.500000000000002 12.500000000000002 87500.000000000015 8892.7316916245309 7504.0000000000009 3.5000000000000004 7125.0000000000009 -0.68301270189221952 -155.55362724570475 43500.000000000007 30500.000000000004 -5.3892733788998148 47251.000000000007 0.10161804735875811 166.00000000000003 206.50000000000003 3068.6479587136482 30500.000000000004 7005.8867426102979 234.50000000000003 53583.333333333343 5838.0889335476813 42500.000000000007 14500.000000000002 -1451.1723512201386 -0.018019480519480515 -567.78072656510255 0.088236339961927923 19.500000000000004 0.10912698412698414 1812.5000000000002 25500.000000000004 19168.105903464166 0.041339864235381371 -9705.7233974266474 27750.000000000004 1.0000000180025095e-35 28000.183651234151 497.24515809882126 0.016469667833902763 1004.0000000000001 2004.0000000000002 14500.000000000002 -0.24999999999999994 -0.15268065268065265 0.09799371148459135 63447.845812330124 2750.0000000000005
decision_type=2 2 2 8 8 10 2 8 10 10 2 2 2 2 2 2 8 2 2 10 2 10 2 10 2 2 10 10 2 10 10 10 2 2 8 10 2 8 10 8 10 2 10 2 10 2 10 10 8 10 10 2 8 2 2 10 10 10 10 10 2 10 2 2 10
left_child=2 17 3 9 -5 51 33 8 -3 43 45 -12 29 16 -10 27 -9 -2 24 20 21 22 -20 59 30 26 -26 32 -27 -13 -19 -30 47 34 52 37 39 64 -39 -37 49 -36 -24 -1 -45 46 -8 -16 -49 -41 -29 -6 56 55 -55 -54 -4 -58 -59 -23 61 -61 -47 -40 -35
right_child=1 7 6 4 5 -7 10 13 14 -11 11 12 -14 -15 15 -17 -18 18 19 -21 -22 23 42 -25 25 28 -28 50 31 -31 -32 -33 -34 35 41 36 -38 38 63 40 -42 -43 -44 44 -46 62 -48 48 -50 -51 -52 -53 53 54 -56 -57 57 58 -60 60 -62 -63 -64 -65 -66
leaf_value=128.20720029861397 -29.495043731829927 -63.84205864057698 -0.20991860780957031 308.30887959469192 156.26279570120744 80.10373207543023 0.00018057511142575354 11.163119913377566 0.97162248051552369 -10.443906286190002 -3.8774583552157451 0.15653354913638304 -109.55204983538125 -266.00593698074846 -28.616623904465193 6.084747252666217 -150.81921692019219 1.7826384861271514 3.9067337029410547 -126.64974101188413 80.35397605504302 8.0429599314498521 2.2599062404502841 39.187747367430696 22.359993789611142 -0.4761560805358202 2.2849963305180476 -211.15601372320162 2.6554195306949584 101.24243574703237 -5.3780153588980264 -4.206309113029123 -14.75503975290269 0.068890092507645606 41.65218669756532 23.460730106626894 -32.209677425353483 0.50376011965790635 87.340221197225517 -0.46672058000105993 -117.91136501493533 -0.8759294747498565 -0.0698972072428998 0.31415061492381363 -2.6764261193392582 0.082153295406203058 5.4893524514121932 -60.494729877840662 21.961449331789595 31.385233819357374 -161.18740776436704 -6.5618443669205213 0.019212829997857547 0.020751990087548373 -0.037035728198514313 2.4350925614717052 0.27405303094887812 -0.15927705919723964 -0.0039143658269349766 -7.0145754916196879 -7.9542751066475521 1.0013744693260922 0.35078175082436863 29.120597289605165 -1.3541986729152633
leaf_weight=112 205 114 222 167 160 827 549 147 887 154 222 128 169 221 171 191 123 354 291 231 286 111 184 242 642 256 242 128 239 101 281 174 162 4763 107 219 334 226 188 2623 488 885 750 186 150 168 377 119 229 120 516 329 366 356 926 187 106 339 692 340 798 415 128 316 508
leaf_count=112 205 114 222 167 160 827 549 147 887 154 222 128 169 221 171 191 123 354 291 231 286 111 184 242 642 256 242 128 239 101 281 174 162 4763 107 219 334 226 188 2623 488 885 750 186 150 168 377 119 229 120 516 329 366 356 926 187 106 339 692 340 798 415 128 316 508
internal_value=-3.40018e-05 -0.00238685 0.00114565 0.00835354 0.0129032 0.0100247 0.000182176 -0.00788508 -0.00563762 -0.00256375 0.00622777 -0.00174806 0.00501853 -0.0189205 -0.00427154 -0.00794436 -0.00821363 0.000323715 0.000919021 -0.00184959 -0.000741025 -0.00228374 0.0029102 -0.00571634 0.00561369 0.00883236 0.0142535 -0.0107834 0.00136282 0.0173718 -0.00197857 0.0085852 -0.00421005 -0.00060322 -0.00343306 0.000589585 -0.00263771 0.0026552 0.0129911 -0.00105192 -0.00210592 -0.0109652 -0.00128582 0.00318232 -0.00218907 0.0104163 0.00664475 0.000205284 0.00704834 -0.000249484 -0.017395 0 -0.00102769 0.00207032 -0.0016571 0.0109954 -0.00533891 -0.00242527 -0.00502043 -0.00793244 -0.00935223 -0.00303721 0.0213987 0.0187774 0.00118183
internal_weight=26947 9049 17898 2085 1483 1316 15813 3008 2517 602 1842 620 398 491 2403 1516 270 6041 5836 3648 3417 3131 1225 1906 2188 1553 884 1325 669 229 635 413 681 13971 4186 9785 3784 6001 730 3450 3231 992 934 448 336 1222 926 519 348 2743 644 489 3194 1835 1282 553 1359 1137 1031 1664 1553 755 296 504 5271
internal_count=26947 9049 17898 2085 1483 1316 15813 3008 2517 602 1842 620 398 491 2403 1516 270 6041 5836 3648 3417 3131 1225 1906 2188 1553 884 1325 669 229 635 413 681 13971 4186 9785 3784 6001 730 3450 3231 992 934 448 336 1222 926 519 348 2743 644 489 3194 1835 1282 553 1359 1137 1031 1664 1553 755 296 504 5271
is_linear=0
shrinkage=0.0577944


Tree=45
num_leaves=66
num_cat=0
split_feature=0 40 37 63 62 77 46 78 43 120 94 118 38 120 34 50 125 99 89 53 74 42 42 79 22 0 124 38 111 127 22 112 118 40 131 1 107 94 48 61 107 56 22 48 99 16 1 6 82 95 12 131 42 120 83 127 22 32 111 125 54 29 35 131 130
split_gain=16.2062 34.5414 32.7135 21.369 21.1272 18.4667 17.0329 18.0911 16.8324 19.5235 14.849 25.3328 22.2971 27.9454 19.8708 20.0924 18.7482 18.6565 26.4729 17.1783 16.0659 14.9166 28.4411 20.1334 19.7146 14.7926 19.1359 20.6435 17.001 22.0238 20.8408 30.1275 20.9918 15.2565 14.3851 14.1237 13.8755 13.8684 13.7965 13.6863 16.4454 15.4617 15.8539 13.2457 18.2044 17.7312 16.4701 12.996 12.904 12.7713 14.4332 13.14 12.6444 15.4913 13.284 12.5145 12.4748 12.4226 12.0252 13.5449 11.7951 15.6837 11.7032 18.3758 12.6354
threshold=33.000000000000007 9500.0000000000018 -11249.999999999998 -2249.9999999999995 10750.000000000002 54500.000000000007 16250.000000000002 13500.000000000002 0.45833333333333343 0.20714285714285716 0.033708625106074273 0.15476190476190479 1.0000000180025095e-35 0.21825396825396828 13125.000000000002 50666.666666666679 6.5000000000000009 59585.93598456763 15530.000000000002 7555.3009855711816 38500.000000000007 -0.98698466465786716 -0.71543296795806577 49000.000000000007 1815.6825980064743 13.000000000000002 8.5000000000000018 1166.6666666666654 0.21980676328502416 197.50000000000003 5941.5652653321458 -0.17321428571428568 1.0000000180025095e-35 14500.000000000002 1.0000000180025095e-35 11.000000000000002 -5503.9999999999991 0.20449015786334376 49916.666666666679 177.00000000000003 2896.0000000000005 10504.000000000002 1336.3062095624898 47666.666666666679 50703.244450615857 47166.80000000001 11.000000000000002 15004.000000000002 45500.000000000007 0.042624585202276029 28004.000000000004 0.25000000000000017 -0.55048188256318087 0.22649572649572652 50001.000000000007 113.50000000000001 2594.3726083141437 1549.193338482967 0.039230769230769243 13.500000000000002 2866.4595934800432 14583.333333333334 0.122574912011586 -0.5 -0.6830127018922193
decision_type=2 2 2 10 10 10 10 10 2 10 10 10 2 10 2 10 2 2 10 8 10 8 10 10 10 2 2 2 8 2 10 10 10 2 2 2 10 8 10 10 10 10 10 10 2 10 2 10 10 10 8 2 10 10 10 2 10 2 10 2 10 2 2 2 2
left_child=2 3 -1 37 10 34 7 60 -3 -10 11 17 13 21 25 -16 -17 18 47 -19 -18 23 -23 24 -12 26 27 -14 30 -30 31 -27 35 -34 -6 -33 -28 52 -32 40 58 42 57 44 45 -29 -45 49 -11 50 51 -4 53 -2 -55 -21 -44 -42 59 -8 -5 -62 63 -24 -64
right_child=1 8 4 6 5 -7 39 -9 9 48 12 -13 14 -15 15 16 20 19 -20 55 -22 22 62 -25 -26 28 36 43 29 -31 38 32 33 -35 -36 -37 -38 -39 -40 -41 41 -43 56 46 -46 -47 -48 -49 -50 -51 -52 -53 -54 54 -56 -57 -58 -59 -60 -61 61 -63 64 -65 -66
leaf_value=587.87204519333181 -1.3144011600675951 -2.1926746312039747 1.6156318417328102 -2.4092949653089399 26.725328512384994 -57.77849105672697 1.8805783552955213 -57.835433405541416 -185.53194651813067 -0.35983477600042546 0.12188758892666469 -38.864807181505689 -0.507406433962586 153.90200364439758 20.818419138977493 49.500733733593229 53.372180312921294 18.64805962008521 -10.783469988440597 18.899530419572802 -186.37732463773074 92.635412293710473 -0.085809825422182129 184.85665275119715 -11.291498390183467 -18.009445889588918 -17.427876212802012 1.1720398042758371 -165.32328597927648 1.2497030632913677 -6.1933475615685794 -5.0283197698048516 0.21154589449357825 -149.06052565913586 271.54850670544687 2.1790575273262163 -0.034839382177753654 12.986082534283463 61.396538450249139 3.0111639921206934 -24.465896571968553 0.17813781431644782 -100.64070395323475 6.0527860639159039 5.6975297902844204 -1.8562015802125829 -7.9054053124637678 -0.0022230336042705907 -283.73772810218907 -0.26182087361831918 -0.8704209254709464 -0.047721684339739855 -75.817992612937744 -8.9244085818692938 -220.90351999562506 -61.16348197644794 -17.449983835578099 1.8956441324870905 4.5519549722754515 -0.069074830566859646 18.127982887202556 -3.943031447449318 -2.4565949679018204 45.718021381620403 0.4138098133930373
leaf_weight=178 1706 284 130 179 100 153 1032 130 293 264 183 181 308 147 130 171 96 179 232 225 616 354 265 137 173 346 115 1176 224 202 115 137 690 346 214 355 333 131 251 1313 97 500 95 631 313 140 171 5338 228 267 228 122 324 95 102 128 141 114 446 1313 158 104 256 439 1403
leaf_count=178 1706 284 130 179 100 153 1032 130 293 264 183 181 308 147 130 171 96 179 232 225 616 354 265 137 173 346 115 1176 224 202 115 137 690 346 214 355 333 131 251 1313 97 500 95 631 313 140 171 5338 228 267 228 122 324 95 102 128 141 114 446 1313 158 104 256 439 1403
internal_value=-0.000312783 -0.00231024 0.000687201 -0.000976263 0.000426708 0.0125141 0.000933434 -0.00843724 -0.0120641 -0.0164099 8.65943e-05 -0.00194627 0.00150248 0.0053635 -0.000360557 -0.0078387 -0.0110748 -0.00134825 -0.00224813 0.00894389 -0.0152568 0.00415203 0.00586049 -0.00487309 -0.0123589 0.000906484 0.00358417 0.00543414 -0.00222689 -0.0127668 -0.000125089 -0.00267378 0.000711599 -0.00382861 0.0205493 0.0105993 -0.00727937 -0.00560115 0.0123372 0.00203368 0.000198583 -0.0063155 -0.0140963 0.00726122 0.0102622 0.00704603 0.000922493 -0.00147947 -0.00873275 -0.00861487 -0.00249343 0.00652963 -0.0067334 -0.00478554 -0.0201457 0.000949537 -0.0243475 -0.00157842 0.00247888 0.000734748 -0.0023221 0.00497704 0.00346452 0.00971042 0.00069029
internal_weight=26947 9049 17898 7980 17720 467 5622 571 1069 785 17253 7030 10223 3357 6866 1013 883 6849 6317 532 712 3210 2717 493 356 5853 3187 2739 2666 426 2240 1874 1528 1036 314 492 448 2358 366 5051 3738 947 447 2431 1629 1316 802 6085 492 747 480 252 2227 1903 197 353 236 211 2791 2345 441 262 2363 704 1659
internal_count=26947 9049 17898 7980 17720 467 5622 571 1069 785 17253 7030 10223 3357 6866 1013 883 6849 6317 532 712 3210 2717 493 356 5853 3187 2739 2666 426 2240 1874 1528 1036 314 492 448 2358 366 5051 3738 947 447 2431 1629 1316 802 6085 492 747 480 252 2227 1903 197 353 236 211 2791 2345 441 262 2363 704 1659
is_linear=0
shrinkage=0.0577944


Tree=46
num_leaves=66
num_cat=0
split_feature=38 26 91 1 0 77 40 38 94 120 124 91 112 110 45 93 111 95 10 53 123 130 26 101 125 102 32 0 127 80 102 95 43 35 110 94 7 50 99 101 100 130 63 54 99 16 130 54 112 20 125 130 94 100 101 102 95 112 43 100 55 54 92 6 95
split_gain=14.7103 18.718 26.6667 18.4484 31.9357 30.7983 28.3915 22.2724 20.4411 19.87 19.6901 19.0992 18.7993 16.8058 15.0507 14.4804 18.9392 21.569 16.4137 15.5558 14.4629 19.8082 16.1918 14.4424 14.7283 14.3366 14.6788 14.2421 23.6173 22.3055 21.9384 25.9822 20.4691 20.6052 19.172 15.188 14.2242 13.9862 19.2316 17.0485 22.991 15.8786 28.812 22.8253 28.6241 21.9479 21.1379 15.619 14.8399 20.5773 14.8386 19.4435 18.2908 20.3661 15.4307 22.5825 25.1893 17.0373 18.1923 16.7286 16.6072 16.0185 15.4357 13.2373 13.2255
threshold=16000.000000000002 16.500000000000004 2625.0000000000005 11.000000000000002 39.500000000000007 37500.000000000007 6500.0000000000009 -5833.3333333333339 0.13443720401496737 0.14835164835164838 4.5000000000000009 8125.0000000000009 -0.32916666666666661 -0.18634259259259256 16750.000000000004 0.10419024967983766 0.12613636363636366 0.087631246054506132 34500.000000000007 6910.1138031603114 3750.0000000000005 1.0000000180025095e-35 10.500000000000002 -1988.8042427567923 16.500000000000004 -2347.7020961976627 5435.9892245471428 13.000000000000002 74.500000000000014 39500.000000000007 -2231.3432995036414 0.16278515635586407 0.95833333333333337 0.16970587970441051 0.070197044334975381 0.18722691731413035 43500.000000000007 61166.666666666679 61110.600945091188 -700.66152358925308 77.453785075289503 1.0000000180025095e-35 -4749.9999999999991 3511.8717577077277 28763.867043389957 30133.466666666671 0.68301270189221941 7331.4193237567169 -0.26568627450980387 28250.000000000004 21.500000000000004 -0.6830127018922193 0.046223956593343794 0.041626047785030103 -378.58668603560903 -55.542147528862181 0.0279413576946086 0.14415584415584418 0.81666666666666676 -11.024248095822257 2546.1864703195238 590.08904476942109 2125.0000000000005 27350.000000000004 0.062015257862508923
decision_type=2 2 8 2 2 10 2 2 10 10 2 8 8 8 10 8 10 10 10 10 8 2 2 2 2 2 2 2 2 10 2 10 2 2 10 10 10 10 2 2 2 2 8 10 2 10 2 10 10 10 2 2 10 2 2 2 10 8 2 2 8 10 10 8 10
left_child=3 2 -2 4 6 7 15 10 13 25 -6 -9 -8 -5 -11 16 17 23 -19 -20 21 -7 -23 -1 -25 26 -10 34 -29 -30 -31 32 33 -32 -14 -33 -17 38 39 40 41 42 -15 44 -43 -46 -45 -48 -44 -50 54 52 53 63 62 56 61 58 -57 -58 -59 -56 -41 -52 -53
right_child=1 -3 -4 8 5 20 12 11 9 14 -12 -13 27 37 -16 36 -18 18 19 -21 -22 22 -24 24 -26 -27 -28 28 29 30 31 35 -34 -35 -36 -37 -38 -39 -40 50 -42 43 48 46 45 -47 47 -49 49 -51 51 64 -54 -55 55 57 59 60 -60 -61 -62 -63 -64 -65 -66
leaf_value=258.19952548119363 57.848161648932887 -446.28896606012165 -271.69401861901616 2.3584949319917441 77.613940732307711 -145.03840167221028 -10.743659244639398 -100.7348409776755 5.9781072194428502 15.768703226064893 -9.6243769629406888 27.161208788090406 0.34425119451944974 0.91962640261201989 -9.9169560312260128 212.85159943639329 229.0115841302428 -5.8535769808333002 10.949338181239865 -6.4943103248427239 -288.67680186212345 211.58381814231285 -24.348300627558842 -11.020110129719717 174.15332272280133 -14.105132959720102 -6.3794145615183906 24.064607362608669 12.151813118183595 2.4189367219444127 -8.6764501624722552 74.736183046536382 -336.21853957325288 -174.124035176126 21.509956252243342 -121.35059980693551 65.296758263605099 -259.81005810742653 15.151765364749677 0.40672097558965759 -96.216493812407549 2.1211483024326165 3.3684151980746688 -3.885297563391334 -1.0234423546403169 0.81234094692969294 0.2517406145766039 -2.5135512256357582 -0.55792316987826074 0.079899475240916409 -0.0044389473219266914 -0.3299883791467319 6.3228923562229307 -0.16173127975184778 0.020494683393111716 0.0097557433690748062 5.7680221211859841 -2.7830084186488948 0.43465516080911037 -0.22321157805164105 -0.019123295340402299 -0.14261546222619084 -4.4375896190676212 0.078620704946557748 -0.0072431042399729185
leaf_weight=200 111 133 169 418 578 208 644 220 95 108 117 127 1862 258 192 233 273 120 508 603 180 98 281 144 165 549 95 728 95 514 615 231 104 245 677 111 490 109 129 898 202 429 186 875 254 243 454 130 506 599 107 1474 193 269 111 2223 103 216 1197 610 1151 585 99 168 928
leaf_count=200 111 133 169 418 578 208 644 220 95 108 117 127 1862 258 192 233 273 120 508 603 180 98 281 144 165 549 95 728 95 514 615 231 104 245 677 111 490 109 129 898 202 429 186 875 254 243 454 130 506 599 107 1474 193 269 111 2223 103 216 1197 610 1151 585 99 168 928
internal_value=-0.000299916 -0.0110835 -0.00180591 -0.000123823 0.00177073 -0.00516129 0.00325803 0.00115299 -0.00135082 -0.0091956 0.00727024 -0.0105321 0.000940426 -0.000797935 0.00282979 0.00811947 0.00544166 0.00307819 -0.000929631 0.00113346 -0.0139426 -0.00899171 -0.000582708 0.0130674 0.00441326 -0.0143127 0 0.0021272 -0.000783044 -0.00421333 -0.00573238 -0.00974812 -0.0146281 -0.0113028 0.00522512 0.00348964 0.0152645 -0.00113494 -0.000965281 -0.00117756 -0.00431225 -0.00327114 0.00118595 -0.00623957 0.000675046 -0.00852999 -0.0107438 -0.00185519 -0.00222602 -0.00489382 6.07031e-05 -0.0032343 0.00482832 -0.000301487 0.00152473 0.000418169 -0.00596829 0.00233879 0.00453886 0.00144046 -0.00303038 -0.0137879 0.00819515 0.0103496 -0.00578701
internal_weight=26947 413 280 26534 10371 1809 8562 1042 16163 1039 695 347 5826 15124 300 2736 2013 1740 1231 1111 767 587 379 509 309 739 190 5182 2643 1915 1820 1306 964 860 2539 342 723 14706 14597 14468 4136 3934 1549 2385 926 497 1459 584 1291 1105 10332 3139 737 544 7193 6196 1409 4787 3420 713 1367 696 997 275 2402
internal_count=26947 413 280 26534 10371 1809 8562 1042 16163 1039 695 347 5826 15124 300 2736 2013 1740 1231 1111 767 587 379 509 309 739 190 5182 2643 1915 1820 1306 964 860 2539 342 723 14706 14597 14468 4136 3934 1549 2385 926 497 1459 584 1291 1105 10332 3139 737 544 7193 6196 1409 4787 3420 713 1367 696 997 275 2402
is_linear=0
shrinkage=0.0577944


Tree=47
num_leaves=66
num_cat=0
split_feature=0 40 62 26 127 37 62 55 130 131 124 23 54 23 51 16 76 41 43 127 92 37 35 95 57 95 42 56 102 63 23 12 121 101 26 94 92 56 95 64 127 38 127 47 127 76 56 127 125 95 25 93 41 78 88 125 23 95 77 76 93 101 100 125 34
split_gain=16.0694 32.2498 26.6827 22.1995 19.9027 17.9065 17.5871 17.1474 16.5813 32.72 19.0815 20.4183 24.4027 19.4162 23.3057 20.5021 16.9756 16.825 15.6509 19.1651 15.164 15.7532 15.1505 15.0096 28.1958 20.4166 24.0154 20.0097 16.6095 18.1224 18.8331 16.7343 15.638 14.489 14.2048 13.9694 13.3395 24.9246 19.4613 20.4728 15.8917 13.3932 12.6546 25.2078 16.6815 20.0154 16.0121 24.4797 21.4623 15.7137 15.3383 12.5204 12.4322 12.1568 12.0496 12.0101 11.9508 11.4612 17.8569 37.289 25.5521 17.4695 16.3609 15.0393 13.0063
threshold=33.000000000000007 9500.0000000000018 10750.000000000002 7.5000000000000009 80.500000000000014 -11249.999999999998 -5264.9999999999991 13723.324886684846 1.0000000180025095e-35 -0.68301270189221952 19.500000000000004 4847.2056175544139 8231.0248069064091 2269.4877643739151 26916.666666666668 30483.333333333339 41000.000000000007 8500.0000000000018 0.45833333333333343 272.50000000000006 550.00000000000011 -3249.9999999999995 0.092131161872312836 0.024464183452037335 2750.0000000000005 0.049790115748718507 0.22140372138502495 9500.0000000000018 -5956.8786470625992 -1749.9999999999998 8172.0015415690323 50004.000000000007 0.27922077922077926 70.228643526319516 13.500000000000002 0.032378754480853041 4625.0000000000009 15504.000000000002 0.26143385315114415 -0.12403846153846153 339.50000000000006 -5833.3333333333294 104.50000000000001 69500.000000000015 166.50000000000003 59000.000000000007 39000.000000000007 42.500000000000007 22.500000000000004 0.1524249778173358 1.5000000000000002 0.051255580640735272 2004.0000000000002 14500.000000000002 17500.000000000004 16.500000000000004 4660.9159969941111 0.066818356838443491 11250.000000000002 15500.000000000002 0.046193301071280314 759.1450181678448 0.121297076184419 24.500000000000004 4875.0000000000009
decision_type=2 2 10 2 2 2 8 10 2 2 2 8 10 10 10 10 8 2 2 2 10 2 2 10 10 10 10 10 2 10 10 8 10 2 2 10 10 10 10 10 2 2 2 10 2 10 10 2 2 10 2 10 2 10 10 2 10 8 8 8 10 2 2 2 2
left_child=2 6 5 -4 -5 -1 7 -2 9 20 11 13 16 14 17 35 -13 53 -3 -20 -8 56 -17 24 33 26 27 -25 -27 -30 31 32 34 -10 -31 -16 52 38 39 -38 -41 -39 46 44 45 55 47 50 51 -48 -43 -49 -7 -11 -14 -44 -22 61 -59 -60 63 62 -54 -61 -63
right_child=1 18 3 4 -6 36 8 -9 23 10 -12 12 54 -15 15 22 -18 -19 19 -21 21 -23 -24 25 -26 28 -28 -29 29 30 -32 -33 -34 -35 -36 -37 37 41 -40 40 -42 42 43 -45 -46 -47 49 48 -50 -51 -52 -53 57 -55 -56 -57 -58 58 59 60 -62 64 -64 -65 -66
leaf_value=459.85960498899698 -48.554640794831712 -1.3146617254440478 350.22257873028883 -62.2232342739687 148.27606961251573 -0.026425499691056755 0.10784662128366865 21.881220207670385 -0.14877549274331786 -0.58284185816681999 1.0481954268682769 216.78570182253782 -51.552166001062197 -6.8940703039453091 4.4317086617945085 -1.1775499824051527 5.4348568747515316 49.326983212192332 -165.78491576476563 2.5473392198479337 0.55538802686948685 -43.102201765672163 7.5208966133335311 8.0344063611644447 -5.1413709896875393 36.492181501458084 0.22548786919000521 1.8148524846462157 -5.1712301093487323 -5.8659686759346084 -25.707988713066108 34.018812354112484 80.65150864528367 2.1306921527469282 5.6838204697269958 1.3705707886210088 6.8586438723002594 108.54986850305406 -25.102694379458558 0.5791862590732294 160.21305121384279 0.4978373546774551 -4.0791589637582053 -149.58628812873951 0.91486501225632444 -209.9054183523389 -401.91615889035745 161.31345751224893 -4.1806554463239722 6.8300343283927827 -38.105074909549963 17.183729284059151 0.16788806199551837 -6.8057895742414338 29.8319263070997 3.900814701767747 -27.22894500178726 4.013049733644146 -6.7925110822240482 -0.81302646313357141 5.6962279871031756 13.596531617344114 -0.39612353490198965 0.28925769197275458 2.8087734409819922
leaf_weight=106 478 284 105 157 277 6107 132 124 173 262 164 152 116 725 208 225 110 131 620 165 97 211 159 234 161 191 325 122 819 399 310 222 163 153 821 110 288 267 103 3091 95 387 266 512 933 116 147 247 136 176 95 231 1514 261 123 168 99 318 285 438 522 113 415 95 188
leaf_count=106 478 284 105 157 277 6107 132 124 173 262 164 152 116 725 208 225 110 131 620 165 97 211 159 234 161 191 325 122 819 399 310 222 163 153 821 110 288 267 103 3091 95 387 266 512 933 116 147 247 136 176 95 231 1514 261 123 168 99 318 285 438 522 113 415 95 188
internal_value=-0.000218426 -0.00220809 0.000777599 0.0134102 0.00698384 0.000372335 -0.000918348 -0.0103918 -0.000116315 -0.00319615 -0.000564523 -0.00185216 0.00846235 -0.00443233 -0.000206432 0.0069523 0.0206558 -0.00816322 -0.011633 -0.0158234 -0.0161806 -0.0216665 -0.00161948 0.00231177 -0.00705402 0.00363245 0.0126545 0.0229721 0.0014576 0.000229192 0.00336979 0.00595965 0.00341228 0.00225553 0.000985231 0.0177761 0.000213862 0.00210802 0.00555047 0.00632982 0.00490811 -0.00118989 -0.002213 -0.00520148 -0.00123861 -0.00927958 0.00186318 0.00530186 0.0129981 -0.00918177 -0.00415007 0.0188311 -0.00114368 -0.0129395 -0.00425716 -0.00301992 -0.00836339 0.00137907 -0.00218652 -0.00519931 0 0.00411075 0.00196961 -0.00903496 0.0170601
internal_weight=26947 9049 17898 539 434 17359 7980 602 7378 3285 2746 2582 501 2081 1356 702 262 654 1069 785 539 407 384 4093 487 3606 681 356 2925 2734 1915 1605 1383 326 1220 318 17253 7258 3577 3474 3186 3681 3414 1995 1483 550 1419 1096 614 323 482 478 9995 523 239 434 196 3888 1658 1340 1055 2230 1929 533 301
internal_count=26947 9049 17898 539 434 17359 7980 602 7378 3285 2746 2582 501 2081 1356 702 262 654 1069 785 539 407 384 4093 487 3606 681 356 2925 2734 1915 1605 1383 326 1220 318 17253 7258 3577 3474 3186 3681 3414 1995 1483 550 1419 1096 614 323 482 478 9995 523 239 434 196 3888 1658 1340 1055 2230 1929 533 301
is_linear=0
shrinkage=0.0577944


Tree=48
num_leaves=66
num_cat=0
split_feature=29 37 42 9 48 127 16 73 56 127 51 55 102 86 78 48 130 95 47 0 39 35 15 42 11 64 81 57 100 31 131 80 10 59 99 48 51 0 51 127 54 108 96 102 26 101 51 85 64 125 52 127 12 55 93 22 56 95 102 48 80 98 12 50 0
split_gain=15.5722 15.6757 20.7084 12.9096 18.7823 26.0661 27.2898 20.6376 18.5496 22.0784 26.1 21.5344 22.8784 18.4936 16.9136 35.1452 34.7709 33.4435 25.8989 29.38 33.3564 28.9077 31.7093 19.9577 19.7857 19.8655 21.3215 18.7785 26.4652 18.6436 16.1419 14.9744 21.7311 22.9656 21.6852 19.5952 18.7428 27.8617 18.5689 16.911 14.3124 14.2834 16.4029 14.0778 22.0838 19.5366 16.9933 17.0917 15.8156 13.9704 19.6587 17.1252 13.9502 13.8477 13.6422 13.9758 13.23 12.9762 12.9582 12.6284 12.4935 22.2043 19.0093 14.5072 12.4256
threshold=112083.33333333336 -19749.999999999996 -1.4652984190954839 26500.000000000004 26750.000000000004 331.50000000000006 27833.466666666671 25500.000000000004 10504.000000000002 200.50000000000003 17083.333333333339 3378.8477210254109 -182.50006559789469 27125.000000000004 30500.000000000004 38416.666666666679 1.0000000180025095e-35 0.018202740147074532 43000.000000000007 33.000000000000007 0.93771551724137947 0.10930362951667777 51071.714285714297 0.40824829046386218 97500.000000000015 -0.18019480519480516 57250.000000000007 16500.000000000004 -1306.9457722885088 67500.000000000015 -0.68301270189221952 37500.000000000007 32500.000000000004 3504.0000000000005 34193.306254330186 31083.333333333339 31583.333333333339 10.000000000000002 31250.000000000004 348.50000000000006 3196.3425179021388 -0.032795698924731172 42447.815048488039 1.0000000180025095e-35 8.5000000000000018 -28.372746178571102 28250.000000000004 27875.000000000004 0.033060109289617494 10.500000000000002 5435.9892245471428 351.50000000000006 32500.000000000004 2866.4595934800432 0.056740070954030643 2567.7629550653924 34500.000000000007 0.065562220937164642 625.98195699577275 58500.000000000007 30500.000000000004 28134.720373170883 32500.000000000004 28916.666666666668 21.000000000000004
decision_type=2 2 10 10 10 2 10 8 10 2 10 10 2 8 10 10 2 10 8 2 2 2 10 10 10 10 10 10 2 2 2 10 10 10 2 10 8 2 10 2 10 10 2 2 2 2 10 10 10 2 10 2 8 10 10 10 10 10 2 10 10 2 8 10 2
left_child=1 2 -1 4 7 6 -6 8 9 11 58 12 -3 -9 16 31 17 -5 27 21 -21 22 -20 30 25 26 -23 28 -17 -29 -24 32 33 39 -34 -35 -33 -38 -37 -16 -13 -22 -43 45 -45 46 47 -18 -46 50 -30 -51 -8 -14 -39 -56 -26 -10 -11 -31 61 -48 63 -62 -60
right_child=-2 3 -4 14 5 -7 52 13 57 10 -12 40 53 -15 15 18 43 -19 19 20 41 24 23 -25 56 -27 -28 29 49 59 -32 36 34 35 -36 38 37 54 -40 -41 -42 42 -44 44 48 -47 60 -49 -50 51 -52 -53 -54 -55 55 -57 -58 -59 64 -61 62 -63 -64 -65 -66
leaf_value=420.08423158853009 -604.462021965026 11.634994760242586 -14.795527299979879 0.0029479482685630474 -3.1629272325347362 45.353452293645894 0.11496412906457254 46.610923105642534 0.14034248804016625 -0.093381788135566329 -3.3909763562785598 -0.53433300439106934 -0.30241317355756248 -0.18480553940184594 0.066097315764299905 271.77615422036484 -0.82762846000654988 0.85178311171027621 -0.33570964878557719 -0.17720542719561627 46.580715242402434 112.03835472080003 4.5921580450695085 3.17708086145544 -8.7629669352789943 -0.044028568308285575 7.696536318056542 -4.7601172819049422 107.35109291423771 205.42434942097935 274.17456617286342 -4.9306493837054619 5.592127697007796 -41.433378431097097 -0.028337250927743498 1.0478418049107807 0.36681293321922348 -0.93020960823050935 -47.718369608994571 -3.9041501482713641 0.15841960093757726 0.48597358969112181 -182.61000171397981 43.043810017896192 0.024436862368286714 -2.7749786735164044 0.014798288865458285 0.15829046322359894 -2.7146996601625659 -0.29554599287625222 -0.68320994655394307 111.1338914949675 -3.8029600754955566 0.80559286084266757 0.59871377606297127 -10.058975030636356 -224.19912229751372 -5.5426382095930808 6.2359346107722491 -0.34015131697648066 -1.5262086357985705 -0.72932641523274566 -7.7100822019083006 2.990978648404222 -0.97652461762581244
leaf_weight=136 119 224 125 722 449 112 240 168 246 1134 496 267 171 126 767 161 112 936 540 2408 105 141 135 758 184 4761 203 516 272 110 345 214 163 240 202 113 204 300 102 136 1026 183 846 130 530 226 128 387 102 653 155 114 909 279 97 167 167 854 140 102 134 257 95 238 165
leaf_count=136 119 224 125 722 449 112 240 168 246 1134 496 267 171 126 767 161 112 936 540 2408 105 141 135 758 184 4761 203 516 272 110 345 214 163 240 202 113 204 300 102 136 1026 183 846 130 530 226 128 387 102 653 155 114 909 279 97 167 167 854 140 102 134 257 95 238 165
internal_value=-0.000136937 -3.63066e-05 0.0139578 -0.000182398 -0.00231573 -0.00758455 -0.0095586 -0.000576434 -0.00148782 0.00033823 -0.00399097 0.00468876 0.0130413 0.014158 0.000572661 -0.000277903 0.00392754 0.0103266 0.0009699 -0.000154711 -0.00448048 0.00193933 0.00833321 0.0134479 -0.000114919 0.00076769 0.0141167 0.00686572 0.0108856 -0.000383679 0.0228182 -0.00627056 -0.00287417 -0.00631923 0.00939002 -0.0168762 -0.0120149 -0.00740637 -0.00313724 -0.000755938 0.000171883 -0.012645 -0.0147708 -0.000539245 0.00580324 -0.0037248 -0.000932609 0.00734568 0.000987389 0.00766739 0.0160942 0.00268983 -0.00460667 0.00495284 -0.0141435 -0.00364302 -0.0133486 -0.00811107 0 0.0136449 -0.00600343 -0.0136681 0 0.00628983 0.0104673
internal_weight=26947 26828 261 26567 7006 1710 1598 5296 5002 3902 1935 1967 674 294 19561 15564 3997 1658 12859 10776 3542 7234 1778 1238 5456 5105 344 2083 1355 728 480 2705 1723 1358 365 455 982 768 215 903 1293 1134 1029 2339 762 1577 1351 499 632 1194 427 767 1149 450 564 264 351 1100 1439 212 852 385 467 372 305
internal_count=26947 26828 261 26567 7006 1710 1598 5296 5002 3902 1935 1967 674 294 19561 15564 3997 1658 12859 10776 3542 7234 1778 1238 5456 5105 344 2083 1355 728 480 2705 1723 1358 365 455 982 768 215 903 1293 1134 1029 2339 762 1577 1351 499 632 1194 427 767 1149 450 564 264 351 1100 1439 212 852 385 467 372 305
is_linear=0
shrinkage=0.0577944


Tree=49
num_leaves=66
num_cat=0
split_feature=109 128 38 112 53 54 77 9 74 34 63 1 101 95 22 11 127 91 11 95 124 11 22 93 12 127 58 95 92 91 111 51 125 47 64 51 64 12 42 130 0 40 55 30 127 54 59 101 20 51 74 24 91 95 100 0 94 26 95 52 74 69 22 112 130
split_gain=16.0842 14.1926 13.9469 12.5138 17.5005 23.8684 15.1683 20.9126 15.3945 15.5027 14.8635 35.8054 17.5829 15.937 13.9942 13.6246 13.067 38.8614 37.5413 16.869 18.2332 21.0782 14.3143 14.6534 13.9451 13.0722 12.5505 15.1143 12.4129 23.1251 12.1924 16.5378 11.7337 11.6259 10.1901 12.138 10.6377 14.0492 10.161 9.9521 11.0378 13.2961 9.58679 9.37308 9.23727 12.7562 9.13051 9.11038 9.09733 8.70901 8.69815 8.42245 8.31793 8.16864 20.1324 9.20439 7.87093 7.35694 7.73956 7.17568 7.06351 7.89404 6.95858 6.13507 5.93481
threshold=-0.03390804597701149 1.0000000180025095e-35 -16499.999999999996 1.4000800000000002 10551.272016880977 18949.448222757263 66500.000000000015 81000.000000000015 112500.00000000001 11125.000000000002 10750.000000000002 9.0000000000000018 9512.2958218177355 0.19398762844937906 11217.137594955731 45004.000000000007 346.50000000000006 3375.0000000000005 29500.000000000004 0.13976099370842204 8.5000000000000018 21500.000000000004 7579.9765142145907 0.092314871765395198 26500.000000000004 107.50000000000001 37500.000000000007 0.078238096571628155 6875.0000000000009 1812.5000000000002 0.078461538461538485 51916.666666666672 6.5000000000000009 76250.000000000015 0.053101503759398504 49333.333333333336 -0.070598006644518249 22400.000000000004 0.12553782032001234 0.93301270189221952 39.500000000000007 17500.000000000004 19504.221442041238 37500.000000000007 250.50000000000003 7702.6917772327706 12500.000000000002 -1864.5468002105642 54250.000000000007 53166.666666666679 87500.000000000015 4.5000000000000009 875.00000000000011 0.11813234659305723 -3538.6675790243166 39.500000000000007 0.14145863955663238 25.500000000000004 0.10058769642556199 9853.0648157837531 71000.000000000015 -1915.9999999999998 6112.4984550224226 -0.21240601503759396 0.25000000000000011
decision_type=8 2 2 10 8 10 10 10 8 2 10 2 2 10 8 8 2 10 10 10 2 10 10 10 8 2 10 10 10 10 8 10 2 8 8 8 10 8 8 2 2 2 10 2 2 10 10 2 10 10 8 2 10 10 2 2 10 2 10 10 10 10 10 8 2
left_child=1 28 -2 4 6 14 7 10 9 -8 12 -12 16 46 26 -14 19 18 24 22 25 -22 23 -4 -18 -21 27 -6 29 38 50 -32 -29 43 36 -36 53 -38 47 40 41 -30 -7 -34 45 57 -13 63 -28 -17 -16 -45 -49 54 -3 56 -55 58 -31 -11 61 -39 -42 -1 -15
right_child=2 34 3 -5 5 42 8 -9 -10 59 11 13 15 64 30 49 17 -19 -20 20 21 -23 -24 -25 -26 -27 48 32 39 44 31 -33 33 -35 35 -37 37 60 -40 -41 62 -43 -44 51 -46 -47 -48 52 -50 -51 -52 -53 -54 55 -56 -57 -58 -59 -60 -61 -62 -63 -64 -65 -66
leaf_value=59.274942581834004 241.61362963907848 -46.75557112361146 0.0089569031659286723 98.010242549277947 2.3213287140820533 -4.970211459416837 213.08161029942636 -268.88499397612384 -12.465939688681363 67.325962050084485 -67.960900477709956 262.11078782757204 2.9138265834252879 126.31188332689418 82.019485324947837 -317.34061368299029 -1.6405455818195682 10.066639176924085 -6.3183982324672598 4.9674303608694279 1.216692170816309 -12.254521416957029 93.44365160954375 -2.8934992013692793 2.6616560176125512 -4.8699602077103554 -23.700643062213448 6.2160286596973293 29.666352111237288 -2.6144874150547524 8.796558877071547 -385.66000767505932 -121.20400836147164 -253.0307977031041 -0.096558950331370033 -135.9173754171963 -3.1143477914109261 -8.3159936337521074 -0.12075281179833465 72.915871972950626 16.037695985640877 -66.650919306258331 41.189394590177884 -26.534096665178193 -13.020469743398621 -22.251219084418828 175.00211111984854 -0.11714150354495506 -238.26236850654229 -149.19586168613026 -23.22555052273691 9.9654557973072961 4.8446747054315633 31.015938585786547 0.42798068411832441 -17.327811978250519 -15.732927584960299 3.5373402013755473 4.7036651740074573 -81.097473104791831 83.07273971372679 1.6490002526770744 -80.356032870188514 118.93909466295221 -6.3354103339582464
leaf_weight=109 120 183 13844 147 231 162 168 115 98 101 160 112 144 96 122 99 200 96 249 521 130 332 102 1261 110 1352 107 152 592 163 125 104 114 204 180 99 201 95 189 131 102 131 141 225 172 142 163 201 204 117 100 105 110 191 204 95 130 174 100 101 104 737 99 171 108
leaf_count=109 120 183 13844 147 231 162 168 115 98 101 160 112 144 96 122 99 200 96 249 521 130 332 102 1261 110 1352 107 152 592 163 125 104 114 204 180 99 201 95 189 131 102 131 141 225 172 142 163 201 204 117 100 105 110 191 204 95 130 174 100 101 104 737 99 171 108
internal_value=-0.000424296 0.00259447 -0.0010879 -0.00120403 -0.00132571 -0.00635522 -0.000782542 -0.00104089 0.00942255 0.014991 -0.000881559 0.00772407 -0.00118904 0.015797 -0.00893925 -0.0138132 -0.000926772 -0.00894084 -0.0149886 -0.000615501 -0.00518665 -0.0155047 7.54444e-05 -6.06525e-05 -0.000895408 -0.0025212 -0.0118929 -0.00848451 0.00550971 0.00202851 0 -0.00941397 -0.0122908 -0.0156911 -0.000724394 -0.0110216 0.000679696 0.00435107 0.00906348 0.0103671 0.00790545 0.0112864 0.00827212 -0.00966964 -0.00504516 -0.00117648 0.0248811 0.0128204 -0.0223998 -0.0228792 0.00944992 -0.00396194 0.00512048 -0.00428981 -0.0103413 0.000944706 0.00603157 0.00339304 -0.0021381 0.00305443 0.00743533 0.00531698 -0.00335212 0.0205675 0.00246766
internal_weight=26947 4805 22142 22022 21875 2096 19779 19311 468 370 19196 639 18557 479 1793 360 18197 655 559 17542 2335 462 15207 15105 310 1873 1342 1031 2586 1531 451 229 800 648 2219 279 1940 1137 780 1055 924 723 303 444 751 579 275 591 311 216 222 330 311 803 387 416 321 437 263 202 936 832 201 280 204
internal_count=26947 4805 22142 22022 21875 2096 19779 19311 468 370 19196 639 18557 479 1793 360 18197 655 559 17542 2335 462 15207 15105 310 1873 1342 1031 2586 1531 451 229 800 648 2219 279 1940 1137 780 1055 924 723 303 444 751 579 275 591 311 216 222 330 311 803 387 416 321 437 263 202 936 832 201 280 204
is_linear=0
shrinkage=0.0577944


Tree=50
num_leaves=66
num_cat=0
split_feature=42 32 125 44 54 42 63 100 107 55 112 52 64 12 127 127 92 101 51 34 29 59 39 130 131 32 101 111 53 131 54 55 102 112 51 125 127 10 62 57 87 112 32 53 32 35 92 18 92 64 92 29 21 61 106 32 102 0 40 42 131 101 58 2 58
split_gain=14.8018 14.9872 14.4243 21.8742 20.5875 20.4169 25.8711 18.0941 22.079 20.5434 16.829 16.4741 15.7387 42.8309 39.3056 26.3368 28.4683 21.9368 21.6775 29.3819 19.7677 18.0334 17.938 17.5733 16.5007 24.1401 22.726 16.3831 16.2725 25.6009 15.3143 20.3929 18.7276 16.4868 15.2165 15.0042 14.6558 15.5557 16.5619 14.3866 14.3419 15.8022 14.2623 14.0456 13.7422 13.4332 25.7418 13.4086 13.2965 15.571 12.9226 12.5604 12.3821 11.9798 11.9626 12.2267 11.6771 11.5574 15.0867 13.1254 13.0151 12.8373 11.373 21.0722 12.935
threshold=-1.7717618317383035 4881.9347305341489 11.500000000000002 112500.00000000001 516.39777949432244 -1.1251181810077269 -1749.9999999999998 -2372.5378661196223 -13499.999999999998 17236.101277172715 -0.43744999999999995 18636.872415601447 0.016530054644808747 69000.000000000015 58.500000000000007 351.50000000000006 3751.0000000000005 2067.3220983033366 73500.000000000015 7625.0000000000009 70750.000000000015 27500.000000000004 1.1209756097560979 1.0000000180025095e-35 0.6830127018922193 13723.324886684846 -12109.033209260959 -0.067816091954022981 3511.8717577077277 -0.9330127018922193 5244.4261065927794 5838.0889335476813 846.1865630575486 0.14907407407407411 89583.333333333358 16.500000000000004 50.500000000000007 81000.000000000015 -1.0000000180025095e-35 16500.000000000004 6500.0000000000009 0.14415584415584418 12533.27798417843 10820.48809584292 8025.9843075042463 0.11172507400033474 1375.0000000000002 63500.000000000007 19875.000000000004 -0.034286833855799365 1812.5000000000002 47333.333333333336 3779.6447300908499 -1.0000000180025095e-35 -2499.9999999999995 7005.8867426102979 -16.907095644608486 39.500000000000007 2250.0000000000005 -1.0000000180025095e-35 -0.9330127018922193 -1320.9671217422908 16500.000000000004 43500.000000000007 39000.000000000007
decision_type=8 2 2 10 10 8 10 2 8 10 10 10 10 10 2 2 10 2 8 2 2 10 2 2 2 2 2 10 10 2 10 10 2 8 8 2 2 8 10 10 10 8 2 10 2 2 10 10 10 10 10 2 10 10 8 2 2 2 2 10 2 2 10 2 10
left_child=1 -1 5 4 -4 6 54 10 39 30 -7 12 17 15 -15 20 -17 18 19 22 21 28 40 56 25 26 -20 -25 50 -30 33 32 51 57 -26 -16 53 38 -38 -9 41 -6 -41 -23 -22 -35 -47 -12 49 -19 -14 -32 -51 -21 55 -2 -24 59 -59 60 -10 -62 63 -33 -64
right_child=2 -3 3 -5 11 7 -8 8 9 -11 47 -13 13 14 35 16 -18 48 24 36 44 43 23 27 34 -27 -28 -29 29 -31 31 62 -34 45 -36 -37 37 -39 -40 42 -42 -43 -44 -45 -46 46 -48 -49 -50 52 -52 -53 -54 -55 -56 -57 -58 58 -60 -61 61 -63 64 -65 -66
leaf_value=0.03805589516148393 -19.669766614300755 230.91704841986262 0.10272155898087075 -656.61121591033327 -0.17248920008259283 -22.232225705211683 45.414676211175959 0.2003930225160663 0.14359707940257305 -218.04620036670465 1.3470414639612449 49.412669579998258 -0.030148477184068191 505.2723014097092 -67.240996939719153 -0.31973742940779681 455.7728043239149 -165.33816598469483 22.207908907626205 208.24468852427276 9.6503891868299121 240.60527819048804 0.084300288670726642 1.7424736964420355 84.00886555879265 -377.44870563217643 -180.80861880163616 -0.64499552618866607 6.3071691050000442 -2.1963432042495921 1.2788095479190786 3.5366657754683857 36.771522124355307 -11.903886962309228 -129.83611905666132 16.078483523518027 0.00095439900672664277 -17.728922915404429 3.0547425007125257 -52.791136932725841 2.1540242350150107 0.47550482636502833 5.9813213847485764 -4.4512613870132487 -237.35160996555888 3.1898667752426637 -23.603954563754098 65.344236303953039 16.234127004585947 -0.68362407920551971 2.3756152941182225 -3.2696929525037097 -167.23832306720209 3.0236557499150458 6.8238819753488968 0.23774598311625642 0.79888674096645307 2.1742410038569284 -7.6227754328116797 0.04102554080419224 2.0402388425385993 -0.32094060217432502 3.5607630550663263 -5.4513496722544987 -64.994586452965464
leaf_weight=152 97 118 455 139 4945 127 735 195 142 138 485 273 794 181 98 129 148 381 115 109 101 134 209 148 136 156 263 279 298 2224 318 187 329 362 124 172 1256 97 557 298 598 364 95 98 250 243 368 281 151 463 455 101 216 160 98 116 227 425 128 1795 166 856 1197 329 163
leaf_count=152 97 118 455 139 4945 127 735 195 142 138 485 273 794 181 98 129 148 381 115 109 101 134 209 148 136 156 263 279 298 2224 318 187 329 362 124 172 1256 97 557 298 598 364 95 98 250 243 368 281 151 463 455 101 216 160 98 116 227 425 128 1795 166 856 1197 329 163
internal_value=-0.000484341 0.0128642 -0.000627878 -0.00165406 -0.00145062 0.00112815 0.00874874 0.000190999 -0.000677273 0.000174215 0.00798542 -0.00179932 -0.00204974 0.000577961 0.0175335 -0.00104574 0.0160469 -0.00328523 -0.00234735 -0.00150971 -0.00218656 -0.000978851 -0.00340326 0.00425956 -0.0115136 -0.017299 -0.00861537 -0.00374043 -0.00198837 -0.00468816 0.000632644 0.00415421 0.0122184 -0.00138879 0 0.00271752 0.00428626 0.00238183 0.0036863 -0.0114196 -0.00455533 -0.00552503 -0.0177662 0.0144498 -0.0153055 -0.00804144 -0.00243213 0.0113316 -0.0106535 -0.0129814 0.0033159 0.00353763 -0.00727132 0.0169425 -0.00475283 -0.0127807 0.0124763 0.000408634 0.00808697 -0.000972647 -0.00578514 -0.00816444 0.000825848 -0.00632636 0.00368179
internal_weight=26947 270 26677 16903 16764 9774 1046 8728 7835 7247 893 16309 16036 5082 451 4631 277 10954 9743 8949 4354 4003 6770 863 794 534 378 427 3771 2522 7109 2624 748 4485 260 270 2179 1910 1813 588 5907 5309 393 232 351 973 611 766 1211 1060 1249 419 679 269 311 213 436 3512 553 2959 1164 1022 1876 516 1360
internal_count=26947 270 26677 16903 16764 9774 1046 8728 7835 7247 893 16309 16036 5082 451 4631 277 10954 9743 8949 4354 4003 6770 863 794 534 378 427 3771 2522 7109 2624 748 4485 260 270 2179 1910 1813 588 5907 5309 393 232 351 973 611 766 1211 1060 1249 419 679 269 311 213 436 3512 553 2959 1164 1022 1876 516 1360
is_linear=0
shrinkage=0.0577944


Tree=51
num_leaves=66
num_cat=0
split_feature=110 26 110 11 0 94 26 28 96 97 28 29 102 102 8 35 21 93 62 54 35 26 95 26 26 80 100 29 112 106 1 60 95 62 60 112 55 5 86 47 38 48 101 0 0 26 16 12 89 100 124 41 76 48 35 32 35 88 80 94 26 1 101 102 131
split_gain=13.9854 14.4991 34.9994 29.5516 21.7533 28.058 20.2089 18.377 31.6712 40.8402 19.5246 18.9142 17.4325 16.2787 15.6116 15.0122 14.0506 13.9606 21.9963 31.68 27.0407 20.5858 19.3641 18.8009 33.4674 31.7105 18.2235 19.5823 17.5623 15.9613 30.1026 20.6461 19.3573 17.6669 16.1019 13.8436 13.7741 13.5299 14.4115 16.0626 12.5816 12.53 12.3799 12.3478 12.2697 12.0764 12.754 11.8706 15.6084 11.319 12.1312 10.8925 10.6528 10.6358 15.9742 10.4539 16.3142 20.0557 15.8868 15.3136 13.9787 13.3094 13.0715 16.7758 11.9938
threshold=-0.18634259259259256 49.500000000000007 0.036038961038961044 40004.000000000007 33.000000000000007 0.062751730429150096 39.500000000000007 51250.000000000007 34999.999999999935 28000.551073571402 18250.000000000004 30416.666666666668 -55.542147528862181 581.68712521501959 61000.000000000007 0.20553038935206394 534.52248382496498 0.092314871765395198 3250.0000000000005 4451.5879332557261 0.10726071190569041 37.500000000000007 0.13976099370842204 15.500000000000002 6.5000000000000009 87500.000000000015 -296.98579781595794 44000.000000000007 1.4305019305019309 354.00000000000006 9.0000000000000018 2250.0000000000005 0.1149771524051288 -749.99999999999989 -749.99999999999989 0.44590643274853808 3196.3425179021388 87500.000000000015 72625.000000000015 81250.000000000015 4166.6666666666706 83166.666666666672 -9386.8164229263839 21.000000000000004 21.000000000000004 45.500000000000007 43016.666666666679 92500.000000000015 49000.000000000007 -5250.0635497148314 1.0000000180025095e-35 9496.0000000000018 53500.000000000007 47333.333333333336 0.13057896409104747 6123.7901114432143 0.19230183903394008 14500.000000000002 29500.000000000004 0.10671788711835728 3.5000000000000004 11.000000000000002 1424.01412855082 602.85925526372387 -0.68301270189221952
decision_type=8 2 10 8 2 10 2 2 2 2 2 2 2 2 8 2 10 8 10 10 2 2 10 2 2 10 2 2 8 10 2 10 10 8 10 10 10 8 10 10 2 10 2 2 2 2 10 8 10 2 2 2 10 10 2 2 2 10 10 10 2 2 2 2 2
left_child=37 6 4 -4 5 15 17 8 9 10 13 -11 53 36 -9 -3 -13 18 22 -20 52 29 41 24 28 -26 40 -28 42 32 43 34 33 -19 -32 -29 -8 38 49 -40 -25 55 -24 -31 -15 -14 -47 48 -22 -1 -51 -52 -21 54 -10 58 59 -58 60 -57 -2 64 63 -62 -60
right_child=1 2 3 -5 -6 -7 7 14 12 11 -12 16 45 44 -16 -17 -18 21 19 20 47 -23 23 26 25 -27 27 35 -30 30 31 -33 -34 -35 -36 -37 -38 -39 39 -41 -42 -43 -44 -45 -46 46 -48 -49 -50 50 51 -53 -54 -55 -56 56 57 -59 61 -61 62 -63 -64 -65 -66
leaf_value=143.26290142597563 1.9259287994739709 -5.4236010319177144 42.875979213703303 -90.322711672119226 -16.22798126110763 8.5088183309499499 -0.46940480150628611 124.65448040453224 2.6882082283467681 2.2875644542240599 -0.038388486811893593 0.0084133094797546795 -10.052252384001273 5.2097552683686965 1.723781738673166 0.21473423217078491 8.1804301411293068 -11.808497305620767 257.75654469879117 0.99182819420849044 -1.9115925468980872 -25.055576244573231 -1.0869206804663492 0.39007946426697904 -1.6652518767373774 78.12356433255087 -2.7209231384508348 -175.73582247585071 11.988817325092731 -82.640007202843449 30.447921446843015 70.822960176214494 9.4202311383238957 0.086010631159961104 -44.899984245648071 -59.444713642181554 4.6900169877784457 61.056413321955404 -49.18417999868204 33.196581306176583 -94.749920148502383 -178.85007381159309 -72.609946054466192 -262.63823182097912 6.1578761937378665 -2.7290897311744513 2.3248158564634651 -134.04722926623631 111.82464331677494 -8.1624003307477757 2.7226869362589379 0.40645066032329874 181.88759903902113 -1.5280143111512152 -5.2233343281386952 1.0783834740500504 -0.098581699061298614 -228.1888568207298 -1.5834447570642922 52.169150740368018 0.0010568488531287161 -0.19885680467262865 -37.182617310568752 2.4732686743016887 6.9556590603690847
leaf_weight=319 347 298 266 142 188 115 281 247 311 355 661 272 362 99 218 95 130 289 165 161 838 122 95 502 322 252 243 266 120 152 160 243 855 431 599 116 136 166 281 173 152 150 255 269 123 184 170 127 99 230 242 418 328 148 137 2138 483 114 405 168 3534 4713 242 266 459
leaf_count=319 347 298 266 142 188 115 281 247 311 355 661 272 362 99 218 95 130 289 165 161 838 122 95 502 322 252 243 266 120 152 160 243 855 431 599 116 136 166 281 173 152 150 255 269 123 184 170 127 99 230 242 418 328 148 137 2138 483 114 405 168 3534 4713 242 266 459
internal_value=-0.000510075 -0.000871597 -0.00735113 0.00573943 -0.0152753 -0.00845953 -0.000565146 0.00326602 0.00171127 0.00622306 0 0.0168621 -0.00522211 0.00718428 0.0140482 -0.0160166 0.0075351 -0.00130246 -0.000639661 0.00553486 0.00281677 -0.00486379 -0.001344 -0.00620712 -0.000267924 0.00889388 -0.0108998 -0.0180129 -0.0118244 -0.00382912 -0.00825973 -0.00257847 6.79426e-05 -0.00677931 -0.00741799 -0.026221 0 0.00434799 0.00263083 -0.00592035 -0.00376757 -0.000460919 -0.018456 -0.0212241 0.0197061 -0.0113159 -0.00304906 -0.00221212 0 0.00599944 0.00238419 0.00652127 0.0140677 0.00181805 0.00651117 -0.00025078 0.00278106 -0.00556913 -0.0011528 0.00502655 0.00141914 -0.00320907 0.000412243 0.00128942 0.00325521
internal_weight=26947 25118 1104 408 696 508 24014 3834 3369 2057 1300 757 1312 639 465 393 402 20180 17060 1718 1553 3120 15342 2323 1044 574 1279 625 470 2998 1423 1002 1575 720 759 382 417 1829 1663 454 654 13019 350 421 222 716 354 1064 937 1209 890 660 489 596 448 12869 2903 597 9966 2306 4389 5577 4042 3800 864
internal_count=26947 25118 1104 408 696 508 24014 3834 3369 2057 1300 757 1312 639 465 393 402 20180 17060 1718 1553 3120 15342 2323 1044 574 1279 625 470 2998 1423 1002 1575 720 759 382 417 1829 1663 454 654 13019 350 421 222 716 354 1064 937 1209 890 660 489 596 448 12869 2903 597 9966 2306 4389 5577 4042 3800 864
is_linear=0
shrinkage=0.0577944


Tree=52
num_leaves=66
num_cat=0
split_feature=42 125 9 107 38 34 55 127 48 80 55 52 48 37 22 55 0 111 9 102 21 95 40 95 124 31 29 101 83 61 1 26 93 100 127 100 127 54 36 41 23 92 102 100 124 0 39 0 112 8 118 4 83 8 112 131 130 14 54 75 80 88 64 112 54
split_gain=14.772 14.6746 31.3698 21.0309 25.0472 18.4238 21.035 32.3172 23.1249 17.8461 17.7615 17.7 17.29 16.6423 15.2059 20.4638 16.0013 28.4143 30.2147 24.9908 19.7279 15.9391 21.3412 15.9662 15.6907 15.0948 14.4876 14.3903 22.8467 17.5111 17.5963 16.906 26.9764 14.887 22.5226 18.2459 19.6634 18.0182 16.3348 16.1017 13.5996 13.581 12.994 15.2722 12.8355 13.9369 12.829 12.4735 12.1887 12.1123 12.0268 15.5275 11.8299 11.5203 11.361 24.9956 10.7748 10.2277 10.0614 9.84017 12.214 13.8404 13.1153 9.40901 9.37645
threshold=-1.7717618317383035 13.500000000000002 107500.00000000001 -25999.999999999996 -4333.3333333333294 20625.000000000004 13580.0066988206 88.500000000000014 54833.333333333336 15004.000000000002 18852.468475007048 18039.275658354909 51916.666666666672 -2764.9999999999995 425.81531362617051 648.51779997311962 21.000000000000004 0.075498575498575513 45004.000000000007 760.08691847193415 534.52248382483708 0.096944065529258883 17500.000000000004 0.019492236587039653 14.500000000000002 67500.000000000015 62505.000000000007 -12714.356331174533 89375.000000000015 9000.0000000000018 9.0000000000000018 51.500000000000007 0.034812517250844659 660.39794260795327 350.50000000000006 7.9477888801484378 56.500000000000007 8367.5566576299425 0.75000000000000011 2750.0000000000005 9071.8713931973234 751.00000000000011 -21.701565415713045 -0.60600833570242674 17.500000000000004 21.000000000000004 0.6708333333333335 13.000000000000002 0.60357142857142865 26500.000000000004 0.41428571428571431 79000.000000000015 15875.000000000002 21500.000000000004 0.21583850931677021 -0.24999999999999994 1.0000000180025095e-35 14154.761904761906 2819.5604946286153 74000.000000000015 79000.000000000015 6500.0000000000009 -0.041649999999999993 0.080540540540540564 12926.061796451422
decision_type=8 2 10 8 2 2 10 2 10 8 8 10 10 2 10 8 2 8 8 2 10 10 2 10 2 2 2 2 10 10 2 2 10 2 2 2 2 10 2 2 10 8 2 2 2 2 2 2 8 10 10 10 10 10 10 2 2 8 8 10 10 10 10 8 10
left_child=56 2 3 25 9 6 27 48 12 -5 52 13 -9 57 15 24 19 18 20 21 -18 23 -23 -16 -15 -2 -7 64 29 31 -31 33 -33 35 38 46 39 -38 -35 -37 -20 42 43 -17 45 -43 -29 -48 -8 -40 51 -19 -11 -54 63 -56 -1 -6 -44 60 61 -55 -62 -21 -3
right_child=1 5 -4 4 11 26 7 8 -10 10 -12 -13 -14 14 16 41 17 50 40 54 -22 22 -24 -25 -26 -27 -28 28 -30 30 -32 32 -34 34 -36 36 37 -39 49 -41 -42 44 58 -45 -46 -47 47 -49 -50 -51 -52 -53 53 59 55 -57 -58 -59 -60 -61 62 -63 -64 -65 -66
leaf_value=46.27309357912376 -115.55603185157439 56.676032028243633 227.65570719869208 81.019633745326772 2.378257035818728 33.372742191718856 232.958842364698 -0.95774772184618739 -199.79171095262532 -4.9299657658795653 -97.70087499807677 -179.63853889040337 73.104149830575054 -0.12419528387163176 0.18853494823837103 -0.090990772877482487 0.00028126037692598541 -44.074340182080995 -9.6347503849840166 1.8249868172311854 6.9269005946871562 3.9053784273017444 -120.09767971585624 -0.18800764084436197 0.16120597557021457 -1.5600728882910269 -263.76866897873765 -6.6936134203409434 -608.838718297171 -34.74891179026919 228.40598561590718 -9.6594979229725517 3.280486572064754 -248.96430635577278 20.0986987097019 7.3357995260586257 0.033041875455337294 -171.34459281334614 -38.590479904931975 0.95912161083852132 18.628803113967525 -0.58381270427798926 0.050147305798923986 -0.63385858592703759 2.7822156390557478 2.24539634337716 -0.15102747631452337 -0.0053054747932989059 5.5456861850985346 -4.6421796230787669 25.120010112303635 80.159233685508042 106.17946966330193 -0.12920818818037899 -127.45083410417865 19.009327810967648 0.081039697358507745 -8.0840383900183159 -0.17991662844155396 169.22024450983486 40.227419639456265 36.812308708195609 -101.03030475558167 14.218291821817411 -4.8972447800472141
leaf_weight=125 216 249 116 135 148 107 221 185 215 99 124 132 99 119 132 330 489 705 336 263 612 575 102 1393 217 293 234 213 119 95 222 167 113 116 110 254 2018 100 550 227 106 398 267 295 141 157 2773 4659 95 1848 106 96 118 436 165 394 145 363 517 104 100 675 117 489 108
leaf_count=125 216 249 116 135 148 107 221 185 215 99 124 132 99 119 132 330 489 705 336 263 612 575 102 1393 217 293 234 213 119 95 222 167 113 116 110 254 2018 100 550 227 106 398 267 295 141 157 2773 4659 95 1848 106 96 118 436 165 394 145 363 517 104 100 675 117 489 108
internal_value=-0.000471474 -0.000614881 0.000922321 0.000599019 0.00114897 -0.00180595 -0.00148351 0.00747536 -0.00136381 0.00716172 0.0054611 -0.000101251 0.00902007 0.000193475 0.000830789 -0.00297567 0.00242026 -0.00110377 0.00358245 0.00492832 0.00878403 0.00107065 0.00848187 -0.0021121 0.0100221 -0.0108116 -0.0150787 -0.00202198 -0.00233457 -0.00209344 0.0111575 -0.00242955 -0.0164889 -0.00210523 -0.00600194 -0.00108769 0.00306151 0.000568178 -0.00718252 0.0135842 -0.00893452 -0.00514939 -0.00842344 -0.014702 0.00122757 -0.00246904 -0.00252275 -0.00208978 0.0218682 -0.00603732 -0.00925923 -0.0117726 0.00713005 0.00844017 0.01125 0.00450674 0.0128642 -0.00987077 -0.00314554 0.00679872 0.00524618 0.0077717 -0.00677987 0.0159791 0.00927773
internal_weight=26947 26677 11580 11464 10955 15097 14756 815 499 1908 1773 9047 284 8915 8404 2441 5963 2450 1543 3513 1101 2202 677 1525 336 509 341 13941 13584 13465 317 13148 280 12868 2624 10244 2599 2118 2514 481 442 2105 1409 625 696 555 7645 7432 316 2398 907 801 1649 1550 1311 559 270 511 784 1432 1328 1111 217 752 357
internal_count=26947 26677 11580 11464 10955 15097 14756 815 499 1908 1773 9047 284 8915 8404 2441 5963 2450 1543 3513 1101 2202 677 1525 336 509 341 13941 13584 13465 317 13148 280 12868 2624 10244 2599 2118 2514 481 442 2105 1409 625 696 555 7645 7432 316 2398 907 801 1649 1550 1311 559 270 511 784 1432 1328 1111 217 752 357
is_linear=0
shrinkage=0.0577944


Tree=53
num_leaves=66
num_cat=0
split_feature=0 40 38 57 99 130 98 54 35 120 26 112 98 95 42 31 14 53 32 63 99 106 95 35 53 42 38 38 127 83 28 111 93 95 46 94 59 22 131 47 89 125 16 47 38 21 1 9 127 21 102 127 38 35 54 45 15 127 8 59 23 99 99 94 86
split_gain=14.392 37.0979 29.7949 21.9953 32.3508 29.3179 22.5374 20.2315 36.182 19.4187 18.3212 18.2751 18.1713 17.787 16.67 15.4934 19.1692 15.2381 18.845 15.1862 31.8526 20.5685 16.381 25.3572 27.0545 20.9033 18.3393 23.3976 20.7285 18.2271 16.5114 16.5067 32.0918 17.4067 15.5529 15.2219 14.6145 14.8463 14.2708 25.3242 16.0829 14.1263 17.7425 20.4114 13.9972 13.7852 13.0873 16.7705 15.4759 13.0814 13.8964 13.5524 16.5035 15.2757 12.8521 12.7263 12.5793 12.4995 13.2321 12.3847 14.9891 12.2234 30.5282 16.7108 14.3005
threshold=33.000000000000007 2250.0000000000005 -9916.6666666666661 5500.0000000000009 28288.532409542251 -0.6830127018922193 27002.467463396977 938.80963562504564 0.030147913548188826 1.0000000180025095e-35 49.500000000000007 0.032795698924731186 30195.161989086995 0.017909836218767052 -1.3729509338918888 30500.000000000004 29071.428571428576 10820.48809584292 5734.368005975547 13750.000000000002 88041.109616810383 11500.000000000002 0.10520712810534393 0.14500812947681371 4322.4217305132524 -1.0206207261596567 2503.3333333333326 12416.66666666667 104.50000000000001 76875.000000000015 45500.000000000007 0.10912698412698414 0.038344221899457277 0.080317222340865344 83750.000000000015 0.059023904859133954 23500.000000000004 8488.031982056531 0.6830127018922193 26750.000000000004 1254.0000000000002 10.500000000000002 30766.800000000007 31750.000000000004 2666.6666666666674 2672.6124191242729 9.0000000000000018 71000.000000000015 250.50000000000003 1889.8223650466432 -1270.1481703032639 330.50000000000006 -2833.3333333333298 0.20553038935206394 8779.6793942693203 43000.000000000007 80178.571428571435 214.50000000000003 15004.000000000002 2250.0000000000005 639.68382994919853 61110.600945091188 56062.895628007696 0.064346090520967111 59750.000000000007
decision_type=2 2 2 10 2 2 2 8 2 10 2 8 2 10 10 2 10 8 2 8 2 10 10 2 10 8 2 2 2 10 2 10 10 10 10 10 10 10 2 10 10 2 10 10 2 10 2 8 2 10 2 2 2 2 10 10 10 2 10 8 10 2 2 10 10
left_child=2 7 14 4 6 12 38 8 9 13 -9 15 -6 -2 -1 16 -7 18 -3 21 -21 22 31 34 57 -26 29 30 -29 35 -28 33 44 49 56 -27 37 -23 39 -4 -41 -17 -43 -44 -33 -16 48 -48 54 51 -51 52 -5 55 -20 -53 61 58 -25 60 -8 62 64 -63 -24
right_child=1 17 3 19 5 11 59 10 -10 -11 -12 -13 -14 -15 45 41 -18 -19 46 20 -22 36 23 24 25 26 27 28 -30 -31 -32 32 -34 -35 -36 -37 -38 -39 -40 40 -42 42 43 -45 -46 -47 47 -49 -50 50 -52 53 -54 -55 -56 -57 -58 -59 -60 -61 -62 63 -64 -65 -66
leaf_value=727.53270419426667 -0.11053473213457871 -16.970744620694703 0.009362788605518594 25.709314208129417 0.51740691939292771 -0.073831397621236181 0.010737853405760755 -0.17971174797070841 2.1926971098168799 1.9589833836244552 -12.707872395249588 -3.8151272518528061 -0.032118650205967131 0.088209460298011827 -16.190897695845301 2.1246528987087605 -17.270027198672992 -119.0899195973052 -171.51562439316439 48.808131666082453 -374.23070920141305 -18.639348492861956 2.1259768668322843 -1.1065635932130384 -11.147420985090911 -3.5800249553727741 -0.59863835073096705 35.295350619157553 -57.527221275554716 -68.092041511269528 -121.31123823663944 0.67323449603755492 -1.0673662680950347 -0.69921776919283751 121.67912752842801 7.856509324655188 13.493637433744546 -407.61868323454638 19.615066632159788 -0.23436609288280891 -0.69257984802453121 0.43168693031088995 -10.781096914608792 -0.1326744684929152 5.8647212625608178 219.91077063676303 8.7096195137395735 -140.87475535426657 33.701173213244573 -0.29996051120202372 7.4178151148569933 -8.104395188226885 -0.031741536659156987 0.25417448861364411 10.419618057901202 -1.1619023273505127 -30.026160306147784 5.5156293972503123 3.9703692395656316 -0.0093976053200677361 2.3152931540459987 56.578942078782653 -5.652253129585616 13.980748400271844 6.8153801937422749
leaf_weight=98 180 1286 406 231 142 449 667 4837 242 361 168 663 196 253 95 210 95 491 222 743 132 226 578 164 96 176 372 141 97 95 418 153 734 1779 139 716 164 101 123 95 177 198 113 117 279 107 665 126 111 498 576 174 3034 131 107 117 141 249 147 255 218 144 221 276 232
leaf_count=98 180 1286 406 231 142 449 667 4837 242 361 168 663 196 253 95 210 95 491 222 743 132 226 578 164 96 176 372 141 97 95 418 153 734 1779 139 716 164 101 123 95 177 198 113 117 279 107 665 126 111 498 576 174 3034 131 107 117 141 249 147 255 218 144 221 276 232
internal_value=-0.000454319 -0.00233578 0.000487035 0.000166985 -0.00351263 -0.00834918 0.00183856 0.000247222 0.00760964 0.00136662 -0.0012446 -0.0112517 0.00691622 -0.00660254 0.0184497 -0.0066724 -0.0138156 -0.00757801 -0.00563762 0.0013073 0.00867541 0.000778955 0.00126386 0.00407811 0.000472303 -0.00245608 -0.00108395 -0.00654797 0.00882359 0.00442651 -0.0114259 -0.000321272 0.00597294 -0.00147375 0.00952538 0.00715525 -0.0107377 -0.0178166 -0.00545004 -0.0088935 -0.022424 -0.000257303 -0.0065451 -0.017545 0.0184314 0.00755635 -0.000367795 0.0039181 -0.00845345 0.00031364 0.00594655 -0.00128192 0 -0.0109849 -0.0149276 -0.0184248 0.00771082 0.011782 0.00328225 0.00711968 0.0103993 0.00937232 0.0056909 0.0178617 0.0110029
internal_weight=26947 9049 17898 17598 4124 2183 1941 6041 1036 794 5005 1845 338 433 300 1182 544 3008 2517 13474 875 12599 12108 4402 2671 2111 2015 1028 238 987 790 7706 1166 6540 1731 892 491 327 801 678 272 638 428 230 432 202 1231 791 440 4761 1074 3687 3265 422 329 291 1592 560 311 1140 885 1451 1031 420 810
internal_count=26947 9049 17898 17598 4124 2183 1941 6041 1036 794 5005 1845 338 433 300 1182 544 3008 2517 13474 875 12599 12108 4402 2671 2111 2015 1028 238 987 790 7706 1166 6540 1731 892 491 327 801 678 272 638 428 230 432 202 1231 791 440 4761 1074 3687 3265 422 329 291 1592 560 311 1140 885 1451 1031 420 810
is_linear=0
shrinkage=0.0577944


Tree=54
num_leaves=66
num_cat=0
split_feature=1 55 26 120 127 98 131 127 101 16 130 50 29 127 106 74 92 94 127 59 63 127 26 28 74 127 106 9 0 39 125 55 23 32 125 30 12 0 85 99 9 131 110 32 78 100 5 49 31 101 76 55 76 26 34 102 86 102 95 131 94 93 0 100 125
split_gain=17.2001 28.5244 35.8909 34.1699 38.5694 42.3943 28.4806 36.7041 37.0644 28.4214 22.3367 22.7168 21.5215 36.8796 20.8707 20.4898 24.2784 20.2172 19.5024 18.874 18.8585 18.7227 30.989 22.5524 17.4512 18.4074 18.3639 17.272 17.1163 16.294 15.6265 14.9741 20.4752 19.2635 15.6464 14.9316 14.9456 14.9158 22.2584 16.6224 19.1909 16.2542 15.625 17.3264 15.2283 14.2639 14.1765 17.6132 19.8105 18.5389 18.1774 22.6882 16.9525 14.1004 14.0262 13.815 13.5413 13.4025 22.4055 28.6508 13.9465 19.3556 18.483 18.1869 14.3387
threshold=11.000000000000002 7400.3394031619564 7.5000000000000009 0.22649572649572652 104.50000000000001 89612.185137537963 -0.9330127018922193 310.50000000000006 9090.5811455230378 52666.80000000001 -0.93301270189221919 29667.333333333339 44250.000000000007 232.50000000000003 -14995.999999999998 52500.000000000007 4375.0000000000009 0.12902266850945079 352.50000000000006 16500.000000000004 2250.0000000000005 258.50000000000006 34.500000000000007 48750.000000000007 81000.000000000015 48.500000000000007 1004.0000000000001 38500.000000000007 21.000000000000004 0.77836257309941537 24.500000000000004 5849.4998419270569 2192.9877797879158 4496.2913330357997 23.500000000000004 59000.000000000007 27350.000000000004 39.500000000000007 15875.000000000002 14841.819462359332 13500.000000000002 -0.68301270189221952 -0.037749287749287742 632.45553203367592 17500.000000000004 -16.045933425855761 120004.00000000001 91916.666666666672 97500.000000000015 -5373.6014500745068 59000.000000000007 9228.419753389071 64000.000000000007 20.500000000000004 10125.000000000002 -1152.0722586847421 34375.000000000007 509.91080002753102 0.093154314737504393 0.25000000000000017 0.094601793081342075 0.10375495337506317 39.500000000000007 53.541703791819607 28.500000000000004
decision_type=2 8 2 10 2 2 2 2 2 10 2 8 2 2 8 10 10 10 2 10 10 2 2 2 8 2 10 10 2 2 2 8 10 2 2 2 8 2 10 2 8 2 10 2 10 2 8 8 2 2 10 8 10 2 2 2 10 2 10 2 10 10 2 2 2
left_child=1 2 -1 4 29 12 19 8 9 21 28 17 13 30 -13 16 -9 31 35 -4 -14 22 45 56 25 -5 -27 -20 -2 -3 -6 33 -33 34 37 36 -16 38 39 40 41 -12 -39 -44 -40 -8 47 48 49 -31 51 -51 -52 -36 -54 -24 -23 60 59 -59 62 -62 64 -64 -38
right_child=10 3 6 24 5 -7 7 15 -10 -11 11 14 20 -15 18 -17 -18 -19 27 -21 -22 23 55 -25 -26 26 -28 -29 -30 46 -32 32 -34 -35 53 -37 57 42 44 -41 -42 -43 43 -45 -46 -47 -48 -49 -50 50 52 -53 54 -55 -56 -57 -58 58 -60 -61 61 -63 63 -65 -66
leaf_value=229.65178602628859 -0.028661577431569222 216.5137081913964 9.0806223870045297 85.163589370089596 11.600149007864131 -487.44884010564266 2.1904779394909286 1.7134671151911127 -231.55533657689944 12.755273266955159 2.4221138852591872 7.4095738035499359 -15.022670729498609 -8.9169311726606804 -11.31360123010297 -9.3601890361742015 208.08664975221845 -4.2924249035738704 -8.0743976157433135 142.12308872291388 2.2576281432899994 -7.9805141427335409 8.1639361446229177 -8.6783387473077358 -278.98188099302655 17.610114388726398 -195.91291544337741 -0.52963739560449319 1.8693074250622954 -1.3128982022593654 278.73550437180961 -0.94546486499250881 18.676352525554975 -3.4465236344580359 0.083834388463170234 -164.1821085112278 -0.29822528162974893 -0.70264604648684292 21.862554858387643 -0.86077226263373841 7.2001292094836975 -3.9675034971492638 -0.10048851625730952 3.4136414870141576 0.019152792446348953 -12.421664929533625 -29.959450660588693 122.04475345608844 -127.34393314280356 2.849242122400502 -15.408446158848827 146.50549613432938 102.80647293589804 -0.14378090443208216 10.821793495669093 273.32250023033913 0.97049626351089635 15.763926795584512 -3.4049825238616318 -0.11121254479449477 -20.10306806104257 1.2007860934037977 2.0962270271201611 -28.720749752974189 0.26659032542528427
leaf_weight=278 492 155 329 138 374 124 463 290 330 744 134 193 1454 319 148 174 410 712 168 120 760 101 124 270 133 153 313 106 538 649 107 121 136 774 526 107 2983 170 142 285 165 257 128 523 3283 461 185 293 210 112 175 217 107 1056 266 110 313 372 732 830 209 119 424 123 230
leaf_count=278 492 155 329 138 374 124 463 290 330 744 134 193 1454 319 148 174 410 712 168 120 760 101 124 270 133 153 313 106 538 649 107 121 136 774 526 107 2983 170 142 285 165 257 128 523 3283 461 185 293 210 112 175 217 107 1056 266 110 313 372 732 830 209 119 424 123 230
internal_value=-0.000557253 0.00122336 0.00472869 -0.00128455 0.000250203 -0.00391604 0.0033493 0.00165847 -0.0014027 0.00086724 -0.0017523 -0.00232123 -0.00246806 0.00552876 -0.0048211 0.0120447 0.0165031 -0.000294319 -0.00539513 0.0171 -0.00544361 -0.00290805 0.00143593 -0.0104974 -0.0129464 -0.0082643 -0.0138951 -0.0205956 0.00642344 0.00584315 0.0157317 0.000546595 0.0141722 4.54472e-05 0.0010728 -0.00469186 -0.00427701 0.0026551 0.0012299 -0.0071083 -0.000914906 -0.00818486 0.00980451 0.0139412 0.00333536 -0.00316924 0.00445318 0.00591068 0.00355044 0.00592739 0.0114128 0.02223 0.00449183 -0.00389532 0.0116471 0.0201707 -0.00150308 -0.00378737 8.51837e-05 0.00502742 -0.00566241 -0.0172397 -0.00458951 0.00502501 -0.00628643
internal_weight=26947 10761 4517 6244 5507 3138 4239 3790 2916 2586 16186 15156 3014 800 6744 874 700 8412 6551 449 2214 1842 1158 684 737 604 466 274 1030 2369 481 7700 257 7443 6669 6277 6170 5087 4266 841 556 391 821 651 3425 924 2214 2029 1736 1526 877 329 548 1582 373 234 414 6022 1934 1202 4088 328 3760 547 3213
internal_count=26947 10761 4517 6244 5507 3138 4239 3790 2916 2586 16186 15156 3014 800 6744 874 700 8412 6551 449 2214 1842 1158 684 737 604 466 274 1030 2369 481 7700 257 7443 6669 6277 6170 5087 4266 841 556 391 821 651 3425 924 2214 2029 1736 1526 877 329 548 1582 373 234 414 6022 1934 1202 4088 328 3760 547 3213
is_linear=0
shrinkage=0.0577944


Tree=55
num_leaves=36
num_cat=0
split_feature=111 29 79 62 1 26 101 64 35 9 127 35 26 61 54 56 106 93 44 30 47 122 88 51 83 26 26 91 101 130 52 54 85 12 82
split_gain=12.7727 12.0489 16.386 17.7193 49.1044 20.107 24.1426 18.6806 19.9993 32.6844 18.3646 17.6636 15.991 11.8914 13.7563 13.3932 20.0643 20.7647 15.6974 23.8835 21.3941 26.0741 18.8578 15.1059 14.3697 14.075 13.9243 10.1976 10.0447 8.89676 8.64441 6.87984 6.81265 5.96145 4.01286
threshold=-0.45383522727272724 112083.33333333336 127500.00000000001 10750.000000000002 9.0000000000000018 7.5000000000000009 9512.2958218177355 0.18990384615384617 0.16757237018630045 25500.000000000004 357.50000000000006 0.12952699106520099 24.500000000000004 -11249.999999999998 19504.221442041238 33500.000000000007 354.00000000000006 0.160108605718119 64500.000000000007 59000.000000000007 61250.000000000007 4500.0000000000009 18500.000000000004 76916.666666666686 76875.000000000015 18.500000000000004 14.500000000000002 8125.0000000000009 -831.88001162285752 0.68301270189221941 3607.8551316709813 4059.9541878469477 68375.000000000015 63500.000000000007 41625.000000000007
decision_type=8 2 10 10 2 2 2 8 2 8 2 2 2 10 10 10 10 10 10 2 10 10 10 8 10 2 2 10 2 2 10 10 10 10 8
left_child=-1 2 3 7 29 -6 -7 10 12 30 13 -8 34 27 15 18 17 24 20 23 21 -15 -22 -20 -17 32 -21 -2 -12 -5 -10 -30 -18 -16 -9
right_child=1 -3 -4 4 5 6 11 8 9 -11 28 -13 -14 14 33 16 25 -19 19 26 22 -23 -24 -25 -26 -27 -28 -29 31 -31 -32 -33 -34 -35 -36
leaf_value=106.93148920389109 -0.17292913862938408 -538.6401949937424 114.99124876645737 -6.4141216252074624 619.93946745101118 335.35120531766381 -54.922540099554134 -21.19382332112648 -3.1209518843936506 70.894678123715892 -0.065704706633969975 205.77828916572423 -1.2173893932655078 -0.017653977735496932 135.98480487811844 -0.63203823177491081 -134.72244518221444 79.534466008173482 55.977061817010117 28.703095378095213 -25.171389326267285 21.843549061734898 -0.97307374128811452 -5.7075462530918681 -175.33074347155994 -308.71865249402265 -22.818762410536415 -182.7385966812605 -8.8524292638549511 -513.22430518460794 -22.624572224694205 -1.254360717724283 21.891492883205661 5.0869786017534411 -123.38192476398525
leaf_weight=131 136 119 189 109 109 121 173 120 97 150 124 121 107 19518 111 486 96 113 487 617 424 659 432 166 171 119 746 168 144 95 100 102 106 137 144
leaf_count=131 136 119 189 109 109 121 173 120 97 150 124 121 107 19518 111 486 96 113 487 617 424 659 432 166 171 119 746 168 144 95 100 102 106 137 144
internal_value=-0.000582987 -0.000678497 -0.000588445 -0.0007169 0.00812749 0.017627 0.0110305 -0.000974744 -0.0101629 0 -0.000702919 0.00133224 -0.0194276 -0.000502824 -0.000352707 -0.000499958 -0.00675193 -0.00140903 -0.000195191 0.00466085 -0.000669957 -0.000280247 -0.00960696 0.0137226 -0.00558824 -0.0188588 0.000163077 -0.0118174 -0.0134433 -0.0152859 -0.0155314 -0.0201271 -0.00811909 0.0130704 -0.0269853
internal_weight=26947 26816 26697 26508 728 524 415 25780 718 347 25062 294 371 24692 24388 24140 1091 770 23049 2016 21033 20177 856 653 657 321 1363 304 370 204 197 246 202 248 264
internal_count=26947 26816 26697 26508 728 524 415 25780 718 347 25062 294 371 24692 24388 24140 1091 770 23049 2016 21033 20177 856 653 657 321 1363 304 370 204 197 246 202 248 264
is_linear=0
shrinkage=0.0577944


Tree=56
num_leaves=66
num_cat=0
split_feature=103 69 60 24 60 54 32 125 88 0 95 35 5 51 15 50 42 127 94 34 5 106 29 50 14 63 130 91 64 51 121 86 95 112 62 43 0 54 33 54 51 125 35 0 23 92 34 97 54 77 9 21 5 42 82 8 69 35 99 4 40 67 63 0 122
split_gain=14.2428 17.9664 13.9044 17.0508 12.1374 11.789 14.8836 12.2886 11.6184 11.4068 12.1766 11.5856 16.9078 11.2749 16.7086 11.1401 11.1199 10.3505 32.1967 22.0802 21.7619 14.4489 13.7392 23.4879 14.8953 15.0376 14.6534 13.7814 12.4988 15.4799 17.1247 12.9225 11.6193 11.7374 11.5988 14.0682 12.5122 11.2505 10.8905 17.5785 13.5887 10.6385 10.3727 9.93091 9.62261 9.43853 9.24041 9.15257 12.673 8.87651 8.86017 8.70594 15.088 8.85479 8.66144 8.03261 10.0347 7.89907 7.88101 7.85904 7.67524 7.64923 7.05219 9.14393 7.99553
threshold=2500.0000000000005 2083.3333333333335 -749.99999999999989 4.5000000000000009 2250.0000000000005 632.45553203367592 408.24829046386327 26.500000000000004 2500.0000000000005 21.000000000000004 0.19643840975977597 0.11132260332784373 65030.000000000007 49916.666666666679 55750.000000000007 50666.666666666679 -1.1251181810077269 342.50000000000006 0.064346090520967111 12375.000000000002 33500.000000000007 10500.000000000002 49916.666666666679 50166.666666666679 40000.571428571435 -8249.9999999999982 -0.93301270189221919 11125.000000000002 0.19615384615384621 15583.333333333334 1.0000000180025095e-35 58875.000000000007 0.11813234659305723 -0.28285714285714281 425.00000000000006 0.40833333333333338 21.000000000000004 10820.48809584292 16500.000000000004 6304.7289326625132 72333.333333333358 11.500000000000002 0.20737610035826617 10.000000000000002 7143.8422965951158 7125.0000000000009 12375.000000000002 27000.00884229326 516.39777949432244 71000.000000000015 17500.000000000004 7022.0394524711564 81000.000000000015 0.55048188256318065 25125.000000000004 87500.000000000015 -5333.333333333333 0.11250375095127764 58462.278782353511 27350.000000000004 10504.000000000002 0.91666666666666685 1750.0000000000002 21.000000000000004 34.000000000000007
decision_type=10 8 10 2 8 8 2 2 10 2 10 2 8 10 10 10 10 2 10 2 8 8 2 10 10 10 2 10 10 10 10 10 10 8 10 2 2 10 2 10 10 2 2 2 10 8 2 2 10 10 8 10 8 10 10 8 10 2 2 10 2 2 10 2 10
left_child=1 2 3 49 15 6 -4 8 47 10 11 -2 -13 -6 -15 -3 -11 21 42 20 -20 22 23 26 -24 32 34 38 29 30 -28 -31 61 37 35 54 -36 -34 39 -27 -40 -37 -19 -23 45 -18 -35 -8 -49 55 -30 52 53 -45 -7 56 -1 -16 -25 -38 -57 -26 64 -64 -58
right_child=9 4 5 -5 13 17 7 -9 -10 16 -12 12 -14 14 57 -17 44 18 19 -21 -22 43 24 58 25 27 28 -29 50 31 -32 -33 33 46 36 41 59 -39 40 -41 -42 -43 -44 51 -46 -47 -48 48 -50 -51 -52 -53 -54 -55 -56 60 62 -59 -60 -61 -62 -63 63 -65 -66
leaf_value=-94.193563173399468 12.871010172892488 -15.184047030855419 -0.21759814357157331 9.0417624065625049 135.97483945538485 6.4853486978913182 0.22376782000433859 -0.090101245529985483 5.405062127970143 64.903193951734053 75.08126449181988 -1.1829073783499633 -239.43498362554163 -41.63936528366191 -1.45903870870757 39.348502290776509 -58.310094520857753 -4.5750137559385236 -0.28707487623417327 -133.40937563959602 296.09145805758044 4.2883091352783103 108.3668101747464 -2.927398495845726 -150.15837026136606 -1.4907029739350122 2.8684647292671253 75.466389015747879 -18.281895310188457 -0.099139709163914846 0.05383031376578383 0.97438063471686054 11.212728777851877 19.665628033929153 0.10196334198909292 0.63673865590696788 8.3111699302582096 -59.183130181394688 -2.3757636032695766 16.947430416617525 51.889176085687119 -0.0031066697411781421 0.087666849360012136 -18.600493508846913 -148.32920961316293 19.662471664892287 -12.670875358512928 0.11037902656003741 -0.022336477877100115 -173.41892784994505 -1.3648492525963782 -195.78065384925034 43.702976737392618 1.0422940536167942 -2.6773854245995166 21.591679729101525 -0.20245252779483333 90.17778967217393 -111.31111873427972 3.0816344397877131 0.76999738969715037 -0.38030159418876069 60.406241800948969 -0.92989083785233884 14.323319342940021
leaf_weight=126 141 122 170 880 349 97 136 158 106 116 101 348 99 97 150 174 511 444 118 105 142 156 108 327 201 337 262 210 118 10068 617 556 99 205 188 203 96 183 1195 556 315 333 97 286 441 136 122 434 422 136 96 203 119 120 124 186 1649 214 95 97 167 97 211 228 244
leaf_count=126 141 122 170 880 349 97 136 158 106 116 101 348 99 97 150 174 511 444 118 105 142 156 108 327 201 337 262 210 118 10068 617 556 99 205 188 203 96 183 1195 556 315 333 97 286 441 136 122 434 422 136 96 203 119 120 124 186 1649 214 95 97 167 97 211 228 244
internal_value=-0.000527231 -0.000154201 -0.000494314 0.00268354 0.0070253 -0.00110812 0.00391612 0.00618856 0.00844064 -0.00535934 0.000321821 -0.00262444 -0.00742385 0.0107187 0.00421328 -0.00248153 -0.00875269 -0.00150172 -0.00755351 0.00531119 0.014669 -0.0011819 -0.000792503 -0.00166178 0.00233723 0.00162153 -0.00120393 0.00388452 -0.00182379 -0.0015463 0.00575424 -0.00216907 -0.00468851 0 0.0050055 0.000597061 0.0132089 -0.00867828 0.00254232 0.00759858 -0.000338179 0.0058775 -0.0165458 -0.00839205 -0.0106361 -0.00567416 0.0073214 0.00620417 0.00368901 0.000506475 -0.0156461 -0.0112882 -0.00676548 -0.0122612 -0.0112949 0.00127022 2.00887e-05 0.0102021 -0.0150606 0.0234986 0.00938186 -0.0139701 0.000961561 0.0075581 -0.000483211
internal_weight=26947 25054 23948 3827 1106 20121 1426 1256 1098 1893 689 588 447 810 461 296 1204 18695 906 365 260 17789 16905 13277 3628 3520 12855 2613 11717 11503 879 10624 907 609 1138 757 381 282 2403 893 1510 536 541 884 1088 647 327 992 856 2947 214 728 525 406 221 2811 2458 364 422 193 353 298 2332 439 1893
internal_count=26947 25054 23948 3827 1106 20121 1426 1256 1098 1893 689 588 447 810 461 296 1204 18695 906 365 260 17789 16905 13277 3628 3520 12855 2613 11717 11503 879 10624 907 609 1138 757 381 282 2403 893 1510 536 541 884 1088 647 327 992 856 2947 214 728 525 406 221 2811 2458 364 422 193 353 298 2332 439 1893
is_linear=0
shrinkage=0.0577944


Tree=57
num_leaves=66
num_cat=0
split_feature=1 26 0 40 102 93 123 0 92 22 8 25 98 122 124 102 77 101 100 23 42 0 110 120 32 55 53 11 125 100 102 0 89 53 93 101 112 97 52 88 9 26 95 67 77 64 12 0 0 77 51 25 14 123 51 92 16 25 34 2 11 130 80 95 82
split_gain=14.2989 23.2497 22.3932 30.26 21.7096 21.32 25.5504 20.5045 19.2494 34.1854 18.2461 17.9666 27.0999 20.6552 19.2318 19.6665 17.0962 16.3885 19.1541 20.2094 15.7638 16.8382 15.6541 15.2759 15.2232 14.749 18.9286 21.1936 16.6111 16.0145 20.0328 16.7263 22.6441 15.8553 15.6688 15.6409 14.8535 22.8858 22.9882 14.1958 19.3452 15.5665 15.4928 15.3671 14.0773 24.5783 15.4103 14.0526 13.7727 13.6047 13.5702 13.4896 13.4311 13.3045 12.9045 30.3259 18.8889 17.877 15.9519 18.1513 14.9199 14.8295 12.9289 12.5086 17.4389
threshold=11.000000000000002 50.500000000000007 39.500000000000007 10004.000000000002 3266.5455246326569 0.036766451016924363 3250.0000000000005 21.000000000000004 3375.0000000000005 1277.2919750321539 145000.00000000003 7.5000000000000009 40530.853147716443 4500.0000000000009 16.500000000000004 3392.2889735994399 34500.000000000007 -723.81148451241177 -0.99127526527081489 6789.1055392429898 -1.1069902513999137 33.000000000000007 -0.032920536635706911 0.34523809523809529 3671.9651663571021 1072.1269815902422 1549.193338482967 28004.000000000004 25.500000000000004 -30.116136572185493 -16.907095644608486 21.000000000000004 1850.0000000000002 3943.3437343161031 0.070597309184384407 370.07768292169027 -0.032795698924731172 28000.008107119047 648.51779997311962 9500.0000000000018 42500.000000000007 26.500000000000004 0.017909836218767052 0.91666666666666685 16500.000000000004 0.099019607843137278 29500.000000000004 13.000000000000002 13.000000000000002 43000.000000000007 51916.666666666672 7.5000000000000009 74500.000000000015 4750.0000000000009 57333.333333333336 7875.0000000000009 45350.000000000007 9.5000000000000018 11125.000000000002 69000.000000000015 75500.000000000015 0.25000000000000011 127500.00000000001 0.078531677446743733 39250.000000000007
decision_type=2 2 2 2 2 8 8 2 10 10 8 2 2 10 2 2 10 2 2 8 10 2 8 10 2 8 8 8 2 2 2 2 10 10 10 2 10 2 10 10 10 2 10 2 8 10 10 2 2 10 8 2 10 10 10 10 10 2 2 2 8 2 10 10 10
left_child=2 4 3 11 17 16 -7 47 9 24 53 12 -1 14 15 63 -4 18 19 39 -14 52 -19 -8 -3 28 27 -27 36 33 34 44 -33 -28 -31 -36 37 -24 -39 42 -41 48 -2 -44 45 -32 -46 50 -42 -43 -6 -35 -22 54 55 56 -5 -57 59 61 -60 -56 -62 -13 -65
right_child=1 8 5 10 7 6 23 -9 -10 -11 -12 13 20 -15 -16 -17 -18 22 -20 -21 21 -23 25 -25 -26 26 29 -29 -30 30 31 32 -34 51 35 -37 -38 38 -40 40 41 49 43 -45 46 -47 -48 -49 -50 -51 -52 -53 -54 -55 58 57 -58 -59 60 -61 62 -63 -64 64 -66
leaf_value=239.61304124592252 -3.8675307457023544 -6.4024169411273295 1.3187809867266485 -42.111700242284108 -10.528503136934363 10.6449412727802 -12.43831658938376 -34.949419401386443 -23.246527280233344 6.3902727522302669 -129.59515570575195 0.74544577059369943 162.77632642358387 117.94654180675148 3.6402453982234286 25.007576083719982 -136.03832592842286 1.6453639918245344 -55.909407442363879 4.5763143552421237 4.0043132693860679 -5.9796419196345294 -0.32216782008096673 -359.57430138176744 -0.18061093630984598 0.016501522515547425 3.1304262276359416 -32.605275458422334 -0.069762053523200612 -0.37764889845616373 3.0260946121388872 2.364981158391267 -1.4733216261321476 1.0733831287544469 12.77217720022715 -6.860801114827785 0.062806894344573136 0.39127431145252356 -1.1783062887739502 -9.1330067713360119 -6.0883862994936839 -4.1382056794033169 -0.2271809525338106 0.19049718166027821 -0.14933404092530531 -3.0547793462164532 0.84936451055810902 13.310357986995639 -0.18107721287265349 2.5690986810964089 3.5093346849658147 -4.2206466704539531 107.88434475961289 -141.00762016272219 6.4855177266253907 8.7094522475070679 0.27680841904507125 235.79170685094559 2.3658119575609908 25.480614791471325 -150.21567627217036 -23.519167962353485 19.126884568580184 -6.9540305927430905 -3.4697080958880493
leaf_weight=183 115 143 126 177 168 1129 174 363 102 125 275 339 370 236 204 173 271 758 337 189 1460 630 238 109 111 285 383 418 510 1113 285 184 1266 333 96 213 2102 136 193 306 126 107 2291 1102 698 129 581 175 165 125 100 115 278 183 146 701 744 110 463 531 564 150 133 273 629
leaf_count=183 115 143 126 177 168 1129 174 363 102 125 275 339 370 236 204 173 271 758 337 189 1460 630 238 109 111 285 383 418 510 1113 285 184 1266 333 96 213 2102 136 193 306 126 107 2291 1102 698 129 581 175 165 125 100 115 278 183 146 701 744 110 463 531 564 150 133 273 629
internal_value=-0.000698788 -0.001788 0.000922698 0.0021223 -0.00139021 -0.00490619 -0.00142324 -0.0106288 -0.0143 -0.0075349 -0.00143581 0.00527164 0.00809989 0.000711167 -0.00152757 -0.00403082 -0.0167226 -0.000875912 -0.0036324 -0.0025884 0.00655347 0.00470016 0.000442439 -0.0169215 -0.0199506 -0.000192135 -0.00187384 -0.0107878 0.00297572 -0.000672797 -0.00204762 0.000474925 -0.00401051 0.00663937 -0.00773843 0.00330326 0.00484119 -0.00322767 0.00623414 -0.00343346 -0.0102657 -0.00305829 -0.00175874 -0.000984491 0.00442402 0.0136877 0.00125537 -0.00179383 -0.0121429 0.00757541 -0.0104036 -0.000365605 0.00766173 -0.000367827 0.000339332 0.00402487 -0.00299197 0.0121958 -0.00278331 0.00319145 -0.00719599 -0.00788642 -0.0125305 -0.00668115 -0.0102679
internal_weight=26947 16186 10761 8952 15705 1809 1412 806 481 379 4177 4775 2921 1854 1618 1414 397 14899 4863 4526 2738 2368 10036 283 254 9278 6099 703 3179 5396 4565 3143 1450 831 1422 309 2669 567 329 4337 829 523 3508 3393 1693 414 1279 443 291 232 268 448 1738 3902 3719 1732 921 811 1987 827 1160 296 697 1241 902
internal_count=26947 16186 10761 8952 15705 1809 1412 806 481 379 4177 4775 2921 1854 1618 1414 397 14899 4863 4526 2738 2368 10036 283 254 9278 6099 703 3179 5396 4565 3143 1450 831 1422 309 2669 567 329 4337 829 523 3508 3393 1693 414 1279 443 291 232 268 448 1738 3902 3719 1732 921 811 1987 827 1160 296 697 1241 902
is_linear=0
shrinkage=0.0577944


Tree=58
num_leaves=66
num_cat=0
split_feature=121 100 39 23 98 0 37 120 51 125 26 127 17 80 127 34 92 88 37 130 47 10 26 51 55 100 55 111 93 125 121 35 63 127 95 127 11 88 92 121 125 63 26 124 49 124 102 98 0 65 94 52 112 127 26 94 106 103 95 58 112 83 35 89 0
split_gain=13.3545 19.1113 13.5907 13.4537 14.8115 12.1485 20.485 18.8387 15.5828 13.6912 12.0535 11.999 10.5988 10.5581 20.6395 20.5771 19.4326 20.1679 21.6433 18.5818 18.6025 18.2592 17.8485 16.5936 13.1675 16.1221 14.3786 13.6012 12.222 15.1611 11.1138 11.0762 10.1164 25.0963 16.7046 10.0388 12.44 10.0196 18.8762 10.9372 20.3247 15.9933 10.5249 9.99983 9.77062 13.7764 21.1254 10.8761 9.71469 9.44623 9.79352 10.4782 9.2679 12.1068 16.5852 21.532 20.5405 10.6458 10.735 17.7991 15.0626 9.02306 15.1106 11.4573 13.7154
threshold=1.0000000180025095e-35 -2703.944782518472 0.71503759398496258 17318.865457935859 89612.185137537963 39.500000000000007 -9749.9999999999982 0.22649572649572652 66750.000000000015 9.5000000000000018 15.500000000000002 208.50000000000003 59000.000000000007 75500.000000000015 94.500000000000014 7375.0000000000009 9874.0000000000018 17500.000000000004 2250.0000000000005 -0.6830127018922193 55250.000000000007 54500.000000000007 51.500000000000007 46500.000000000007 9371.9270738018531 -655.87593537657256 6812.9531070931198 -0.12607954599556276 0.099872814483038655 16.500000000000004 0.13392857142857145 0.32455589632289666 5250.0000000000009 44.500000000000007 0.11905675582529403 48.500000000000007 69000.000000000015 18500.000000000004 751.00000000000011 0.26136363636363641 13.500000000000002 -749.99999999999989 27.500000000000004 6.5000000000000009 45834.000000000007 7.5000000000000009 -3515.8336322743703 46129.895971450947 21.000000000000004 0.41666666666666669 0.16821066848327906 13580.0066988206 0.063508064516129045 40.500000000000007 11.500000000000002 0.033112012272363468 2100.0000000000005 1250.0000000000002 0.022917831955130658 2250.0000000000005 0.033908045977011504 79375.000000000015 0.14915550527871721 39000.000000000007 13.000000000000002
decision_type=10 2 2 10 2 2 2 10 8 2 2 2 10 10 2 2 10 10 2 2 8 10 2 10 10 2 10 10 10 2 10 2 8 2 10 2 10 10 10 10 2 8 2 2 10 2 2 2 2 2 10 10 10 2 2 10 8 10 10 8 10 10 2 10 2
left_child=2 5 -1 4 49 6 8 11 -2 12 -10 -7 -8 16 15 -15 22 19 28 23 21 44 31 -18 25 27 -27 -16 29 -19 -28 37 33 -17 -35 -34 -37 39 -39 52 41 -41 -40 -22 45 46 -21 -46 -20 50 51 -4 57 -54 56 -56 -55 58 59 -3 -60 63 -63 -11 -65
right_child=1 13 3 -5 -6 7 9 -9 10 61 -12 -13 -14 14 24 32 17 18 48 20 43 -23 -24 -25 -26 26 30 -29 -30 -31 -32 -33 35 34 -36 36 -38 38 42 40 -42 -43 -44 -45 47 -47 -48 -49 -50 -51 -52 -53 53 54 55 -57 -58 -59 60 -61 -62 62 -64 64 -66
leaf_value=152.14337025016908 191.49597593942192 -0.018197615031822691 0.0079787289744538189 72.699020023508297 -448.22439630516499 29.495816108818289 0.85712356401697964 -131.08637868883309 130.11901580298598 -1.0035508017979735 -29.808824567549845 -34.578015230340299 48.594759882732923 130.34315606748098 -2.2962748507535213 -23.403420538340754 -0.18590396428576619 -4.2383314081390138 29.441734532701677 7.5248786932179828 -63.9245882971016 10.115700440306428 -5.3488266476406059 20.563972554054658 -93.944213264861745 2.1184387841752752 -21.874757960415195 47.932039719627063 193.60603515766013 113.82313732769977 -171.59643615234015 -25.405633175937002 0.88836514085101126 -35.763458779142596 99.25291028890797 -419.82343308035303 -49.673100013684525 12.575281307869622 -51.451757388688343 0.18247074080703454 -2.0952509456149087 85.883326727683638 -12.884845665353552 0.1617150447381297 36.379221042898386 -15.033169448102653 -11.090902260128754 -1.1064566809597403 -109.40908737670321 53.838875095256029 -59.038609269416654 37.419490701886481 -31.441335802821246 7.5529247759530342 -15.440927533836515 -1.35624099146857 -10.319833182318433 -34.321742848379053 -0.0066908639866769025 -1.0672860552763832 6.5894817773632788 10.199727534148666 -169.23197799775554 64.980019720375054 -0.69397018108286412
leaf_weight=104 261 799 6974 154 122 271 302 120 119 873 104 127 245 179 98 299 167 113 96 132 227 241 127 174 540 191 119 121 127 124 197 131 152 106 208 105 124 98 193 155 439 220 109 97 100 96 196 190 112 157 149 150 147 217 286 1682 132 410 5882 348 166 145 152 113 133
leaf_count=104 261 799 6974 154 122 271 302 120 119 873 104 127 245 179 98 299 167 113 96 132 227 241 127 174 540 191 119 121 127 124 197 131 152 106 208 105 124 98 193 155 439 220 109 97 100 96 196 190 112 157 149 150 147 217 286 1682 132 410 5882 348 166 145 152 113 133
internal_value=-0.00053152 -0.00135834 0.0014709 0.00116089 0.000786785 0.00287873 0.00461938 -0.00497197 0.0152792 0.00187677 0.00302639 0.000699107 0.00964517 -0.00214685 -0.00567568 0 -0.00150564 0.0034448 0.0127416 3.04585e-05 -0.00305806 0.000835529 -0.00246236 0.0120581 -0.0107837 -0.00529731 -0.0110805 0.00723862 0.0212135 0.0119856 -0.0186112 -0.00220122 -0.00341038 0.000924064 0.0125376 -0.0108034 -0.0183665 -0.0019861 -0.0110109 -0.00163436 0.00472701 0.0146402 -0.0183289 -0.014979 -0.00361359 -0.00931079 -0.00293949 0.00410811 -0.00132743 0.0011418 0.00080901 0.00114216 -0.0021681 -0.00526683 -0.00413097 -0.00624015 0.00719234 -0.00113832 -0.00059297 -0.00571992 0.000351992 -0.00101205 -0.00997645 0.00122836 0.0122482
internal_weight=26947 19137 7810 7706 7552 2965 2447 518 484 1963 223 398 547 16172 2439 1173 13733 2192 572 1620 1279 955 11541 341 1266 726 507 219 364 237 316 11414 994 613 314 381 229 11283 400 10883 814 375 302 324 714 424 328 290 208 7430 7273 7124 10069 2464 2317 1968 349 7605 7195 1147 6048 1416 297 1119 246
internal_count=26947 19137 7810 7706 7552 2965 2447 518 484 1963 223 398 547 16172 2439 1173 13733 2192 572 1620 1279 955 11541 341 1266 726 507 219 364 237 316 11414 994 613 314 381 229 11283 400 10883 814 375 302 324 714 424 328 290 208 7430 7273 7124 10069 2464 2317 1968 349 7605 7195 1147 6048 1416 297 1119 246
is_linear=0
shrinkage=0.0577944


Tree=59
num_leaves=37
num_cat=0
split_feature=111 103 62 93 26 35 64 64 130 80 48 79 83 0 89 42 0 63 38 106 61 55 59 61 15 127 26 89 16 23 69 120 4 54 125 107
split_gain=14.9715 12.348 14.842 25.0431 20.5748 15.178 15.1731 21.6447 13.3354 12.4733 15.5485 14.047 12.8396 19.453 12.3432 11.3107 12.1393 17.8647 12.4109 9.53393 9.22675 10.088 13.7245 10.2893 8.19659 8.07016 10.6611 10.4055 9.78564 7.73055 7.68961 6.9917 5.57049 5.41404 4.23168 4.07176
threshold=-0.45383522727272724 1250.0000000000002 10750.000000000002 0.14497267457889237 51.500000000000007 0.19163106696387183 0.19615384615384621 0.20344827586206901 0.68301270189221941 132500.00000000003 109583.33333333336 120004.00000000001 83750.000000000015 21.000000000000004 7750.0000000000009 1.2528596260921545 33.000000000000007 -6999.9999999999991 2503.3333333333326 28500.000000000004 9000.0000000000018 19418.630699202487 53000.000000000007 -11249.999999999998 93839.285714285725 295.50000000000006 28.500000000000004 33500.000000000007 44350.000000000007 4797.6287246207976 1916.6666666666667 0.20714285714285716 38500.000000000007 6055.7415019990885 13.500000000000002 2896.0000000000005
decision_type=8 10 10 10 2 2 10 10 2 10 10 8 10 2 10 10 2 10 2 10 10 10 10 10 10 2 2 10 10 10 10 10 8 10 2 10
left_child=-1 2 4 8 6 -6 9 -8 19 10 11 12 20 24 -9 16 18 -18 29 -4 21 23 -23 -2 -14 26 27 28 32 35 31 34 -19 -17 -20 -3
right_child=1 15 3 -5 5 -7 7 14 -10 -11 -12 -13 13 -15 -16 33 17 25 30 -21 -22 22 -24 -25 -26 -27 -28 -29 -30 -31 -32 -33 -34 -35 -36 -37
leaf_value=97.559521283689236 -37.250215768508617 7.1828549475611485 419.46357857271437 -48.596164166598946 -6.4449464912612306 0.1952764106265853 -47.782816191688966 25.115402378925804 1.1592566142537593 117.49184435821017 -656.76978354667347 98.31005085855098 -231.04378789470837 19.176956509159506 -9.1652099196264238 -111.29060140901034 -151.58617208756948 6.5726343793493545 12.537790423164415 87.316405091510447 102.39997057499272 120.04559955848033 -4.8923386666592554 0.0018350747406555182 -74.315409635313671 29.903454123535482 -66.641660071958157 -170.79595398651864 115.2479437404654 47.567888757413286 34.527742193673859 -103.26581166915075 -97.757272553311736 -69.214549065230202 -88.398910850008932 -17.137670868417896
leaf_weight=131 201 166 191 173 181 102 161 98 129 130 99 121 108 167 167 182 162 177 103 124 112 101 104 22005 106 130 181 129 107 150 142 149 101 142 116 99
leaf_count=131 201 166 191 173 181 102 161 98 129 130 99 121 108 167 167 182 162 177 103 124 112 101 104 22005 106 130 181 129 107 150 142 149 101 142 116 99
internal_value=-0.000351384 -0.000454383 -7.25399e-05 0.00874322 -0.000308321 -0.0157108 -0.000114341 -0.0108825 0.0161285 7.66757e-05 -1.71317e-05 7.49285e-05 -2.23422e-05 -0.0105027 0 -0.00456428 -0.00274143 -0.00722752 0.00185855 0.0224814 0.000148436 5.63535e-05 0.0127167 -5.42714e-05 -0.0220263 -0.00347822 -0.00611171 -0.00143598 0.00295451 0.00937294 -0.00392373 -0.00853612 -0.00222951 -0.014626 -0.00100192 0.00255282
internal_weight=26947 26816 24580 617 23963 283 23680 426 444 23254 23124 23025 22904 381 265 2236 1912 987 925 315 22523 22411 205 22206 214 825 695 514 385 415 510 368 278 324 219 265
internal_count=26947 26816 24580 617 23963 283 23680 426 444 23254 23124 23025 22904 381 265 2236 1912 987 925 315 22523 22411 205 22206 214 825 695 514 385 415 510 368 278 324 219 265
is_linear=0
shrinkage=0.0577944


Tree=60
num_leaves=66
num_cat=0
split_feature=104 61 120 54 127 125 1 102 26 52 131 35 76 0 47 9 59 55 55 112 11 102 130 16 127 44 100 43 35 35 130 26 64 29 58 55 1 96 127 53 120 109 26 101 35 26 54 35 1 125 127 112 127 106 55 93 121 100 95 26 125 53 99 86 62
split_gain=13.062 12.2135 13.2663 10.7246 14.9644 18.7587 14.6629 21.5499 17.9173 16.6541 18.6164 17.7148 21.0428 17.4118 19.4492 22.7746 15.2503 16.5579 17.6408 16.2621 18.2023 28.41 15.6689 19.566 31.3986 20.9356 16.5954 17.7012 15.3581 14.3722 14.1643 14.1441 27.9066 21.0021 19.5384 13.8751 34.7501 35.8107 28.8987 17.9515 14.5739 14.2138 16.9574 18.1178 12.8902 16.9087 15.1021 14.7791 12.7701 12.7441 12.7386 22.4798 20.8098 12.5057 12.4249 12.3416 14.6759 12.286 12.1755 12.1448 12.0827 12.348 12.0434 26.9792 15.8436
threshold=-23499.999999999996 -14499.999999999998 1.0000000180025095e-35 632.45553203367592 339.50000000000006 9.5000000000000018 11.000000000000002 4861.7704919343096 47.500000000000007 7005.8867426102979 0.6830127018922193 0.13057896409104747 34500.000000000007 33.000000000000007 59500.000000000007 32500.000000000004 31500.000000000004 3378.8477210254109 2585.2123592902849 0.080540540540540564 54500.000000000007 2838.328611995375 0.68301270189221941 27339.080459770117 22.500000000000004 26750.000000000004 -42.868176178115384 0.95833333333333337 0.11172507400033474 0.27004771042469899 0.93301270189221952 31.500000000000004 0.11834733893557424 44000.000000000007 15004.000000000002 7599.3242749577303 9.0000000000000018 95385.468182885787 104.50000000000001 8231.0248069064091 0.22649572649572652 0.061553030303030311 26.500000000000004 -4235.255177026861 0.10980312508607999 39.500000000000007 3175.3993692266063 0.075929777940320395 9.0000000000000018 26.500000000000004 42.500000000000007 1.4305019305019309 72.500000000000014 1004.0000000000001 938.80963562504564 0.098408560560876199 0.20714285714285716 0.041626047785030103 0.092270479001315395 28.500000000000004 15.500000000000002 764.22220229521076 51966.531334543695 71875.000000000015 -11249.999999999998
decision_type=8 10 10 8 2 2 2 2 2 10 2 2 10 2 10 10 10 8 10 10 10 2 2 10 2 10 2 2 2 2 2 2 10 2 8 8 2 2 2 10 10 10 2 2 2 2 8 2 2 2 2 8 2 10 10 10 10 2 10 2 2 10 2 10 10
left_child=-1 2 -2 4 5 -3 9 8 16 10 13 48 -13 -5 15 -15 17 18 22 44 21 59 23 25 -25 -8 54 -28 -20 -10 -9 33 62 -11 -34 36 39 58 40 53 50 42 43 -40 46 57 -19 -48 -12 -17 51 -37 -52 -35 -24 56 -30 -46 -38 -21 -7 -62 -33 -64 -65
right_child=1 3 -4 6 -6 60 7 30 29 31 11 12 -14 14 -16 49 -18 19 28 20 -22 -23 26 24 -26 -27 27 -29 55 -31 -32 32 34 35 -36 38 37 -39 41 -41 -42 -43 -44 -45 45 -47 47 -49 -50 -51 52 -53 -54 -55 -56 -57 -58 -59 -60 -61 61 -63 63 64 -66
leaf_value=101.39970200754256 3.1810143372145609 -0.2007769248398073 -181.30744074965597 1.5412869624367431 45.124249809675817 0.26040205334013439 0.03447420105185213 -26.182317934392874 -3.1433233798262101 33.211600146775339 70.784770770579939 157.74083015448426 -17.718672463987126 -10.3361669916896 -155.24833575350323 1.8550817485866353 10.810646802333057 0.14782407575862455 111.81715417088412 1.5708405097442071 34.205970580081065 -14.756411800839945 -2.5573241340882427 -23.827799245790654 0.094006327306693782 -0.50183350319060016 0.086648028882524153 -54.206317094286312 0.11486224728616509 1.811179684508343 11.427221211671878 -21.567775627799016 366.43145054518953 18.255112982611422 -36.874141398411162 -14.163316933715734 1.4954004443528437 -308.97142872742467 -3.6518996849570762 -25.621299112998702 -72.524496335245757 -191.32706940943186 5.7927828221208557 -130.04678279005998 -0.070152176090852142 3.4512189596870071 -19.088925610104319 -0.80408250235037926 328.63423043244478 96.491212535261965 154.55721951607435 30.118561614067357 3.3866322066468335 -18.609374827415547 -0.53870517744859703 -3.1328256961350314 22.020092418746955 -3.235753282224807 184.32079330728763 -0.59123525266538113 0.016493490119695243 -0.58511200628666793 6.5626996844701075 2.1113786394641818 -235.90419671016741
leaf_weight=181 97 327 185 2296 110 304 769 321 852 288 223 95 195 204 221 613 99 171 138 970 161 257 194 199 1696 376 709 112 1065 100 118 426 153 143 111 534 107 102 377 324 352 247 249 302 3204 155 114 635 289 112 351 293 603 106 368 237 200 1200 430 269 553 153 318 101 183
leaf_count=181 97 327 185 2296 110 304 769 321 852 288 223 95 195 204 221 613 99 171 138 970 161 257 194 199 1696 376 709 112 1065 100 118 426 153 143 111 534 107 102 377 324 352 247 249 302 3204 155 114 635 289 112 351 293 603 106 368 237 200 1200 430 269 553 153 318 101 183
internal_value=-0.000304205 -0.00041637 -0.0123233 -0.000281157 0.00453682 0.00266704 -0.000567446 -0.00174596 -0.00134155 0.00108793 0.00387238 0.0118298 0 0.0019579 -0.00375084 0 -0.000777125 -0.000962433 0.00123713 -0.00285641 0.00208342 0 -0.000624838 0.00164939 0.00529281 -0.0042201 -0.00574673 -0.000270292 0.00636024 -0.00900459 -0.0143512 -0.000822454 -0.00619504 0.000586851 0.010127 -0.000343127 0.00489095 0.0142016 -0.00231875 -0.00519942 0.00161922 -0.00960567 -0.00600997 -0.0108284 -0.00438387 -0.00306371 -0.0106936 -0.0142761 0.0182617 0.00474918 0.00381718 -0.00124271 0.00838212 0.00592031 -0.0133758 0.00448624 0.00682812 -0.00376155 0.0203044 0.00371474 0.00666427 0.0021879 -0.0105825 -0.00485489 -0.0178681
internal_weight=26947 26766 282 26484 1447 1337 25037 14689 14250 10348 4248 802 290 3446 1150 929 13298 13199 6063 7136 1657 1496 4423 3040 1895 1145 1383 821 1640 952 439 6100 1292 4808 264 4520 1212 639 3308 573 2133 1175 928 679 5479 4559 920 749 512 725 1781 827 954 249 562 1502 1265 4404 537 1239 1010 706 1028 602 284
internal_count=26947 26766 282 26484 1447 1337 25037 14689 14250 10348 4248 802 290 3446 1150 929 13298 13199 6063 7136 1657 1496 4423 3040 1895 1145 1383 821 1640 952 439 6100 1292 4808 264 4520 1212 639 3308 573 2133 1175 928 679 5479 4559 920 749 512 725 1781 827 954 249 562 1502 1265 4404 537 1239 1010 706 1028 602 284
is_linear=0
shrinkage=0.0577944


Tree=61
num_leaves=59
num_cat=0
split_feature=57 29 63 51 127 79 53 127 35 29 20 8 21 11 85 92 23 77 130 106 19 76 10 112 35 106 125 55 6 80 47 85 39 26 37 80 50 37 50 127 84 95 25 63 39 8 38 77 112 0 19 30 77 127 15 127 94 86
split_gain=11.9271 14.8502 16.8818 28.5691 23.0487 18.6316 20.8491 19.2751 22.8249 21.0782 17.5975 19.3207 17.541 16.7283 21.8249 25.674 17.2178 15.4398 22.8676 20.6812 18.8146 13.5948 13.2753 12.1669 13.5182 12.1211 10.9542 10.8722 10.0756 23.5377 15.4112 35.5785 14.374 14.1165 13.7939 13.7102 16.5785 12.2689 17.4033 18.4602 16.3691 27.8779 13.4395 11.5746 11.0702 13.1879 11.0763 10.729 10.6177 11.3056 10.2486 9.66618 8.5484 8.06756 7.61593 6.70662 4.55518 3.52235
threshold=51000.000000000007 112083.33333333336 13750.000000000002 51916.666666666672 48.500000000000007 127500.00000000001 10254.964136156201 28.500000000000004 0.14915550527871721 44750.000000000007 64250.000000000007 81000.000000000015 14057.704208690995 81000.000000000015 77375.000000000015 2625.0000000000005 12101.106627461606 66500.000000000015 0.25000000000000011 18500.000000000004 77750.000000000015 59000.000000000007 45004.000000000007 0.44590643274853808 0.10097483533407726 -5003.9999999999991 6.5000000000000009 5435.9892245471428 16500.000000000004 15004.000000000002 16250.000000000002 15250.000000000002 1.0873379099923726 45.500000000000007 -3249.9999999999995 12500.000000000002 10916.66666666667 -7764.9999999999991 67333.333333333358 105.50000000000001 37750.000000000007 0.11560805825732874 7.5000000000000009 1750.0000000000002 0.86781609195402309 35004.000000000007 -166.66666666666694 12500.000000000002 -0.12310606060606059 39.500000000000007 14750.000000000002 44500.000000000007 39000.000000000007 149.50000000000003 89365.079365079378 80.500000000000014 0.086939220273290471 95625.000000000015
decision_type=10 2 10 10 2 10 8 2 2 2 10 8 10 8 10 10 10 10 2 10 10 10 8 10 2 10 2 10 10 10 10 10 2 2 2 10 10 2 8 2 10 10 2 8 2 8 2 10 8 2 10 2 10 2 10 2 10 10
left_child=1 2 5 23 -5 6 17 8 -8 -9 53 -12 13 14 15 -11 -17 19 -19 28 -20 -10 -21 -4 -25 -16 -15 -26 29 33 32 34 43 35 -32 36 -1 40 44 -40 41 -30 -41 -31 45 -39 -46 -33 49 -42 -37 -2 -50 -6 56 -27 -28 -22
right_child=51 -3 3 4 10 -7 7 9 21 12 11 -13 -14 26 25 16 -18 18 20 22 57 -23 -24 24 27 55 54 -29 37 30 31 47 -34 -35 -36 50 -38 38 39 42 48 -43 -44 -45 46 -47 -48 -49 52 -51 -52 -53 -54 -55 -56 -57 -58 -59
leaf_value=-1.2137197778542081 49.832729110370416 -529.18953205659648 510.27741198779694 182.68980188016738 -306.97121626453804 141.3916706469426 -15.943874381824505 38.599337517461372 115.12728957937352 13.121486692935758 96.798594462972389 -79.699423325957369 42.613115895437723 -29.164165237255009 66.531081850991455 -64.616511384877043 4.1555658080279496 -21.578110658376552 326.03101639623384 -17.041290792765949 -1.2203031270355391 1.3089920427635062 -318.96922293073817 -5.1541470681044856 432.90877956099314 40.855668644815957 -75.436764507413329 12.071055524550017 100.48925053839002 5.271880404801375 -4.5237127665604753 9.1271005680075667 -0.5434016818429005 -4.0868157049251259 -24.880061075089127 8.4791923530137687 1.8920661733070294 -3.3666063758311542 3.4591524191583574 -304.70727800529977 205.90158144479557 -20.792782246401785 -38.422348549325655 -1.5348810461550413 0.07145072041241804 0.98610343522190291 -0.01023886682897005 -0.76881742715672285 11.8146534155163 21.611914536496887 0.034478635090272644 -9.5635153197995315 -1.3499961613332911 -55.349604676693289 -120.23311395067641 -102.32229427182233 -316.25399808461964 113.42784816751693
leaf_weight=210 172 101 160 112 136 144 167 144 154 176 100 114 135 165 127 698 129 115 122 122 120 180 112 111 101 98 100 175 173 231 261 103 167 149 185 463 280 610 158 151 193 184 115 98 5529 339 10244 1040 190 187 312 117 332 96 163 110 168 99
leaf_count=210 172 101 160 112 136 144 167 144 154 176 100 114 135 165 127 698 129 115 122 122 120 180 112 111 101 98 100 175 173 231 261 103 167 149 185 463 280 610 158 151 193 184 115 98 5529 339 10244 1040 190 187 312 117 332 96 163 110 168 99
internal_value=-0.000158381 -0.000292329 -0.000199874 0.00677093 -0.002147 -0.000510516 -0.000636721 -0.00542033 0.00456664 -0.00776681 -0.00834059 0.00288583 -0.00931044 -0.0107646 -0.00693047 -0.0112473 -0.0155799 -5.33395e-05 0.0104235 -0.000278919 0.0180993 0.0135073 -0.0172493 0.0161554 0.0097491 0.00544047 -0.0189808 0.0167249 -8.6677e-05 -0.00293486 -0.00685915 -0.00964891 0.00171919 0.00272603 -0.0235157 0.00482328 -0.0024429 0.000445365 2.98437e-05 -0.0114743 0.00594495 -0.0041462 -0.0207782 0.00901603 0.000334683 -0.00569541 0.00071016 -0.00402581 0.0101402 0.0176149 0.00964143 0.0114353 0.00427411 -0.01936 -0.0239286 -0.00242097 -0.0304206 0.0067189
internal_weight=26947 26658 26557 1105 558 25452 25308 2714 501 2213 446 214 2069 1934 1338 1003 827 22594 456 22138 341 334 234 547 387 335 596 276 21904 3499 2085 1589 496 1414 446 1265 490 18405 17146 424 1259 357 266 329 16722 949 15773 1143 902 380 775 289 522 232 431 208 268 219
internal_count=26947 26658 26557 1105 558 25452 25308 2714 501 2213 446 214 2069 1934 1338 1003 827 22594 456 22138 341 334 234 547 387 335 596 276 21904 3499 2085 1589 496 1414 446 1265 490 18405 17146 424 1259 357 266 329 16722 949 15773 1143 902 380 775 289 522 232 431 208 268 219
is_linear=0
shrinkage=0.0577944


Tree=62
num_leaves=66
num_cat=0
split_feature=37 60 95 95 127 63 95 102 125 52 21 38 12 94 70 6 54 26 5 21 91 83 127 63 63 11 42 40 64 125 17 83 101 128 39 54 47 52 41 130 26 112 112 8 102 94 82 100 55 127 26 4 125 39 89 86 94 38 120 59 86 42 131 16 30
split_gain=15.2574 11.3024 15.1211 18.44 13.8302 26.0044 24.8134 23.4897 43.1329 17.8566 22.766 22.0291 18.0831 16.9442 16.4174 16.4117 15.4111 17.3742 14.4255 18.6947 14.1257 30.3134 19.4801 17.4243 17.3808 15.4001 14.3338 14.8482 15.9226 14.0055 13.9748 15.6698 13.549 13.4906 13.3223 13.0807 17.0082 15.0077 13.0535 22.1042 20.997 16.6484 15.1002 21.0699 15.6084 14.8613 14.6782 12.7402 13.47 12.5299 15.63 17.7395 12.2616 12.0258 12.0183 18.0181 11.919 11.8903 11.9724 11.5704 10.9542 16.6958 14.6834 26.4622 13.5295
threshold=-22249.999999999996 -1249.9999999999998 0.051604805425958904 0.02923182635747899 149.50000000000003 10750.000000000002 0.26755264474476392 4451.4807600542781 17.500000000000004 8025.9843075042463 2439.7501823713278 5003.333333333333 9500.0000000000018 0.069547844876359968 59000.000000000007 47000.000000000007 4133.1984307908233 48.500000000000007 81000.000000000015 7559.2894601846156 7875.0000000000009 81875.000000000015 46.500000000000007 -4749.9999999999991 -9984.9999999999982 49000.000000000007 1.57893858507966 8004.0000000000009 0.18990384615384617 23.500000000000004 12500.000000000002 15875.000000000002 -949.94931635528371 -0.8783796973249266 0.92360742705570298 5484.8222964065126 16250.000000000002 5144.5397099759548 1746.0000000000002 0.25000000000000011 18.500000000000004 0.039230769230769243 0.031754032258064523 27350.000000000004 -495.90244629140392 0.016882587330766478 29125.000000000004 -767.54433642815991 590.08904476942109 134.50000000000003 14.500000000000002 26500.000000000004 12.500000000000002 0.81725417439703174 46504.000000000007 75125.000000000015 0.1137769228410196 -8249.9999999999982 0.13392857142857145 20004.000000000004 30625.000000000004 0.712832435640252 1.0000000180025095e-35 49000.133333333339 11500.000000000002
decision_type=2 8 10 10 2 10 10 2 2 10 10 2 10 10 10 10 10 2 8 8 10 10 2 10 8 10 10 2 10 2 10 10 2 2 2 8 10 10 2 2 2 10 10 10 2 10 8 2 8 2 2 10 2 2 10 8 10 2 10 8 10 10 2 10 2
left_child=-1 33 3 34 7 9 -7 20 18 10 12 16 29 -10 -13 -11 56 57 -9 -20 22 23 24 -22 -4 -25 27 28 30 -6 -24 -32 52 -2 53 36 -26 -37 39 41 46 -36 43 -41 -45 -44 -40 -5 -49 50 51 -29 -17 -3 55 -35 -12 -18 -59 -57 61 64 63 -62 -50
right_child=1 2 4 47 5 6 -8 8 13 15 11 14 -14 -15 -16 32 17 -19 19 -21 21 -23 26 25 35 -27 -28 49 -30 -31 31 -33 -34 54 38 37 -38 -39 40 42 -42 -43 45 44 -46 -47 -48 48 60 -51 -52 -53 -54 -55 -56 59 -58 58 -60 -61 62 -63 -64 -65 -66
leaf_value=337.15385136310414 18.330880899545392 104.91995554046048 -115.48127010504595 -2.001660221831798 -0.11725166282831481 178.2495107164784 -77.371719511021027 -12.009790788825805 -3.5838015775234342 -24.894494257093637 20.80782900533486 -149.40792660726794 -0.82854054250129527 -315.54921495396241 13.307735271995021 11.545610740594686 97.788677123137532 190.78297376032762 129.07029199594569 -34.993879188310444 3.1247677786451953 -165.26423578342707 98.543911839169198 1.1427096749701788 2.6808095014887501 68.648268028374758 29.377382584461426 -95.217928667295581 -10.858457879554445 13.939643327995492 -1.6194271181086475 1.8281027981740638 -62.639068269528458 0.67725773064677841 -0.0012781530659134973 23.959035748792573 -8.0308959513545641 -0.16668457632677044 5.2231276663880957 -0.30429421337670087 -0.0075293670989213133 1.3712203174245923 -16.8388572502089 -1.2381996107554776 0.065859083309357719 -0.548019442051211 0.20775999780763618 -0.64782045822264323 -0.0877633099819113 1.505556717448215 -10.48413407218923 6.1208830909787064 -8.7416303021953823 -2.2462410850771981 47.301732335071321 7.19774203778573 2.2589492741800594 0.82152582367277904 -9.4769810851266207 -125.88304862169325 4.1700331293945672 -0.0025635586239540218 -0.13495783480204465 -1.1721700549716851 1.6039367440436554
leaf_weight=120 457 96 142 255 260 339 108 319 116 372 246 231 4077 311 130 160 146 103 220 117 650 165 104 165 135 329 112 104 109 109 368 1575 339 2283 1508 105 516 438 258 224 1001 186 158 159 555 97 337 211 120 221 455 356 241 248 326 142 163 535 775 303 251 343 800 157 886
leaf_count=120 457 96 142 255 260 339 108 319 116 372 246 231 4077 311 130 160 146 103 220 117 650 165 104 165 135 329 112 104 109 109 368 1575 339 2283 1508 105 516 438 258 224 1001 186 158 159 555 97 337 211 120 221 455 356 241 248 326 142 163 535 775 303 251 343 800 157 886
internal_value=-0.000184115 -0.000284025 -0.000750592 0.00130151 -0.00180397 -0.00340258 0.00999019 3.93284e-05 -0.00775921 -0.00418864 -0.00303412 0.00153271 -0.0054666 -0.0220025 -0.0113963 -0.0110291 0.00401211 0.00125234 0.00130204 0.00982284 0.00146917 0.00677535 0 0.0102178 -0.00590523 0.0184578 0.00232126 0.00155834 0.0044122 0.00649569 0.0056333 0.00439026 -0.00566401 0.00276039 -0.000883661 -0.00341995 -0.00899549 0.00294635 0 -0.00235655 0.0041503 0.00179966 -0.0083984 -0.0047183 0 -0.0209917 0.0127347 0.00484781 0.00602375 -0.00369548 -0.00678727 0.000356137 0.00112266 -0.0117876 0.00130158 0 0.0139938 -0.00027149 -0.00214982 -0.0105503 0.0072199 0.0108484 0.00299875 0.0119206 0.014592
internal_weight=26947 26827 23316 7850 15466 8334 447 7132 1083 7887 6775 2329 4446 427 361 1112 1968 1559 656 337 6049 1309 4740 1144 1336 494 3404 3292 2156 369 2047 1943 740 3511 4827 1194 651 543 4483 2887 1596 1694 1193 938 714 255 595 3023 2768 1136 915 460 401 344 3054 2728 409 1456 1310 445 2557 1349 1208 408 1006
internal_count=26947 26827 23316 7850 15466 8334 447 7132 1083 7887 6775 2329 4446 427 361 1112 1968 1559 656 337 6049 1309 4740 1144 1336 494 3404 3292 2156 369 2047 1943 740 3511 4827 1194 651 543 4483 2887 1596 1694 1193 938 714 255 595 3023 2768 1136 915 460 401 344 3054 2728 409 1456 1310 445 2557 1349 1208 408 1006
is_linear=0
shrinkage=0.0577944


Tree=63
num_leaves=66
num_cat=0
split_feature=108 112 102 125 38 46 9 47 101 55 25 100 107 131 100 107 51 0 130 98 35 35 52 125 107 124 50 127 47 112 101 35 23 23 127 100 131 101 80 112 39 61 83 28 31 75 101 52 25 89 51 57 12 6 29 23 22 5 23 111 101 110 57 12 107
split_gain=12.1634 10.5757 20.2909 14.43 33.0909 22.3462 22.2008 23.4648 17.2846 16.6817 21.5085 18.5084 19.4949 22.5311 18.1116 20.4522 18.4608 16.9857 16.1846 15.0623 16.6721 15.0111 14.5418 14.3618 13.7376 13.678 14.2385 18.5821 13.6332 15.1063 13.614 13.4886 13.0582 12.9227 11.8341 12.9858 12.2667 14.4721 18.7586 11.3262 11.303 10.9534 12.81 10.8226 14.1168 21.6707 16.0147 13.6402 13.1535 10.802 12.0416 20.2925 10.6517 20.8806 13.1222 10.8598 10.1278 16.8052 13.3628 9.84757 9.76879 9.51496 12.4061 9.49512 9.01667
threshold=-0.28174603174603169 -0.29289215686274506 -8019.3814719656575 13.500000000000002 -4333.3333333333294 101250.00000000001 13500.000000000002 91250.000000000015 1713.2662463112285 14860.038829034884 3.5000000000000004 423.51535311857884 57000.000000000007 0.6830127018922193 -0.0023542226917925286 18500.000000000004 67750.000000000015 13.000000000000002 1.0000000180025095e-35 15022.647943945063 0.18653079910432011 0.03429950141203552 11708.24567202935 21.500000000000004 -1.0000000180025095e-35 6.5000000000000009 76916.666666666686 126.50000000000001 53750.000000000007 -0.077935222672064763 658.96974507351308 0.20648659029987737 3308.817894970161 5309.3931077302041 353.50000000000006 40.474137028459161 -0.9330127018922193 2151.2462776159377 67500.000000000015 -0.061935920577617321 0.84105263157894739 9000.0000000000018 27625.000000000004 16750.000000000004 28500.000000000004 27500.000000000004 1713.2662463112285 3763.863263545406 7.5000000000000009 6500.0000000000009 44750.000000000007 16500.000000000004 38500.000000000007 14500.000000000002 46500.000000000007 5208.3045976219755 4035.8959181719306 30500.000000000004 5469.3503365067418 -0.063508064516129017 120.08512684502604 -0.10435571687840288 29500.000000000004 69000.000000000015 10004.000000000002
decision_type=8 8 2 2 2 10 10 8 2 10 2 2 8 2 2 10 10 2 2 2 2 2 10 2 10 2 10 2 10 10 2 2 10 8 2 2 2 2 10 8 2 10 10 2 2 10 2 10 2 10 8 10 10 8 2 8 10 10 10 10 2 10 10 10 10
left_child=-1 25 39 4 19 9 8 22 30 11 -11 14 13 17 15 16 28 56 -18 -4 49 -19 40 -7 -15 26 27 -2 -5 -30 -6 -27 -23 -10 36 -36 60 38 -38 -3 -8 42 -26 47 46 -46 -45 48 -42 -21 -51 -52 53 -29 55 -54 57 -13 -58 -22 -16 -53 -63 -57 -39
right_child=1 2 3 5 6 23 7 -9 33 10 -12 12 -14 24 34 -17 18 21 -20 20 59 32 -24 -25 41 31 -28 52 29 -31 -32 -33 -34 -35 35 -37 37 64 -40 -41 43 -43 -44 44 45 -47 -48 -49 -50 50 51 61 54 -55 -56 63 58 -59 -60 -61 -62 62 -64 -65 -66
leaf_value=156.65024073626151 16.630023212093153 53.494707683756275 81.219871533401061 -0.080270572304852031 -0.82792496642452162 -848.42224627111534 -8.6052628811942924 62.868013197241268 11.701126877460451 281.19342041089743 1.6062471330082548 -5.0290514591034938 -175.62201286325779 246.65694745601121 -2.7533493387173493 64.13740975743255 -15.012774109621622 2.358466580027399 -192.3117310410575 -3.5909218338588551 12.01799102036105 -51.174662094323914 -72.217484872734119 -4.9729447806672411 5.2697309756205106 -19.942615785833141 -141.31163497998867 0.4852036280311196 7.7462679929850813 -3.9103889598796129 -48.894861310221614 0.2562012926216945 -24.461772899327297 -83.985462863974917 0.34264390728189026 -6.2585760333499145 0.11268939808614648 -8.1312435307568336 252.59426424908875 -3.0159064207122541 12.988535423362924 174.37831430481168 -4.827828545918746 -0.025016108857630767 9.2088373379746944 0.048128114521918057 -67.405403336186197 -0.7731575422501924 0.32705205261620773 154.75421364508787 -1.4248767891961029 5.7653177233891837 -9.2443085783353514 -34.128354166526854 -11.104060341861917 38.420489785519763 -143.08277115325566 10.09231662744482 9.4027940998658082 -13.628909448704146 0.094572870874761947 124.26175126104815 18.86577739719786 0.46888326696881721 3.1651640936171646
leaf_weight=145 489 189 138 5391 680 119 117 182 177 126 298 189 107 101 101 142 203 98 206 153 197 589 360 97 153 262 148 149 338 229 126 145 1104 118 97 113 2265 204 97 108 120 107 560 1049 435 5128 112 155 185 245 272 162 99 170 238 165 98 198 182 204 167 221 138 167 120
leaf_count=145 489 189 138 5391 680 119 117 182 177 126 298 189 107 101 101 142 203 98 206 153 197 589 360 97 153 262 148 149 338 229 126 145 1104 118 97 113 2265 204 97 108 120 107 560 1049 435 5128 112 155 185 245 272 162 99 170 238 165 98 198 182 204 167 221 138 167 120
internal_value=-0.000179826 -0.000277822 4.39885e-05 -0.000131888 0.00145526 -0.00137282 1.8445e-05 0.00111853 -0.00763275 -0.00106285 0.0101221 -0.00143957 -0.00504927 -0.00420088 -0.000118592 -0.00188011 -0.00239379 -0.00711113 -0.0142741 0.00876402 0.0069863 -0.0100443 0.000602161 -0.0197182 0.00336709 -0.00428348 -0.00176945 0 -0.00154007 0.00687526 -0.0120569 -0.0137804 -0.0113741 0.0038456 0.00344598 -0.00943966 0.00443328 0.00564868 0.00725314 0.0149786 0.0011857 0.000621569 -0.00176315 0.00150252 0.000883621 0.00211658 -0.004857 0.0100841 0.0172136 0.0104447 0.0125897 0.00869783 -0.00459693 -0.0132394 -0.000159489 0.0055686 0.000504798 0.00678835 -0.00751595 -0.00283761 -0.00699647 0.0154135 0.0207088 0.0108308 -0.00544673
internal_weight=26947 26802 24770 24473 10674 13799 8944 7843 1101 13583 424 13159 3486 3379 9673 6509 6367 2458 409 1730 1592 1791 7661 216 921 2032 1625 1477 5958 567 806 407 1693 295 3164 210 2954 2686 2362 297 7301 820 713 7184 6724 5563 1161 460 305 1191 1038 793 988 319 669 431 667 387 280 401 268 521 359 332 324
internal_count=26947 26802 24770 24473 10674 13799 8944 7843 1101 13583 424 13159 3486 3379 9673 6509 6367 2458 409 1730 1592 1791 7661 216 921 2032 1625 1477 5958 567 806 407 1693 295 3164 210 2954 2686 2362 297 7301 820 713 7184 6724 5563 1161 460 305 1191 1038 793 988 319 669 431 667 387 280 401 268 521 359 332 324
is_linear=0
shrinkage=0.0577944


Tree=64
num_leaves=66
num_cat=0
split_feature=109 38 59 42 121 80 127 63 44 79 100 104 51 50 46 102 31 127 99 102 112 107 39 19 11 38 34 112 111 112 57 127 125 121 75 9 39 39 22 106 110 64 53 12 21 127 69 74 26 6 101 67 55 61 53 12 38 43 94 100 127 101 94 93 128
split_gain=14.1768 11.7331 18.1472 11.3241 11.3191 18.1922 20.6806 15.9064 13.69 20.4738 11.8175 11.3969 10.6434 18.5485 15.3055 14.6953 19.895 17.4572 12.3882 11.2222 14.553 10.7945 10.2461 10.2409 9.6608 17.7582 22.2797 10.7823 11.3612 9.89453 9.65096 9.47272 11.0895 9.32435 9.97041 9.50368 13.2731 13.4495 10.2002 9.98951 16.6362 9.91273 25.0087 23.8494 25.7816 23.4395 16.9505 14.0734 11.9668 10.2902 9.76141 11.8269 12.7705 9.62178 12.9176 11.3719 9.26736 9.24984 12.0235 11.1921 12.7105 10.9295 10.1245 9.12687 9.59678
threshold=-0.19523809523809521 15833.333333333334 15004.000000000002 -1.399744909319274 1.0000000180025095e-35 19500.000000000004 149.50000000000003 21250.000000000004 112500.00000000001 120004.00000000001 13.221141190103483 1.0000000180025095e-35 27916.666666666668 29667.333333333339 29250.000000000004 -213.50145535097906 21004.000000000004 154.50000000000003 28983.996243051504 -2741.6466298478349 -0.28730158730158722 -5503.9999999999991 1.2535714285714288 88750.000000000015 38500.000000000007 -2266.6666666666656 6375.0000000000009 0.2202020202020202 0.13961038961038963 0.16680000000000003 11500.000000000002 338.50000000000006 12.500000000000002 0.36038961038961043 39500.000000000007 19500.000000000004 0.78660714285714295 0.69883720930232573 997.24896315098738 -749.99999999999989 -0.12508748250349927 0.016530054644808747 4026.9874752696937 69000.000000000015 5345.2248382481948 349.50000000000006 625.00000000000011 18500.000000000004 9.5000000000000018 61000.000000000007 3849.0496612897618 0.91666666666666685 826.10312969235281 -2249.9999999999995 5144.5397099759548 66000.000000000015 -1.0000000180025095e-35 0.27500000000000008 0.052699399813706839 -30.116136572185493 121.50000000000001 -723.81148451241177 0.09904290392604026 0.14121975762272296 1.0000000180025095e-35
decision_type=8 2 8 10 8 10 2 10 10 10 2 10 10 10 10 2 2 2 2 2 10 8 2 10 8 2 2 10 10 8 10 2 2 10 10 10 2 2 10 8 10 10 10 10 10 2 10 10 2 8 2 2 10 10 10 10 2 2 10 2 2 2 10 10 2
left_child=3 4 -3 -1 5 6 -2 12 9 33 56 -9 15 14 18 17 -17 -7 -14 20 -15 -21 30 63 25 26 -23 28 -26 -27 31 32 -18 35 -35 36 37 39 -39 40 -6 46 50 45 48 49 47 -37 -45 -44 51 52 -43 54 -49 -55 -8 62 59 61 -61 -59 -38 -5 -65
right_child=1 2 -4 23 8 7 10 11 -10 -11 -12 -13 13 19 -16 16 22 -19 -20 21 -22 24 -24 -25 27 29 -28 -29 -30 -31 -32 -33 -34 34 -36 41 57 38 -40 -41 -42 42 43 44 -46 -47 -48 53 -50 -51 -52 -53 -54 55 -56 -57 -58 58 -60 60 -62 -63 -64 64 -66
leaf_value=130.0030792296059 2.9871922230815855 -392.78268254055121 -9.7204670600695007 3.0808123613270184 1.8667181768669063 0.24163585947228883 -2.7651573541180325 347.24974323048656 -372.94927749627254 100.60774968606901 2.3585013775556698 11.863839974185403 0.049619337973647294 -5.246743655778511 3.0915641680906383 0.11826068430711392 -0.28357125229724611 -1.0317770413068865 -0.70416456312974618 -1.8676484650558525 22.214966199135777 -5.9972182668394867 -61.660851716026649 92.481958966416371 0.17904972988428153 0.020083888747657576 -1.3282915380810161 -6.2229089979492453 16.431138917283572 -4.4104888242067162 1.6944493109044403 7.5380583072985505 -0.0049865477688148963 8.9986006444876274 -105.61783644474966 3.7734408987102239 -2.5251135481846223 -0.02344442449512216 39.749149827041812 43.659409128933106 -9.3383609569764605 0.29051951649615548 -0.54452305467350715 243.52749825287904 133.19909095207146 264.44535712781862 -3.1040210768167045 2.330106459672642 -2.6257491730623488 -39.202150773541 -10.285356290467364 0.11827501018340746 14.841732395557353 -0.044067710912372195 0.16494525111535116 -8.4837586314461149 0.090366896878683184 -0.08105644686470069 -2.0254111362354035 -30.852887367819971 0.31258916485662092 5.4433757572159562 0.3109941891654977 7.6114900770514478 -34.897801406614505
leaf_weight=175 198 101 336 466 95 101 114 126 113 129 138 100 584 99 169 215 353 160 226 254 189 118 105 110 1350 873 126 446 386 180 190 130 490 101 167 343 255 154 198 100 97 173 2178 96 157 126 1762 354 187 550 116 213 352 5264 1818 625 134 141 1419 154 206 176 100 140 146
leaf_count=175 198 101 336 466 95 101 114 126 113 129 138 100 584 99 169 215 353 160 226 254 189 118 105 110 1350 873 126 446 386 180 190 130 490 101 167 343 255 154 198 100 97 173 2178 96 157 126 1762 354 187 550 116 213 352 5264 1818 625 134 141 1419 154 206 176 100 140 146
internal_value=-5.97355e-05 -0.000331991 -0.00969211 0.00654688 -0.000163008 0.00170426 0.0114974 0.00085245 -0.000960495 -0.000820557 0.00309534 0.0158354 0.000315684 0.00169633 0.00881594 -0.00353419 -0.00116085 -0.0161437 0.00517657 0 0.0108796 -0.000894905 -0.00403912 0.00352986 0 -0.00399349 -0.0179538 0.00229695 0.00441433 -0.000539184 -0.00227211 -0.00472674 -0.0070915 -0.000999793 -0.0116813 -0.00082267 -0.0037279 0.00346868 0.011197 -0.00525417 -0.0132669 -0.000181066 0.00218369 -5.00501e-05 0.0123637 -0.00203992 -0.00116423 -6.08751e-05 0.00118161 -0.00323431 0.0109775 0.0134746 0.0181405 -0.000572293 0.00267945 -0.00180331 -0.00387487 -0.00569503 -0.00409784 0.00202632 -0.00458909 0.0100752 -0.0144897 0.000830537 -0.00696072
internal_weight=26947 25910 437 1037 25473 7554 584 6970 17919 17806 386 226 6744 5000 979 1744 1483 261 810 4021 288 3733 1268 862 3479 1297 244 2182 1736 1053 1163 973 843 17677 268 17409 3095 644 352 292 192 14314 4148 3294 440 2854 10166 8404 283 2728 854 738 525 8061 2172 5889 248 2451 2096 677 360 317 355 752 286
internal_count=26947 25910 437 1037 25473 7554 584 6970 17919 17806 386 226 6744 5000 979 1744 1483 261 810 4021 288 3733 1268 862 3479 1297 244 2182 1736 1053 1163 973 843 17677 268 17409 3095 644 352 292 192 14314 4148 3294 440 2854 10166 8404 283 2728 854 738 525 8061 2172 5889 248 2451 2096 677 360 317 355 752 286
is_linear=0
shrinkage=0.0577944


Tree=65
num_leaves=66
num_cat=0
split_feature=104 40 54 0 111 40 127 82 77 11 94 111 35 51 89 91 88 127 40 26 101 23 62 95 100 82 51 125 112 127 127 6 51 61 1 38 93 39 12 26 111 63 131 50 98 130 92 29 95 58 95 90 53 130 42 0 16 51 11 101 112 93 95 49 101
split_gain=12.4794 14.9526 17.6669 14.6053 19.9006 17.5608 18.2374 16.457 20.8244 18.4488 16.1562 14.376 12.6291 13.6179 11.9881 11.4102 18.9229 13.2608 11.2388 14.2723 14.1455 25.4364 13.055 11.6422 13.1652 10.4138 14.402 13.4347 16.0443 11.6024 11.1952 10.407 9.64887 14.8398 16.759 9.67903 9.56143 9.25179 12.0364 10.5277 9.73099 16.5031 16.7453 13.579 14.1835 12.1729 9.08136 8.7947 10.3353 8.42435 8.41175 8.00828 7.80921 7.76853 7.74487 7.44413 11.5549 7.49008 11.0192 9.67816 8.49518 10.3018 12.3035 10.1998 6.65893
threshold=-4995.9999999999991 10004.000000000002 3398.5211323739577 21.000000000000004 0.70526315789473693 37500.000000000007 218.50000000000003 73875.000000000015 71000.000000000015 35004.000000000007 0.042600054935795113 0.70526315789473693 0.19230183903394008 48166.666666666679 15030.000000000002 14875.000000000002 31004.000000000004 205.50000000000003 13500.000000000002 26.500000000000004 992.33065627966073 5167.8158561332666 2250.0000000000005 0.19643840975977597 566.84325450132849 85625.000000000015 73500.000000000015 10.500000000000002 -0.41909090909090901 113.50000000000001 68.500000000000014 22400.000000000004 79250.000000000015 5265.0000000000009 9.0000000000000018 -5000.6666666666652 0.042673408242968731 1.3150375939849626 15004.000000000002 51.500000000000007 -0.14907407407407405 -2749.9999999999995 -0.24999999999999994 10750.000000000002 10965.574056807676 0.68301270189221941 9874.0000000000018 44000.000000000007 0.083410793476314873 29500.000000000004 0.047847513995916462 2125.0000000000005 6304.7289326625132 0.68301270189221941 0.83208504176207698 39.500000000000007 48883.333333333336 55083.333333333336 81000.000000000015 -9386.8164229263839 -0.27149877149877144 0.12433616704039098 0.12578668976459248 46500.000000000007 2151.2462776159377
decision_type=8 2 8 2 10 2 2 10 10 8 10 10 2 10 8 10 10 2 2 2 2 8 10 8 2 10 8 2 10 2 2 10 10 10 2 2 10 2 10 2 8 10 2 8 2 2 10 2 8 10 10 10 10 2 10 2 10 10 8 2 10 10 10 10 2
left_child=25 11 -3 4 5 6 18 9 36 -5 52 15 13 -12 -15 16 32 53 -4 20 23 54 -23 24 -20 26 31 -28 -29 -30 -27 -1 33 37 -35 -36 -9 39 -39 40 41 42 -2 -42 -45 -43 -21 -11 -49 -50 -33 -34 -8 -17 -22 57 -57 59 -59 -52 -61 62 63 -62 -48
right_child=1 2 3 7 -6 -7 10 8 -10 47 12 -13 -14 14 -16 17 -18 -19 19 46 21 22 -24 -25 -26 30 27 28 29 -31 -32 50 51 34 35 -37 -38 38 -40 -41 43 45 -44 44 -46 -47 64 48 49 -51 55 -53 -54 -55 -56 56 -58 58 -60 60 61 -63 -64 -65 -66
leaf_value=-6.9301268454566918 -0.84194674366472633 -114.81810912249773 -8.0899067291088542 5.3914492824250013 144.72268749493543 -283.44699205729017 -144.29808485719926 149.79801123687696 -267.74512533313515 2.8019567968973753 8.2600996242258287 -49.462180573972169 -117.15971050352131 2.5738415508405907 -113.96125579436779 156.19117411939453 -79.33224245377599 -19.462312441438087 -0.81151396586431834 0.649533112007874 8.3984715796012317 -79.719107851522452 15.760914289995675 7.702834599836212 -160.86378639827544 -0.67698337791207819 22.277739893838611 10.951318724616815 -264.72747814267609 -59.788522460573645 143.51262176905695 -3.0212981194996367 1.252126595403823 -15.621942257870126 382.891892373502 28.383054667151892 12.384325497021353 3.2560524898726286 -0.02235641716348595 -4.124982657985413 -1.0079690437583397 -4.0991258490455076 19.456724639102426 7.6070518710922448 0.009355650367324702 2.5588086963435099 29.917234570997461 -2.5103307109869633 -184.34841715418926 -64.655861470873305 128.90311302911604 -180.26046443757593 -13.283327475723084 6.0128871435515654 26.271107909971995 9.6639761871381502 -38.304063921496535 22.79527554902489 -12.745923584088651 -8.2313827377473299 4.8606794995038536 -18.950125935372611 176.64110220612415 -2.1217452234489209 28.62594839618373
leaf_weight=188 606 100 262 155 117 156 99 95 101 95 173 121 158 97 102 166 146 97 712 197 112 232 372 145 96 105 133 127 122 138 160 100 97 125 102 151 112 182 188 179 116 723 252 309 14579 215 96 147 370 163 171 119 106 172 267 267 169 555 96 150 303 132 157 295 97
leaf_count=188 606 100 262 155 117 156 99 95 101 95 173 121 158 97 102 166 146 97 712 197 112 232 372 145 96 105 133 127 122 138 160 100 97 125 102 151 112 182 188 179 116 723 252 309 14579 215 96 147 370 163 171 119 106 172 267 267 169 555 96 150 303 132 157 295 97
internal_value=-0.000145514 -0.000622135 -0.00345141 -0.00290149 -0.000977137 -0.00182318 -0.000866213 -0.00832675 0.00275709 -0.0121889 -0.00891141 0.00011732 -0.00312651 0.00228705 -0.00738281 0.00025846 2.50938e-05 0.00947267 0.00135722 0.0027008 0.000561897 0.0054991 -0.00160381 -0.00434215 -0.00718371 0.00313461 0.00211827 -0.00649885 -0.0121177 -0.0203738 0.0141805 0.00392958 0.00020564 0.000364607 0.011646 0.0202538 0.0136945 0.000106099 0.00910951 -8.11851e-05 5.79738e-05 -0.00394595 0.00166764 0.000550145 0.000717435 -0.00926129 0.0127598 -0.0158782 -0.01817 -0.0219643 0.0050087 -0.0118157 -0.0227002 0.0150419 0.0172075 0.00577982 -0.000638648 0.00738117 0.0125281 0.00443001 0.00210288 0.00440438 0.0071523 0.0029652 0.021733
internal_weight=26947 23579 4934 4834 3596 3479 3323 1238 308 930 735 18645 530 372 199 18524 18089 435 2588 2326 1936 983 604 953 808 3368 3103 520 387 260 265 2583 17943 17727 378 253 207 17349 370 16979 16800 1796 858 15004 14888 938 390 775 680 533 2395 216 205 338 379 2295 436 1859 651 1208 1037 887 755 598 193
internal_count=26947 23579 4934 4834 3596 3479 3323 1238 308 930 735 18645 530 372 199 18524 18089 435 2588 2326 1936 983 604 953 808 3368 3103 520 387 260 265 2583 17943 17727 378 253 207 17349 370 16979 16800 1796 858 15004 14888 938 390 775 680 533 2395 216 205 338 379 2295 436 1859 651 1208 1037 887 755 598 193
is_linear=0
shrinkage=0.0577944


Tree=66
num_leaves=66
num_cat=0
split_feature=37 38 60 89 66 128 51 51 49 80 26 125 25 86 100 28 64 112 127 47 32 94 0 12 74 125 48 101 93 0 127 112 130 100 1 8 55 63 53 96 97 46 96 1 62 47 124 35 120 26 100 46 105 38 22 127 127 105 42 4 38 89 77 94 95
split_gain=11.1261 10.3026 13.0518 13.477 13.1801 12.6899 11.1587 22.059 21.4738 20.0739 14.7338 14.1098 17.3789 18.6158 16.334 16.0203 16.6111 19.2222 12.8106 11.2675 12.4814 10.9895 10.749 10.3856 12.3931 10.2024 10.1341 9.99172 11.6542 14.2839 15.4778 13.1904 12.7322 11.6976 9.95654 9.80311 9.33368 9.20456 9.48989 9.17938 8.31458 9.41668 8.30657 7.79199 9.35502 7.38691 8.87464 9.87667 8.14058 6.93973 6.83092 8.0483 9.61188 7.77839 8.01564 7.67836 6.98581 6.81681 6.60232 8.86305 7.6446 6.53716 6.40097 5.94211 7.59268
threshold=-22249.999999999996 22083.333333333339 -1249.9999999999998 46504.000000000007 0.25000000000000006 0.6078576107927941 57333.333333333336 56000.000000000007 54000.000000000007 71500.000000000015 16.500000000000004 6.5000000000000009 3.5000000000000004 91875.000000000015 40.474137028459161 112500.00000000001 0.033615819209039555 0.57518796992481214 126.50000000000001 69500.000000000015 12058.771926304278 0.14281726499360728 39.500000000000007 81000.000000000015 69000.000000000015 14.500000000000002 66250.000000000015 -7692.4866515657186 0.14267954530440899 33.000000000000007 250.50000000000003 -0.16659999999999997 0.68301270189221941 4758.6650193194846 11.000000000000002 55500.000000000007 7193.726299065821 4750.0000000000009 7193.726299065821 70008.403008651498 75196.023197944873 78750.000000000015 59999.999999999149 11.000000000000002 -3249.9999999999995 68250.000000000015 7.5000000000000009 0.18347834648912306 0.13392857142857145 46.500000000000007 2526.9940690428234 64500.000000000007 -1253.9999999999998 1.0000000180025095e-35 1027.1051820261316 121.50000000000001 64.500000000000014 -4995.9999999999991 -0.16951587590520381 29500.000000000004 4082.6666666666665 29000.000000000004 35500.000000000007 0.078619784049316757 0.12578668976459248
decision_type=2 2 8 10 2 2 10 10 10 10 2 2 2 10 2 2 10 8 2 10 2 10 2 10 10 2 10 2 10 2 2 8 2 2 2 8 10 10 10 2 2 10 2 2 8 8 2 2 10 2 2 10 10 2 10 2 2 8 10 10 2 10 10 10 10
left_child=-1 2 3 5 6 40 7 23 9 -8 -9 19 15 14 22 16 21 25 -11 -10 -21 42 36 24 27 -18 35 -4 31 30 -30 32 -29 -31 -33 63 -14 -16 -39 -5 43 -42 -13 45 -45 46 47 62 -49 50 51 52 -6 54 -54 -55 -53 -37 -46 -60 -61 -26 -2 -7 -65
right_child=1 -3 4 39 49 26 8 10 11 18 -12 12 13 -15 37 -17 17 -19 -20 20 -22 -23 -24 -25 61 -27 -28 28 29 33 -32 34 -34 -35 -36 57 -38 38 -40 -41 41 -43 -44 44 58 -47 -48 48 -50 -51 -52 56 53 55 -56 -57 -58 -59 59 60 -62 -63 -64 64 -66
leaf_value=307.29836088829825 27.029318614559582 -328.15622978785666 33.439800196026788 2.4719867428800493 -5.691218982687051 0.065348802425162084 -0.078168244546062332 316.70970400213901 -2.4816127581514542 -5.1230555794520027 1.9142024719501674 12.58075110040541 -4.2084040489537324 -310.67040841469577 -188.07389884370829 -429.97348284839376 20.750145928588758 -24.294329140828548 -152.26702687880095 130.82059553689973 -4.7263846428557343 37.5534572498334 -109.01856771015197 25.797046019125407 -0.52754735092655314 258.22248803905876 -165.06013749076632 -0.90812243922483493 -3.949856506760852 -14.267221572877789 17.639871207678617 2.7599495559661906 1.9258403308758794 -244.83950874841887 0.0068290939221309207 0.33368379977742102 12.998888196245685 -29.236950794284095 12.705024875888309 104.10845709754938 -168.34331221203979 48.418974246274068 -31.481346907065685 -1.8622255662636684 8.6287247004061634 -9.4924970485139788 -0.098393770164932517 21.84200210103711 -19.808813139573726 3.3707767196542378 -126.50564158015646 36.631334911562767 1.0375968068125432 -5.9692654988818177 -3.2398646982756456 -0.12474135347846285 -15.194184376035775 50.309603595081576 2.1681630304702657 -3.5135784358938342 0.13512197623281139 -10.904641109621883 40.488305540948943 -26.791218645534492 -0.42731554956541118
leaf_weight=120 181 181 264 135 422 313 213 119 198 127 97 95 190 134 258 97 100 106 182 175 105 140 97 105 203 221 167 1757 278 221 125 2712 362 114 11511 119 332 99 123 214 101 104 321 192 260 190 195 97 122 143 135 117 224 191 166 280 149 95 96 99 112 193 385 136 132
leaf_count=120 181 181 264 135 422 313 213 119 198 127 97 95 190 134 258 97 100 106 182 175 105 140 97 105 203 221 167 1757 278 221 125 2712 362 114 11511 119 332 99 123 214 101 104 321 192 260 190 195 97 122 143 135 117 224 191 166 280 149 95 96 99 112 193 385 136 132
internal_value=-4.25797e-05 -0.000128933 -2.78798e-05 0.00328249 -0.000527661 0.00199253 -0.000115861 0.000441049 -0.00320402 -0.0139541 0.0186645 -0.00111385 -0.0030403 -0.00775275 -0.00502531 0.00217945 0.00456164 0.01314 -0.0232832 0.00778617 0.0152653 -0.00174142 0.000915156 0.000206769 8.74748e-05 0.020284 -0.00340369 0.000329346 0.000144984 -0.00692653 0 0.000476825 -0.0037539 -0.0156876 0.00112066 -0.000423869 0.00449411 -0.0130145 -0.00329622 0.0140804 0.0045117 -0.00606098 -0.00673237 0.00573802 0.000898717 0.00871078 0.0107464 0.0134776 0.00204137 -0.00523684 -0.0063314 -0.00505776 -0.00700214 -0.00319964 0.00247623 -0.00826653 0.00361598 0.00979766 0.00484882 -0.000345488 -0.00750872 -0.00996352 0.0175448 -0.00453487 -0.0108295
internal_weight=26947 26827 26646 3445 23201 3096 21374 18061 3313 522 216 2791 2313 1233 1099 1080 983 427 309 478 280 556 619 17845 17740 321 962 17344 17080 738 403 16342 2119 335 14223 795 522 480 222 349 2134 205 416 1929 759 1170 980 785 219 1827 1684 1549 1283 861 390 471 266 214 567 307 211 396 566 581 268
internal_count=26947 26827 26646 3445 23201 3096 21374 18061 3313 522 216 2791 2313 1233 1099 1080 983 427 309 478 280 556 619 17845 17740 321 962 17344 17080 738 403 16342 2119 335 14223 795 522 480 222 349 2134 205 416 1929 759 1170 980 785 219 1827 1684 1549 1283 861 390 471 266 214 567 307 211 396 566 581 268
is_linear=0
shrinkage=0.0577944


Tree=67
num_leaves=66
num_cat=0
split_feature=0 89 41 37 37 51 95 56 76 53 54 102 64 35 75 120 94 11 35 14 102 94 74 102 0 77 112 101 125 37 102 119 37 111 101 94 125 130 112 102 35 94 0 111 0 112 29 125 26 131 26 33 74 10 42 23 77 78 37 22 54 52 99 10 21
split_gain=11.963 36.7975 28.6931 23.1375 19.306 29.6334 17.5788 22.398 42.4986 19.8141 16.5489 17.7264 16.0468 15.0697 29.4733 14.5535 18.7235 14.4011 18.0265 16.1348 15.1745 14.5354 19.0839 18.2805 13.8813 23.6377 18.0266 25.4519 15.9072 13.9743 13.5631 13.1185 21.8359 21.173 19.3057 19.0317 16.3813 15.829 14.7744 18.3997 14.5601 13.711 16.4743 15.4048 22.3577 14.193 12.8833 12.8306 12.8079 12.7105 25.3153 18.3081 13.7445 12.7093 12.5591 12.39 12.3226 13.87 13.3746 12.2598 12.1585 12.1485 11.9282 17.5416 21.4208
threshold=33.000000000000007 4500.0000000000009 8500.0000000000018 -12249.999999999998 -1.0000000180025095e-35 49000.000000000007 0.10832019111357434 10004.000000000002 19500.000000000004 14860.038829034884 532.06016849974446 -781.40093003514164 -0.14670014347202293 0.11976264215918743 27500.000000000004 0.20714285714285716 0.12106508426519609 45004.000000000007 0.14500812947681371 71642.857142857159 7196.7980900632911 0.088119395106117923 45004.000000000007 2519.9458012853615 39.500000000000007 29500.000000000004 0.033908045977011504 -88.170420105521757 19.500000000000004 998.00000000000011 -2466.9105831865304 1.0000000180025095e-35 -2249.9999999999995 0.085960591133004943 3849.0496612897618 0.067586720518287929 11.500000000000002 0.68301270189221941 -0.035098522167487677 -382.18585997255826 0.14489185585092293 0.016774535453931042 13.000000000000002 0.081666666666666679 13.000000000000002 -0.070197044334975353 76916.666666666686 13.500000000000002 23.500000000000004 -0.68301270189221952 31.500000000000004 13500.000000000002 81000.000000000015 49000.000000000007 1.269540744866511 3880.3957613062071 34500.000000000007 39500.000000000007 -9749.9999999999982 2486.2257904943672 8892.7316916245309 3551.987771491275 28218.706475467745 49000.000000000007 487.95003647426978
decision_type=2 10 2 2 2 8 10 10 10 10 8 2 10 2 10 10 10 8 2 10 2 10 8 2 2 10 10 2 2 2 2 8 2 8 2 10 2 2 8 2 2 8 2 10 2 8 2 2 2 2 2 2 8 10 10 10 10 10 2 10 10 10 2 10 10
left_child=3 10 13 -1 49 -6 9 15 -9 31 -2 -12 -10 14 -3 16 -8 19 20 21 46 -14 23 -23 25 29 27 -26 -29 -13 -18 33 -33 34 35 38 40 41 39 -5 53 42 -34 45 -45 -43 -19 -32 -42 50 51 -4 -51 -35 -20 61 57 -53 -58 -52 -54 -37 -39 64 -64
right_child=1 2 4 6 5 -7 7 8 12 -11 11 24 17 -15 -16 -17 30 18 54 -21 -22 22 -24 -25 26 -27 -28 28 -30 -31 47 32 37 36 -36 55 -38 62 -40 -41 48 43 -44 44 -46 -47 -48 -49 -50 52 59 56 60 -55 -56 -57 58 -59 -60 -61 -62 -63 63 -65 -66
leaf_value=439.12541143697518 2.7830945219160306 9.8425722696673592 -14.944102079492824 -0.073783107977668766 5.2409834289997166 -226.23429174939625 2.843367640574967 -20.106639537655518 21.042056525967158 -151.04930800083324 3.4393164096978226 -0.048043180221353808 -1.7062639211232764 -49.163350539722146 -4.5371120608970141 25.33121809583923 5.494351338524214 3.3801789324794669 -12.108619056591436 177.61311959280863 -50.580335517154744 39.93035947619132 -5.1645295985371638 17.852075470896551 1.8291389505112046 -6.0411127906510309 2.4713780378929253 -0.091599503806903723 -29.171490119921302 1.8059625020731338 0.5439632194110795 2.8042762767438458 -11.351862649613004 -0.31268919028018438 -61.220455296364264 0.1645856733024772 0.43681351911383032 -0.09000055111640716 0.0093267312510781474 -1.3564099144757706 18.091348054118704 -0.46242031563197666 -0.0039516077471359766 0.59534993757726751 -71.217077583971644 0.70884518498104709 213.97475144620955 -12.640286539510692 6.4965218678395384 2.2897289407053814 -2.8624085270874309 -8.2598283649752506 3.9458905281925065 16.449929224607924 14.076973347145623 0.050116848932181532 16.958771734427465 90.119377734279581 -41.356974629579675 -36.361902688327511 -143.74650908599486 6.9904378049178053 -0.020909126261140665 -1.7193907516629294 -12.491585979364347
leaf_weight=176 218 133 177 1062 239 339 680 245 454 181 217 740 305 820 717 230 108 796 1145 100 335 131 133 226 358 168 288 189 107 134 117 620 127 228 115 100 818 341 4081 298 117 1011 128 172 205 1346 147 139 119 2863 103 95 116 127 193 163 175 211 229 165 248 125 114 309 331
leaf_count=176 218 133 177 1062 239 339 680 245 454 181 217 740 305 820 717 230 108 796 1145 100 335 131 133 226 358 168 288 189 107 134 117 620 127 228 115 100 818 341 4081 298 117 1011 128 172 205 1346 147 139 119 2863 103 95 116 127 193 163 175 211 229 165 248 125 114 309 331
internal_value=-3.97919e-06 -0.00172287 -0.00396299 0.000855082 -0.00171 -0.011616 0.000635335 0.00335825 0.00127368 -0.000570586 0.00433876 0.00272285 0.00276499 -0.0105288 -0.0047985 0.0100828 0.00688937 0.00137901 -0.000724924 0.00771032 0.00409781 0.00462234 0.0108766 0.0179372 0.000897291 -0.00358549 0.00604324 0.000426867 -0.0117471 5.63554e-05 -0.00328068 -0.000267664 -0.00266241 0.00124017 -0.000241536 0.000196753 0.00760506 -0.00422571 -0.00065662 -0.00588606 0.0149595 -0.00196721 -0.0147292 -0.000693675 -0.0115247 0.000975862 0.00792994 -0.0108849 0.0262788 -0.000353924 -0.00558063 -0.000639706 0.00146446 0.00674942 -0.00546558 0.0125297 0.0033098 0.0121146 -0.00295858 -0.0210509 -0.00894366 0.0212185 -0.0102 -0.0142582 -0.0216348
internal_weight=26947 9049 6630 17898 4960 578 17722 5484 4210 12238 2419 2201 3965 1670 850 1274 1044 3511 2616 895 1278 795 490 357 1984 1042 942 654 296 874 364 12057 4704 7353 5944 5829 1409 4084 5441 1360 591 2989 255 2734 377 2357 943 256 236 4382 1155 887 3227 355 1338 388 710 306 404 268 364 225 1095 754 445
internal_count=26947 9049 6630 17898 4960 578 17722 5484 4210 12238 2419 2201 3965 1670 850 1274 1044 3511 2616 895 1278 795 490 357 1984 1042 942 654 296 874 364 12057 4704 7353 5944 5829 1409 4084 5441 1360 591 2989 255 2734 377 2357 943 256 236 4382 1155 887 3227 355 1338 388 710 306 404 268 364 225 1095 754 445
is_linear=0
shrinkage=0.0577944


Tree=68
num_leaves=66
num_cat=0
split_feature=57 29 37 42 53 4 12 74 55 127 28 96 39 125 125 26 52 95 100 32 74 91 91 95 1 131 111 53 94 53 8 42 112 15 15 23 53 8 12 42 4 131 127 50 94 0 101 38 53 0 26 11 50 63 7 34 55 130 127 0 1 48 49 11 33
split_gain=12.0452 13.829 13.4537 18.3537 10.5494 16.7663 15.4137 15.2874 12.6888 18.6998 26.2081 21.6321 16.8904 16.2723 14.8245 33.0511 20.5607 17.7056 17.4226 17.336 15.5483 12.8675 12.9159 10.6243 11.3871 18.6991 20.6561 19.9174 17.5103 17.0838 21.9567 19.3012 16.7704 15.0537 28.1872 22.1329 14.4787 13.8414 16.9098 14.0925 14.4847 16.1989 15.4899 12.6169 15.1603 14.764 12.5027 12.3755 12.2606 11.4056 27.7744 14.5586 11.0477 10.6352 10.1109 9.35314 9.29441 8.9069 8.53348 8.47375 10.0742 8.4731 8.39659 7.44448 7.21617
threshold=51000.000000000007 112083.33333333336 -19749.999999999996 -1.4652984190954839 7005.8867426102979 87500.000000000015 97500.000000000015 87500.000000000015 5242.4546546965203 218.50000000000003 44500.000000000007 39765.622614941101 1.2785818362741441 15.500000000000002 13.500000000000002 7.5000000000000009 7400.3394031619564 0.13976099370842204 -2592.3666350906547 11198.819222193641 49000.000000000007 10875.000000000002 3751.0000000000005 0.27619822259388033 11.000000000000002 0.6830127018922193 0.12613636363636366 6055.7415019990885 0.11530544925835781 3779.3291033476103 65030.000000000007 -1.6137430609197565 0.23443223443223446 46428.857142857152 41428.857142857152 2133.6113472992188 6055.7415019990885 30500.000000000004 37500.000000000007 1.8284676659377104 29500.000000000004 1.0000000180025095e-35 182.50000000000003 41250.000000000007 0.05183838600668652 21.000000000000004 658.96974507351308 9250.0000000000018 4804.5114553833009 21.000000000000004 45.500000000000007 31004.000000000004 45000.666666666679 1750.0000000000002 49000.000000000007 11125.000000000002 3779.3291033476103 -0.6830127018922193 56.500000000000007 33.000000000000007 9.0000000000000018 47666.666666666679 49000.000000000007 55500.000000000007 16500.000000000004
decision_type=10 2 2 10 8 10 8 10 10 2 2 2 2 2 2 2 10 10 2 2 10 10 10 10 2 2 10 10 10 10 8 10 10 10 10 10 10 8 10 8 8 2 2 10 10 2 2 2 10 2 2 8 10 10 10 2 10 2 2 2 2 8 10 8 2
left_child=1 2 3 -1 7 8 55 23 54 10 13 -11 14 63 17 20 -17 19 -19 -12 -16 22 57 24 25 26 33 59 43 37 31 -31 47 34 35 -4 46 39 49 40 41 -26 -42 44 -27 -45 -35 -33 -32 51 -51 -39 -36 -34 61 -7 -40 -13 -30 -28 -61 -6 -56 -10 -38
right_child=-2 -3 4 -5 5 6 -8 -9 9 11 12 21 -14 -15 15 16 -18 18 -20 -21 -22 -23 -24 -25 29 28 27 -29 58 30 48 32 53 36 52 -37 64 38 56 -41 42 -43 -44 45 -46 -47 -48 -49 -50 50 -52 -53 -54 -55 62 -57 -58 -59 -60 60 -62 -63 -64 -65 -66
leaf_value=277.95191845402996 32.925883891248823 -490.04164676536288 12.946669080469238 -16.222918307955013 1.2467995952285944 69.696082273822697 -101.0719801654008 52.201508819635706 -4.2698675317989334 -31.464242520501639 15.746703429894076 -0.74421586095064318 -258.33382918337372 118.0586228949752 -2.5560495730242021 -0.6401692724946173 -56.407443160496562 13.962807388023284 -26.650158903914139 -47.783077840101193 106.12555083397903 -104.77913517255305 1.4911104377170261 -45.833295709663304 -0.0051981080881171688 -23.846327322272206 -7.5548248714937793 8.3454325518513368 40.632223141388558 -14.562699221688613 -0.15703859755920191 -0.15655777761404549 -1.056784262127374 -3.0816905478974319 167.83801082211633 -1.1697714220704838 10.015884387931113 -0.10749129036957318 263.24629165941644 -6.5652563947692775 0.14746667845402442 0.22510487943688523 1.2521431616531953 235.23951010604009 96.380095954227414 -26.596316291236757 8.8360549066248613 48.328163626424427 10.131050362182389 0.25248060725081817 -5.6449942390633963 -4.8057605662456098 4.3253994220521026 -10.403850614133788 -2.6583627250020627 27.450872860780304 0.18811036421869828 -73.507715732018184 444.14947822651305 -173.55285117496351 -16.539983448088542 -10.48093695357931 18.855549797705816 18.597883945698939 -2.5615207500365331
leaf_weight=133 289 101 102 119 235 208 190 192 181 161 616 122 135 242 197 564 1080 261 590 177 174 174 363 99 3682 95 279 211 131 119 133 4570 307 591 373 681 262 471 101 109 630 2138 529 173 103 111 194 99 202 755 106 293 176 294 131 426 246 149 97 110 99 233 552 95 186
leaf_count=133 289 101 102 119 235 208 190 192 181 161 616 122 135 242 197 564 1080 261 590 177 174 174 363 99 3682 95 279 211 131 119 133 4570 307 591 373 681 262 471 101 109 630 2138 529 173 103 111 194 99 202 755 106 293 176 294 131 426 246 149 97 110 99 233 552 95 186
internal_value=0.00016267 2.78672e-05 0.000117188 0.0133182 -4.0763e-06 -0.00188568 0.00578749 0.000703321 -0.00289947 -0.00411065 -0.00242212 -0.0114029 -0.00412227 0.00962741 -0.00331162 -0.00663889 -0.0102038 0.000661493 -0.00499581 0.00695617 0.00862209 -0.00718371 -0.00297907 0.000526621 0.000637218 0.00338355 0.00146556 -0.00722884 0.0118971 -8.93276e-05 -0.00257171 -0.00349244 -0.00292463 0.00391211 0.00817341 0.000871289 -0.000554176 0.00145934 -0.00277519 0.00266385 0.00301169 0.0017949 0.00894237 0.00510258 -0.00541076 0.0130419 -0.00541403 -0.00170518 0.0115887 -0.00531859 -0.000525226 -0.0104574 0.0181894 -0.0120346 0.00249598 0.0102328 0.00855289 -0.0126067 0.0251893 -0.0137435 -0.0228169 -0.00378291 0.00706054 0 0.00753544
internal_weight=26947 26658 26557 252 26305 7256 824 19049 6432 5281 4312 969 3794 518 3659 2015 1644 1644 851 793 371 808 634 18857 18758 3974 3264 699 710 14784 5724 5389 5270 2565 1332 783 1233 9060 1972 7088 6979 5820 1159 482 198 284 785 4669 335 1625 861 764 549 601 1151 634 347 271 228 488 209 468 683 276 448
internal_count=26947 26658 26557 252 26305 7256 824 19049 6432 5281 4312 969 3794 518 3659 2015 1644 1644 851 793 371 808 634 18857 18758 3974 3264 699 710 14784 5724 5389 5270 2565 1332 783 1233 9060 1972 7088 6979 5820 1159 482 198 284 785 4669 335 1625 861 764 549 601 1151 634 347 271 228 488 209 468 683 276 448
is_linear=0
shrinkage=0.0577944


Tree=69
num_leaves=66
num_cat=0
split_feature=109 0 42 51 51 55 92 127 69 118 54 64 110 32 53 88 59 42 0 112 16 12 29 106 66 19 95 112 39 93 8 69 12 89 75 51 104 123 42 99 69 100 69 10 0 42 54 54 50 49 130 39 125 128 5 64 124 30 42 111 0 125 0 16 127
split_gain=12.9111 16.7253 14.1687 16.6622 12.5772 12.6904 15.3957 12.5254 12.2497 11.7733 10.8759 11.475 19.0214 14.2711 11.8681 14.6324 14.1973 14.1882 13.6402 15.0811 18.2553 13.041 16.7467 12.4404 11.9752 11.258 10.7925 10.6004 10.5853 10.4974 10.6449 13.0528 10.3588 11.7251 10.474 11.4778 12.8228 10.3497 30.7953 9.55259 8.84855 8.82808 8.77359 12.4325 9.01338 8.44101 10.7399 8.40284 7.34275 14.8698 7.27897 7.11974 10.0015 7.09603 6.94851 6.90622 6.85799 6.85 6.59076 6.56799 6.52624 12.0953 6.40108 6.2738 6.13215
threshold=0.09232954545454547 10.000000000000002 1.2256730605346735 76083.333333333343 70083.333333333358 7005.8867426102979 7875.0000000000009 52.500000000000007 -2666.6666666666665 0.2678571428571429 19632.005836146443 0.23669467787114848 0.30860805860805868 5519.6320924097272 10254.964136156201 30004.000000000004 35500.000000000007 0.38069349381344103 39.500000000000007 -0.3827838827838827 52333.466666666674 81000.000000000015 55666.666666666679 -38999.999999999993 0.25000000000000006 49500.000000000007 0.093154314737504393 -0.30602006688963207 1.3060200668896325 0.097990789298687028 30500.000000000004 -833.99999999999989 87500.000000000015 34500.000000000007 77000.000000000015 56000.000000000007 -1.0000000180025095e-35 1750.0000000000002 0.27524094128159005 50378.267093200768 -167.33333333333329 423.51535311857884 1083.3333333333337 9500.0000000000018 21.000000000000004 -0.6454972243679038 5435.9892245471428 10016.638981097474 86250.000000000015 74250.000000000015 0.68301270189221941 1.0873379099923726 13.500000000000002 1.0000000180025095e-35 55500.000000000007 -0.037749287749287742 3.5000000000000004 32500.000000000004 0.91478270912198523 -0.12607954599556276 33.000000000000007 11.500000000000002 13.000000000000002 56700.000000000007 126.50000000000001
decision_type=10 2 10 10 8 10 10 2 8 10 10 10 10 2 10 10 10 10 2 10 10 8 2 10 2 10 10 10 2 10 8 10 10 10 10 8 10 10 10 2 10 2 8 10 2 10 10 10 8 10 2 2 2 2 8 8 2 2 10 10 2 2 2 10 2
left_child=8 -2 3 4 5 6 26 -7 41 -8 11 14 13 -13 16 18 24 -18 19 62 25 22 -22 -17 32 -21 50 -26 39 30 58 57 33 37 35 -35 -37 42 55 -4 -25 48 43 -10 -44 -9 -47 -34 49 53 51 52 -3 64 -55 -39 -23 -32 59 -29 61 -28 -16 -20 -1
right_child=1 2 28 -5 -6 7 9 45 10 -11 -12 12 -14 -15 15 23 17 -19 63 20 21 56 -24 40 27 -27 60 29 -30 -31 31 -33 47 34 -36 36 -38 38 -40 -41 -42 -43 44 -45 -46 46 -48 -49 -50 -51 -52 -53 -54 54 -56 -57 -58 -59 -60 -61 -62 -63 -64 -65 -66
leaf_value=132.78618034822651 7.1867613592531061 8.8056213519925066 -175.12078955128783 -175.06012250778039 87.424590131247896 41.380943111250488 -5.8651258414668117 0.86635900661502296 -0.71314180338091837 81.118549707436273 32.444382258868252 0.21056851902530424 -9.1533147554442547 255.95881701743286 18.303488459977206 -31.425632482000633 30.077461487876285 -2.3363714729606486 -20.01864590684027 -13.71616541936552 -133.13921708727173 -80.176723832087504 -2.408324192459256 0.63935782181284284 -15.074538493812286 21.449814883440485 10.508005241002714 -1.9519462147216551 -5.5689473008721029 -10.762761659385111 -1.5557882060282824 -8.0109755978257908 78.606249985832022 -0.13481332373083932 50.364720811583098 -4.3354960186195974 -121.98743253387133 12.127116276710598 -7.4548795064038345 -69.530221848061004 79.318358080641048 -87.709156776274739 0.028889460910531971 0.040892324147771136 -6.1990398711043317 1.6160340728050999 -125.20402977147128 2.4083489282528507 94.449164118207108 -98.519661814660424 18.596445152249558 -82.333912542446598 -8.6280065727079496 16.255992781446452 -11.441484335411216 227.42286265897349 -252.97278743852624 0.85390021900956892 -0.93202512058395159 0.49837548509099044 -43.253396147458616 -66.091041195228826 0.15420744412248705 -175.73373318075338 16.097568042185845
leaf_weight=121 269 174 124 175 140 107 147 120 964 190 178 96 119 184 98 106 260 136 136 118 140 106 537 145 246 147 107 95 138 199 107 286 128 190 102 105 198 95 105 186 176 161 759 14152 556 96 425 107 157 97 124 107 187 147 160 167 153 422 117 431 389 116 129 131 157
leaf_count=121 269 174 124 175 140 107 147 120 964 190 178 96 119 184 98 106 260 136 136 118 140 106 537 145 246 147 107 95 138 199 107 286 128 190 102 105 198 95 105 186 176 161 759 14152 556 96 425 107 157 97 124 107 187 147 160 167 153 422 117 431 389 116 129 131 157
internal_value=0 -0.00337016 -0.00463156 -0.00290048 -0.00156474 -0.00266875 0.000219126 -0.00883415 0.000476591 0.0111811 0.000191178 6.91316e-05 0.00974562 0.0181203 -9.92109e-05 -0.00421086 0.00033016 0.0111211 -0.0066647 -0.00423365 -0.00690304 -0.0107575 -0.00610351 0.00508323 0.000100165 0.00599804 -0.00272149 -0.00423985 -0.0141931 -0.00243149 -0.000587496 -0.00507433 0.000579719 0.000404829 -0.00751937 -0.0111601 -0.0180805 0.000697794 0.0102755 -0.0200739 0.0110199 0.00673069 0.000470726 0.000874808 -0.00402664 -0.0120051 -0.015193 0.012571 0.00918337 0.00614331 0.00260681 -0.000350093 0.00314909 0.00980805 0.00295217 0.0210913 -0.0219932 0 0.00481518 0.00773522 -0.00815687 0 0.00899401 -0.0187777 0.016606
internal_weight=26947 3321 3052 2604 2429 2289 1541 748 23626 337 22626 22448 399 280 22049 2122 19927 396 1695 1428 1201 936 677 427 19531 265 1204 1903 448 1657 1458 815 17628 17393 595 493 303 16798 367 310 321 1000 16431 15116 1315 641 521 235 839 682 592 468 361 585 307 262 259 529 643 526 612 223 227 267 278
internal_count=26947 3321 3052 2604 2429 2289 1541 748 23626 337 22626 22448 399 280 22049 2122 19927 396 1695 1428 1201 936 677 427 19531 265 1204 1903 448 1657 1458 815 17628 17393 595 493 303 16798 367 310 321 1000 16431 15116 1315 641 521 235 839 682 592 468 361 585 307 262 259 529 643 526 612 223 227 267 278
is_linear=0
shrinkage=0.0577944


Tree=70
num_leaves=66
num_cat=0
split_feature=33 103 0 38 42 34 21 64 131 63 101 1 42 0 89 109 100 0 95 35 83 112 94 77 30 106 42 101 13 112 102 76 100 124 28 37 79 45 20 111 50 120 20 97 15 30 92 112 16 85 99 26 54 0 54 64 63 122 39 130 35 121 44 14 5
split_gain=10.8678 11.4624 11.8163 13.344 9.91381 12.1738 10.3906 8.84162 8.49719 31.9386 41.4622 18.7258 14.4991 17.5525 16.0029 15.9594 11.9464 15.9138 11.7 10.8146 24.7358 21.6049 13.1737 10.6753 23.1956 23.2033 13.5374 20.0147 14.1681 10.9641 10.6466 14.0347 13.3658 12.2769 12.1129 9.3725 19.4016 18.6493 12.0427 10.1971 9.47393 16.927 21.0364 16.7486 18.9828 12.3299 12.0066 11.6932 11.2803 19.5255 21.2619 17.2458 25.8619 14.6071 13.028 10.5054 25.52 11.7118 10.0166 9.32538 9.16866 12.6573 15.6199 18.095 13.2964
threshold=59000.000000000007 2500.0000000000005 13.000000000000002 3833.3333333333335 -0.71283243564025034 5625.0000000000009 2886.7513459478646 0.24662162162162166 -0.68301270189221952 4250.0000000000009 2151.2462776159377 9.0000000000000018 -0.99917457683004385 13.000000000000002 4500.0000000000009 -0.05798319327731092 -441.21893998735499 21.000000000000004 0.093154314737504393 0.073769605986119854 27625.000000000004 -0.035098522167487677 0.034400652029583742 77500.000000000015 82500.000000000015 -10499.999999999998 1.57893858507966 1078.2379498047005 28168.000000000004 0.22474747474747478 25.253586644261308 27500.000000000004 3.42558878401178e-05 23.500000000000004 28750.000000000004 8250.0000000000018 81000.000000000015 83750.000000000015 54250.000000000007 0.70526315789473693 55666.666666666679 0.22649572649572652 57750.000000000007 50513.462138981522 51071.714285714297 44500.000000000007 8622.0000000000018 0.60357142857142865 70516.666666666672 76125.000000000015 74094.254987932873 7.5000000000000009 9331.8184147237425 10.000000000000002 6055.7415019990885 0.19615384615384621 3250.0000000000005 4500.0000000000009 1.0990196078431376 0.68301270189221941 0.13947578092468263 0.13392857142857145 22250.000000000004 13928.571428571429 36500.000000000007
decision_type=2 10 2 2 10 2 8 10 2 10 2 2 10 2 8 10 2 2 10 2 10 8 10 10 2 10 8 2 10 8 2 10 2 2 2 2 8 10 10 10 10 10 10 2 8 2 10 10 10 10 2 2 10 2 10 10 8 10 2 2 2 10 10 10 10
left_child=1 8 3 -3 -4 6 -6 -7 9 10 12 -11 13 -1 -15 -16 -13 -18 -12 20 21 -14 -21 26 25 -25 35 28 -28 -29 31 -22 33 -33 -32 39 38 -38 59 40 43 48 -43 47 -45 58 -47 55 51 50 -50 52 -42 -51 -53 57 -57 -10 -46 -37 -24 -62 63 -63 -64
right_child=-2 2 4 -5 5 7 -8 -9 23 11 18 16 19 14 15 -17 17 -19 -20 22 30 -23 60 24 -26 -27 27 29 -30 -31 34 32 -34 -35 -36 36 37 -39 -40 -41 41 42 -44 44 45 46 -48 -49 49 53 -52 54 -54 -55 -56 56 -58 -59 -60 -61 61 62 64 -65 -66
leaf_value=-2.4876460703842129 83.746143727200163 12.731513125110062 4.971923241248116 -9.6906365633706741 -88.213776033305408 -124.88349169441405 27.602627456733977 6.0643012590457044 0.04987291916162994 -7.7746896628597648 -52.883032414733989 219.51326392485248 1.3334914046229502 8.7481947578196202 1.6039143574501276 -6.9561677403918516 72.42066100011786 -5.7449836758730761 -161.41710727241735 -0.45199746959133957 1.4619721688718463 -0.92293244413161246 -1.5423026483212912 5.0507786843468798 100.07705121039672 -349.75253389815566 0.16153226911359519 37.18255113696646 -1.5781902530085017 5.4176083199588323 1.285546546605588 -0.031780459460271387 -1.7281892700586663 0.053334812229597829 0.078138448507798788 -12.40870039066221 88.250873989166791 -165.21007682101964 -136.60749380069848 -48.407794445912025 447.21743669336024 86.955760469822081 -148.86268931659129 -34.584159237858081 -3.8826248877395124 -18.119909051218809 77.490027444089336 16.049989155444308 -36.526990818831933 -30.824004980831344 8.0779394215061977 -5.5261543457117961 14.502372671294721 52.28770861918828 16.014116599574223 -13.686660195581558 8.2809865467058579 33.742725159047261 1.6428516734809562 4.3394489078317902 2.3294021938390319 1.3067930824730245 19.037148000982249 -48.591408848677119 -0.069496265276877342
leaf_weight=111 108 113 300 293 221 633 219 100 11795 184 179 115 103 153 307 457 216 167 282 854 122 131 667 115 119 137 137 147 212 118 207 283 105 174 124 150 200 115 235 140 109 117 259 167 313 141 168 110 196 142 125 251 225 579 896 116 170 226 131 126 647 169 169 257 590
leaf_count=111 108 113 300 293 221 633 219 100 11795 184 179 115 103 153 307 457 216 167 282 854 122 131 667 115 119 137 137 147 212 118 207 283 105 174 124 150 200 115 235 140 109 117 259 167 313 141 168 110 196 142 125 251 225 579 896 116 170 226 131 126 647 169 169 257 590
internal_value=6.83134e-05 0 -0.00435531 0.00407346 -0.00680565 -0.00922898 -0.00115426 -0.0138015 0.000321474 -0.00141454 -0.00276772 0.0103594 -0.001363 -0.00755659 -0.00463757 -0.00819809 0.0162358 0.0104483 -0.019396 0 0.00460801 -0.0118936 -0.00168499 0.000978116 -0.00862209 -0.0187491 0.00118984 0.00962819 0 0.0215016 0.0086178 0.0041076 0 0.00450094 0.0172579 0.000876236 -0.00507671 0.0057822 -0.0121178 0.00118859 0.00133407 0.00433807 -0.00683283 0.000666546 -0.0068131 -0.0025868 0.00589325 0.00123707 0.00608175 0.00126355 -0.0103073 0.00933864 0.0210441 0.00669017 0.00571992 0.00105095 -0.00975654 0.00132588 -0.00889458 -0.00307286 0.000366193 0.00254603 -0.000868351 -0.0098058 0.00393094
internal_weight=26947 26839 1879 406 1473 1173 440 733 24960 6773 6091 682 5630 1028 917 764 498 383 461 4602 1249 234 3353 18187 371 252 17816 614 349 265 1015 684 562 457 331 17202 826 315 511 16376 16236 2899 376 13337 920 753 309 12417 2523 1042 321 1481 334 721 1147 12307 286 12021 444 276 2499 1832 1185 426 759
internal_count=26947 26839 1879 406 1473 1173 440 733 24960 6773 6091 682 5630 1028 917 764 498 383 461 4602 1249 234 3353 18187 371 252 17816 614 349 265 1015 684 562 457 331 17202 826 315 511 16376 16236 2899 376 13337 920 753 309 12417 2523 1042 321 1481 334 721 1147 12307 286 12021 444 276 2499 1832 1185 426 759
is_linear=0
shrinkage=0.0577944


Tree=71
num_leaves=44
num_cat=0
split_feature=100 26 95 26 106 102 79 77 46 20 11 54 55 59 63 119 0 104 50 28 101 111 44 1 111 54 42 125 47 51 128 41 120 35 125 39 58 49 41 104 125 53 109
split_gain=9.55241 16.5192 16.5536 12.1691 17.6761 11.7329 11.4442 14.4884 13.1677 10.8182 15.1965 11.5827 10.1258 18.5774 10.8014 10.8502 9.45456 8.64073 14.5664 15.9459 13.7896 16.3155 12.3292 13.8734 12.5766 11.6927 11.3946 20.8862 11.2545 9.84001 9.80591 12.9943 10.7017 9.66158 9.32334 9.51715 8.81658 7.16752 5.89063 5.45535 5.37889 5.13558 3.36601
threshold=5702.2420844701892 7.5000000000000009 0.094617749972841891 25.500000000000004 14500.000000000002 5064.0022905879059 127500.00000000001 82500.000000000015 106250.00000000001 106250.00000000001 92500.000000000015 14096.03448516398 19289.386125805115 51000.000000000007 23250.000000000004 1.0000000180025095e-35 21.000000000000004 -9499.9999999999982 66250.000000000015 64500.000000000007 2243.9858490950869 0.11324786324786326 61250.000000000007 9.0000000000000018 0.088932806324110686 8779.6793942693203 1.57893858507966 6.5000000000000009 64500.000000000007 56833.333333333336 1.0000000180025095e-35 10504.000000000002 0.13392857142857145 0.18088516970417398 17.500000000000004 0.94957627118644072 24500.000000000004 69333.333333333358 6500.0000000000009 -10499.999999999998 23.500000000000004 10551.272016880977 -0.20317460317460315
decision_type=2 2 10 2 10 2 10 10 10 10 10 10 10 10 10 10 2 10 10 2 2 8 10 2 10 10 10 2 10 8 2 2 10 2 2 2 8 10 2 10 2 10 10
left_child=6 37 -3 4 -4 -5 7 9 -8 10 12 41 14 -14 17 -16 -7 30 22 33 25 -22 26 24 -24 -21 28 -28 -19 -25 31 36 -33 -20 38 -36 -1 -2 -32 -40 -6 -12 -34
right_child=1 2 3 5 40 16 8 -9 -10 -11 11 -13 13 -15 15 -17 -18 18 19 20 21 -23 23 29 -26 -27 27 -29 -30 -31 34 32 42 -35 35 -37 -38 -39 39 -41 -42 -43 -44
leaf_value=9.9045299780007063 -0.91302477904350832 39.844304609521309 -3.8593500647973817 -141.45840467108459 -302.52739597164822 120.46309644476482 234.39269825629637 -287.9577160579916 -5.8435691694081049 105.61915406601598 13.196442116887752 -137.05659287253786 170.90103506843442 -0.031359126709734335 389.01620975397992 9.2298391523466474 -40.201848417728392 0.0041794448944569946 -336.27905510062766 152.57089910433871 -72.440749603089841 -0.31567607413043935 20.577886270467861 406.00768243025084 -24.258970252922371 -8.1299770347993103 4.72403054790058 0.039757059872803008 -13.772536155036679 17.208332533893184 17.660880986626093 218.82884292188274 120.05509031253953 -34.709089905029003 8.5634989405053794 -27.433862629069626 -10.081275620703888 161.49733729137895 -20.051697649854095 22.735376709979157 -206.64766245717584 -73.996889528772655 1.9969451330149686
leaf_weight=179 95 150 152 129 212 104 95 135 99 123 97 113 106 155 104 120 110 19836 106 208 302 346 186 125 141 449 180 491 455 120 112 164 109 163 142 140 132 102 123 174 98 142 123
leaf_count=179 95 150 152 129 212 104 95 135 99 123 97 113 106 155 104 120 110 19836 106 208 302 346 186 125 141 449 180 491 455 120 112 164 109 163 142 140 132 102 123 174 98 142 123
internal_value=0.000184115 -0.00494485 -0.00819247 -0.0115714 -0.01774 -0.00264536 0.00042084 0.000306654 0.0143036 0.00041493 0.000323456 -0.0115223 0.000499122 0.011772 0.000371197 0.0129249 0.00501255 0.000247255 -1.21422e-05 -0.00538063 -0.00255558 -0.00859331 0.000372611 0.00872391 0.000324575 0.00313786 0.000134678 0.00752896 -0.000102109 0.0190448 0.00465421 0.00942535 0.0163304 -0.0182155 0 -0.00827328 0 0.00976361 0.00530509 0.000356989 -0.0256062 -0.00330347 0.00708439
internal_weight=26947 1152 955 805 462 343 25795 25601 194 25466 25343 352 24991 261 24730 224 214 24506 23108 1574 1305 648 21534 572 327 657 20962 671 20291 245 1398 707 396 269 691 282 311 197 409 297 310 239 232
internal_count=26947 1152 955 805 462 343 25795 25601 194 25466 25343 352 24991 261 24730 224 214 24506 23108 1574 1305 648 21534 572 327 657 20962 671 20291 245 1398 707 396 269 691 282 311 197 409 297 310 239 232
is_linear=0
shrinkage=0.0577944


Tree=72
num_leaves=66
num_cat=0
split_feature=40 76 37 55 125 99 55 89 58 111 100 74 44 36 42 0 82 54 51 15 127 29 28 127 95 53 101 53 23 89 35 74 38 88 39 127 35 22 112 94 93 130 32 31 11 0 95 5 53 51 102 34 94 101 38 55 120 120 127 46 95 128 22 64 111
split_gain=9.7761 19.3234 13.6607 13.773 13.4518 25.7029 25.1984 19.3933 19.72 11.9144 11.5802 11.1651 10.706 9.94316 10.7328 11.0599 9.93173 14.2977 11.6078 15.9349 12.0068 18.8799 12.5496 12.1035 11.619 16.4159 11.0232 11.0214 10.3065 9.7347 9.69944 9.78913 9.64961 10.0933 10.8366 10.5655 41.2519 10.4566 11.3795 9.39947 9.29087 10.0885 13.6329 9.21727 11.7332 12.2874 15.2145 12.9262 9.95923 15.5926 15.8038 10.4468 14.625 13.391 9.03058 8.80809 9.11864 8.66642 10.5741 8.58228 12.254 8.39098 8.21187 7.61628 7.67756
threshold=10004.000000000002 22500.000000000004 4004.0000000000005 3883.7261398404967 6.5000000000000009 51216.569941678914 6123.7901114432143 46504.000000000007 33500.000000000007 0.18634259259259262 -4237.177588123227 47000.000000000007 112500.00000000001 0.91666666666666685 -1.399744909319274 39.500000000000007 85625.000000000015 12599.505519342327 49000.000000000007 51071.714285714297 78.500000000000014 44250.000000000007 59500.000000000007 100.50000000000001 0.14569251064559188 14297.432994409251 -6577.545888787542 8190.4020859273787 6007.6579482348297 34500.000000000007 0.14797143882167627 69000.000000000015 -18166.666666666661 30004.000000000004 0.96922348484848497 10.500000000000002 0.21506380802478994 8287.4193016469562 0.072751322751322761 0.14408763192842769 0.091232803829836853 1.0000000180025095e-35 5496.9669803177158 97500.000000000015 79000.000000000015 21.000000000000004 0.016469667833902763 26500.000000000004 648.51779997311962 26916.666666666668 -11.748563576948071 7625.0000000000009 0.11847095207213339 -4817.1116886012742 7499.333333333333 5242.4546546965203 0.13392857142857145 0.16025641025641027 170.50000000000003 24750.000000000004 0.076738710683830119 1.0000000180025095e-35 1336.3062095620899 0.028174603174603175 -0.13961038961038957
decision_type=2 8 2 10 2 2 8 10 8 10 2 10 10 2 10 2 10 10 10 10 2 2 2 2 10 10 2 10 10 10 2 10 2 8 2 2 2 10 8 10 10 2 2 2 8 2 10 10 10 10 2 2 10 2 2 10 10 10 2 8 10 2 10 10 10
left_child=2 -2 10 -4 5 11 -7 8 9 -8 13 -3 16 -1 -15 57 18 54 19 39 22 -22 -20 29 26 -26 -25 28 -21 -23 31 -24 -12 35 -35 36 -34 43 -39 40 41 42 -6 44 48 46 -46 -48 49 -37 -51 53 -53 -50 -18 -5 -57 58 -16 -43 -61 -32 -28 64 -47
right_child=1 4 3 55 12 6 7 -9 -10 -11 32 -13 -14 14 15 -17 17 -19 20 27 21 23 30 24 25 -27 62 -29 -30 -31 61 -33 33 34 -36 37 -38 38 -40 -41 -42 59 -44 -45 45 63 47 -49 51 50 -52 52 -54 -55 -56 56 -58 -59 -60 60 -62 -63 -64 -65 -66
leaf_value=137.91917311867789 -108.39682179374716 -0.83770238996755164 2.6334806874159735 -0.41488317391909896 2.4522491005986353 104.60401171806929 11.585698252260618 99.163171399013095 -157.62439861990617 -112.34714544929408 227.37132838971041 -21.878547937720526 -449.70935950363827 93.325435807581798 9.7871245701579337 -58.089957492287155 62.561062230302433 50.861416781756802 34.245769164874488 33.824757419563397 11.499504008073226 -325.32602427788112 -33.737686661362495 8.8762830318260928 -215.46055249882994 15.218277519751103 2.5636894559566321 -0.91746523039372974 6.4628053624218538 -14.688400256603563 -87.722220690840118 138.85196927803599 -19.341965848050368 -54.613212918945031 13.982006121999964 -0.044754576952659719 13.695911495682289 89.197429020726915 1.6526673022815548 31.889099330078061 -128.61134243985393 -49.826930232190982 -4.9043618293170717 -145.41649440485773 -0.36391810916495132 -5.2851082506088582 30.309822110223312 3.1738483991153261 -3.1949824494919268 0.011481011701091079 0.11165168954253091 0.067609926952582791 30.287595634232225 -0.044162959183717244 -101.80368186631642 1.5796517789015467 -4.7522326978281617 131.07531483244188 -21.129935497329939 3.9934148120307618 -0.78386603347342809 0.5269231911930482 -21.116060182358549 -5.1686000176784912 1.8918156421667289
leaf_weight=238 158 178 385 305 95 165 329 110 160 97 96 112 107 169 324 141 97 181 120 182 138 100 98 131 271 96 123 215 96 95 145 153 378 219 119 138 101 174 197 140 124 97 315 116 95 133 125 297 648 842 446 2336 463 11442 130 338 134 129 208 161 176 128 661 175 352
leaf_count=238 158 178 385 305 95 165 329 110 160 97 96 112 107 169 324 141 97 181 120 182 138 100 98 131 271 96 123 215 96 95 145 153 378 219 119 138 101 174 197 140 124 97 315 116 95 133 125 297 648 842 446 2336 463 11442 130 338 134 129 208 161 176 128 661 175 352
internal_value=0.000119781 -0.00200041 0.000695323 0.00678691 -0.00138863 0.00409804 0.00921709 0.00403712 0 0.0063064 0.000333052 -0.0104114 -0.00287567 0.00580877 0.00295706 0 -0.00236589 0.0060204 -0.00330388 0.00035502 -0.00597398 -0.00863684 0.000433461 -0.0106131 -0.00831149 -0.0171409 -0.00452181 0.00906443 0.016606 -0.0244269 -0.00316208 0.00451071 -8.73415e-06 -0.000113304 -0.00996335 5.90283e-05 -0.00836905 0.000295218 0.009857 -0.00337257 -0.00552451 -0.00305923 -0.00962611 8.15672e-05 0.000201031 0.00577039 0.0124223 0.0172343 -0.000190739 0.00440131 0.00648275 -0.000643652 0.00251305 -0.00139 -0.00297385 0.0020629 0.00715502 0.00329294 0 0.00275566 0.00744589 -0.0108427 -0.00725587 0.000248771 0.00424291
internal_weight=26947 5684 21263 1162 5526 1151 861 696 586 426 20101 290 4375 1209 971 802 4268 408 3860 1601 2259 1615 644 1477 1282 367 915 493 278 195 524 251 18892 18796 338 18458 479 17979 371 1108 968 844 410 17608 17492 1177 517 422 16315 1426 1288 14889 2799 12090 227 777 472 661 532 434 337 273 784 660 485
internal_count=26947 5684 21263 1162 5526 1151 861 696 586 426 20101 290 4375 1209 971 802 4268 408 3860 1601 2259 1615 644 1477 1282 367 915 493 278 195 524 251 18892 18796 338 18458 479 17979 371 1108 968 844 410 17608 17492 1177 517 422 16315 1426 1288 14889 2799 12090 227 777 472 661 532 434 337 273 784 660 485
is_linear=0
shrinkage=0.0577944


Tree=73
num_leaves=66
num_cat=0
split_feature=0 53 42 77 48 38 53 53 32 47 41 100 98 42 95 95 131 92 119 131 74 83 23 102 49 11 79 0 111 26 92 112 74 121 10 12 42 125 51 127 35 76 20 127 130 49 46 97 54 127 30 83 79 23 42 77 94 127 1 82 7 33 111 127 55
split_gain=9.25143 44.0813 25.8906 25.0921 21.3427 20.433 16.7248 20.948 17.7778 16.14 14.6192 17.5652 20.4696 13.6511 13.5097 20.0148 22.0091 25.2782 25.7419 18.333 18.1624 17.2298 16.5819 14.5928 14.8429 19.3678 22.7354 14.1437 13.9743 18.5842 15.1589 22.1441 14.4602 13.275 13.1676 13.1327 22.4088 14.9367 13.583 14.9043 12.7057 12.307 38.4749 18.5822 17.6194 17.2908 18.1626 16.5551 13.7052 12.198 12.0196 11.9486 11.933 11.6198 11.3548 11.1164 10.9856 10.8264 10.7434 12.9238 10.6405 10.6154 10.362 10.2416 10.6591
threshold=33.000000000000007 1033.8299006464601 -0.62678142150195082 33500.000000000007 18916.666666666668 -9916.6666666666661 1617.5375703075877 4059.9541878469477 5144.5397099759548 43000.000000000007 1746.0000000000002 0.0011029115157725757 28063.972298550751 -1.3729509338918888 0.11813234659305723 0.12757745133342169 -0.24999999999999994 751.00000000000011 1.0000000180025095e-35 0.6830127018922193 50004.000000000007 81875.000000000015 2450.6625892676984 5320.6471919348924 49333.333333333336 63500.000000000007 87500.000000000015 21.000000000000004 0.20576923076923079 7.5000000000000009 25125.000000000004 -0.32916666666666661 75500.000000000015 0.20714285714285716 107500.00000000001 50004.000000000007 0.096764124964523454 5.5000000000000009 48166.666666666679 184.50000000000003 0.12952699106520099 20500.000000000004 23250.000000000004 14.500000000000002 0.93301270189221952 22416.666666666668 21250.000000000004 25112.010308432855 1.0000000180025095e-35 187.50000000000003 57000.000000000007 46000.000000000007 71500.000000000015 3457.4590364176138 1.2909944487358078 59000.000000000007 0.088693259907285341 312.50000000000006 9.0000000000000018 33375.000000000007 13500.000000000002 29500.000000000004 0.324561403508772 92.500000000000014 6812.9531070931198
decision_type=2 8 10 10 10 2 8 10 2 8 2 2 2 10 10 10 2 10 10 2 8 10 10 2 10 10 10 2 8 2 10 10 8 10 10 10 10 2 10 2 2 8 10 2 2 8 10 2 10 2 2 10 10 10 10 10 10 2 2 10 8 2 10 2 10
left_child=5 10 -3 4 60 13 -6 49 -9 -5 11 -2 -13 -1 21 19 17 -17 56 -16 22 23 -18 24 35 27 61 -26 29 32 31 -31 -22 -11 -23 38 -37 -38 41 53 -29 42 43 -7 -45 46 -43 -47 -49 -8 -30 52 57 -40 -14 -34 -19 62 -10 -60 -4 -27 -24 -35 -65
right_child=1 2 3 9 6 14 7 8 58 33 -12 12 54 -15 15 16 20 18 -20 -21 28 34 51 -25 25 26 -28 40 50 30 -32 -33 55 63 -36 36 37 -39 39 -41 -42 45 -44 44 -46 47 -48 48 -50 -51 -52 -53 -54 -55 -56 -57 -58 -59 59 -61 -62 -63 -64 64 -66
leaf_value=576.64543367115368 -0.022231507675858363 -0.27771609234927919 -4.7535581319193589 2.020846736074426 -1.6712631100169513 1.6077118959594154 5.1092194207448749 -15.417198259085612 -26.457331535216973 -187.15520479802419 36.45606875661732 -0.91873697933117071 2.8609035513512109 14.537285781841863 10.462684357683345 -24.574625330048207 -1.6148099360886798 -21.104744307397915 2.3799746108698177 -3.523318867395862 -67.937002038324394 -297.59644314920803 6.3582723186009575 -92.404157114528218 8.5357733917824277 -3.2382022604328138 113.94414423514536 -22.589363993292114 -189.31492230499049 -23.608799626947711 139.21000839280373 45.763575462244113 24.665796749426772 2.9237091269328723 26.642924954208542 -22.039889933677593 3.7019060439166096 -0.80663512760728084 132.44600289048441 -0.20245833322447007 20.38893591269964 -0.88186299185103256 6.5251026283727454 -0.055502533799788527 4.8009791279776453 19.37200096312576 -131.70852526124713 -8.14738300798194 -0.023639219357514282 16.379225948987287 -2.933299396716341 4.391907750280537 196.79515352929113 1.4492161655376807 0.83531686133539074 -14.632085544887561 -3.3228192291291294 12.959333347944861 -0.8662205566598955 90.550593198242666 -71.153527788803046 -59.000294002785722 -3.8012469657893497 -36.607883218535093 -170.64613487223778
leaf_weight=98 631 5001 97 164 297 105 164 224 185 520 134 142 340 202 469 120 142 280 936 134 113 155 266 183 1026 511 150 133 103 124 181 290 145 192 95 121 124 522 116 238 157 162 124 1882 158 133 98 127 6326 119 187 290 117 149 119 127 319 172 164 163 110 169 119 107 176
leaf_count=98 631 5001 97 164 297 105 164 224 185 520 134 142 340 202 469 120 142 280 936 134 113 155 266 183 1026 511 150 133 103 124 181 290 145 192 95 121 124 522 116 238 157 162 124 1882 158 133 98 127 6326 119 187 290 117 149 119 127 319 172 164 163 110 169 119 107 176
internal_value=0.000119781 -0.00137811 -0.00309676 -0.00768013 -0.00264495 0.000887367 0 0.00360963 -0.00131749 -0.0141132 0.00813929 0.00593453 0.0129908 0.0157829 0.000620109 0.00330081 0.00177428 -0.00327081 -0.00112161 0.0131386 0.00536446 -0.00032471 0.0107761 -1.29771e-05 0.000211434 0.00459406 -0.00213975 0.00897338 0.000492688 0.00392909 0.0104168 0.00371847 -0.0056329 -0.0168946 -0.0152479 -0.000677926 -0.00794111 -0.00328 -7.72215e-05 0.00911369 -0.00174436 -0.000607553 0.00304831 0.00112596 -2.41981e-05 -0.00184668 -0.0164244 -0.00123542 -0.00168159 0.0169215 -0.0104114 0.0135528 0.017819 0.018487 0.01898 0.00101896 -0.0105395 0.0135983 0.00435704 0.0108198 -0.0197375 -0.00683783 0.0074185 -0.00916387 -0.0161143
internal_weight=26947 9049 7683 2682 1523 17898 1316 1019 736 1159 1366 1232 601 300 17598 4634 4031 1655 1535 603 2376 12964 1106 12714 12531 2146 830 1316 1270 980 595 414 385 995 250 10385 767 646 9618 503 290 9115 2269 2145 2040 6846 260 6586 6453 283 290 964 674 265 459 272 599 557 512 327 207 680 385 475 283
internal_count=26947 9049 7683 2682 1523 17898 1316 1019 736 1159 1366 1232 601 300 17598 4634 4031 1655 1535 603 2376 12964 1106 12714 12531 2146 830 1316 1270 980 595 414 385 995 250 10385 767 646 9618 503 290 9115 2269 2145 2040 6846 260 6586 6453 283 290 964 674 265 459 272 599 557 512 327 207 680 385 475 283
is_linear=0
shrinkage=0.0577944


Tree=74
num_leaves=66
num_cat=0
split_feature=38 59 63 48 79 95 0 39 53 50 110 0 99 95 51 38 112 44 130 26 48 77 42 21 40 9 92 121 125 26 47 87 102 63 127 47 35 26 127 125 127 99 64 39 63 26 21 1 95 107 35 125 125 23 15 32 26 110 127 22 123 102 64 85 23
split_gain=9.85139 15.1885 11.5525 11.6155 22.1616 10.2736 24.9376 27.4448 22.1662 19.884 20.12 19.1527 22.1034 26.4618 23.8649 18.856 17.6834 25.3416 17.481 24.5936 20.651 20.4613 17.4415 16.503 38.8387 23.1892 16.4913 16.3099 16.9641 16.1886 15.2173 14.6611 14.5663 14.6778 14.4046 14.341 13.7929 13.7847 16.572 14.7959 16.8624 18.8198 14.2322 13.5475 13.5421 19.948 16.8731 13.6521 13.4107 15.2735 16.6389 12.8135 25.3535 13.4151 12.7011 14.05 13.7972 12.3953 12.3176 11.898 13.1478 12.7989 11.4774 11.2245 14.698
threshold=15833.333333333334 15004.000000000002 36252.000000000007 112083.33333333336 127500.00000000001 0.051604805425958904 33.000000000000007 0.95380241648898367 8553.5518733794925 57333.333333333336 0.13961038961038963 39.500000000000007 29695.72427265728 0.041527637658373188 29250.000000000004 1083.3333333333323 0.10172413793103451 28252.000000000004 -0.6830127018922193 15.500000000000002 42333.333333333336 30500.000000000004 0.5007849312877598 2439.7501823712551 5500.0000000000009 28004.000000000004 751.00000000000011 0.13392857142857145 13.500000000000002 3.5000000000000004 18250.000000000004 5530.0000000000009 -11.748563576948071 502.00000000000006 232.50000000000003 43750.000000000007 0.10684091989537704 28.500000000000004 240.50000000000003 17.500000000000004 232.50000000000003 37563.181491787065 0.19615384615384621 0.89699381078691431 -1.0000000180025095e-35 13.500000000000002 3779.6447300908499 11.000000000000002 0.11813234659305723 11500.000000000002 0.10097483533407726 11.500000000000002 21.500000000000004 4847.2056175544139 31035.71428571429 2747.7112689719384 43.500000000000007 -0.26043478260869563 148.50000000000003 4488.07126755634 4250.0000000000009 -706.66556340491468 -0.12403846153846153 11875.000000000002 1003.0127031891813
decision_type=2 8 10 8 10 10 2 2 10 10 10 2 2 10 8 2 8 10 2 2 10 10 10 10 2 10 10 8 2 2 10 10 2 10 2 10 2 2 2 2 2 2 10 2 10 2 10 2 10 10 2 2 2 10 10 2 2 10 2 10 10 2 10 10 10
left_child=2 -2 3 4 5 8 23 37 11 27 -11 12 14 18 29 16 17 26 22 21 -21 -20 -14 63 25 30 -13 54 31 -1 -25 -29 34 -34 -31 -27 -30 42 39 -39 41 -41 44 -19 59 47 -47 -46 49 50 -26 -40 53 -53 55 -9 -56 -50 -37 61 -61 -8 -59 -7 -65
right_child=1 -3 -4 -5 -6 6 7 9 -10 10 -12 15 13 -15 -16 -17 -18 43 19 20 -22 -23 -24 24 48 35 -28 28 36 32 -32 -33 33 -35 -36 58 -38 38 51 40 -42 -43 -44 -45 45 46 -48 -49 57 -51 -52 52 -54 -55 56 -57 -58 62 -60 60 -62 -63 -64 64 -66
leaf_value=1.3737709320184119 -317.22501203151131 -7.2753629149748686 294.30267028066368 -265.93555831339472 148.80271931495173 13.434437443991595 -7.5935230293034683 2.8701199831952846 24.461804335241077 -239.84177409797343 -17.918365289072295 -0.23224757612629077 -0.065407250451883669 0.955404576664871 1.055179357921614 -22.292869736710678 -1.0966728479822412 6.2187644974230301 -3.3202329231187973 -9.9169505520841792 -0.63459881213015146 0.20577680365562581 0.18327595971024546 6.5022765465847669 9.2462468312465109 180.23555274638494 2.2663762735354651 -3.4310619575988044 53.046544599311439 0.0031251240775343786 -4.5596342947950346 52.902207545328942 0.058564823748218621 -0.091207389017697968 -0.090171899403355599 142.12665091943217 -84.948954577826072 -18.316676406331222 4.2043233576310355 -4.5699431857227877 -16.715231567953015 30.429936654727268 -44.561554379099356 4.4772554792930288 52.154852529423302 42.759713093640208 -6.1213516729460853 -6.0756973811538098 -12.933113833529896 -123.15857998304364 -1.77662405179505 -14.737069370617755 1.8795205709994938 3.661989621470751 -104.05945294491328 -49.899565829091571 -2.9051545553261464 29.902809744224005 8.1446924267897778 25.340260995488965 -39.57248907649987 2.088781733924916 4.84723055017718 -1.0714893234156611 -0.087151382657779192
leaf_weight=129 102 339 107 102 147 101 647 106 253 273 163 188 295 564 477 218 108 100 497 416 323 599 219 98 201 312 213 123 114 1215 168 124 989 496 601 254 266 280 424 112 111 141 118 283 254 569 217 460 143 211 1406 317 442 99 201 98 110 193 482 515 156 251 1367 207 6133
leaf_count=129 102 339 107 102 147 101 647 106 253 273 163 188 295 564 477 218 108 100 497 416 323 599 219 98 201 312 213 123 114 1215 168 124 989 496 601 254 266 280 424 112 111 141 118 283 254 569 217 460 143 211 1406 317 442 99 201 98 110 193 482 515 156 251 1367 207 6133
internal_value=-2.54239e-05 -0.00856448 0.000110873 2.59516e-05 0.000109556 -1.07299e-05 -0.000790693 -0.00359018 0.00167921 -0.0102642 -0.0208942 0.00111354 -7.24659e-06 -0.00384164 0.002806 0.00814204 0.0119316 0.0150361 -0.00658074 -0.00923802 -0.0174266 -0.00351452 0.00255299 0.000854949 0.00341453 0.0118824 0.00426674 -0.00599718 0 0.00105805 -0.00275787 0.0119685 0.000207355 0.00449865 -0.00320374 0.0157681 -0.00736451 -0.00148943 -0.00535754 -0.0129314 -0.00453912 0.0031231 0.000794447 0.0257045 0.00161501 0.00556859 0.0119231 -0.00119677 0.000194412 -0.00320022 -0.00114324 -0.00138733 -0.00555905 -0.0158273 -0.0135851 -0.00135303 -0.0209292 0.00392393 0.0108534 -0.002053 0.0035869 -0.00646646 0.00550275 -0.00103901 -0.00137444
internal_weight=26947 441 26506 26399 26297 26150 17967 6691 8183 1578 436 7930 6820 2913 3907 1110 892 784 2349 1835 739 1096 514 11276 4835 1314 401 1142 627 3430 266 247 3301 1485 1816 1048 380 5113 1926 644 364 253 3187 383 3069 1500 786 714 3521 1818 1607 1282 858 416 515 204 311 1703 736 1569 671 898 1560 6441 6340
internal_count=26947 441 26506 26399 26297 26150 17967 6691 8183 1578 436 7930 6820 2913 3907 1110 892 784 2349 1835 739 1096 514 11276 4835 1314 401 1142 627 3430 266 247 3301 1485 1816 1048 380 5113 1926 644 364 253 3187 383 3069 1500 786 714 3521 1818 1607 1282 858 416 515 204 311 1703 736 1569 671 898 1560 6441 6340
is_linear=0
shrinkage=0.0577944


Tree=75
num_leaves=66
num_cat=0
split_feature=121 45 25 33 31 15 47 50 55 51 95 56 26 102 45 42 51 102 38 95 59 7 30 32 95 77 0 102 101 124 112 0 26 59 125 112 17 10 100 102 11 112 77 95 1 131 63 34 16 35 26 0 92 102 80 45 94 125 110 93 76 94 38 127 53
split_gain=11.1774 20.6961 16.7453 13.2694 13.1313 12.9952 26.8471 17.1731 21.4068 16.4746 13.8622 23.7787 14.4252 18.1687 12.371 12.35 13.5345 11.3119 11.1916 12.5226 13.1624 15.1508 15.0418 21.1547 23.5162 13.447 13.2729 12.8873 17.766 14.6913 13.0779 19.8426 13.7793 12.696 12.3834 12.1321 13.7448 18.1244 13.372 15.4164 11.9582 11.1066 11.0397 10.7922 20.542 21.9209 20.8278 19.2998 18.0329 20.8606 25.2234 17.7951 17.0909 45.1222 26.3177 20.0583 18.5526 16.9659 16.6324 16.1687 15.166 14.9154 15.671 14.9018 16.783
threshold=1.0000000180025095e-35 17250.000000000004 6.5000000000000009 59000.000000000007 122500.00000000001 94464.285714285725 108750.00000000001 73500.000000000015 9755.2057704550989 84416.666666666686 0.018202740147074532 3004.0000000000005 33.500000000000007 -414.02530826632568 71250.000000000015 0.81649658092772792 28416.666666666668 -6.5216236948854194 -11499.999999999998 0.25621255526003894 2250.0000000000005 38500.000000000007 34500.000000000007 4189.267762675493 0.11145742962814478 19500.000000000004 21.000000000000004 -11.748563576948071 305.81929729190784 48.500000000000007 -0.061935920577617321 21.000000000000004 38.500000000000007 10004.000000000002 9.5000000000000018 -0.11696306429548563 49000.000000000007 45004.000000000007 -1.4791446684203036 5562.4243424297865 29500.000000000004 -0.037749287749287742 13500.000000000002 0.051604805425958904 11.000000000000002 0.6830127018922193 -3749.9999999999995 14125.000000000002 30575.000000000004 0.10722457412328122 10.500000000000002 39.500000000000007 7875.0000000000009 1120.7523287764427 71500.000000000015 53750.000000000007 0.1261357241084857 9.5000000000000018 -0.18634259259259256 0.026724760717823936 29500.000000000004 0.094698487645782634 -5416.666666666667 48.500000000000007 4133.1984307908233
decision_type=10 8 2 2 2 10 10 10 10 10 10 10 2 2 10 8 10 2 2 10 8 10 2 2 10 10 2 2 2 2 10 2 2 10 2 10 10 8 2 2 10 10 10 10 2 2 10 2 10 2 2 2 10 2 10 10 10 2 10 10 10 10 2 2 10
left_child=1 2 -1 4 5 7 -7 10 -9 14 11 12 13 -2 -10 16 -15 -4 -3 20 27 22 23 41 25 -25 -24 30 29 -29 -20 -32 -33 34 -23 -35 -37 -38 -39 -40 -30 -22 -19 48 45 52 -47 59 -12 51 -51 57 53 60 56 -56 -54 -50 61 -48 -45 -46 -63 -60 -65
right_child=3 18 17 -5 -6 6 -8 8 9 -11 43 -13 -14 15 -16 -17 -18 42 19 -21 21 33 26 24 -26 -27 -28 28 40 -31 31 32 -34 35 -36 36 37 38 39 -41 -42 -43 -44 44 58 46 47 -49 49 50 -52 -53 54 -55 55 -57 -58 -59 63 -61 -62 62 -64 64 -66
leaf_value=3.8839701102923097 -2.7358288561142232 306.36553437286341 -0.19122579131535924 86.659780303103318 -130.47778825555599 153.94108776853699 -29.616745836047173 2.4804212609912653 -15.086892169712748 -19.557664217117694 0.43541316651904716 -4.9963422940957196 -0.25840791790912843 0.010389774827170161 -277.31631155438345 -10.405982941155447 1.3192341305708362 0.039386368511487517 2.6094562052985717 46.379147617827144 -1.3116686651509659 9.2560485897938189 -1.0042958175715142 6.7917526072667975 -6.4446210795591226 0.18493249596107603 -15.10306754676485 0.159921636970623 -0.11650420973790129 -0.033690278706151336 0.006725376810163667 -2.6936500874575322 -0.0079780520987212545 -2.4372317918745363 0.33879493382530823 1.0422266913651532 -8.6603429083009846 -4.2355082937428286 3.7172359649436046 -64.122523789990396 2.2647157451733491 -0.079308581015643434 2.4811032379261451 -11.33528889140427 38.977107639855554 -3.3778531160846597 -4.133311394137194 -16.173846595719397 0.065314814764989002 -15.129688273232293 3.5400943501744457 2.0878344402882241 1.9207306815632581 -97.597628980681094 -15.52678070104797 5.4749366533443675 56.337158532920469 -7.2544743491623196 -4.8729181719529793 161.28248744556319 0.94780751333033109 -14.070709775762912 2.1844815433992104 0.10663791513891777 -1.7195576607122642
leaf_weight=204 101 98 204 98 158 194 135 527 108 348 2022 112 200 140 218 119 146 136 107 166 207 234 203 140 148 436 186 399 461 127 311 123 99 314 596 309 187 98 689 320 179 1012 117 170 135 514 117 162 133 136 373 120 1024 476 529 757 429 319 675 662 1700 130 360 2516 3074
leaf_count=204 101 98 204 98 158 194 135 527 108 348 2022 112 200 140 218 119 146 136 107 166 207 234 203 140 148 436 186 399 461 127 311 123 99 314 596 309 187 98 689 320 179 1012 117 170 135 514 117 162 133 136 373 120 1024 476 529 757 429 319 675 662 1700 130 360 2516 3074
internal_value=-0.000141225 0.00169281 0.0114697 -0.000899374 -0.00101933 -0.00086872 0.010407 -0.00108035 -0.00776679 -0.014577 -0.000605624 -0.00794058 -0.00365434 0.00123162 -0.0240115 0.00705521 0.0137506 0.004752 0.000758392 0.000457606 4.91287e-05 -0.00143116 -0.0048716 -0.00266807 0.00499406 0.0104591 -0.0152962 0.00430744 0.00794982 0.0158137 -0.00205302 -0.00601812 -0.0191933 0.00142585 0.00741016 -0.00107907 0.000858264 -0.00164178 0.00103344 0.00318859 0.00115476 -0.00736875 0.0130409 -0.000230164 -0.000950185 0.00135009 0.00760296 0.0127201 0.00282526 -0.00308347 0.00517209 -0.0107327 -0.00040725 -0.00405538 0.00265233 -0.00326558 0.00801023 -0.016099 -0.00315956 0.0165357 0 0.00568887 0.000568752 -0.00407389 -0.00304663
internal_weight=26947 7810 661 19137 19039 18881 329 18552 1201 674 17351 818 706 506 326 405 286 457 7149 7051 6885 5079 2332 1943 724 576 389 1806 1166 526 640 533 222 2747 830 1917 1603 1294 1107 1009 640 1219 253 16533 13430 6540 1455 941 3103 1081 509 572 5085 2346 2739 1286 1453 452 6890 779 1870 625 490 6265 5590
internal_count=26947 7810 661 19137 19039 18881 329 18552 1201 674 17351 818 706 506 326 405 286 457 7149 7051 6885 5079 2332 1943 724 576 389 1806 1166 526 640 533 222 2747 830 1917 1603 1294 1107 1009 640 1219 253 16533 13430 6540 1455 941 3103 1081 509 572 5085 2346 2739 1286 1453 452 6890 779 1870 625 490 6265 5590
is_linear=0
shrinkage=0.0577944


Tree=76
num_leaves=61
num_cat=0
split_feature=29 80 127 83 0 23 16 86 127 4 92 92 76 95 0 39 39 0 40 95 42 23 75 30 13 73 123 74 88 35 110 37 77 32 47 50 130 131 38 0 36 107 32 97 1 91 53 5 26 77 127 111 119 37 8 129 75 11 52 77
split_gain=10.606 9.69335 21.2369 12.2662 22.8998 11.8651 10.077 12.1386 12.3599 10.327 11.7622 23.5947 13.0853 10.4389 18.2275 30.2795 19.8023 18.19 19.7233 18.8157 18.1313 15.2829 21.446 24.6154 15.2076 19.0154 17.5632 18.3268 16.5054 13.7475 13.7393 15.6171 13.5302 22.781 14.5446 19.7418 13.7601 13.3793 12.4392 11.9528 11.5299 11.2958 10.7365 9.67478 9.27579 9.21306 8.86083 8.5883 8.29923 7.77208 7.70597 13.2917 7.6829 13.1353 7.55027 5.74862 5.077 4.79556 3.23514 2.68046
threshold=112083.33333333336 122504.00000000001 42.500000000000007 88125.000000000015 21.000000000000004 13271.047044418874 91350.000000000015 94375.000000000015 88.500000000000014 87500.000000000015 7875.0000000000009 1562.5000000000002 64000.000000000007 0.051604805425958904 21.000000000000004 0.8582010582010583 0.93771551724137947 39.500000000000007 2250.0000000000005 0.04422153284483795 0.72821908125441925 1003.0127031891813 20500.000000000004 34500.000000000007 51333.333333333336 67500.000000000015 1250.0000000000002 27350.000000000004 10500.000000000002 0.022587697572631283 0.031754032258064523 -2764.9999999999995 28500.000000000004 7702.6917772327706 27750.000000000004 27083.333333333339 -0.6830127018922193 1.0000000180025095e-35 -1666.6666666666649 21.000000000000004 0.75000000000000011 1996.0000000000002 2648.8823288137369 70001.974964922876 9.0000000000000018 3754.0000000000005 1033.8299006464601 40004.000000000007 20.500000000000004 31500.000000000004 64.500000000000014 0.081666666666666679 1.0000000180025095e-35 -1.0000000180025095e-35 45004.000000000007 1.0000000180025095e-35 45500.000000000007 40004.000000000007 8779.6793942693203 66500.000000000015
decision_type=2 8 2 10 2 10 10 10 2 8 10 10 10 10 2 2 2 2 2 10 8 10 10 2 10 8 8 10 8 2 8 2 10 2 8 10 2 2 2 2 2 10 2 2 2 10 8 8 2 10 2 10 10 2 8 2 10 8 10 10
left_child=1 3 -3 6 -5 -4 7 9 -9 13 11 52 50 17 15 -15 40 19 29 32 38 -17 37 -24 26 44 27 -18 -28 -19 31 -31 34 36 35 -1 -34 -23 -21 -36 49 42 -42 -27 -26 -43 -40 -13 -20 -16 -12 -52 53 -11 -55 -14 -49 -22 -35 -7
right_child=-2 2 5 4 -6 59 -8 8 -10 10 12 47 55 14 16 21 24 18 48 20 57 22 23 -25 25 43 28 -29 -30 30 -32 -33 33 58 39 -37 -38 -39 46 -41 41 45 -44 -45 -46 -47 -48 56 -50 -51 51 -53 -54 54 -56 -57 -58 -59 -60 -61
leaf_value=0.003441850416940498 -267.80366253964399 -15.753835351354473 4.0704697752685925 -217.74899832976712 9.0612533948259113 91.103943771284392 65.71048695527486 -0.34226122251029323 -170.21126023412671 33.140798947200054 109.97103414900934 -0.49072402650742925 -15.444908350582464 232.75416170287883 -0.45800562522101751 -0.79903297787761951 -17.811791160342931 -0.19646159388505791 -25.516667275719318 -0.13783619020145452 -3.3817827255501713 0.087283966364255297 -1.5626857881996714 0.59285632615020956 -205.98512043818806 -42.413554827208607 103.35153375701886 -0.38325821444427988 -11.950198938506356 0.95974411288256811 -0.3144793870136709 2.2181819033315251 0.058404331545959726 0.41785118297958673 0.0089066524651478934 -0.65473777012963585 -1.2699966289708831 2.3979647664211732 0.26161840336688663 0.14252543181498425 -5.732094959211036 0.50633608614044101 -0.35431333051136576 36.975532941436242 -35.870520438728164 17.144708149348794 2.3568626776532589 -54.173127368497532 2.2447377383657239 -115.98328750037295 63.103369265823602 -3.7018355580146021 -0.29449345641299768 1.4633719679449122 -0.99588993837899709 68.434591406865835 -12.724389991385157 0.84499337600432345 26.865360007659891 238.99972679167425
leaf_weight=1313 119 132 99 145 166 106 123 152 125 109 101 171 143 131 96 177 580 162 101 122 151 522 1736 4438 283 143 96 1655 121 151 120 434 477 112 1113 292 1686 600 103 721 188 632 3654 171 583 497 336 97 101 95 135 148 159 123 143 107 104 100 145 102
leaf_count=1313 119 132 99 145 166 106 123 152 125 109 101 171 143 131 96 177 580 162 101 122 151 522 1736 4438 283 143 96 1655 121 151 120 434 477 112 1113 292 1686 600 103 721 188 632 3654 171 583 497 336 97 101 95 135 148 159 123 143 107 104 100 145 102
internal_value=3.40018e-05 0.000118158 0.00860319 -1.72022e-05 -0.0113704 0.0171027 0.000112692 2.63955e-05 -0.0119247 0.000163957 0.00475024 0.00030858 0.0107768 -0.000121748 -0.000954427 0.00110049 -0.00275167 0.00161854 0.008615 0.000466341 0.00870779 0.000586382 0.00102024 -0.000288678 -0.00602292 -0.0114697 -0.00331541 -0.00490197 0.0120243 0.0124735 0.0159787 0.0196303 -0.000649236 -0.00397925 0.00164289 -0.00229451 -0.00597193 0.00836335 0.0145259 0.00518543 -0.000412368 9.12687e-05 -0.00136551 0.000155784 -0.0158781 0.0051984 0.0190542 -0.0106005 -0.00699361 -0.014227 0.017433 0.0112713 0.00826534 0.0128074 0.00490314 0 -0.0186204 -0.003602 0.0119528 0.0248385
internal_weight=26947 26828 439 26389 311 307 26078 25955 277 25678 1540 906 634 24138 16398 7604 8794 7740 1069 6671 812 7473 7296 6174 3632 1180 2452 2235 217 867 705 585 5859 2420 3439 1605 2163 1122 561 1834 5162 4971 3842 314 866 1129 439 372 202 191 384 283 534 375 266 250 201 251 257 208
internal_count=26947 26828 439 26389 311 307 26078 25955 277 25678 1540 906 634 24138 16398 7604 8794 7740 1069 6671 812 7473 7296 6174 3632 1180 2452 2235 217 867 705 585 5859 2420 3439 1605 2163 1122 561 1834 5162 4971 3842 314 866 1129 439 372 202 191 384 283 534 375 266 250 201 251 257 208
is_linear=0
shrinkage=0.0577944


Tree=77
num_leaves=66
num_cat=0
split_feature=60 54 0 23 48 98 26 0 39 100 5 112 47 112 9 85 86 52 95 89 74 38 77 12 89 46 64 26 11 92 95 23 102 64 55 127 7 34 130 46 7 48 42 120 50 86 95 43 74 33 11 94 94 127 127 59 40 9 102 63 50 80 95 111 54
split_gain=9.77409 12.4285 28.432 21.6926 18.2553 16.8161 18.1034 14.0932 21.9295 16.9527 16.1701 22.8565 19.7658 16.8238 16.5275 14.8874 15.3513 21.8092 15.5442 14.5373 19.016 14.536 16.802 24.7958 18.7478 18.3654 17.325 15.0593 18.27 14.1357 13.4595 15.9468 14.9853 17.174 15.9273 16.8916 12.9991 12.8001 12.7688 29.4201 14.3444 12.595 12.4699 11.7998 11.4792 11.3651 17.0738 16.5777 14.9753 23.7119 14.6571 11.2862 15.0654 11.2031 11.0524 11.046 10.7876 10.7824 10.5923 12.7647 13.7416 12.1808 11.9147 12.5481 10.4949
threshold=-749.99999999999989 938.80963562504564 21.000000000000004 520.83045976227731 28250.000000000004 29867.239141447852 12.500000000000002 21.000000000000004 0.86781609195402309 195.53832899990451 25500.000000000004 0.55777777777777793 32250.000000000004 -0.10912698412698411 31004.000000000004 86875.000000000015 78875.000000000015 8005.2049468993073 0.18497220743956863 2900.0000000000005 26500.000000000004 -7416.6666666666652 30500.000000000004 20004.000000000004 8500.0000000000018 14750.000000000002 0.053101503759398504 14.500000000000002 69000.000000000015 6625.0000000000009 0.046150185033786463 980.26503570729449 -11.748563576948071 -0.01680790960451977 938.80963562504564 208.50000000000003 61000.000000000007 962.50000000000011 -0.93301270189221919 27425.000000000004 27350.000000000004 32000.666666666668 0.35357143179302458 0.13392857142857145 28083.333333333339 67375.000000000015 0.12488774778529056 0.54166666666666685 66000.000000000015 26500.000000000004 65030.000000000007 0.082041265414235884 0.028938904809553464 166.50000000000003 344.50000000000006 14500.000000000002 16500.000000000004 79000.000000000015 1362.1515891638885 -1749.9999999999998 19083.333333333339 29500.000000000004 0.089417044045289801 -0.072751322751322733 3746.0668200034279
decision_type=10 8 2 10 10 2 2 2 2 2 10 8 10 8 10 10 10 10 10 10 10 2 10 10 10 10 10 2 10 10 10 10 2 10 8 2 8 2 2 10 10 10 10 10 10 10 10 2 8 2 8 10 10 2 2 10 2 10 2 10 10 10 8 10 10
left_child=-1 2 3 38 -5 6 -6 8 -3 54 11 58 14 15 19 16 18 -18 41 37 -21 29 23 24 25 -23 -25 28 -24 -11 31 32 33 -4 35 -34 -29 -12 -2 -40 -41 -14 -35 -22 -32 46 47 55 50 -50 -47 52 -49 -53 -9 -15 -19 -51 59 62 -61 64 63 -10 -62
right_child=1 7 30 4 5 -7 -8 9 10 21 12 -13 13 45 -16 -17 17 56 -20 20 43 22 27 26 -26 -27 -28 36 -30 -31 44 -33 34 42 -36 -37 -38 -39 39 40 -42 -43 -44 -45 -46 48 -48 51 49 57 -52 53 -54 -55 -56 -57 -58 -59 -60 60 61 -63 -64 -65 -66
leaf_value=1.0331922329454368 -0.40940531779898165 163.89291336211835 1.9665456399103063 -0.69072628869184771 29.907452560108993 -5.7598308186532856 -0.081983728313629267 -0.0091497694027047709 -0.33923055983024186 -18.098472568639671 -0.010964775354882684 81.38860713797277 0.55726382080687298 0.11824325495854002 -7.0566806078929254 -120.27809318720223 43.376759684010423 15.337140709511873 6.6133853526620117 -18.563830710129391 2.5694905460624895 15.077814754028703 -41.332527067196061 -0.98933029386914406 -77.905894203037846 -11.30765532640512 11.260939277049738 -40.443446514139076 26.086214704248604 45.498551801791038 0.10835741469929519 3.176901440820092 1.0757705320404727 0.0062285458518917978 -0.77778624401916374 0.04099360443056916 -185.55199483950065 -1.5655362658160474 28.033457454368659 -0.5970978503491533 0.030887882480954497 -1.6544406202652413 -0.58377157024095339 -0.10294415994201121 -2.3028172965382789 -0.74284748766074793 24.705538243297813 -0.24910902381147557 51.357284366918286 -95.507469186898959 -96.616132232894003 2.5112162322899252 1.2338810708703778 -9.2399942679729605 -4.6699258106959594 259.58260069283506 -59.724413779822797 13.47737706161443 -7.2123164629046794 0.071373161128433726 97.085205653099237 0.70240232325605056 1.4358040469316604 -25.777003586442607 1.1187839189986235
leaf_weight=4043 97 165 179 340 108 206 200 5863 108 193 209 95 98 129 237 112 110 115 121 158 224 121 350 472 146 515 365 807 195 240 104 210 316 289 136 196 216 277 121 97 539 1314 146 176 115 350 433 670 239 99 247 151 835 268 279 166 106 187 215 1350 106 237 221 96 119
leaf_count=4043 97 165 179 340 108 206 200 5863 108 193 209 95 98 129 237 112 110 115 121 158 224 121 350 472 146 515 365 807 195 240 104 210 316 289 136 196 216 277 121 97 539 1314 146 176 115 350 433 670 239 99 247 151 835 268 279 166 106 187 215 1350 106 237 221 96 119
internal_value=2.97129e-05 -0.000426015 0.00278331 -0.00239281 -0.0089553 -0.00165938 0.00646896 -0.000994985 0.000544687 -0.00254992 0.000161991 0.00412101 -0.00124764 0.000169318 -0.007733 -0.00411269 -0.00275 0.0082708 -0.0052609 -0.00435115 0.00173522 -0.00569196 -0.00706226 -0.00277343 -0.0102178 -0.00550061 0.00397872 -0.0113594 -0.00314638 0.00395387 0.00811302 0.0101399 0.00743806 0.000641741 0.0135618 0.0182617 -0.0155328 -0.011674 0.00396724 0.00667746 0.00134276 -0.00705812 -0.00525413 0.00871859 -0.00464 0.0024611 0.00454571 0.00238874 -0.00230353 0.00457797 -0.00864943 0.000325511 0.00275314 -0.00791596 -0.000666361 0.015079 -0.00150808 -0.00616191 0.00293881 0.0041753 0.00633068 0.015008 -0.00456733 -0.0147286 0.024761
internal_weight=26947 22904 3399 1708 854 514 308 19505 9743 9762 9578 2547 7031 5750 1281 1976 1864 331 1533 1044 558 3620 3187 1619 782 636 837 1568 545 433 1691 1472 1262 614 648 512 1023 486 854 757 636 1412 435 400 219 3774 2652 2219 1122 525 597 1924 1505 419 6142 295 221 286 2452 2237 1812 462 425 204 225
internal_count=26947 22904 3399 1708 854 514 308 19505 9743 9762 9578 2547 7031 5750 1281 1976 1864 331 1533 1044 558 3620 3187 1619 782 636 837 1568 545 433 1691 1472 1262 614 648 512 1023 486 854 757 636 1412 435 400 219 3774 2652 2219 1122 525 597 1924 1505 419 6142 295 221 286 2452 2237 1812 462 425 204 225
is_linear=0
shrinkage=0.0577944


Tree=78
num_leaves=66
num_cat=0
split_feature=60 128 89 31 127 112 42 112 127 127 100 54 92 42 52 106 112 127 42 95 34 102 127 49 112 23 75 76 127 28 31 83 13 29 31 127 92 89 99 53 55 22 72 74 35 102 32 100 130 23 26 124 124 51 9 42 86 4 36 79 127 12 125 63 130
split_gain=10.3055 10.1319 10.8632 16.2669 9.98561 9.79915 13.1148 12.1628 12.8045 12.5776 15.7956 14.5452 15.7264 15.0253 12.6126 11.2581 10.6259 10.5976 10.8501 9.93433 9.9117 9.2644 25.103 20.8802 20.5025 18.0163 15.3346 17.3937 14.877 14.8077 22.3045 10.797 13.2018 8.96503 13.3765 22.9697 21.9914 21.5368 18.6304 21.5649 25.8604 15.944 15.8709 16.3045 15.7156 15.6363 14.7012 14.2564 14.074 23.4688 18.4971 13.5367 12.7567 12.5174 10.9663 10.6715 10.0301 11.2996 9.82526 9.57286 8.60412 8.55148 8.54592 8.51259 8.25911
threshold=-1249.9999999999998 -0.8783796973249266 46504.000000000007 77500.000000000015 68.500000000000014 -0.17321428571428568 -1.6305496484937128 -0.1830143540669856 12.500000000000002 149.50000000000003 77.453785075289503 10820.48809584292 10375.000000000002 0.5007849312877598 3013.8556183179985 -2499.9999999999995 -0.22967032967032966 176.50000000000003 -1.146970687356559 0.10219463632129139 9875.0000000000018 6110.2066057346647 173.50000000000003 72833.333333333358 1.3875000000000002 10961.007169093331 59000.000000000007 77500.000000000015 86.500000000000014 91250.000000000015 122500.00000000001 85625.000000000015 80333.333333333358 16916.666666666668 28500.000000000004 203.50000000000003 751.00000000000011 3750.0000000000005 27964.119483032027 4291.4288100511321 547.72255750516626 1780.5419597215671 27350.000000000004 23500.000000000004 0.2329424586348576 216.65364498711736 4451.5879332557261 -0.0023542226917925286 -0.6830127018922193 2491.3643956121828 37.500000000000007 44.500000000000007 1.5000000000000002 26916.666666666668 18500.000000000004 0.57657966001976846 18125.000000000004 16500.000000000004 0.91666666666666685 28504.000000000004 109.50000000000001 71000.000000000015 10.500000000000002 -5014.9999999999991 -0.6830127018922193
decision_type=10 2 10 2 2 8 10 10 2 2 2 10 10 10 10 10 10 2 10 10 2 2 2 10 10 8 10 10 2 2 2 10 10 2 2 2 10 10 2 10 8 10 10 10 2 2 2 2 2 10 2 2 2 10 10 10 10 8 2 10 2 10 2 10 2
left_child=1 -1 3 -3 -5 6 -2 8 -8 11 14 12 13 15 -11 63 17 -16 -19 -20 -13 25 24 64 29 31 -27 28 -28 -23 -31 32 33 54 35 36 42 58 39 40 -36 45 43 -35 59 47 -39 -37 49 55 -51 52 -50 -42 56 -40 57 -7 -38 -41 -4 -14 -56 -10 -24
right_child=5 2 60 4 -6 21 7 -9 9 10 -12 20 61 -15 16 -17 -18 18 19 -21 -22 22 23 -25 -26 26 27 -29 -30 30 -32 -33 -34 34 38 41 37 46 48 44 53 -43 -44 -45 -46 -47 -48 -49 51 50 -52 -53 -54 -55 62 -57 -58 -59 -60 -61 -62 -63 -64 -65 -66
leaf_value=18.784165856816077 96.209971187401251 0.71605411424460552 88.783256010597768 2.068126605699955 -90.519527001720931 0.082428360753113397 -25.490685069604293 -17.777668985018568 10.362190774613767 0.53615320545690226 -56.157018688994917 2.0831172019846709 2.6924499677031326 -2.0953658036565517 -35.116760370977268 45.578938281773269 0.35424496011308593 -9.3951585919696043 -4.2982994413652067 0.090298712955003385 -61.846575259866732 -77.948066720604118 -0.029248466732154681 -112.54331936627553 69.478936015030015 32.336879129574207 25.072012622295144 52.391711875067109 -121.19042719935663 118.02245999279675 -246.47281379162541 -284.81118666793685 92.480284052828196 -0.20828059523274761 -0.14553944281292167 -0.27492852775943172 -0.35171371744835306 0.21586808614379738 0.088068015676754721 -0.53331972730179011 1.3352371368868492 2.1910553046129828 0.13554401693289359 -2.8571910444536566 8.1366882653549482 -3.4419049776797412 -36.048748625941251 0.019335270903248384 -2.5590270765459238 10.746599677323642 -1.4321663191016201 -1.5270694652107186 0.014288573260969785 17.998824807740274 4.2133973052623812 0.38614513147989776 -4.0832097906615132 3.6153687339113567 3.3891608507798399 -12.916918511158537 -1.2126558230527718 105.35625868152239 0.19222863780140018 -3.9165469093875491 161.85623625523661
leaf_weight=459 132 2087 206 257 425 1179 127 161 99 218 229 262 100 128 135 237 459 186 118 575 243 493 103 170 101 211 98 177 103 128 106 115 100 609 102 543 100 578 660 238 101 100 185 106 222 298 96 232 2607 130 1148 293 6136 296 105 407 114 149 457 126 131 154 158 192 247
leaf_count=459 132 2087 206 257 425 1179 127 161 99 218 229 262 100 128 135 237 459 186 118 575 243 493 103 170 101 211 98 177 103 128 106 115 100 609 102 543 100 578 660 238 101 100 185 106 222 298 96 232 2607 130 1148 293 6136 296 105 407 114 149 457 126 131 154 158 192 247
internal_value=-0.000196982 0.00268622 0.00142851 0.000163759 -0.00749245 -0.000644675 -0.00335005 -0.00404573 -0.00324971 -0.00249043 -0.00555454 0.00154247 0.00600186 0.000951452 -0.00347419 0.00553095 -0.0054747 -0.00879669 -0.00614722 -0.00247771 -0.0061222 -0.00011734 -0.00474087 0.00495297 -0.0110427 0.000214505 0.0101321 0.00255414 -0.00844156 -0.0145479 -0.00166894 -0.000107321 0 -0.000111947 -0.000552741 -0.00382434 -0.000158554 0.00476885 0.000300599 0.00753255 0.0163185 -0.0103098 -0.00709188 -0.0110903 0 -0.0124488 -0.00194998 -0.007711 -0.000374937 0.00358952 -0.00157207 -0.00142485 -0.000990214 0.0230736 0.00385167 0.00992693 0.00171358 0.00324938 0.0131857 -0.00737061 0.0111811 0.0181544 0.0147208 -0.00154213 0.0132228
internal_weight=26947 3565 3106 2769 682 23382 3755 3623 3462 3335 1920 1415 910 656 1691 528 1473 1014 879 693 505 19627 1348 520 828 18279 589 378 201 727 234 17690 17575 17475 15770 3304 2131 1231 12466 1085 499 1173 900 715 586 1073 674 775 11381 2345 1278 9036 8743 397 1705 1067 1442 1328 557 364 337 254 263 291 350
internal_count=26947 3565 3106 2769 682 23382 3755 3623 3462 3335 1920 1415 910 656 1691 528 1473 1014 879 693 505 19627 1348 520 828 18279 589 378 201 727 234 17690 17575 17475 15770 3304 2131 1231 12466 1085 499 1173 900 715 586 1073 674 775 11381 2345 1278 9036 8743 397 1705 1067 1442 1328 557 364 337 254 263 291 350
is_linear=0
shrinkage=0.0577944


Tree=79
num_leaves=66
num_cat=0
split_feature=125 47 55 51 28 127 12 50 19 53 53 11 35 77 16 0 99 8 39 125 127 54 33 45 16 125 0 125 102 12 131 0 95 63 86 9 110 8 102 26 46 125 77 2 127 16 91 64 102 112 101 54 50 111 25 95 120 127 100 39 35 55 100 92 51
split_gain=10.4168 22.9527 21.2997 22.2185 18.0401 18.4586 35.2357 24.0322 30.3013 23.391 21.1842 29.0417 19.7746 22.9909 26.3155 19.9807 18.618 17.6832 35.2279 16.4052 15.7111 15.6219 15.5219 21.971 25.4627 22.862 15.4498 14.9969 18.1432 16.0161 14.7651 13.5752 13.3484 13.1225 15.7919 13.8942 12.9975 12.6895 12.5878 12.5481 14.7587 15.2716 12.3992 12.381 12.1606 12.1445 12.0858 12.0834 15.7648 12.0545 11.9405 11.8603 15.084 11.7809 11.6518 11.1996 12.3781 25.7341 18.1958 14.3179 14.9976 14.0892 13.2968 12.07 19.0075
threshold=13.500000000000002 91250.000000000015 11094.276934668602 50916.666666666679 98750.000000000015 74.500000000000014 71000.000000000015 66250.000000000015 88750.000000000015 7767.4238280567261 865.54360876699582 30500.000000000004 0.09938079899999068 25500.000000000004 27966.800000000007 13.000000000000002 28983.996243051504 71000.000000000015 1.0434948954516516 22.500000000000004 201.50000000000003 12127.779608940544 44500.000000000007 61250.000000000007 47166.80000000001 7.5000000000000009 39.500000000000007 21.500000000000004 -349.69545938376172 30500.000000000004 -0.24999999999999994 13.000000000000002 0.20648818318570497 -10499.999999999998 67375.000000000015 69000.000000000015 -0.063508064516129017 61000.000000000007 4451.4807600542781 17.500000000000004 78750.000000000015 26.500000000000004 39000.000000000007 32500.000000000004 311.50000000000006 52000.133333333339 7875.0000000000009 -0.017700501253132828 -16.907095644608486 0.13714733542319751 1917.2776691654337 6055.7415019990885 47666.666666666679 -0.15672514619883038 7.5000000000000009 0.051604805425958904 0.20714285714285716 325.50000000000006 632.11050896670724 0.6708333333333335 0.23775777841316761 8231.0248069064091 1073.6945882893053 9874.0000000000018 49000.000000000007
decision_type=2 10 10 10 2 2 10 10 10 10 10 10 2 10 10 2 2 8 2 2 2 10 2 10 10 2 2 2 2 8 2 2 10 10 10 10 10 8 2 2 10 2 8 2 2 10 10 10 2 10 2 10 8 10 2 10 10 2 2 2 2 10 2 10 10
left_child=1 2 22 -4 5 6 10 12 39 -8 11 -2 13 20 15 -15 47 -5 -19 -6 -7 38 23 24 42 32 45 28 -18 -29 -30 -10 37 34 -14 55 -3 -25 46 53 41 -41 -1 -32 -44 -26 49 -16 -49 -12 -51 52 -47 -9 -27 -35 58 61 59 -57 -61 62 -58 -60 -65
right_child=4 36 3 17 19 7 9 8 31 -11 21 -13 33 14 16 -17 27 18 -20 -21 -22 -23 -24 25 26 54 -28 29 30 -31 43 -33 -34 35 -36 -37 -38 -39 -40 40 -42 -43 44 -45 -46 51 -48 48 -50 50 -52 -53 -54 -55 -56 56 57 -59 63 60 -62 -63 -64 64 -66
leaf_value=0.064819669349251638 9.275343541391214 186.77834397185225 22.025638490560635 -24.614272141413888 -415.81273856372553 32.45209723744405 782.64202061919832 -52.19770790902939 -15.641514735526881 30.536692426631742 -0.60515401415037107 -1.6754022013421179 64.326270643581523 -1.415444046635854 0.29055474717887225 -0.20770626958969818 -9.3195340333303012 34.106126900231992 -152.85610603566701 52.009099054901895 -0.0073079081874756688 14.197919952165993 -69.532172463179705 230.56411605553598 -1.4952322772893127 19.172617534375231 -88.723011315505545 -2.7572979186647344 1.0216531045260584 0.23312928301554095 -0.068393390074391505 219.42082491041748 15.492756939947892 0.14739008942293946 0.10440600555245758 57.397237664869515 64.357751310048371 65.458473488483719 -83.609612616867267 -155.23161701811907 29.877353341401822 1.9691832616161389 7.7195971946563695 -24.042243503945528 -4.2017535005719369 1.1938315506809563 67.527253611308936 -0.041691018617433573 0.058501758868594093 4.5909507017720603 -1.8017705497917722 2.3455354785840554 -57.006648349678692 -259.83177759643223 -75.086737184903683 -6.0482287213438983 5.6665127092879679 136.17783606269168 -55.780000027075069 -0.26749343746561532 2.4289193347793026 -33.754007449599861 -21.3865604514531 16.326892622267213 -114.69557128075385
leaf_weight=6327 290 95 135 619 177 120 107 126 122 168 1394 112 153 184 116 278 287 157 167 96 211 216 181 130 808 312 102 330 222 639 188 104 160 1265 191 181 164 298 199 226 161 121 785 175 97 109 162 313 233 105 121 674 224 177 162 215 514 207 740 2924 531 235 332 153 120
leaf_count=6327 290 95 135 619 177 120 107 126 122 168 1394 112 153 184 116 278 287 157 167 96 211 216 181 130 808 312 102 330 222 639 188 104 160 1265 191 181 164 298 199 226 161 121 785 175 97 109 162 313 233 105 121 674 224 177 162 215 514 207 740 2924 531 235 332 153 120
internal_value=-0.000188404 0.00109995 0.000695808 -0.00699343 -0.00118989 -0.000906618 0.00323088 -0.0019055 -0.0103243 0.0228052 0.00106278 0.0132375 -0.00109657 -0.00484957 -0.00650012 -0.0192302 -0.004055 -0.0102505 0.000151026 -0.015861 0.00930777 -0.00109935 0.00151476 0.00183088 0.000891697 0.00970229 -0.00499141 -0.00707719 -0.0126003 -0.00189332 -0.00627205 0.00777355 0.0172831 0.000475309 0.0114549 -1.44522e-05 0.0180287 0.0226213 -0.00279173 -0.0156021 -0.00936362 -0.01614 0.00248293 -0.0135424 0.0089332 -0.00361868 -0.00112829 0.0040697 9.00002e-05 -0.00273612 0.00928515 0.000449333 -0.00822163 -0.0252481 0 -0.000437929 -0.0015077 0.00343953 -0.00290866 -0.000957453 0 0 0.00332419 -0.009772 0
internal_weight=26947 11706 11447 1078 15241 14968 2874 12094 1037 275 2599 402 11057 3296 2965 462 2503 943 324 273 331 2197 10369 10188 9126 1062 1917 1841 872 969 585 226 588 7761 344 7417 259 428 1981 811 508 347 7209 363 882 1815 1782 662 546 1620 226 1007 333 303 474 7236 5971 1288 4683 3670 3455 1081 846 1013 273
internal_count=26947 11706 11447 1078 15241 14968 2874 12094 1037 275 2599 402 11057 3296 2965 462 2503 943 324 273 331 2197 10369 10188 9126 1062 1917 1841 872 969 585 226 588 7761 344 7417 259 428 1981 811 508 347 7209 363 882 1815 1782 662 546 1620 226 1007 333 303 474 7236 5971 1288 4683 3670 3455 1081 846 1013 273
is_linear=0
shrinkage=0.0577944


Tree=80
num_leaves=66
num_cat=0
split_feature=108 49 63 59 0 38 39 42 94 60 121 64 112 0 22 55 64 127 120 112 111 95 86 0 55 125 95 48 86 95 95 9 26 100 35 55 127 16 23 127 16 81 92 59 34 32 127 120 93 26 95 94 89 26 102 40 100 127 49 22 93 52 42 22 7
split_gain=9.19839 8.98025 10.5241 21.0219 16.7467 21.0197 24.6721 17.8247 17.6892 15.9877 15.3944 15.9132 25.0739 13.4724 18.3001 16.7174 13.1534 11.9672 11.8248 15.308 12.8538 12.7544 13.6737 12.2205 32.5122 26.1176 19.4833 18.7034 26.9273 17.0926 25.062 17.0173 16.0511 14.364 14.029 13.8989 31.7095 17.7385 13.0926 13.8745 16.2391 12.8954 11.4694 15.5008 16.7579 13.8553 11.1255 25.9779 18.0598 12.5975 12.3145 23.5789 15.5842 11.111 10.9154 10.7651 12.2386 10.6867 21.8493 10.6573 17.0953 10.4723 10.4391 10.2404 10.0435
threshold=-0.28174603174603169 116250.00000000001 425.00000000000006 51000.000000000007 21.000000000000004 -1124.999999999998 0.96609195402298864 -0.7910574815474487 0.22389721351673289 1250.0000000000002 0.20714285714285716 0.24662162162162166 0.29814814814814822 33.000000000000007 4258.1531362624091 5569.2590634838352 0.03478523895946764 290.50000000000006 0.22649572649572652 0.3675324675324676 0.11324786324786326 0.17706316898945443 62125.000000000007 21.000000000000004 1866.3636829447485 16.500000000000004 0.019492236587039653 28250.000000000004 31812.500000000004 0.049790115748718507 0.024464183452037335 45004.000000000007 4.5000000000000009 -357.75758304633558 0.022587697572631283 764.22220229521076 190.50000000000003 30683.333333333339 15987.152843062664 169.50000000000003 50916.666666666679 28750.000000000004 550.00000000000011 5500.0000000000009 4125.0000000000009 5435.9892245471428 46.500000000000007 1.0000000180025095e-35 0.046416689667788669 4.5000000000000009 0.10753518407341338 0.043513973655159591 24500.000000000004 39.500000000000007 -8019.3814719656575 8004.0000000000009 24.580511544740151 174.50000000000003 27083.333333333339 5041.0403600932095 0.047439586879476553 3268.5358852350651 -0.64549722436789991 4643.9136583207501 59000.000000000007
decision_type=10 8 10 10 2 2 2 10 10 10 10 10 8 2 10 10 8 2 10 8 8 10 10 2 10 2 10 10 10 10 10 8 2 2 2 10 2 10 10 2 10 10 10 10 2 2 2 10 10 2 10 10 10 2 2 2 2 2 10 10 10 10 8 10 10
left_child=-1 2 9 4 5 7 -7 -4 10 18 11 12 13 14 15 -6 -11 -14 19 23 59 22 -20 24 25 26 41 62 -29 30 35 32 -32 38 -27 57 37 -37 39 54 -41 -2 43 -35 -45 -44 47 49 -49 -26 52 -52 -48 -38 -31 56 -15 -25 -59 60 -21 -53 -28 -47 -12
right_child=1 -3 3 -5 8 6 -8 -9 -10 16 64 -13 17 55 -16 -17 -18 -19 21 20 -22 -23 -24 29 46 34 27 28 -30 33 31 -33 -34 42 -36 36 53 -39 -40 40 -42 -43 45 44 -46 63 50 48 -50 -51 51 61 -54 -55 -56 -57 -58 58 -60 -61 -62 -63 -64 -65 -66
leaf_value=90.334134605781543 0.090805294138634113 -78.534892330966471 108.63605440414796 -212.13200652136462 -0.21672008547058511 -2.4060007142862219 0.25457927131098029 29.598727339516504 -97.863446335541937 -7.5143675901266969 21.48332400024676 42.849686503118754 -52.056268977688447 -0.35699464483811572 41.608133407359389 -22.096398028190489 0.92682121161377495 0.20178971999664605 -4.2198864847731539 2.9152903589496604 -1.1616904535528407 17.217653771910907 -232.10135702942063 1.6128388939306884 -0.62473456721473886 -0.027578904178559443 -0.26166489355150374 2.54737048897407 -40.282591825909961 109.95831575929979 -1.8397679993789493 -1.8888711106282019 2.3211757796291654 1.5103684234916286 -1.7156697530215814 -0.68441466966996689 0.9106273587889252 -0.44838446979866858 -29.898147774661606 1.7381270103097601 -33.500375704275214 -0.16955847430288679 -8.3441188071478791 -1.9094341314606951 0.45102958934777021 -4.1197423342061912 -0.013904347753543949 2.0261551514476328 -3.5810832279534655 -15.210933316606459 5.8740904232909017 4.6728110756189416 -84.846589104314234 -0.011072981851563619 4.8863965164985501 -90.280942434304123 2.4423358668491009 0.055120684149312843 -0.31073199974468924 72.715420496442306 -8.2555766557827504 0.091313375082926584 -2.4527739943639926 8.1823992971126174 -9.5440405214195838
leaf_weight=175 294 128 281 96 551 115 3749 436 121 1066 763 209 443 584 168 210 487 147 366 304 344 118 162 191 217 228 101 220 100 159 110 136 793 157 563 253 147 183 123 925 310 153 921 160 359 507 3237 156 106 232 244 105 108 158 805 146 859 108 145 185 115 1148 136 243 378
leaf_count=175 294 128 281 96 551 115 3749 436 121 1066 763 209 443 584 168 210 487 147 366 304 344 118 162 191 217 228 101 220 100 159 110 136 793 157 563 253 147 183 123 925 310 153 921 160 359 507 3237 156 106 232 244 105 108 158 805 146 859 108 145 185 115 1148 136 243 378
internal_value=-0.000149803 -0.000243597 -0.000162351 0.00140348 0.00170831 0.00418362 0.00243371 0.0133058 -0.000729689 -0.00100644 -8.8809e-05 -0.002121 -0.0032108 -0.00061557 -0.00618948 -0.0101204 -0.00660437 -0.0139134 -0.000444652 -0.000105967 0.00697707 -0.00808579 -0.0120564 -0.000591786 -0.00223944 -0.00899358 -0.00257335 -0.00988558 -0.000152894 0.00113852 0.00531538 0.0118569 0.0147837 -0.000814588 -0.0168679 -0.000284767 -0.00526821 -0.0153699 0.00235749 0.00346009 -0.000459944 0.00614068 -0.00402907 0.00211437 -0.00241792 -0.00662217 -1.93004e-05 -0.00678382 0.00715464 -0.0153115 0.000940564 0.00531009 -0.000964083 0.00859327 0.00865393 0.00253533 0.00414979 0.00760281 0 0.0120703 0.00627408 0.00192535 -0.0220826 -0.000525897 0.0056489
internal_weight=26947 26772 26644 9256 9160 4581 3864 717 4579 17388 4458 3317 3108 2518 929 761 1553 590 15835 15189 948 646 528 14241 7348 1795 1004 557 320 6893 2224 1039 903 4669 791 1185 741 436 2322 2199 1235 447 2347 676 519 1671 5553 711 262 449 4842 1497 3345 305 964 1589 1443 444 253 604 419 1253 237 750 1141
internal_count=26947 26772 26644 9256 9160 4581 3864 717 4579 17388 4458 3317 3108 2518 929 761 1553 590 15835 15189 948 646 528 14241 7348 1795 1004 557 320 6893 2224 1039 903 4669 791 1185 741 436 2322 2199 1235 447 2347 676 519 1671 5553 711 262 449 4842 1497 3345 305 964 1589 1443 444 253 604 419 1253 237 750 1141
is_linear=0
shrinkage=0.0577944


Tree=81
num_leaves=66
num_cat=0
split_feature=56 40 63 4 42 43 101 42 107 125 92 100 112 42 38 0 76 26 11 101 25 87 0 38 100 127 99 112 34 11 52 34 74 48 55 131 110 0 89 64 100 69 125 95 26 93 35 89 69 9 127 42 125 22 88 100 64 31 0 124 112 26 124 102 95
split_gain=9.79109 9.17422 10.5932 9.90455 9.49373 11.6739 28.037 16.5443 16.6243 18.0748 16.5017 19.6063 15.111 14.6272 12.8726 12.5103 11.3949 11.0986 13.1196 11.0521 16.4382 12.8663 15.4721 16.2821 15.6576 15.1138 24.0105 14.3807 12.6596 17.267 12.2789 19.0356 11.2418 11.1032 11.0223 14.6254 10.7485 10.5745 12.3431 10.3803 11.129 10.0676 18.8323 9.60932 9.49739 12.5433 9.11561 8.90079 13.8911 8.57094 8.50022 8.18923 7.94714 11.8903 7.7319 6.9028 6.58904 6.60962 6.50821 5.73839 5.70462 5.48028 5.27418 4.60912 4.02005
threshold=59000.000000000007 37500.000000000007 36252.000000000007 87500.000000000015 1.57893858507966 0.95833333333333337 1585.8075886425215 0.84757937952601281 -503.99999999999994 20.500000000000004 1.0000000180025095e-35 -0.013196006051657603 0.053588516746411484 0.90147728107553871 2503.3333333333326 10.000000000000002 22500.000000000004 6.5000000000000009 22400.000000000004 11861.935900892759 6.5000000000000009 7500.0000000000009 33.000000000000007 -7416.6666666666652 -1040.8268890281995 66.500000000000014 48535.889244860104 -0.29289215686274506 6625.0000000000009 22400.000000000004 4010.3896803024704 7875.0000000000009 45004.000000000007 51916.666666666672 6842.2617983265545 -0.24999999999999994 -0.078360865274159877 13.000000000000002 13500.000000000002 0.063164893617021281 1178.9133116043524 -749.33333333333314 19.500000000000004 0.067734296868803681 15.500000000000002 0.051255580640735272 0.099179137888029775 13500.000000000002 -1416.6666666666663 71000.000000000015 286.50000000000006 1.6308699232403312 15.500000000000002 4258.1531362632459 5004.0000000000009 -25.757726980060394 0.040408163265306128 28500.000000000004 13.000000000000002 3.5000000000000004 0.25657894736842107 24.500000000000004 8.5000000000000018 3060.643283713624 0.078531677446743733
decision_type=10 2 10 10 10 2 2 10 8 2 8 2 10 10 2 2 10 2 10 2 2 8 2 2 2 2 2 8 2 10 10 2 10 10 8 2 10 2 10 10 2 10 2 10 2 10 2 8 10 8 2 10 2 10 10 2 10 2 2 2 8 2 2 2 10
left_child=1 2 4 -3 5 7 10 14 13 34 11 -7 16 -9 19 -8 -12 36 58 21 46 27 23 -23 -25 32 -27 30 33 -30 -1 -32 -24 -29 39 -36 -16 43 51 40 50 -15 -43 -6 45 63 -21 54 -49 -37 -10 -39 53 -17 -46 61 57 -11 -19 -38 -45 -18 -59 -20 -44
right_child=-2 3 -4 -5 37 6 15 8 9 56 12 -13 -14 41 17 52 55 18 44 20 -22 22 25 24 -26 26 -28 28 29 -31 31 -33 -34 -35 35 49 59 38 -40 -41 -42 42 64 60 47 -47 -48 48 -50 -51 -52 -53 -54 -55 -56 -57 -58 62 -60 -61 -62 -63 -64 -65 -66
leaf_value=5.6905852445119169 86.929679091313076 -270.19091201755458 282.9524712223473 -5.1980999271080641 -0.0074777027296141592 -76.806116254610757 0.10211012148486132 1.2241322980760658 0.74406288470798776 -0.58540757006818211 6.6695156444940222 0.35482982627061321 -13.037954815035569 1.123496199679719 1.9003734189407802 -84.859019441059914 16.151583743193008 -0.32772808985744029 0.97751496111578928 -9.6772041291687874 48.683308533850692 177.22089397817163 -2.4597085118974871 0.51754935210943565 23.640279422721004 5.9023792152545589 -41.690954043778667 -0.054834607683209295 4.6721589191166482 0.13430749870497397 -11.631177652324736 -0.2303687888518077 86.807726181199243 19.591479813045208 -9.1205647247508299 19.224485426495526 -162.67639492015249 1.4414711669417848 -43.008485924389461 11.606808498594294 -15.676824948244407 -7.1164778604662287 -0.20430950379451254 65.641835689160459 0.61027660298728426 -11.347541397165863 -273.24990448429628 3.6587072138504571 -6.103491635157555 1.92460215263762 -0.004981428488723314 -0.046881666856090784 -101.75839388169582 20.51241304158313 -2.4081052885980156 -0.64760991841830695 2.6295624732462417 -1.8591520942400779 -27.294580679520422 -1.8158078866887044 5.4277028866046972 1.2481135927813471 0.41840798573585947 142.13059678467661 1.7450304352748984
leaf_weight=168 101 137 105 185 112 127 134 166 744 161 99 159 103 172 96 122 98 132 102 96 142 232 247 1161 526 826 763 9251 603 2826 431 426 268 349 162 96 114 141 142 163 118 280 105 151 417 200 124 223 743 124 141 178 253 98 186 164 177 185 131 178 110 112 171 95 95
leaf_count=168 101 137 105 185 112 127 134 166 744 161 99 159 103 172 96 122 98 132 102 96 142 232 247 1161 526 826 763 9251 603 2826 431 426 268 349 162 96 114 141 142 163 118 280 105 151 417 200 124 223 743 124 141 178 253 98 186 164 177 185 131 178 110 112 171 95 95
internal_value=-2.1135e-05 -9.65534e-05 1.4936e-05 -0.00974281 -5.21799e-05 -0.000257156 -0.00525406 4.03889e-05 0.00401575 0.0066112 0.00125923 -0.00975654 0.00706771 -0.00287462 -0.000529263 -0.0147568 0.0116286 -0.0043197 -0.00263693 0 -0.00994161 0.000210509 0.00309836 0.00685016 0.00471324 -0.000242859 -0.00311603 -0.000603769 -7.03142e-05 0.00292736 -0.00718525 -0.010066 0.00823381 -0.00116063 0.0100902 0.00102805 -0.0134157 0.00599444 0 0.012892 0.0103285 -0.00695359 -0.0113407 0.0131826 -0.000905492 0.00690749 -0.0198825 -0.00300864 -0.00648981 0.0110867 0.0126111 0.00642751 -0.0191501 -0.00953452 0.0022736 0.00625649 -0.000899609 -0.00442624 -0.0147208 -0.0189494 0.0192038 0.0132312 0 0.0172618 0.00137964
internal_weight=26947 26846 26524 322 26419 25585 1469 24116 3060 2242 862 286 576 818 21056 607 473 2617 2229 18439 362 18077 4023 1919 1687 2104 1589 14054 13029 3429 1025 857 515 9600 1548 382 388 834 461 1166 1003 652 480 373 1966 397 220 1569 966 220 885 319 473 220 603 374 694 517 263 292 261 210 356 197 200
internal_count=26947 26846 26524 322 26419 25585 1469 24116 3060 2242 862 286 576 818 21056 607 473 2617 2229 18439 362 18077 4023 1919 1687 2104 1589 14054 13029 3429 1025 857 515 9600 1548 382 388 834 461 1166 1003 652 480 373 1966 397 220 1569 966 220 885 319 473 220 603 374 694 517 263 292 261 210 356 197 200
is_linear=0
shrinkage=0.0577944


Tree=82
num_leaves=66
num_cat=0
split_feature=95 89 131 9 73 48 12 102 54 99 62 100 26 96 38 101 102 64 101 15 109 0 29 95 29 59 53 76 26 81 26 47 54 26 56 46 127 15 125 8 77 102 64 30 42 13 86 10 95 127 54 80 127 29 125 34 62 64 35 39 127 75 95 93 51
split_gain=10.9531 15.1338 18.0236 14.9697 12.4694 12.3039 22.582 17.4482 15.9132 21.0972 20.2538 17.1165 14.6399 13.1483 11.2532 13.2168 13.7714 17.4652 11.8955 16.3997 10.5599 17.4876 13.3661 15.4366 14.8404 11.5377 11.9792 17.552 20.4671 29.1956 25.4016 28.1773 17.3248 18.5622 16.9682 15.1946 14.3055 15.9356 23.6463 20.8568 15.3316 16.3185 15.6603 18.791 16.61 14.7166 15.5948 18.6691 15.5544 13.7927 14.0073 13.2052 20.4852 25.8809 13.5115 13.1835 12.3376 12.3348 12.1227 18.9602 23.26 14.2104 12.0819 11.7235 11.6578
threshold=0.016833142067496844 1004.0000000000001 -0.68301270189221952 9500.0000000000018 15004.000000000002 42333.333333333336 43500.000000000007 -397.31685809735239 938.80963562504564 28036.930353102769 1.0000000180025095e-35 2.0035389043423497 33.500000000000007 27124.877945057964 4170.0000000000027 52.393254905975489 -6.5216236948854194 0.016001024065540197 -60.527278333376664 28178.571428571431 0.09232954545454547 13.000000000000002 49000.000000000007 0.078238096571628155 55083.333333333336 1750.0000000000002 6958.1853916855625 17500.000000000004 3.5000000000000004 29750.000000000004 9.5000000000000018 47000.000000000007 3746.0668200034279 5.5000000000000009 10504.000000000002 44500.000000000007 218.50000000000003 89365.079365079378 14.500000000000002 112500.00000000001 39000.000000000007 -7303.9003474136434 -0.073427471116816412 47000.000000000007 0.87774725950715859 39833.333333333336 71875.000000000015 56500.000000000007 0.086443760803965486 144.50000000000003 2946.7482647632378 17500.000000000004 240.50000000000003 11083.333333333334 11.500000000000002 9875.0000000000018 -2749.9999999999995 -0.15737874097007221 0.10726071190569041 0.90045045045045058 226.50000000000003 30500.000000000004 0.02923182635747899 0.05254846546646106 85083.333333333358
decision_type=8 10 2 10 10 10 10 2 8 2 8 2 2 2 2 2 2 8 2 10 8 2 2 10 2 8 10 10 2 10 2 10 10 2 10 10 2 10 2 10 10 2 8 2 10 10 10 8 10 2 10 10 2 2 2 2 10 10 2 2 2 10 10 10 8
left_child=5 2 -2 -4 -5 7 -7 -1 9 10 13 14 -11 -9 15 16 18 -18 19 -10 25 22 23 -22 -24 -3 27 34 29 -29 31 32 33 -30 49 -31 37 40 64 -40 41 -28 43 -42 56 -38 47 -47 -49 50 -27 52 -51 -54 -55 -43 -44 -48 59 63 62 -62 -61 -32 -39
right_child=1 20 3 4 -6 6 -8 8 11 12 -12 -13 -14 -15 -16 -17 17 -19 -20 -21 21 -23 24 -25 -26 26 36 28 30 35 58 -33 -34 -35 -36 -37 45 38 39 -41 42 55 44 -45 -46 46 57 48 -50 51 -52 -53 53 54 -56 -57 -58 -59 -60 60 61 -63 -64 -65 -66
leaf_value=-11.221497860191942 -0.14452107950308585 -0.76533728223265873 -0.1565269079909673 5.0304833314110757 0.26839699913332971 43.778198837216102 -0.16913896187726524 -0.0022852334802320627 0.13404079668070051 0.16922586835879003 2.3910054619289478 -3.4250455683247694 -0.025394148636991676 -0.13803796720173836 0.5077390419424207 -0.70389851814059767 0.19758436294692189 -0.92144239017090379 -0.34836230412464242 -3.189047742055986 -0.53878129925128471 -15.904832851893989 -74.648171222418767 10.270444786394942 11.776574914452867 -4.4117970082107458 123.70770010118429 2.3036686050498023 -0.47486822322150529 -27.741143184982082 -9.2330996283584401 272.87734521576169 0.026585564244331176 18.053640473080858 -8.3211650716517891 -0.03420799951300086 -16.630220741057219 13.783217846759477 32.605129495798607 -374.64745473684042 -2.8438991070864024 -3.5557038538348382 40.128667796775062 -103.18596618870085 9.5854862563212286 -4.3109418851278098 5.581884004389325 -2.7168926404011251 30.593611971408983 3.2506429479277164 2.5153703387912834 -1.2886975645752166 -0.66308630957639791 52.359257916926119 -0.3346377825839037 15.727800194434939 -2.4970418693691823 -214.53941732132253 0.60269486438259512 -0.55775248182143788 0.31038826843244627 0.23200597836209724 -0.027841805681636328 1.0033445929557767 225.6427845384467
leaf_weight=167 209 526 123 100 185 107 276 222 98 416 95 102 196 254 126 209 181 111 146 112 172 2523 105 233 295 113 106 114 164 246 230 220 678 403 454 138 153 133 255 104 740 363 178 383 448 476 97 152 145 251 549 590 184 130 270 376 1856 202 4983 515 603 729 1627 118 182
leaf_count=167 209 526 123 100 185 107 276 222 98 416 95 102 196 254 126 209 181 111 146 112 172 2523 105 233 295 113 106 114 164 246 230 220 678 403 454 138 153 133 255 104 740 363 178 383 448 476 97 152 145 251 549 590 184 130 270 376 1856 202 4983 515 603 729 1627 118 182
internal_value=-3.97919e-06 0.000387626 0.00930216 0.016416 0.0236176 -0.00341792 0.0059612 -0.00497394 -0.00353309 0.000967243 -0.00682738 -0.00859456 0.00853252 -0.0119175 -0.00596782 -0.00845388 -0.00397972 0.00486288 -0.0117156 -0.00185664 0.000144651 -0.00285997 0.00442218 0.0118667 -0.00270138 0.000649464 0.000884361 0.00187486 0.00290198 -0.00839772 0.0034702 0.0105424 0.00693751 0.0143731 -0.00240444 -0.0162395 -0.00116323 0.000144904 0.00843411 -0.00125277 -0.00107526 0.0058486 -0.00275254 -0.00840723 -0.000112909 -0.00676817 -0.00413038 0 0.0115156 -0.000106596 0.00667538 -0.00339287 0.00109299 -0.0046101 0.00327445 0.00247988 -0.00240707 -0.0152617 0.00226926 -0.00013379 0.00111114 0.00713472 -0.00255529 -0.0129692 0.0199402
internal_weight=26947 24129 617 408 285 2818 383 2435 2268 1183 571 1085 612 476 983 857 648 292 356 210 23512 3328 805 405 400 20184 19658 13309 10768 498 10270 1465 1245 567 2541 384 6349 5124 674 359 4450 845 3605 1123 2482 1225 1072 773 297 2087 662 1425 835 584 400 739 2034 299 8805 3822 3474 1332 2142 348 315
internal_count=26947 24129 617 408 285 2818 383 2435 2268 1183 571 1085 612 476 983 857 648 292 356 210 23512 3328 805 405 400 20184 19658 13309 10768 498 10270 1465 1245 567 2541 384 6349 5124 674 359 4450 845 3605 1123 2482 1225 1072 773 297 2087 662 1425 835 584 400 739 2034 299 8805 3822 3474 1332 2142 348 315
is_linear=0
shrinkage=0.0577944


Tree=83
num_leaves=66
num_cat=0
split_feature=124 124 125 46 55 77 4 82 55 31 127 16 48 100 11 42 94 61 63 38 31 100 80 44 53 15 25 12 47 57 1 45 77 16 92 51 127 59 112 82 101 127 30 102 131 34 40 74 0 91 11 99 131 94 52 92 125 86 94 130 53 53 10 111 92
split_gain=13.8908 13.4999 9.71741 19.6144 19.414 21.6695 16.7223 15.8206 15.3665 18.5212 17.6958 14.3947 14.2985 13.6833 13.0412 12.8715 12.5617 19.2128 12.6999 16.6452 14.9483 14.5107 13.5604 20.5967 13.3714 19.0803 23.1531 17.0228 13.8249 12.9264 12.841 12.5447 13.9959 12.2812 11.4201 12.1455 20.505 21.7545 21.0582 20.1478 14.088 13.8441 36.1736 20.0799 26.9139 18.3785 15.8839 17.1517 17.0321 14.6873 12.0431 11.3598 10.9542 16.3137 10.9759 10.9438 10.5618 10.4559 10.436 9.80333 9.29866 9.07147 15.3972 8.91238 19.0408
threshold=51.500000000000007 67.500000000000014 13.500000000000002 108750.00000000001 11094.276934668602 31500.000000000004 87500.000000000015 49250.000000000007 13580.0066988206 122500.00000000001 86.500000000000014 55333.466666666674 54250.000000000007 -1040.8268890281995 67500.000000000015 -1.7067626798752336 0.19665067577824627 -4249.9999999999991 -1749.9999999999998 -4083.3333333333317 21004.000000000004 -0.37042952771480481 12500.000000000002 16250.000000000002 5838.0889335476813 27464.285714285717 5.5000000000000009 21500.000000000004 57000.000000000007 15504.000000000002 11.000000000000002 13750.000000000002 14500.000000000002 86055.555555555577 21875.000000000004 66750.000000000015 58.500000000000007 21500.000000000004 0.83974358974358987 83125.000000000015 -9386.8164229263839 294.50000000000006 44500.000000000007 3266.5455246326569 -0.9330127018922193 8375.0000000000018 1.0000000180025095e-35 97500.000000000015 13.000000000000002 4874.0000000000009 50004.000000000007 67987.148835213666 -0.9330127018922193 0.043513973655159591 516.39777949432244 1562.5000000000002 10.500000000000002 45003.000000000007 0.040532274434376889 0.25000000000000011 9755.2057704550989 8892.7316916245309 37500.000000000007 0.10912698412698414 3375.0000000000005
decision_type=2 2 2 10 10 10 8 10 10 2 2 10 10 2 10 8 10 8 8 2 2 2 8 8 10 10 2 10 10 10 2 8 8 10 10 8 2 10 8 10 2 2 2 2 2 2 2 8 2 10 8 2 2 10 8 8 2 8 10 2 10 10 8 10 10
left_child=2 -2 3 4 16 -6 7 -7 9 15 14 -9 -12 -13 -10 -4 17 -1 24 20 -20 30 -21 31 25 26 -19 -28 56 55 57 -24 -33 -8 35 40 38 51 60 -39 -17 43 63 46 -45 -46 48 -48 -42 -44 -36 -38 53 -25 -54 -23 -27 -22 -32 -52 -37 62 -26 64 -43
right_child=1 -3 8 -5 5 6 33 11 10 -11 12 13 -14 -15 -16 34 -18 18 19 22 21 29 23 52 61 28 27 -29 -30 -31 58 32 -34 -35 50 36 37 39 -40 -41 41 42 49 44 45 -47 47 -49 -50 -51 59 -53 54 -55 -56 -57 -58 -59 -60 -61 -62 -63 -64 -65 -66
leaf_value=29.982010585209192 -0.58781768724140615 0.078116400648807496 33.629038951055477 263.30510762791789 41.092876241800553 -27.378977217285108 44.394181026774469 23.502220535140538 243.8837961820584 -437.10205013473609 7.2907659451099986 -1.505336113591615 -83.54711507694023 -134.55588263073264 20.356806740086878 46.187213643211273 -24.318530145107584 7.9381021782054155 63.853452370534136 -3.4625837572668199 169.71482707340587 94.041639177656791 0.0055870818725884579 1.4665515996266443 7.3196236437900462 2.8623660135438134 -0.18510104534695898 -15.258133961168742 -8.2345913113510605 218.80210725003496 -7.1685027805650634 0.45016733573255918 12.702760981592954 -52.092754939373336 -4.7639770136678177 321.07986644163884 -84.738984208840819 -164.4599988923336 -29.077646111032376 15.547828371196044 -1.2665388791034151 0.031410407786469238 4.2520546486297564 66.985694212479217 -155.06050457790121 -15.943919452545584 -0.060093507319818273 2.2320031244260243 -0.22514947887983541 412.7711996910669 1.7379134773566947 12.543654169708743 -2.1356660160045866 -0.2768528111280677 0.05227038085324931 -13.945291630980535 -0.22048171672685371 7.2472025041804651 0.52330848709972222 88.544878381114415 3.2316162068775056 3.6641140896897268 -7.089408375510394 3.5852615092751772 -5.8491172751459972
leaf_weight=602 276 133 186 98 112 261 138 99 126 107 307 264 264 205 212 262 310 98 106 170 123 97 154 202 105 405 160 179 105 173 102 121 198 107 157 101 134 308 152 96 406 1109 100 109 283 409 6367 180 1959 188 99 275 256 209 4829 119 127 177 244 150 98 179 701 449 410
leaf_count=602 276 133 186 98 112 261 138 99 126 107 307 264 264 205 212 262 310 98 106 170 123 97 154 202 105 405 160 179 105 173 102 121 198 107 157 101 134 308 152 96 406 1109 100 109 283 409 6367 180 1959 188 99 275 256 209 4829 119 127 177 244 150 98 179 701 449 410
internal_value=-0.000102625 -0.0106304 5.41234e-05 0.00132162 0.00108035 -0.0058725 -0.00852138 -0.0124875 -0.000908354 -0.00138919 0.00632515 -0.00655979 0 -0.010993 0.0167347 -0.00118913 0.00190417 0.00227737 0.00160753 0.00275233 0.00918403 0.00678211 0.00152291 0.0020114 -0.00234987 0.00197702 -0.0070675 -0.0144916 0.00847017 0.0155907 0.0011441 0.0135696 0.0200514 0.00415434 -0.00140611 -0.00170753 -0.00736936 -0.0124491 0.00389025 -0.0219679 -0.00115196 -0.00145715 0.00257983 -0.00241408 -0.0111978 -0.0155294 -0.00160025 -0.000104602 -0.0056578 0.0215895 0.00802615 -0.00250229 0.000975839 0.0100213 0.000202805 0.00496686 0.0123981 0.0100683 -0.00609623 0.0159953 0.0165201 -0.00724214 -0.0099148 -0.000142347 -0.0023482
internal_weight=26947 409 26538 11535 11437 1186 1074 829 15003 14094 909 568 571 469 338 13987 10251 9941 9339 7280 1141 1035 6139 5969 2059 1074 437 339 637 389 646 473 319 245 13801 13395 1164 813 351 404 12231 11969 2256 9713 801 692 8912 6547 2365 288 406 409 5496 411 5085 216 532 300 346 249 199 985 806 1968 1519
internal_count=26947 409 26538 11535 11437 1186 1074 829 15003 14094 909 568 571 469 338 13987 10251 9941 9339 7280 1141 1035 6139 5969 2059 1074 437 339 637 389 646 473 319 245 13801 13395 1164 813 351 404 12231 11969 2256 9713 801 692 8912 6547 2365 288 406 409 5496 411 5085 216 532 300 346 249 199 985 806 1968 1519
is_linear=0
shrinkage=0.0577944


Tree=84
num_leaves=62
num_cat=0
split_feature=93 88 89 127 28 100 78 53 20 28 51 1 74 61 67 125 89 52 127 54 95 23 100 55 127 4 120 48 29 69 12 124 0 29 51 107 26 50 125 101 111 34 54 100 85 36 53 100 42 125 7 102 55 95 34 74 22 91 53 94 101
split_gain=10.4466 15.7721 15.1226 29.0969 24.6574 23.0922 19.5742 13.196 15.2831 15.0811 16.3419 33.2872 26.7212 20.4266 22.5541 20.2224 16.3058 15.5259 15.0559 18.4276 14.7772 22.0471 14.7578 15.9901 18.5628 22.6747 14.6745 13.5337 13.0732 12.3314 11.9218 10.6365 19.8966 16.6597 10.3293 9.52988 9.46459 9.27157 9.15633 10.0641 12.0267 9.06802 8.96434 8.93115 8.90172 8.82153 7.63753 14.5112 11.301 9.40138 15.814 7.96883 6.22247 6.10023 5.74725 5.26764 4.84146 3.69946 3.48911 2.84684 0.163274
threshold=0.25723886849756872 60500.000000000007 52500.000000000007 86.500000000000014 47000.000000000007 -2703.944782518472 120004.00000000001 10820.48809584292 57750.000000000007 61250.000000000007 57333.333333333336 9.0000000000000018 69000.000000000015 4750.0000000000009 0.58333333333333337 8.5000000000000018 44500.000000000007 7005.8867426102979 166.50000000000003 9371.9270738018531 0.077243539073201847 9195.3565696067217 6083.0049191731532 10016.638981097474 28.500000000000004 87500.000000000015 0.13392857142857145 72333.333333333358 58500.000000000007 -2666.6666666666665 34500.000000000007 45.500000000000007 21.000000000000004 28750.000000000004 83583.333333333343 20500.000000000004 30.500000000000004 72833.333333333358 9.5000000000000018 -803.34169438335255 -0.20942982456140349 12375.000000000002 408.24829046386282 -1091.3255667069786 69000.000000000015 0.41666666666666669 6958.1853916855625 -4092.0788691694429 -1.2909944487358058 26.500000000000004 36500.000000000007 -2120.7269078906024 1001.9064032049168 0.096407568049575065 3375.0000000000005 71000.000000000015 5135.5259101307493 4125.0000000000009 16291.568215367193 0.084254721963077608 4469.4001081905053
decision_type=8 10 10 2 2 2 10 8 10 2 8 2 10 10 2 2 10 10 2 10 10 10 2 10 2 10 10 10 2 10 10 2 2 2 10 8 2 10 2 2 10 2 8 2 10 2 10 2 10 2 8 2 10 10 2 10 10 10 10 10 2
left_child=1 2 7 6 -5 -6 55 9 20 16 11 -11 13 14 -12 -16 31 -17 19 37 -9 26 23 29 35 34 -22 -13 -23 -10 -2 42 33 54 41 -25 -35 -14 59 40 -40 -26 -1 -20 -30 -44 47 57 -49 50 -48 -51 -34 -19 -33 -4 -21 -47 -28 -31 -39
right_child=30 -3 3 4 5 -7 -8 8 22 10 12 27 18 -15 15 17 -18 53 43 56 21 28 -24 24 25 -27 58 -29 44 38 -32 32 52 36 -36 -37 -38 60 39 -41 -42 -43 45 -45 -46 46 49 48 -50 51 -52 -53 -54 -55 -56 -57 -58 -59 -60 -61 -62
leaf_value=-2.5127827536263045 -1.4091355698316517 -103.16926243470351 280.51974659191001 31.218669147762213 11.77786698035834 -266.85678487559358 -18.312630857211538 32.632450090352116 41.942217535798449 -30.146179666004951 -92.767415883531868 434.96819045413457 487.80692220855587 -84.04529078440811 46.174704548148242 -122.62200798765706 -14.83930838333686 -15.663171259993911 45.115926631215117 -27.000076799923818 1.5054435082886752 32.839152412163365 -313.0194302069948 25.903576841997456 -34.901276856936143 4.1600538443842394 -113.39654781285363 40.959367781554008 -29.600927399338929 29.354640773944844 80.857777285027296 0.16978703766655318 -0.030995392805912424 -3.1514794678080702 -64.9754758249003 -7.9505044260515216 0.021695458355485413 49.778845862695185 -109.66539376312981 -185.7280964760609 27.768335728998483 -307.62763056486239 -4.3022513520817176 -19.231947981713542 92.918543210696953 175.76467037446952 -17.817965349106181 -1.1048953115713844 0.036431529558242796 8.1261047461563898 -1.014726836726793 -1.952936028483345 -3.6867350932287786 63.670730016746248 0.010590934769158929 67.313094681986499 44.697715370997365 10.128469526247535 -86.369771325085026 -1.1172403118666914 25.481036307124317
leaf_weight=116 121 95 179 121 115 150 103 127 126 122 175 172 142 178 129 126 160 127 95 98 176 148 106 95 119 169 139 105 100 95 124 98 95 96 136 100 95 98 99 117 103 167 143 99 99 147 290 1383 15604 247 2289 221 96 166 96 105 139 171 95 98 102
leaf_count=116 121 95 179 121 115 150 103 127 126 122 175 172 142 178 129 126 160 127 95 98 176 148 106 95 119 169 139 105 100 95 124 98 95 96 136 100 95 98 99 117 103 167 143 99 99 147 290 1383 15604 247 2289 221 96 166 96 105 139 171 95 98 102
internal_value=-0.000179826 -0.000296176 -0.000203842 0.00773087 -0.00309534 -0.0133191 0.0189274 -0.000449284 -0.00451509 -2.185e-05 0.00467208 0.0152033 0.00202785 -0.00459181 0 0.00553996 -0.000486859 -0.000253882 0.00996402 0.0146723 0.00135827 -0.00150912 -0.00802259 -0.00626998 -0.0117767 -0.0169041 -0.0107445 0.0263525 0.00888276 0.000257303 0.0115996 -0.000337802 -0.00806519 0 -0.0240272 0.0028709 -0.0124433 0.0232339 -0.00345997 -0.00965421 -0.000803468 -0.0305255 -0.000111739 -0.00317821 0 -1.08706e-05 8.19286e-05 0.000560486 0.000319258 -0.00257398 -0.00398042 0.00476372 -0.0231458 0.00660135 0.0113759 0.0267161 0.00140771 0.0127412 -0.0201707 0.00584277 0.0133134
internal_weight=26947 26702 26607 773 386 265 387 25834 2414 23420 2073 399 1674 901 723 548 21347 419 773 579 884 757 1530 1424 786 591 410 277 347 638 245 21187 576 385 422 195 191 342 512 319 202 286 20611 194 199 20495 20352 17305 16987 3047 2579 468 191 293 194 284 237 318 234 193 200
internal_count=26947 26702 26607 773 386 265 387 25834 2414 23420 2073 399 1674 901 723 548 21347 419 773 579 884 757 1530 1424 786 591 410 277 347 638 245 21187 576 385 422 195 191 342 512 319 202 286 20611 194 199 20495 20352 17305 16987 3047 2579 468 191 293 194 284 237 318 234 193 200
is_linear=0
shrinkage=0.0577944


Tree=85
num_leaves=40
num_cat=0
split_feature=80 26 13 82 75 63 51 11 1 99 64 64 57 86 53 8 0 69 89 95 100 131 100 64 35 28 127 21 60 7 53 84 64 69 11 106 130 55 104
split_gain=9.92214 19.9457 17.5865 13.9191 15.2501 10.7038 26.117 17.7406 20.502 17.3536 17.1266 16.0735 10.8607 11.0613 10.402 17.3271 13.6912 10.8201 10.3219 10.3062 10.3208 10.2497 18.6345 15.3965 19.8808 14.4629 12.7371 11.24 9.57462 9.16024 8.25012 7.60809 7.17926 15.0354 8.28354 6.79012 6.51719 4.90777 2.47617
threshold=132500.00000000003 10.500000000000002 117500.00000000001 103750.00000000001 97500.000000000015 13750.000000000002 51916.666666666672 38500.000000000007 9.0000000000000018 67462.863626339342 0.19615384615384621 0.22474747474747478 51000.000000000007 64625.000000000007 14096.03448516398 87500.000000000015 13.000000000000002 -2666.6666666666665 8500.0000000000018 0.14999777275959331 -2060.3432428275478 -0.68301270189221952 660.39794260795327 0.016530054644808747 0.10980312508607999 10750.000000000002 345.50000000000006 6362.0901028035141 498.00000000000006 87500.000000000015 9228.419753389071 53500.000000000007 -0.1898326898326898 -5749.9999999999991 87500.000000000015 22500.000000000004 0.25000000000000011 10820.48809584292 1250.0000000000002
decision_type=8 2 10 10 10 10 10 8 2 2 10 10 10 10 8 8 2 10 10 10 2 2 2 10 2 2 2 10 10 10 10 10 8 10 8 10 2 10 10
left_child=2 -2 3 4 5 10 7 -7 -9 35 12 28 14 -14 17 19 -17 32 -13 37 -21 22 25 26 -25 -19 -23 -24 -12 -18 -11 -22 -1 -34 -35 -8 -10 -16 -20
right_child=1 -3 -4 -5 -6 6 9 8 36 30 11 18 13 -15 15 16 29 21 38 20 31 23 27 24 -26 -27 -28 -29 -30 -31 -32 -33 33 34 -36 -37 -38 -39 -40
leaf_value=69.758476785777034 -19.14589800431936 174.61551744270969 -394.16120090598235 211.3822065004091 -239.07532686405662 -2.2871716467305316 -15.835458727371556 -8.8526297381074563 497.90338933850353 45.55403642539099 -66.268475737118564 20.250018325844501 100.24826845776646 2.6887311072598896 -11.151697195449156 -32.975924554946801 10.945048613289261 2.4259772269253439 -1.5287922250437971 12.856889070612661 -1.0719826050059924 -0.003789945255206568 -30.849768226801334 2.1083957181531483 0.091631133828327369 -0.060653708841343114 -2.4682305136048592 29.414404539886164 -14.322696662821771 86.682691728235355 -28.905111833820982 -125.53857671543325 -195.35279631369221 25.456436807451489 -24.237739263815769 -255.3121265088937 44.784288253033829 -221.76885416674551 -73.265356028692736
leaf_weight=102 122 111 95 101 121 173 101 100 168 188 164 108 98 124 95 121 122 152 104 137 101 11163 1133 1613 2977 5243 498 103 98 95 115 95 103 444 97 126 110 123 103
leaf_count=102 122 111 95 101 121 173 101 100 168 188 164 108 98 124 95 121 122 152 104 137 101 11163 1133 1613 2977 5243 498 103 98 95 115 95 103 444 97 126 110 123 103
internal_value=-7.68913e-05 0.0116994 -0.000187884 -9.0864e-05 -0.000180556 -7.84931e-05 0.00553509 0.0143709 0.021344 -0.00334321 -0.000326084 -0.0101424 -8.84247e-05 0.0125268 -0.000211789 -0.00633738 0.00353053 1.1875e-05 -0.000699834 -0.012703 -0.00547281 -0.000204191 -0.0021243 0.000568385 0.00340792 -0.000619392 -0.000534399 -0.00852671 -0.0206558 0.0125487 0.00525417 -0.0141601 0.00685259 0.00418285 0.00826522 -0.0155158 0.0293396 -0.0226725 -0.0087502
internal_weight=26947 233 26714 26619 26518 26397 1081 551 378 530 25316 577 24739 222 24517 889 338 23628 315 551 333 22882 6631 16251 4590 5395 11661 1236 262 217 303 196 746 644 541 227 278 218 207
internal_count=26947 233 26714 26619 26518 26397 1081 551 378 530 25316 577 24739 222 24517 889 338 23628 315 551 333 22882 6631 16251 4590 5395 11661 1236 262 217 303 196 746 644 541 227 278 218 207
is_linear=0
shrinkage=0.0577944


Tree=86
num_leaves=66
num_cat=0
split_feature=125 82 44 95 89 54 4 42 127 42 100 55 8 20 45 45 102 7 124 55 93 41 61 34 45 50 51 0 130 0 71 11 127 78 39 7 35 52 36 92 5 59 63 38 22 127 112 92 42 127 23 74 0 12 131 122 53 15 36 53 120 51 112 100 63
split_gain=9.27128 20.5282 12.3887 12.0034 20.1448 18.2096 18.3575 28.595 18.9812 17.007 20.2831 14.677 16.8133 16.8881 16.1447 18.9338 17.7038 13.9498 13.8016 15.3341 14.8619 13.7595 12.8938 11.746 12.4572 18.9637 15.0225 16.5189 17.0215 13.9311 13.3046 13.1704 13.7849 11.6909 11.6633 11.6561 10.7086 13.635 13.7848 13.3997 11.3645 18.8385 15.4659 13.9127 13.2612 16.2032 12.6407 15.098 13.4121 12.9363 12.602 10.8241 10.6243 10.4958 9.96423 10.8706 9.81646 8.90174 8.71265 8.59572 8.5416 8.74387 8.50277 7.94981 7.79628
threshold=13.500000000000002 98750.000000000015 112500.00000000001 0.022917831955130658 1850.0000000000002 1001.9064032049168 38500.000000000007 0.12553782032001234 121.50000000000001 0.56097848157777441 0.0011029115157725757 10696.566276344542 71000.000000000015 51750.000000000007 13750.000000000002 15250.000000000002 -316.81799614840378 10500.000000000002 11.500000000000002 826.10312969235281 0.013430209700833988 3750.0000000000005 1.0000000180025095e-35 20625.000000000004 61250.000000000007 76083.333333333343 45000.666666666679 21.000000000000004 1.0000000180025095e-35 13.000000000000002 59000.000000000007 29500.000000000004 36.500000000000007 31750.000000000004 1.0517395182872438 79000.000000000015 0.31510817668527386 17187.650926634502 0.41666666666666669 14749.000000000002 67500.000000000015 27500.000000000004 13750.000000000002 1833.3333333333351 994.49031619755067 58.500000000000007 -0.20006398976163811 11625.000000000002 -0.71543296795806577 168.50000000000003 4868.9728436011783 63500.000000000007 21.000000000000004 16500.000000000004 -0.5 3250.0000000000005 6639.5251299182155 81547.619047619068 0.91666666666666685 6038.7409649338178 1.0000000180025095e-35 48166.666666666679 0.31174089068825916 86.445602674044508 7000.0000000000009
decision_type=2 10 10 8 10 8 8 10 2 8 2 10 8 10 10 10 2 8 2 10 10 2 10 2 10 8 10 2 2 2 10 8 2 10 2 10 2 10 2 8 8 8 10 2 10 2 8 10 10 2 10 10 2 10 2 10 10 10 2 10 10 10 10 2 10
left_child=1 3 36 5 -5 9 21 -8 -9 18 -11 14 13 58 16 63 17 -6 20 -20 -1 -7 34 24 26 30 31 29 -29 -28 -26 33 -33 -17 -14 -27 37 38 -2 40 41 42 46 56 -42 51 49 48 -48 -40 -51 -46 -32 -41 64 57 -43 59 -13 -56 -47 -62 -37 -16 -55
right_child=2 -3 -4 4 11 6 7 8 -10 10 -12 12 22 -15 15 23 -18 -19 19 -21 -22 -23 -24 -25 25 35 27 28 -30 -31 52 32 -34 -35 -36 62 -38 -39 39 53 44 43 -44 -45 45 60 47 -49 -50 50 -52 -53 -54 54 55 -57 -58 -59 -60 -61 61 -63 -64 -65 -66
leaf_value=-1.6036786318043512 -30.163993079128382 226.0782836049647 -393.78878882784687 16.34028902327027 23.05261249222352 -0.26324543684811519 107.46216696803529 0.47861149674341286 -5.732276295160939 -0.10022507906086917 2.538012508235739 -20.078305536431319 59.750007418048789 -53.958264116663052 56.712452710795503 0.10162681437303459 -3.8651066229846562 -0.69227531086777039 0.16506375015810709 -0.21193000774784865 -0.026020378750385296 -3.9444422448199652 -29.869973913144836 -163.42221889442735 233.66538575321343 -82.780849205368028 -0.48033700522213285 -11.321845624807787 -0.89578856867913115 11.673064933795084 34.92011255630527 -3.6133963216808063 1.7600406695794784 -4.0858241428867244 -1.3004491311795596 53.886605614090911 11.191909201812006 -117.90693252778777 0.43993861332936218 -11.573722958654113 0.36088397795529853 215.49169858961096 263.62355216631408 -1.8555808222805041 -24.040034661434159 0.50156052023995568 -0.44491156582684555 -41.07913790588492 0.020990165459739269 -5.2964576424042322 -4.2721058811607593 178.37882118601433 4.5350618449768687 -4.386732227798384 0.53330202770426194 -47.149419857768521 20.009972963168433 19.949252252255999 2.7342183428467632 60.326309889051011 -1.7050411451761018 -109.26995785035899 -32.337776250644531 3.0882194044583646 36.103008262927709
leaf_weight=131 103 130 118 131 96 413 118 108 101 108 130 125 156 437 106 1859 135 126 254 104 190 181 113 124 100 127 618 367 613 319 338 347 2273 157 140 145 357 197 380 158 303 100 143 190 136 112 2399 100 7338 427 343 105 274 226 101 151 292 269 247 408 130 527 138 127 128
leaf_count=131 103 130 118 131 96 413 118 108 101 108 130 125 156 437 106 1859 135 126 254 104 190 181 113 124 100 127 618 367 613 319 338 347 2273 157 140 145 357 197 380 158 303 100 143 190 136 112 2399 100 7338 427 343 105 274 226 101 151 292 269 247 408 130 527 138 127 128
internal_value=-4.68687e-05 0.00116905 -0.000992744 0.000892693 0.00171374 -0.00335378 -0.009119 0.0013741 -0.0108446 0.00225146 0.0155271 0.00138229 -0.00448838 -0.00938021 0.00225778 0.00281122 -0.00959845 0 -0.00218977 0.00525415 -0.0110199 -0.0151746 0.00474453 0.00229518 0.00260321 0.00826064 0.00160305 -0.00264401 -0.00792543 0.00269523 0.0139643 0.00339904 0.00609922 -2.44857e-05 0.011361 -0.00123802 -0.000832375 -0.00108337 -0.000864019 -0.000698417 -0.00129468 -0.000704735 -0.0012503 0.00936469 -0.00640354 -0.00962983 -0.00151372 -0.000821396 -0.000568756 -0.00725838 -0.0115719 0.0028035 0.010223 0.00455566 0.00637316 0.00953663 0.0156186 0.012341 0 0.0169023 -0.0137568 -0.0162649 0.0048139 0.0190336 -0.001432
internal_weight=26947 11706 15241 11576 9738 1838 921 327 209 917 238 9607 1218 809 8389 8032 357 222 679 358 321 594 409 7799 7675 1122 6553 1917 980 937 712 4636 2620 2016 296 410 15123 14766 14569 14466 13025 11712 11130 582 1313 1010 10987 9837 9737 1150 770 241 612 1441 1283 929 392 778 372 509 769 657 283 233 354
internal_count=26947 11706 15241 11576 9738 1838 921 327 209 917 238 9607 1218 809 8389 8032 357 222 679 358 321 594 409 7799 7675 1122 6553 1917 980 937 712 4636 2620 2016 296 410 15123 14766 14569 14466 13025 11712 11130 582 1313 1010 10987 9837 9737 1150 770 241 612 1441 1283 929 392 778 372 509 769 657 283 233 354
is_linear=0
shrinkage=0.0577944


Tree=87
num_leaves=66
num_cat=0
split_feature=125 46 32 63 127 23 49 80 55 77 55 32 42 63 125 127 53 39 95 28 73 95 12 21 32 91 22 63 55 64 50 38 16 119 54 21 127 109 127 112 91 127 61 74 99 102 0 12 41 82 20 102 130 52 34 49 42 30 0 125 125 100 41 42 125
split_gain=9.70488 14.6996 13.5723 11.4387 13.7088 13.0359 12.5082 12.5603 11.2919 11.0475 10.9499 10.1491 10.0219 15.3001 9.77395 9.54569 18.1102 16.4129 14.2422 22.4554 17.289 17.2331 19.375 18.1817 13.795 13.3107 11.8734 13.2706 12.1383 16.8456 11.7558 11.6373 24.1889 11.1395 13.7441 10.2921 9.96866 8.92607 21.5144 15.3061 14.9527 14.2813 9.08856 8.64763 8.33245 8.14595 9.3638 7.75187 13.0429 7.64213 15.5364 15.5324 14.9044 7.34615 9.88767 15.2782 24.7114 19.4673 10.7275 22.8332 11.4206 9.00887 8.55745 7.96943 7.01622
threshold=13.500000000000002 108750.00000000001 19680.778604297859 -8249.9999999999982 36.500000000000007 305.128576629728 54000.000000000007 71500.000000000015 632.45553203367592 77500.000000000015 19418.630699202487 532.06016849974446 -0.9704949588309455 1250.0000000000002 9.5000000000000018 124.50000000000001 764.22220229521076 1.0568733153638816 0.10614455246014713 22750.000000000004 35004.000000000007 0.04853702645058678 35004.000000000007 755.92894601849946 764.22220229521076 3754.0000000000005 10463.174565016923 2250.0000000000005 10897.096422221364 0.10990338164251208 68250.000000000015 5916.6666666666688 52333.466666666674 1.0000000180025095e-35 4451.5879332557261 2439.7501823703128 68.500000000000014 0.09232954545454547 299.50000000000006 0.50471698113207564 4874.0000000000009 226.50000000000003 9000.0000000000018 50004.000000000007 30873.277617808122 -3051.1962220851233 13.000000000000002 30500.000000000004 750.00000000000011 89375.000000000015 86250.000000000015 -13167.834215660745 0.25000000000000011 532.06016849974446 2125.0000000000005 29416.666666666668 -0.87774725950715815 29500.000000000004 33.000000000000007 21.500000000000004 22.500000000000004 -0.0023542226917925286 750.00000000000011 -0.23638378417026623 20.500000000000004
decision_type=2 10 2 8 2 8 10 10 8 10 10 2 10 10 2 2 10 2 10 2 8 10 8 10 2 10 10 10 10 10 10 2 10 10 8 10 2 10 2 8 10 2 10 8 2 2 2 10 2 10 10 2 2 10 2 10 10 2 2 2 2 2 2 10 2
left_child=1 2 3 4 -1 8 7 -6 -5 10 37 14 -10 47 -7 17 -17 18 21 -20 -21 23 36 24 -13 -24 27 31 29 -29 33 35 -33 -19 -35 -18 -23 42 39 41 -40 45 49 -22 -25 -39 -47 48 -14 50 51 -2 -51 61 55 56 -55 -57 60 -60 -56 62 -53 -63 -41
right_child=9 -3 -4 5 6 11 -8 -9 12 -11 -12 15 13 -15 -16 16 26 30 19 20 43 22 25 44 -26 -27 -28 28 -30 -31 -32 32 -34 34 -36 -37 -38 38 40 64 -42 -43 -44 -45 -46 46 -48 -49 -50 52 -52 53 -54 54 58 57 -58 -59 59 -61 -62 63 -64 -65 -66
leaf_value=-88.109201477763165 117.33755469790358 228.39582079082561 -224.20157354712765 0.1442184773791878 0.99172790069248506 -3.4999185372277517 13.869346194536929 -52.528478142831247 0.72250077792877865 -154.70124795917741 95.080744927420497 -1.5070396155054979 0.017191726529574219 -4.6218044816636716 0.81099739716711738 0.20073777427335529 -0.09215372157781708 5.1461860059185032 61.552125616487032 -16.823693628908895 32.261017615891411 -9.0857514675973903 4.8392397964268197 0.98827346994753085 2.147778172792747 -6.4219234521649886 -103.27250035729013 8.3266690323340917 -75.143769952419177 -1.7227792492460929 -1.5150541679833185 -138.23003798830263 2.7304508343821725 -4.8973378853607468 20.181962027648648 1.8837972186440899 -0.23903124396946332 19.360369050792443 -6.7750533382856313 -43.613202882945373 87.092517128385538 -83.30070091675185 122.06045855583839 3.7092732105800543 -10.86254372069266 8.4700228221975848 -32.791225652179385 0.45466671461369179 -0.44723017763782841 -33.513724248794631 -103.35282883002299 -0.066971384450673244 124.51063573246088 -1.1396128797122458 0.37185885028341659 -2.0868283266530727 0.052149946839134938 -0.29120395806571076 -5.4301540645626654 1.0945832587057693 -0.11378460256516348 -0.77749002761276476 0.14759927050249888 0.12636580349890875 -183.03470774311506
leaf_weight=175 100 98 98 140 169 188 328 195 103 195 188 117 169 106 112 321 2526 442 161 141 282 270 259 95 548 218 136 925 96 443 198 155 192 104 170 928 124 172 143 96 149 253 149 400 117 183 615 171 286 106 157 96 144 294 3121 575 1351 709 1386 1624 2931 96 158 108 142
leaf_count=175 100 98 98 140 169 188 328 195 103 195 188 117 169 106 112 321 2526 442 161 141 282 270 259 95 548 218 136 925 96 443 198 155 192 104 170 928 124 172 143 96 149 253 149 400 117 183 615 171 286 106 157 96 144 294 3121 575 1351 709 1386 1624 2931 96 158 108 142
internal_value=2.97129e-05 0.00128751 0.00107937 0.00127931 -0.00503678 0.00181235 -0.00106841 -0.00862905 -0.0044808 -0.000924502 -0.000732945 0.00246714 -0.00715917 -0.00965506 -0.00778245 0.00281748 0.00130072 0.00514463 0.00280701 0.00836158 0.00418599 -0.000226226 -0.00607127 0.00537344 0.0101905 0.00142627 0.000468989 0.000941836 0.00562644 0.007116 0.0118975 -0.000818144 -0.010862 0.0153327 0.00517842 0.000148031 -0.01554 -0.000921106 -0.00479937 -0.00772967 0.00916709 -0.00489421 -0.000387352 0.00816703 -0.0088154 -0.00147576 -0.00410022 -0.00577166 -0.00981584 -0.000565731 -0.000776944 -0.000533428 0.00931804 -0.000732643 -0.00102082 -0.00393893 -0.000135179 -0.00865772 -5.64566e-05 -0.00289328 0.00132528 0.00637006 0.0136638 -0.00191035 -0.0212729
internal_weight=26947 11706 11608 11510 867 10643 692 364 975 15241 15046 9668 835 732 300 9368 5722 3646 2732 984 823 1748 871 877 665 477 5401 5265 1464 1368 914 3801 347 716 274 3454 394 14858 1753 1461 292 1223 13105 682 212 970 798 626 455 12956 12706 12549 250 12449 11991 2929 1645 1284 9062 3010 6052 458 254 204 238
internal_count=26947 11706 11608 11510 867 10643 692 364 975 15241 15046 9668 835 732 300 9368 5722 3646 2732 984 823 1748 871 877 665 477 5401 5265 1464 1368 914 3801 347 716 274 3454 394 14858 1753 1461 292 1223 13105 682 212 970 798 626 455 12956 12706 12549 250 12449 11991 2929 1645 1284 9062 3010 6052 458 254 204 238
is_linear=0
shrinkage=0.0577944


Tree=88
num_leaves=66
num_cat=0
split_feature=56 9 80 127 55 0 89 80 64 0 100 93 39 23 94 40 82 60 54 32 1 55 52 53 64 92 94 34 99 127 51 55 48 127 95 91 26 101 112 0 102 112 101 51 64 1 130 50 127 86 87 95 42 127 0 39 20 89 13 43 29 29 93 37 38
split_gain=10.7994 9.47868 16.7663 15.6473 14.562 22.1388 16.44 13.6056 13.3299 12.8045 14.6293 10.9635 10.3627 11.3443 16.5073 8.91346 11.5558 10.1068 10.1639 13.4306 12.8301 11.8585 9.79601 8.89643 12.6169 16.3785 12.6675 10.8504 14.1495 31.4829 12.6087 9.80261 20.0079 13.5039 10.1284 8.99263 41.3755 14.1235 12.8565 10.3581 27.635 13.3269 9.85391 8.55696 10.1669 24.2508 12.4778 17.0161 10.789 9.923 8.22863 8.22617 8.08072 8.05746 7.67163 9.44636 8.32325 11.2794 7.48776 7.32631 7.91939 7.29056 8.78852 7.09967 10.0127
threshold=59000.000000000007 15004.000000000002 15004.000000000002 240.50000000000003 3175.3993692266063 13.000000000000002 3750.0000000000005 14500.000000000002 0.031754032258064523 21.000000000000004 -38.079132080169067 0.098464668073017028 0.75134408602150549 490.13251785387939 0.092819096178459473 37500.000000000007 83125.000000000015 -1249.9999999999998 5838.0889335476813 6304.7289326625132 11.000000000000002 7702.6917772327706 3671.9651663571021 7005.8867426102979 -0.086489013557737249 29375.000000000004 0.20449015786334376 13875.000000000002 59585.93598456763 98.500000000000014 59000.000000000007 5183.2706328218355 52333.333333333336 218.50000000000003 0.076113763239873053 3751.0000000000005 47.500000000000007 3999.9857355961308 0.50471698113207564 33.000000000000007 1908.4617489126779 -0.035098522167487677 -1402.3681373376855 40666.666666666679 0.13835725677830943 9.0000000000000018 0.68301270189221941 50166.666666666679 200.50000000000003 69375.000000000015 9500.0000000000018 0.088236339961927923 0.3990403154390022 288.50000000000006 33.000000000000007 0.84273937856689929 64250.000000000007 34500.000000000007 49500.000000000007 0.68333333333333346 48166.666666666679 71833.333333333358 0.025034411578574934 4750.0000000000009 2916.0000000000023
decision_type=10 10 10 2 10 2 10 10 10 2 2 10 2 10 10 2 10 10 10 2 2 10 10 10 10 10 10 2 2 2 10 8 10 2 10 10 2 2 8 2 2 8 2 8 10 2 2 10 2 10 10 10 10 2 2 2 10 10 10 2 2 2 10 2 2
left_child=1 2 3 8 5 -5 -7 -6 12 11 -11 52 -1 -14 -15 17 -17 18 19 22 -20 51 -3 27 25 26 54 28 30 -30 35 32 59 43 -35 37 38 39 42 41 -41 -19 -37 -33 46 -46 48 -48 -45 -47 -24 -22 -4 -39 56 -56 58 -58 -25 60 -26 62 -31 64 -54
right_child=-2 15 9 4 7 6 -8 -9 -10 10 -12 -13 13 14 -16 16 -18 23 20 -21 21 -23 50 24 31 -27 -28 -29 29 61 -32 33 -34 34 -36 36 -38 53 -40 40 -42 -43 -44 44 45 49 47 -49 -50 -51 -52 -53 63 -55 55 -57 57 -59 -60 -61 -62 -63 -64 -65 -66
leaf_value=78.929829089536867 69.026071698902271 7.1726696750084304 0.47703466969609426 0.47334229091575236 24.997568335340858 -2.534266289347566 -0.80145702753250048 -0.62548240302022562 -3.6116495467878553 -0.30535570099979858 -14.534467834336397 11.669240582959633 -0.1935618014386504 3.8581509667179268 -0.2687250005254303 -348.34439075370869 3.5419702502959804 -0.3455856582752771 7.093704371008914 36.221187531110758 -0.79374739114312287 3.7688871831789639 -0.68773266699163005 -8.2462164673555129 0.03969502114179263 19.038402058564653 24.518127928811932 -80.347149779486699 417.70085835796829 -5.8541913412154241 -62.922423659992752 127.63425854303874 99.634580304854268 1.5831434091988468 -22.02439239282333 -0.22331054193297675 241.29151627261703 -65.223158616907583 -31.641937403323102 0.70409330851873231 -17.446489339162174 0.020657189026300531 2.4779442538251217 -5.4693437707439747 -216.18089153516542 -40.242540263663173 23.11892290697833 2.3147253359235425 13.239612664291336 93.889223698526649 75.917905303246698 -21.822065596983968 -0.24808542823334773 1.1930519146264784 -17.631447945200687 -162.39994469958495 -115.87560081796302 -0.18831266167635663 3.2085358517572979 4.7370292206768978 -7.7977888711030037 -35.869401687228027 12.295047858474256 0.14666783052619373 -9.2102087721833943
leaf_weight=172 101 98 381 95 129 213 126 181 159 719 772 139 126 156 120 125 153 2312 1699 299 154 133 390 109 123 132 97 133 217 101 151 98 328 156 414 988 166 299 146 3015 116 5171 1189 1188 185 113 222 805 108 129 97 173 163 114 129 162 148 101 159 125 107 128 217 178 95
leaf_count=172 101 98 381 95 129 213 126 181 159 719 772 139 126 156 120 125 153 2312 1699 299 154 133 390 109 123 132 97 133 217 101 151 98 328 156 414 988 166 299 146 3015 116 5171 1189 1188 185 113 222 805 108 129 97 173 163 114 129 162 148 101 159 125 107 128 217 178 95
internal_value=0.000179826 0.000100858 -0.00251426 0.00225866 -0.00346854 -0.0104192 -0.0175298 0.00569004 0.00830775 -0.00546847 -0.00881206 -5.15387e-05 0.0124972 0.00667974 0.0134153 0.000556772 -0.00962315 0.000691202 0.00379153 0.00904332 0.0015463 -0.00684143 0.00352182 0.00020004 -0.00185314 -0.00754678 -0.0104248 0.000942261 0.00110826 0.00935387 0.000692733 -0.000364074 0.00588176 -0.00166987 -0.00976225 0.000892841 0.0040314 0.000166909 0.00193415 0.000592541 0.00339006 -0.000554719 0.00312391 0 -0.000647663 -0.00884306 0.000791382 0.00560081 -0.00288462 0.00255657 0 -0.0129189 -0.00280768 -0.0102507 -0.0128819 -0.0207805 -0.00798006 -0.0155373 -0.000182188 -0.00320181 -0.00962125 0.000110027 0.00518877 -0.00826734 -0.0143391
internal_weight=26947 26846 3924 1477 744 434 339 310 733 2447 1491 956 574 402 276 22922 278 22644 3043 884 2159 460 585 19601 5138 1037 905 14463 14330 663 13667 4101 683 3418 570 13516 2489 11027 2323 10614 3131 7483 2177 2848 2750 427 2323 1027 1296 242 487 327 817 413 808 291 517 249 268 355 230 446 318 436 258
internal_count=26947 26846 3924 1477 744 434 339 310 733 2447 1491 956 574 402 276 22922 278 22644 3043 884 2159 460 585 19601 5138 1037 905 14463 14330 663 13667 4101 683 3418 570 13516 2489 11027 2323 10614 3131 7483 2177 2848 2750 427 2323 1027 1296 242 487 327 817 413 808 291 517 249 268 355 230 446 318 436 258
is_linear=0
shrinkage=0.0577944


Tree=89
num_leaves=28
num_cat=0
split_feature=33 31 79 50 63 51 1 11 99 64 64 35 107 47 50 31 5 11 80 85 29 131 24 106 130 53 101
split_gain=10.5551 8.87655 14.0687 10.6164 10.1461 26.62 15.6025 23.7154 14.6309 13.7961 17.5694 12.4995 11.5587 12.3415 15.8484 19.9961 19.1714 12.1909 17.623 11.4739 12.9563 10.1119 8.54818 6.65027 5.52544 4.01069 4.01032
threshold=59000.000000000007 122500.00000000001 127500.00000000001 105083.33333333336 13750.000000000002 51916.666666666672 9.0000000000000018 38500.000000000007 67462.863626339342 0.19615384615384621 0.22474747474747478 0.087592511520000818 27500.000000000004 108750.00000000001 91000.000000000015 97500.000000000015 87500.000000000015 55500.000000000007 92500.000000000015 90625.000000000015 74250.000000000015 1.0000000180025095e-35 2.5000000000000004 22500.000000000004 0.25000000000000011 8962.8671501020744 3709.2252423497325
decision_type=2 2 8 10 10 10 2 8 2 10 10 2 10 10 10 2 10 8 10 10 2 2 2 10 2 10 2
left_child=1 2 4 -3 9 6 -6 -8 23 12 21 -10 13 14 15 16 19 -14 -19 20 -1 -11 -12 -7 -9 -13 -24
right_child=-2 3 -4 -5 5 8 7 24 11 10 22 25 17 -15 -16 -17 -18 18 -20 -21 -22 -23 26 -25 -26 -27 -28
leaf_value=0.014841401930134069 74.409058660778598 8.9131166175043255 57.555493818223745 -369.70729172376844 1.0983944100365473 -5.8484483481378495 -7.9040441271506454 463.08417833800371 94.477107394692126 -11.509724356244837 15.58887425526693 29.328091223532002 8.0499281520438544 -106.21269904772348 116.69599852583792 -158.78340167124335 51.17533056774797 -274.62794912644682 -1.1081314585955171 -89.530310110665354 42.564424771209211 -65.110949940249085 0.50051147762827641 -268.36567225704636 46.380281877344125 -195.25737479031426 -37.537721425727007
leaf_weight=23387 108 119 188 117 170 98 103 168 96 112 111 98 112 177 135 178 187 114 97 101 284 150 103 118 110 102 104
leaf_count=23387 108 119 188 117 170 98 103 168 96 112 111 98 112 177 135 178 187 114 97 101 284 150 103 118 110 102 104
internal_value=0.000308494 0.000227918 0.000334205 -0.0108286 0.000214074 0.00573691 0.0145794 0.021027 -0.00345997 -1.10676e-05 -0.00880241 0.00441185 0.000188614 0.000340009 0.000459147 0.000339616 0.000491675 -0.0105983 -0.0188302 0.000337537 0.000429302 -0.0197848 0 -0.0149767 0.0297503 -0.00308446 -0.00655273
internal_weight=26947 26839 26603 236 26415 1063 551 381 512 25352 580 296 24772 24449 24272 24137 23959 323 211 23772 23671 262 318 216 278 200 207
internal_count=26947 26839 26603 236 26415 1063 551 381 512 25352 580 296 24772 24449 24272 24137 23959 323 211 23772 23671 262 318 216 278 200 207
is_linear=0
shrinkage=0.0577944


Tree=90
num_leaves=64
num_cat=0
split_feature=33 54 54 100 0 106 125 52 35 29 44 51 34 54 44 45 53 123 74 34 22 42 44 55 127 76 51 100 102 7 77 111 22 42 53 112 98 94 42 102 50 127 82 125 112 69 32 92 63 127 1 106 99 34 131 35 102 61 54 8 100 0 0
split_gain=10.5439 8.76367 9.36352 14.1415 12.7606 9.57489 9.31306 13.6302 13.0899 14.8931 24.6201 14.3149 15.6974 14.149 11.4002 11.9201 17.0584 14.0334 13.9767 13.2977 12.0345 11.8626 11.3866 10.9184 24.9823 18.0188 15.3108 10.7982 10.6176 10.2411 13.8779 10.0164 9.79635 9.25801 8.2908 14.1863 21.8048 19.8923 13.5223 11.6142 9.29335 23.9586 26.7354 25.2238 16.8931 12.7761 12.536 12.5141 10.9619 16.9528 22.6278 13.6073 8.90792 7.78229 6.83982 6.68511 6.20024 5.64326 5.56541 5.18083 4.82952 4.77511 2.56962
threshold=59000.000000000007 408.24829046386282 516.39777949432244 -1.0000000180025095e-35 33.000000000000007 -749.99999999999989 10.500000000000002 532.06016849974446 0.32455589632289666 16916.666666666668 13750.000000000002 19416.666666666668 5128.0000000000009 2723.3403011827659 18750.000000000004 61250.000000000007 7005.8867426102979 2250.0000000000005 81000.000000000015 1.0000000180025095e-35 1780.5419597215671 -1.0830949588055327 112500.00000000001 14038.629317265144 84.500000000000014 59000.000000000007 51416.666666666679 -22.887638328520548 -316.81799614840378 38500.000000000007 30500.000000000004 0.078461538461538485 10271.051820261486 -0.56438925211695967 826.10312969235281 0.037185185185185189 28000.24452201257 0.01341095837555399 0.3990403154390022 -55.542147528862181 66250.000000000015 58.500000000000007 71625.000000000015 26.500000000000004 0.56696428571428581 1.0000000180025095e-35 8779.6793942693203 19875.000000000004 13750.000000000002 179.50000000000003 9.0000000000000018 15500.000000000002 61110.600945091188 9875.0000000000018 1.0000000180025095e-35 0.017215384672609833 -74.887838614193228 -2514.9999999999995 826.10312969235281 81000.000000000015 -0.20791151228695523 21.000000000000004 21.000000000000004
decision_type=2 8 8 2 2 8 2 10 2 2 8 8 2 10 10 10 8 8 10 2 10 10 10 10 2 10 10 2 2 8 8 10 10 10 10 8 2 10 10 2 10 2 10 2 8 8 2 10 10 2 2 10 2 2 2 2 2 10 10 10 2 2 2
left_child=1 -1 3 5 -5 -3 8 55 9 10 28 12 56 -12 -13 16 19 18 21 31 -21 -17 23 34 25 -25 -26 32 -4 -18 -31 -16 53 -19 35 36 37 -9 -37 58 48 44 43 -43 46 -46 -42 -44 51 -50 -51 52 -36 -28 -15 -8 -11 -20 -38 -27 -56 -39 -57
right_child=-2 2 6 4 -6 -7 7 22 -10 11 13 14 -14 54 15 17 29 33 57 20 -22 -23 -24 24 26 59 27 -29 -30 30 -32 -33 -34 -35 40 38 39 61 -40 -41 41 42 47 -45 45 -47 -48 -49 49 50 -52 -53 -54 -55 60 62 -58 -59 -60 -61 -62 -63 -64
leaf_value=-2.4143840388947 70.108630913151785 0.098368549413171219 0.3478672584868655 -0.88493451063901973 2.4855336822382683 0.33117537438882921 -0.04965738678363954 -0.90382455458255562 -11.375634047385931 1.4455046088034655 -0.95009280358938208 23.527513911526597 -20.428045969108371 3.4538391267273583 0.4261744858812902 224.42462198196807 -32.423617026787305 3.5846976591701494 19.354802643465153 -0.081217830430874507 1.4705779696601589 24.155776602774075 -322.58296746790273 302.69374086168165 86.983212485421674 -7.3064844959994479 12.406581618900033 -71.971900058621515 -2.5199643450427511 46.645875420975933 -4.1468840879974413 -2.1433766927625637 -30.100767373630095 -190.36905326662492 -0.056135575235133107 0.20463619085854998 -0.36034104789871962 -0.61915694359950968 -0.85217284705123941 0.1552214097102943 429.76091400817455 -147.01901200420451 -39.190659957811704 11.695988752907155 15.857477090160703 -117.3358466797911 12.224427516418295 55.406026091978248 -12.851545465425136 -1.8648593572729513 395.75954877776616 -181.62323407240947 8.6964617598068887 -32.321078059484826 57.052752218641949 0.046439163617389034 -1.0632094997458374 -42.713131440124414 0.058524002235449672 90.848605513871348 4.0095737013714654 1.600267955172322 1.0209728558073974
leaf_weight=117 108 135 149 178 114 161 135 254 162 109 97 96 163 102 428 110 127 152 99 2189 1870 762 142 108 115 102 178 145 117 111 1012 99 112 115 11855 153 209 97 104 159 115 494 342 121 158 116 185 182 159 124 168 157 608 98 128 127 143 161 102 98 187 97 127
leaf_count=117 108 135 149 178 114 161 135 254 162 109 97 96 163 102 428 110 127 152 99 2189 1870 762 142 108 115 102 178 145 117 111 1012 99 112 115 11855 153 209 97 104 159 115 494 342 121 158 116 185 182 159 124 168 157 608 98 128 127 143 161 102 98 187 97 127
internal_value=0.000317072 0.00023653 0.000313254 0.00751064 -0.000949969 0.0163798 0.000143407 -0.000618887 0.00169469 0.00202502 0.00965367 0.00122948 -0.00909668 0.0170741 0.00184276 0.00154782 0.000364771 0.00634054 0.00920593 0.00202566 0.000851544 0.0127324 -0.00087352 -0.000723713 0.00523217 0.0187181 -0.000963137 -0.00537165 -0.00404503 -0.00557265 -0.0035842 0.0106626 0 -0.00509874 -0.00109292 -0.00578019 -0.00921142 -0.0182902 0.00573843 -0.000104449 -0.000706848 -0.00470919 -0.00960483 -0.0177434 0.00468994 -0.00517842 0.014259 0 -0.000167338 0.00863037 0.0169929 -0.000498379 -0.000268219 0.00555505 0.021701 0.00999398 0 -0.00194303 -0.0069587 0.00706238 0.0261117 -0.00317821 0.01546
internal_weight=26947 26839 26722 588 292 296 26134 17446 8688 8526 780 7746 415 514 7331 7235 5836 1399 1132 4586 4059 872 17057 16915 956 308 648 533 266 1250 1123 527 388 267 15959 1175 918 448 257 470 14784 1713 1139 615 574 274 300 524 13071 451 292 12620 12463 276 417 389 252 260 311 200 315 194 254
internal_count=26947 26839 26722 588 292 296 26134 17446 8688 8526 780 7746 415 514 7331 7235 5836 1399 1132 4586 4059 872 17057 16915 956 308 648 533 266 1250 1123 527 388 267 15959 1175 918 448 257 470 14784 1713 1139 615 574 274 300 524 13071 451 292 12620 12463 276 417 389 252 260 311 200 315 194 254
is_linear=0
shrinkage=0.0577944


Tree=91
num_leaves=46
num_cat=0
split_feature=69 106 83 26 26 55 54 53 72 80 0 0 50 100 55 54 13 102 11 51 54 53 95 95 35 11 131 127 63 95 38 100 35 95 89 3 101 14 95 125 102 50 8 74 119
split_gain=9.83485 10.7305 9.78125 13.9827 18.7975 14.0702 8.87782 10.2714 17.5278 17.5332 14.4767 14.0008 19.5752 20.6126 8.17796 9.71113 8.15045 19.1761 22.9921 14.565 9.58833 9.13585 20.5294 20.6328 13.8926 12.951 12.1804 14.4514 19.1676 11.8215 11.2796 10.4713 8.61041 8.4832 20.0477 11.1598 8.08042 7.89234 7.41473 6.60621 8.65289 9.98582 6.05224 5.7688 2.16486
threshold=-3583.3333333333326 11500.000000000002 88125.000000000015 15.500000000000002 8.5000000000000018 11636.742756881415 408.24829046386282 632.45553203367592 26500.000000000004 27850.000000000004 10.000000000000002 21.000000000000004 27916.666666666668 -0.10249022278821938 10254.964136156201 7555.3009855711816 85833.333333333358 4451.4807600542781 50004.000000000007 80250.000000000015 19680.778604297859 10820.48809584292 0.078238096571628155 0.21720366391378002 0.17767701563092883 63500.000000000007 -0.9330127018922193 30.500000000000004 -8249.9999999999982 0.28637619266238612 -13999.999999999998 -213.97987912787355 0.32455589632289666 0.017278467139378292 1004.0000000000001 1.0000000180025095e-35 20246.526116101304 62147.142857142862 0.040829454327914003 8.5000000000000018 -16.907095644608486 27916.666666666668 87500.000000000015 69000.000000000015 0.2678571428571429
decision_type=10 10 10 2 2 10 8 10 10 10 2 2 10 2 10 10 10 2 8 10 10 10 10 10 2 10 2 2 10 10 2 2 2 10 10 2 2 10 10 2 2 8 8 10 10
left_child=1 14 6 4 -4 -6 -2 8 -8 -10 -11 12 -12 -14 15 -1 20 -18 -19 36 21 29 25 26 -25 -23 -24 28 -28 30 -9 -29 33 35 -35 -32 -20 43 39 -13 41 -41 -16 -26 -17
right_child=2 -3 3 -5 5 -7 7 16 9 10 11 38 13 -15 42 44 17 18 19 -21 -22 22 23 24 37 -27 27 31 -30 -31 32 -33 -34 34 -36 -37 -38 -39 -40 40 -42 -43 -44 -45 -46
leaf_value=5.1706069393139957 -2.274846134489481 -124.40695870014767 -137.43016158459224 -268.13702929004103 -105.080814387899 78.685307154070017 -1.6703798743246618 98.651594795531082 0.19280936265811977 0.095422400311417743 -1.5291869064477177 -0.023352137885405907 0.34846036774676403 -1.1939949191030472 -44.774590656480903 88.520235595686046 125.08299585564313 132.67120160642196 35.077090629091565 -80.269057760323037 39.20366472396158 21.099898005557478 11.837633088223788 -23.780376959352981 16.831487323693707 -28.404918883086172 -49.043479877489176 -23.589677842893916 55.970862585479587 -38.480561964301081 -0.080686133644536404 -148.89540933100875 -8.8102260740248344 1.0271440465338026 0.040564243137781369 0.38206964662909931 -136.18834979264167 101.95986280897898 -0.4499194501205569 1.0753562315717919 1.2372328981565588 -0.15543417443124788 49.006320350674557 -1.9852953257513337 132.99852924121774
leaf_weight=158 117 102 106 102 103 158 143 177 97 182 101 112 168 111 140 114 97 121 157 182 165 165 102 120 99 99 110 515 103 135 2088 319 103 369 18510 135 102 109 95 103 191 122 110 133 97
leaf_count=158 117 102 106 102 103 158 143 177 97 182 101 112 168 111 140 114 97 121 157 182 165 165 102 120 99 99 110 515 103 135 2088 319 103 369 18510 135 102 109 95 103 191 122 110 133 97
internal_value=0.000359962 0.0070093 0.000169345 -0.00805685 -0.0021619 0.00565161 0.000327232 0.000407607 0.00517314 0.00741225 0.00524523 0.00228877 -0.00615858 0.00119835 0.0100151 0.0154969 0.000118975 0.00644386 0.00192738 -0.0038827 -5.11615e-05 -0.000157751 -0.00402829 -0.00655015 0.00346659 0.0105592 -0.0107251 -0.0126469 0 0.000171488 0.000288779 -0.0160708 0.000157661 0.000248796 0.000654559 -0.00311129 0.00437319 0.00970875 0.00773684 0.0105338 0.013898 0.00502418 0.00110742 0.00266517 0.0236823
internal_weight=26947 721 26226 469 367 261 25757 25640 1425 1282 1185 1003 380 279 619 369 24215 659 562 441 23556 23391 1874 1610 461 264 1149 1047 213 21517 21382 834 21205 21102 18879 2223 259 341 623 528 416 225 250 232 211
internal_count=26947 721 26226 469 367 261 25757 25640 1425 1282 1185 1003 380 279 619 369 24215 659 562 441 23556 23391 1874 1610 461 264 1149 1047 213 21517 21382 834 21205 21102 18879 2223 259 341 623 528 416 225 250 232 211
is_linear=0
shrinkage=0.0577944


Tree=92
num_leaves=24
num_cat=0
split_feature=38 69 23 118 112 31 79 22 63 55 107 23 23 57 29 9 64 131 13 87 0 101 74
split_gain=8.85473 13.186 13.2968 12.7832 10.5477 11.5199 11.6067 10.052 8.74019 20.5857 16.1335 15.0725 14.2473 8.98773 8.76165 10.7252 7.60919 11.6005 8.00964 7.35931 7.2621 6.39328 3.7208
threshold=22666.666666666668 -4416.6666666666652 10416.609195243953 1.0000000180025095e-35 1.4000800000000002 122500.00000000001 127500.00000000001 18284.982988936845 13750.000000000002 8231.0248069064091 34000.000000000007 8658.5948264029703 10961.007169093331 51000.000000000007 84416.666666666686 81000.000000000015 0.19615384615384621 0.25000000000000017 80333.333333333358 12500.000000000002 33.000000000000007 10005.528674790157 71000.000000000015
decision_type=2 10 10 10 10 2 8 10 10 10 10 10 10 10 2 10 10 2 10 10 2 2 10
left_child=1 2 3 -1 5 6 7 8 10 11 13 21 -13 14 16 -16 18 -18 -3 -11 -14 -10 -4
right_child=-2 4 22 -5 -6 -7 -8 -9 9 19 -12 12 20 -15 15 -17 17 -19 -20 -21 -22 -23 -24
leaf_value=52.466327546511181 -218.10955889488608 0.0076671781455356696 90.729483171245661 -103.75400472365533 46.907464377434373 -151.41170401833526 51.648920014035681 -64.697385717825412 435.97291326588993 4.2237722002219886 -153.47061574763688 -22.698885051133605 78.19366419164551 37.330496024593067 -160.19283968757836 -1.9864012516881224 0.93265534841695996 -23.094054800062814 46.501437398234778 -129.64083667305857 -3.3869321286206149 16.747284793410756 61.679292963631823
leaf_weight=125 158 23484 121 144 152 144 145 99 123 157 127 152 177 182 100 148 279 280 218 119 104 111 98
leaf_count=125 158 23484 121 144 152 144 145 99 123 157 127 152 177 182 100 148 279 280 218 119 104 111 98
internal_value=0.000269894 0.00035777 0.00974472 0.000393684 0.000175454 7.92375e-05 0.000177451 7.78883e-05 0.000156699 0.00560938 -4.39035e-05 0.0111946 0.00421874 5.58312e-05 -3.26681e-05 -0.0107715 7.11118e-05 -0.006562 0.000236136 -0.00720985 0.0121634 0.023092 0.0202318
internal_weight=26947 26789 488 269 26301 26149 26005 25860 25761 943 24818 667 433 24691 24509 248 24261 559 23702 276 281 234 219
internal_count=26947 26789 488 269 26301 26149 26005 25860 25761 943 24818 667 433 24691 24509 248 24261 559 23702 276 281 234 219
is_linear=0
shrinkage=0.0577944


Tree=93
num_leaves=59
num_cat=0
split_feature=56 88 63 80 44 100 0 0 89 89 12 112 130 122 56 76 63 92 49 131 16 21 127 0 61 0 48 105 52 125 63 46 127 95 89 52 26 79 35 33 54 12 35 9 35 101 125 93 35 21 119 47 19 8 111 22 54 40
split_gain=9.42404 8.83703 15.7917 12.3528 14.5332 7.88765 15.5148 14.6795 12.2629 10.7503 15.7394 20.6939 16.3214 16.0123 15.5914 13.799 11.3082 11.0945 10.2195 10.6426 14.2765 10.2568 9.96364 11.732 10.586 8.86989 17.5185 14.1367 18.1675 17.6625 15.403 16.2498 13.5436 13.2641 21.1882 14.309 15.8292 13.7836 12.0116 8.49468 8.41987 20.6839 22.3901 19.5062 9.12843 11.0208 7.69813 7.58558 7.36799 7.10403 6.91256 7.2217 6.81084 10.1382 5.22871 2.95698 2.88372 1.24729
threshold=59000.000000000007 61500.000000000007 35002.000000000007 132500.00000000003 112500.00000000001 -2984.2340312977099 10.000000000000002 39.500000000000007 34500.000000000007 29000.000000000004 63500.000000000007 -0.10172413793103448 1.0000000180025095e-35 1500.0000000000002 26500.000000000004 57000.000000000007 425.00000000000006 19125.000000000004 85083.333333333358 0.6830127018922193 67183.333333333358 5345.2248382488351 66.500000000000014 33.000000000000007 4750.0000000000009 10.000000000000002 62505.000000000007 -749.99999999999989 632.45553203367592 13.500000000000002 -1249.9999999999998 43750.000000000007 14.500000000000002 0.022917831955130658 1004.0000000000001 10016.638981097474 51.500000000000007 49000.000000000007 0.12881871996857533 26500.000000000004 1001.9064032049168 28004.000000000004 0.030147913548188826 28004.000000000004 0.22020453729724962 -400.6308539980418 22.500000000000004 0.083147941928308058 0.25865229971055265 7867.9579246944759 1.0000000180025095e-35 61250.000000000007 64250.000000000007 50004.000000000007 -0.18634259259259256 1157.8684470435662 8892.7316916245309 2250.0000000000005
decision_type=10 10 10 10 10 2 2 2 10 10 8 10 2 10 10 10 10 10 10 2 10 10 2 2 10 2 8 8 10 2 10 10 2 8 8 8 2 10 2 2 8 8 2 8 2 2 2 10 2 10 10 10 10 8 10 10 10 2
left_child=1 2 3 4 5 6 8 18 56 25 11 -11 50 14 16 -16 -13 49 19 20 21 -8 39 24 -24 26 27 30 29 -29 31 -7 -30 40 -35 36 -36 -37 -28 -14 41 42 -27 -43 45 -42 52 -22 -46 -15 -12 -52 53 -9 -21 -32 -1 -25
right_child=-2 -3 -4 -5 -6 9 7 46 -10 10 12 13 22 17 15 -17 -18 -19 -20 54 47 -23 23 57 -26 33 38 28 32 -31 55 -33 -34 34 35 37 -38 -39 -40 -41 44 43 -44 -45 48 -47 -48 -49 -50 -51 51 -53 -54 -55 -56 -57 -58 -59
leaf_value=-8.7919742346485545 74.676912140016071 -65.193740340560566 372.06234195470051 111.40450120312906 -496.76142366194898 1.3685695625211676 2.7723500740784219 -7.8536693865665912 6.2788532351123791 22.866768622771122 -37.778707028839648 -17.596013020963159 89.618401191833257 -121.18578313394235 109.03689965833689 -11.834177336724032 3.6103860190267771 2.7892931668088878 88.75185756290567 24.904334336716637 4.5074729151502613 83.0662040306823 1.0389872511397813 -18.378896399879345 -69.91976429424183 -0.1525477502462278 5.3312135756784338 0.028563785335316588 2.2621175443219279 0.1487317133677806 -2.0218603719572448 -2.7608310915456884 0.039317119370761919 2.587830806605298 0.10790360933385557 42.683396449662851 -4.9650397369201276 -30.193981499154859 146.14078912400868 -24.405428820254844 0.40881516468372764 2.4048245172436493 0.13790895017923596 0.027312268336079654 0.87141392595471656 -0.86752238710091012 19.561682201628173 -45.416839068543737 -0.50823972587713473 -45.467527360306619 -0.38877391781753645 -68.797784653012855 2.5675585746075087 -134.71941562102393 94.008562298400236 -0.88185281642546842 -96.569625611264783 -174.95110485846592
leaf_weight=117 101 108 95 123 102 153 572 112 117 188 137 266 149 127 231 183 448 95 129 179 153 300 441 112 96 655 118 103 97 102 106 112 2553 159 13187 116 164 664 116 95 219 200 251 589 104 878 129 212 103 117 120 176 100 97 180 98 96 97
leaf_count=117 101 108 95 123 102 153 572 112 117 188 137 266 149 127 231 183 448 95 129 179 153 300 441 112 96 655 118 103 97 102 106 112 2553 159 13187 116 164 664 116 95 219 200 251 589 104 878 129 212 103 117 120 176 100 97 180 98 96 97
internal_value=0.000282761 0.000208485 0.000282809 0.000190553 9.77401e-05 0.000189989 0.00328411 0.00511824 -0.00812226 -0.000125247 -0.00331708 0.000413159 -0.00777352 -0.00180236 0.00137184 0.0103646 -0.00361359 -0.0128037 0.00755217 0.00610159 0.00334798 0.00745076 -0.00342411 -0.00685259 -0.00190959 0.000337767 0.00296738 0.00182126 0.00339389 0.019927 -0.0073228 0.00126086 0.00202251 -0.000193364 0.000529106 0.000277456 0.000735091 -0.00729292 0.0182231 0.00627356 -0.0036931 -0.00087983 -0.00691799 0.00582431 -0.00719911 -0.00934117 -0.00404002 -0.0059387 0.00325653 -0.0193554 -0.0171972 -0.0109749 -0.00922324 -0.0151981 0.0149676 -0.0191871 -0.0165196 -0.0184633
internal_weight=26947 26846 26738 26643 26520 26418 2493 2163 330 23925 3078 1655 1423 1467 1128 414 714 339 1725 1596 1237 872 990 746 537 20847 3558 3324 2855 205 469 265 2650 17289 14290 14131 13351 780 234 244 2999 1695 906 789 1304 1097 438 365 207 244 433 296 309 209 359 204 213 209
internal_count=26947 26846 26738 26643 26520 26418 2493 2163 330 23925 3078 1655 1423 1467 1128 414 714 339 1725 1596 1237 872 990 746 537 20847 3558 3324 2855 205 469 265 2650 17289 14290 14131 13351 780 234 244 2999 1695 906 789 1304 1097 438 365 207 244 433 296 309 209 359 204 213 209
is_linear=0
shrinkage=0.0577944


Tree=94
num_leaves=66
num_cat=0
split_feature=37 100 1 34 45 111 63 55 53 32 127 16 1 130 28 64 52 23 111 23 99 107 61 95 85 54 1 112 58 127 63 0 29 38 127 95 40 94 22 33 4 12 32 88 95 23 112 88 125 4 32 22 92 118 0 54 125 112 101 109 130 79 32 93 91
split_gain=10.7354 8.20065 16.4061 14.6356 14.2523 13.7104 11.0846 10.9578 9.35869 23.3277 16.7396 11.2882 9.07497 20.4949 24.7118 23.2203 18.6585 18.0869 19.1583 24.0321 15.6711 16.7125 18.775 15.6162 14.577 16.2034 20.8845 12.4438 15.9179 13.8178 15.2447 13.8142 25.0866 15.9454 13.471 11.988 23.0093 13.8004 11.6835 11.4445 11.2382 11.0553 10.7249 17.123 10.7456 17.3253 10.7236 10.6384 20.869 12.0146 10.4663 10.2243 14.879 9.75234 8.90116 8.83161 8.64273 8.35113 8.2155 8.0774 8.03723 7.93919 9.20387 7.60823 7.13121
threshold=-22249.999999999996 5702.2420844701892 9.0000000000000018 24750.000000000004 83750.000000000015 0.40588235294117653 502.00000000000006 8669.6793814499561 18636.872415601447 15234.128064810238 72.500000000000014 82583.333333333358 11.000000000000002 1.0000000180025095e-35 43000.000000000007 0.12613636363636366 12291.517046945724 5490.3258701939794 -0.15192307692307691 6789.1055392429898 82349.986650399849 -23499.999999999996 -6999.9999999999991 0.041527637658373188 96875.000000000015 9371.9270738018531 9.0000000000000018 0.10902823625006348 10504.000000000002 157.50000000000003 1250.0000000000002 39.500000000000007 28416.666666666668 1166.6666666666699 16.500000000000004 0.09097176522945391 9500.0000000000018 0.092176106079258385 9693.0925898831156 14500.000000000002 50004.000000000007 81000.000000000015 4464.6699308926954 6500.0000000000009 0.068618519017768206 2520.0346649686985 0.088932806324110686 5530.0000000000009 15.500000000000002 33500.000000000007 2585.2123592902849 3232.7305117732908 751.00000000000011 1.0000000180025095e-35 33.000000000000007 10551.272016880977 25.500000000000004 -0.45773809523809517 -1807.049358247921 0.22431865828092246 0.25000000000000011 58500.000000000007 6055.7415019990885 0.056691778587468905 14875.000000000002
decision_type=2 2 2 2 10 8 8 10 10 2 2 10 2 2 2 10 10 10 8 10 2 8 10 10 10 10 2 8 10 2 8 2 2 2 2 10 2 10 10 2 10 10 2 10 10 10 10 10 2 8 2 10 10 10 2 10 2 10 2 10 2 10 2 10 10
left_child=-1 3 5 8 6 59 -4 -6 9 12 -11 54 13 15 56 20 24 27 19 -19 21 57 -23 -24 25 26 -16 28 31 30 34 35 60 -34 -29 37 -37 -14 58 -36 51 -26 44 -44 50 -46 -17 49 -49 -32 -31 52 -30 -20 -12 -27 61 -2 -18 -3 -33 62 -15 -55 -10
right_child=1 2 4 -5 7 -7 -8 -9 64 10 11 -13 17 14 16 46 38 18 53 -21 -22 22 23 -25 41 55 -28 29 40 42 47 32 33 -35 39 36 -38 -39 -40 -41 -42 -43 43 -45 45 -47 -48 48 -50 -51 -52 -53 -54 63 -56 -57 -58 -59 -60 -61 -62 -63 -64 -65 -66
leaf_value=228.70872746977079 0.9134758616080505 31.681334484812051 -110.04627766242258 84.458948318547172 -260.51412992035381 -200.53904708197101 30.266358694515411 12.949851934138264 13.822491369260216 17.516003373819494 -5.9252223022918935 -474.46083230999977 -0.024199617055037721 143.06777663593144 0.41733088818729314 0.36427077991366497 -148.77167826157597 -5.5778170402962406 -2.0268020409465981 10.06708247734789 -244.18964625557115 164.88004579612277 -8.2011857726348687 0.22148087564709398 225.45764765625213 -22.27924085448382 26.251707674490699 -3.6152607043096974 -1.31911022026726 6.7555686104792416 0.58985072062159827 -0.58343902610370835 3.522780927884186 -11.490953585228555 0.9662299721086095 0.17706046234253647 4.7175688019000681 -4.7731570269979633 10.566812277376298 15.332500113144024 5.9476260064547946 20.792619664530609 -11.450782313452809 7.2826839314792382 -2.5396248355756903 2.9599373034130956 244.00092675981321 32.902160422780803 -5.5472783344889143 -13.33059003388013 0.48817779922134064 -8.4652163271660505 0.021277450320704494 -101.95083095842413 -136.31410704036446 0.79965740920576689 211.45579981824844 -29.059918215002604 -39.692529858696702 -121.56843725655915 1.3410234859807857 60.735357962399227 -1.3087856986854989 -21.659965370123491 -4.3483666293129648
leaf_weight=120 104 104 116 201 110 174 454 95 298 97 138 109 6321 138 1330 102 111 152 377 167 152 120 250 2883 123 299 987 103 953 126 345 500 544 116 559 1064 117 173 165 252 248 106 195 125 443 282 173 118 129 175 171 331 1175 157 104 743 147 277 152 98 338 117 194 196 104
leaf_count=120 104 104 116 201 110 174 454 95 298 97 138 109 6321 138 1330 102 111 152 377 167 152 120 250 2883 123 299 987 103 953 126 345 500 544 116 559 1064 117 173 165 252 248 106 195 125 443 282 173 118 129 175 171 331 1175 157 104 743 147 277 152 98 338 117 194 196 104
internal_value=0.000239871 0.000154781 -0.00459868 0.000375527 0 -0.0144493 0.00492424 -0.0127167 0.000244656 9.64659e-05 -0.0129128 -0.0188932 0.000342273 0.00185082 0.00449361 -0.00110708 0.0028018 -0.000466747 -0.00779022 0.00355933 -0.00233129 -0.00150715 -0.000103924 -0.00102925 0.0041978 0.00316019 0.00587447 3.82115e-05 -0.000792041 0.00335827 0.00685734 0.000339191 0.00542204 0.0138392 0.0118975 -0.000631171 0.00467739 -0.0016265 -0.00842065 0.0144667 -0.00468802 0.0183665 -0.000895891 -0.0101605 0.00185182 -0.00173411 0.0149167 0.000589311 0.0105837 -0.00384876 0.0111308 -0.00591123 -0.00430747 -0.0129911 -0.0105638 -0.00270095 0.0155097 -0.0129082 -0.0160225 -0.00305443 -0.0010204 0.0107125 0.00531682 -0.0200844 0.0089607
internal_weight=26947 26827 1151 25676 775 376 570 205 25475 25073 448 351 24625 8673 4612 4061 4016 15952 1049 319 3786 3634 3253 3133 3588 3359 2317 14903 11880 3023 1681 9173 1498 660 914 7675 1181 6494 428 811 2707 229 1342 320 1022 725 275 767 247 520 297 2459 2128 730 242 1042 596 381 263 202 838 449 332 353 402
internal_count=26947 26827 1151 25676 775 376 570 205 25475 25073 448 351 24625 8673 4612 4061 4016 15952 1049 319 3786 3634 3253 3133 3588 3359 2317 14903 11880 3023 1681 9173 1498 660 914 7675 1181 6494 428 811 2707 229 1342 320 1022 725 275 767 247 520 297 2459 2128 730 242 1042 596 381 263 202 838 449 332 353 402
is_linear=0
shrinkage=0.0577944


Tree=95
num_leaves=66
num_cat=0
split_feature=38 51 122 32 11 107 127 127 63 42 91 102 34 112 35 127 75 45 109 74 125 12 87 95 54 55 95 39 94 12 12 83 81 73 81 64 95 127 101 112 74 95 49 21 121 100 0 111 54 0 0 5 42 95 35 77 23 91 101 101 96 77 98 83 46
split_gain=10.3722 11.7074 10.5311 13.7692 12.8026 11.6593 15.3374 14.9436 17.5428 18.2024 19.0237 16.9765 13.2817 15.71 14.9075 14.8566 13.2437 13.1785 13.1548 12.9758 12.5586 17.8411 14.0465 16.3578 11.897 11.781 14.2917 11.5132 10.7043 10.4242 10.3167 15.2392 18.7388 12.0713 12.0487 9.8816 10.3327 9.8035 13.2071 9.63451 9.45297 9.35991 11.7173 9.09082 9.72138 8.99014 15.2636 23.1476 14.3821 13.0972 15.5045 12.8762 27.7813 11.453 13.7394 10.9853 10.5326 10.4272 10.1115 11.4767 9.50591 20.1936 16.8823 16.0728 15.7436
threshold=833.33333333333042 10750.000000000002 4500.0000000000009 7555.3009855711816 65030.000000000007 9496.0000000000018 313.50000000000006 332.50000000000006 -749.99999999999989 0.84757937952601281 550.00000000000011 -1841.6540794068858 1625.0000000000002 -0.14907407407407405 0.15661045570886004 111.50000000000001 64000.000000000007 20250.000000000004 0.094044811320754734 16500.000000000004 6.5000000000000009 66000.000000000015 4500.0000000000009 0.15726138315419699 8779.6793942693203 1132.2451547301728 0.018202740147074532 1.218451749734889 0.05269939981372216 27350.000000000004 9500.0000000000018 12375.000000000002 13250.000000000002 11250.000000000002 13750.000000000002 0.058257918552036207 0.14780464459759429 256.50000000000006 792.15951375412817 0.031754032258064523 18500.000000000004 0.11560805825732874 16916.666666666668 3450.3277967137374 0.13392857142857145 -2984.2340312977099 10.000000000000002 -0.16659999999999997 8669.6793814499561 39.500000000000007 10.000000000000002 29500.000000000004 -0.68649986357138082 0.15993667511150425 0.18347834648912306 27500.000000000004 17921.042295237196 4874.0000000000009 162.07867898634689 -2124.5935925230565 68750.05602701506 49000.000000000007 72017.849937238163 51253.000000000007 86250.000000000015
decision_type=2 8 10 2 8 10 2 2 8 10 10 2 2 10 2 2 10 10 10 10 2 8 10 10 10 10 10 2 10 10 8 10 10 8 10 10 10 2 2 10 10 10 10 10 10 2 2 8 8 2 2 10 10 10 2 10 10 10 2 2 2 10 2 10 8
left_child=1 -1 5 -4 -5 7 18 8 11 10 40 17 29 -14 39 28 -8 -2 -7 -17 21 -19 23 -22 35 -13 -27 -21 -16 -11 -3 32 33 -32 -33 -20 -37 38 -31 -15 -10 42 -28 -24 -45 49 47 -47 51 50 -36 52 -49 54 -52 -54 -55 -56 59 -53 61 63 -62 -48 -64
right_child=2 30 3 4 -6 6 16 -9 9 12 -12 25 13 14 15 19 -18 20 24 27 22 -23 43 -25 -26 26 41 -29 -30 37 31 34 -34 -35 45 36 -38 -39 -40 -41 -42 -43 -44 44 -46 46 60 48 -50 -51 53 58 55 56 57 -57 -58 -59 -60 -61 62 -63 64 -65 -66
leaf_value=-1.8030111964363271 4.6949173608237018 18.513986496256727 0.16863221768104766 -168.56867713482171 -17.035593245323845 3.8207124934704115 12.92873204670158 -3.4811817613386715 1.0231415918344193 -9.3697276519273238 -1.8572586696402265 0.49133250273773421 -1.8061823192407442 0.96449094855153761 3.378696005728103 1.6651102007568674 -6.2515884952635004 -1.4978798963727959 -208.26790333047222 0.00055726149934513098 -0.60568051353077301 25.08257472672102 1.626057458335332 -57.691118745677365 29.837847579910459 -19.244733338675811 0.51488312146009296 -67.605740630789796 0.90045132298913544 -2.8974775526576848 1.062496728501148 10.481213952868625 -68.28692536379819 -4.39745071570497 -10.246595959608548 6.6404929855306154 -179.86020381624877 0.096853272721922484 2.4309630635953714 2.8252771585923022 0.001613818326412886 1.1049274299597764 -2.246656298525703 -15.053958365808676 0.1688942469229088 -4.1381235520427175 0.010348802410813596 -0.80949313332295636 305.94312022820793 -7.316953096906186 72.268609951437227 0.65218437955555841 0.17402567977824948 83.425084301936622 59.554143507171943 0.15917640477494827 0.97419958843752208 -37.117942059253714 2.4977178127219486 -3.1822406571215605 -88.391043937163658 10.840140524560727 28.504952389167858 -76.749706405573775 -73.003410687900384
leaf_weight=118 122 181 267 146 118 1328 301 494 207 113 1020 154 198 411 156 144 125 124 132 200 391 138 359 122 150 202 172 116 134 189 319 212 100 446 137 169 112 118 105 182 1018 203 981 123 351 145 9851 160 96 456 577 134 271 341 113 257 107 164 179 180 228 451 266 141 222
leaf_count=118 122 181 267 146 118 1328 301 494 207 113 1020 154 198 411 156 144 125 124 132 200 391 138 359 122 150 202 172 116 134 189 319 212 100 446 137 169 112 118 105 182 1018 203 981 123 351 145 9851 160 96 456 577 134 271 341 113 257 107 164 179 180 228 451 266 141 222
internal_value=0.000222715 0.00117684 -0.00112406 -0.00906877 -0.01834 -0.000704727 0.00288562 -0.00173624 -0.0010868 0.00133763 -0.00220689 -0.00417439 0.00527437 0.00800287 0.0102958 0.00451487 0.0127668 -2.85256e-05 0.000544737 -0.00160331 -0.00153705 0.00976777 -0.00389131 -0.0113994 -0.00671974 -0.00824954 -0.00980347 -0.00847827 0.014745 -0.00239046 0.00132521 0.00115116 -0.00624632 -0.00284725 0.00160053 -0.0119163 -0.00484775 0.00151032 -0.0036642 0.0172351 0.00253382 -0.0074339 -0.00948855 0.000542809 -0.00446173 0.00138447 0.000807624 0.00644096 0.00902101 0.00511014 0.00784757 0.00701961 0.0121085 0.00986653 0.00558499 0.0185819 0.017522 -0.00450468 0 -0.00634667 7.17385e-05 0.000530318 -0.00633499 0 0
internal_weight=26947 15852 11095 531 264 10564 2317 8247 7753 4311 2245 3442 2066 1541 1343 750 426 1730 1891 460 1608 262 1346 513 563 1712 1558 316 290 525 15734 15553 865 765 14688 413 281 412 294 593 1225 1356 1153 833 474 14476 12581 1422 1277 1895 1439 1181 688 1302 854 528 448 277 493 314 11159 10443 716 9992 488
internal_count=26947 15852 11095 531 264 10564 2317 8247 7753 4311 2245 3442 2066 1541 1343 750 426 1730 1891 460 1608 262 1346 513 563 1712 1558 316 290 525 15734 15553 865 765 14688 413 281 412 294 593 1225 1356 1153 833 474 14476 12581 1422 1277 1895 1439 1181 688 1302 854 528 448 277 493 314 11159 10443 716 9992 488
is_linear=0
shrinkage=0.0577944


Tree=96
num_leaves=22
num_cat=0
split_feature=112 37 28 49 83 15 16 102 55 99 92 23 0 31 19 63 127 106 111 90 130
split_gain=9.00299 8.58434 9.47262 10.7172 12.9471 13.8019 19.3886 25.5992 9.86489 11.7718 9.77067 7.71775 10.8733 10.6779 13.3875 12.2823 26.5562 16.2258 10.4492 6.01997 4.43507
threshold=1.4000800000000002 -22249.999999999996 112500.00000000001 103750.00000000001 93125.000000000015 90178.571428571435 87925.000000000015 -8019.3814719656575 19418.630699202487 51390.812876821517 14749.000000000002 15616.17549971996 13.000000000000002 97500.000000000015 73000.000000000015 10750.000000000002 177.50000000000003 18500.000000000004 -0.21240601503759396 2125.0000000000005 0.68301270189221941
decision_type=10 2 2 10 10 10 10 2 10 2 10 10 2 2 10 10 2 10 8 10 2
left_child=1 -1 3 4 5 6 8 -8 11 -10 -7 13 19 15 -15 17 -17 -3 -14 -13 -12
right_child=-2 2 -4 -5 -6 10 7 -9 9 -11 20 12 18 14 -16 16 -18 -19 -20 -21 -22
leaf_value=213.29132886253407 21.586460811603697 0.016465852873629769 -270.12256090922097 65.258932923589313 -124.0907160722244 -6.5368629700686425 13.530187479561114 -178.08429016497246 -13.844221356324171 105.4398788996359 11.611170946734481 -5.1011195650363588 -117.87128101369342 -330.24095750255566 6.0717505389186357 -4.7370789746334925 148.17659976611202 -125.08453232644608 -24.016708483267085 28.16874174575301 158.30406773106128
leaf_weight=120 167 23581 135 189 121 105 114 160 107 156 102 98 100 139 155 398 346 255 185 96 118
leaf_count=120 167 23581 135 189 121 105 114 160 107 156 102 98 100 139 155 398 346 255 185 96 118
internal_value=0.000261316 0.000170158 9.28918e-05 0.000178329 7.20923e-05 0.000167212 1.08377e-05 -0.0151788 0.000182401 0.0112497 0.0119416 5.89321e-05 -0.007171 0.000206426 -0.0106601 0.00034525 0.0076442 0.000108744 -0.0143994 0.00259267 0.0188477
internal_weight=26947 26780 26660 26525 26336 26215 25890 274 25616 263 325 25353 479 24874 294 24580 744 23836 285 194 220
internal_count=26947 26780 26660 26525 26336 26215 25890 274 25616 263 325 25353 479 24874 294 24580 744 23836 285 194 220
is_linear=0
shrinkage=0.0577944


Tree=97
num_leaves=34
num_cat=0
split_feature=112 101 1 51 26 51 79 26 120 39 63 130 34 83 95 84 112 2 55 54 53 92 46 131 100 69 56 51 54 74 102 73 92
split_gain=9.0915 10.2373 21.2998 18.9671 19.4032 17.698 14.4761 9.59035 9.62315 9.39338 9.3318 28.2263 10.6738 10.0551 13.7937 11.8989 13.5311 9.99975 11.4965 10.9879 10.1221 11.6327 9.80273 9.55425 13.2477 9.38971 8.90382 7.85862 6.93224 6.90269 6.62751 6.36167 5.13159
threshold=1.4000800000000002 10501.999626615272 9.0000000000000018 61166.666666666679 36.500000000000007 79250.000000000015 127500.00000000001 7.5000000000000009 0.34523809523809529 1.0873379099923726 10750.000000000002 0.68301270189221941 24750.000000000004 83750.000000000015 0.12406719328955938 88750.000000000015 0.25657894736842107 75500.000000000015 10348.088133275156 19958.246164193108 15981.712589510693 19875.000000000004 61250.000000000007 -0.68301270189221952 -30.116136572185493 3733.3333333333335 24500.000000000004 49916.666666666679 18314.352351812769 92500.000000000015 4653.5437542836489 102500.00000000001 17375.000000000004
decision_type=10 2 2 8 2 8 10 2 10 2 10 2 2 10 10 10 10 2 8 10 10 10 10 2 2 10 10 10 10 10 2 8 10
left_child=1 6 3 4 -3 7 10 -4 26 -7 12 22 13 15 31 17 -17 19 -19 20 23 28 -12 24 -1 -25 27 -9 -22 -16 -13 -15 -28
right_child=-2 2 5 -5 -6 9 -8 8 -10 -11 11 30 -14 14 29 16 -18 18 -20 -21 21 -23 -24 25 -26 -27 32 -29 -30 -31 -32 -33 -34
leaf_value=0.10213546771143164 20.338884014933189 -376.34434989144211 185.10160998475394 7.9457464173685981 -2.1344952007278173 -301.93865610476479 133.46093966156101 20.266398844242353 -128.20289194309552 -10.240390680601402 394.34382459964326 16.0875258703255 80.680528336073351 -214.89365752212856 23.942775316365083 71.742222573628638 -3.2266535822586704 -3.5774638337879545 -140.09671069653623 58.991291423023419 -97.535895958646918 11.875632407741197 14.553986553178378 0.059116226692284932 -0.29187079176256953 113.86452306986186 121.60686280114679 -54.918473921652854 -3.6380461799671453 -55.122919492926137 -35.543176622642783 -122.23343023676821 6.0209431967912472
leaf_weight=3553 167 179 107 103 95 98 149 97 104 96 184 105 152 108 99 137 100 183 143 132 162 108 96 16253 3251 152 147 158 117 107 97 95 113
leaf_count=3553 167 179 107 103 95 98 149 97 104 96 184 105 152 108 99 137 100 183 143 132 162 108 96 16253 3251 152 147 158 117 107 97 95 113
internal_value=0.000201271 0.000109738 -0.00488236 -0.0163864 -0.0243458 0 0.000371568 0.00402955 0.000915156 -0.0154747 0.000257423 0.00819826 9.49984e-05 0 -0.00894875 0.000151907 0.0129472 1.64695e-05 -0.00997541 0.000162817 6.08707e-05 -0.00915695 0.0201596 0.000223723 -0.00158639 0.00098572 0.00444331 -0.00265161 -0.015524 0.000788121 -0.00755635 -0.01956 0.0120361
internal_weight=26947 26780 1297 377 274 920 25483 726 619 194 25334 482 24852 24700 409 24291 237 24054 326 23728 23596 387 280 23209 6804 16405 515 255 279 206 202 203 260
internal_count=26947 26780 1297 377 274 920 25483 726 619 194 25334 482 24852 24700 409 24291 237 24054 326 23728 23596 387 280 23209 6804 16405 515 255 279 206 202 203 260
is_linear=0
shrinkage=0.0577944


Tree=98
num_leaves=34
num_cat=0
split_feature=69 128 1 88 112 80 29 54 40 29 123 55 12 124 26 63 23 127 92 112 100 94 125 91 22 107 63 130 110 26 15 99 16
split_gain=8.53231 18.4277 15.4767 7.86888 11.6646 9.02935 11.661 7.4984 7.59303 10.1474 9.45012 10.7077 13.3187 12.4946 9.37712 9.0957 8.41266 12.791 10.1906 14.7653 10.3636 8.71487 8.5103 7.70305 11.5626 7.53163 10.9822 16.0964 7.57734 6.52058 6.21673 6.09615 4.84701
threshold=-4416.6666666666652 1.0000000180025095e-35 9.0000000000000018 60500.000000000007 1.4000800000000002 132500.00000000003 109583.33333333336 408.24829046386282 10004.000000000002 21750.000000000004 3250.0000000000005 5183.2706328218355 38500.000000000007 21.500000000000004 23.500000000000004 4750.0000000000009 15616.17549971996 113.50000000000001 14749.000000000002 -0.27888888888888885 1221.0540536978872 0.14824986333222828 11.500000000000002 4874.0000000000009 5547.0019622524733 20500.000000000004 10750.000000000002 0.68301270189221941 -0.18634259259259256 12.500000000000002 50714.571428571442 31058.383636684372 61414.285714285717
decision_type=8 2 2 10 10 10 2 8 2 2 10 8 8 2 2 10 8 2 10 10 2 10 2 10 10 10 10 2 8 2 10 2 10
left_child=1 29 -3 4 5 6 7 -2 16 -10 11 14 31 -14 30 -16 18 22 25 23 21 -21 -18 -20 -25 26 28 -28 -9 -1 -11 -13 -22
right_child=3 2 -4 -5 -6 -7 -8 8 9 10 -12 12 13 -15 15 -17 17 -19 19 20 32 -23 -24 24 -26 -27 27 -29 -30 -31 -32 -33 -34
leaf_value=58.519687129010755 -2.1385671758702434 -110.34925101042333 27.281278420743838 -91.085425834096228 60.196874274928604 103.87636225426125 -316.54148079737155 2.436594637341138 -68.322405232594065 1.8520876904463019 -78.469320477336936 3.9823770557380218 -2.3266763349859914 -8.4172556147083561 -2.7892113348039222 105.39413599285167 -6.1882224217055413 -104.52931751187737 -12.488806949201871 12.097817305464702 -19.283400261113627 128.35654098276859 32.438915686831635 9.0542391522247581 -9.3639425076074208 -24.612328566220789 314.5528441591332 -18.29779662400647 0.0029746655833932096 108.46718638162936 31.525736748593228 5.5163458169132644 28.720112794688909
leaf_weight=98 117 104 156 104 138 116 95 1143 142 161 183 96 3386 166 463 101 141 160 125 435 123 102 95 100 197 125 187 99 17661 142 199 191 96
leaf_count=98 117 104 156 104 138 116 95 1143 142 161 183 96 3386 166 463 101 141 160 125 435 123 102 95 100 197 125 187 99 17661 142 199 191 96
internal_value=0.000218426 0.00767551 -0.00238186 6.96047e-05 0.000140076 4.37852e-05 -2.183e-05 4.63637e-05 0.000120267 -0.00187134 -0.00138788 -0.000847025 -0.00222393 -0.00323247 0.00466489 0 0.000616668 -0.00764829 0.00078732 0.00601011 0.010872 0.015171 0.00020654 -0.00228996 0.00228088 0.000456667 0.000559545 0.0117536 0.00037753 0.0191986 0.0119048 0.00952393 0
internal_weight=26947 500 260 26447 26343 26205 26089 25994 25877 5088 4946 4763 3839 3552 924 564 20789 396 20393 1178 756 537 236 422 297 19215 19090 286 18804 240 360 287 219
internal_count=26947 500 260 26447 26343 26205 26089 25994 25877 5088 4946 4763 3839 3552 924 564 20789 396 20393 1178 756 537 236 422 297 19215 19090 286 18804 240 360 287 219
is_linear=0
shrinkage=0.0577944


Tree=99
num_leaves=46
num_cat=0
split_feature=108 59 101 55 38 52 82 51 83 51 14 11 34 131 63 101 42 95 49 1 127 55 0 42 55 42 50 51 80 94 12 67 94 76 98 9 39 73 102 55 125 9 111 30 125
split_gain=7.57727 8.05476 16.8078 16.1457 6.90944 11.7452 13.0617 10.1693 10.8613 9.32681 8.61498 7.52931 8.63573 7.44567 19.0839 34.3475 19.0661 14.4322 12.3709 10.9658 13.8429 11.6599 8.6959 8.06081 11.9499 9.99001 18.3851 13.7662 20.869 14.2804 12.0216 8.31465 7.44103 10.5982 7.27153 6.94433 6.50185 8.80862 5.85007 5.83591 5.48843 5.00557 2.88657 2.05809 0.955212
threshold=-0.28174603174603169 51000.000000000007 -6415.7382987278879 19504.221442041238 -10749.999999999998 17187.650926634502 73125.000000000015 95416.666666666672 81875.000000000015 49000.000000000007 103000.00000000001 45004.000000000007 17501.000000000004 -0.68301270189221952 4250.0000000000009 3365.4197957190777 -0.99917457683004385 0.09519954891237932 47333.333333333336 9.0000000000000018 205.50000000000003 8025.9843075042463 13.000000000000002 1.57893858507966 1001.9064032049168 -1.0000000180025095e-35 10916.66666666667 16667.333333333339 22900.000000000004 0.053140703918839183 9500.0000000000018 0.75000000000000011 0.13867283022000629 97500.000000000015 37670.356474045831 50004.000000000007 0.78660714285714295 59000.000000000007 1120.7523287764427 3087.5907730448776 13.500000000000002 49000.000000000007 0.12613636363636366 35500.000000000007 17.500000000000004
decision_type=8 10 2 10 2 8 8 10 10 8 8 10 2 2 10 2 10 10 10 2 2 10 2 10 10 10 10 10 10 10 8 2 10 10 2 8 2 10 2 8 2 10 10 2 2
left_child=-1 3 -3 4 9 7 43 8 13 34 -8 35 36 14 15 16 22 -17 -18 38 21 -21 -6 25 -25 26 39 29 -29 -27 -28 -26 33 -9 -2 -11 37 -13 -16 -15 -38 -4 -19 -7 -33
right_child=1 2 41 -5 5 6 10 32 -10 11 -12 12 -14 23 19 17 18 42 -20 20 -22 -23 -24 24 31 27 30 28 -30 -31 -32 44 -34 -35 -36 -37 40 -39 -40 -41 -42 -43 -44 -45 -46
leaf_value=106.97857762507182 35.927810125226181 55.111232811456041 -215.05262425194201 99.429648557197993 -1.9651936665431238 -7.0787242807887854 23.641144933765439 -20.979343696439958 -47.211485316862031 -22.422077123722953 -33.425675390588729 4.6269613911583303 -22.325288971700996 -2.073882620566434 2.9232658205531963 -65.725844800812382 0.056888312947004166 -109.73244961039936 -2.9456875238332469 204.10692831501891 -2.0796527161781593 0.2284606290591589 -3.2350182325004306 -0.037253591553821477 2.1339214146883401 1.0985780405326033 50.368436150994462 -0.88408302455965271 -0.062507105942985655 -0.14300765953471301 0.19071855287923886 4.5164518951648986 49.387687091999389 174.71787195338212 195.75662864920298 4.6094007387808631 37.147834010523091 79.658442996539989 -133.08441027473401 -2.3584083645969867 -23.775012724070628 -16.149309314247365 -184.48444162658177 -70.777395343486191 3.0863144514960017
leaf_weight=145 95 108 96 125 110 107 122 109 173 113 114 119 167 105 99 160 3662 119 1223 280 168 108 769 177 168 512 96 345 7647 490 7492 137 129 100 99 146 117 148 96 102 115 98 128 103 106
leaf_count=145 95 108 96 125 110 107 122 109 173 113 114 119 167 105 99 160 3662 119 1223 280 168 108 769 177 168 512 96 345 7647 490 7492 137 129 100 99 146 117 148 96 102 115 98 128 103 106
internal_value=0.000154092 7.51511e-05 -0.0092454 0.000189401 8.29406e-05 -0.000107207 -0.00936941 5.32343e-05 -7.75827e-05 0.00452383 0 0.00185855 0.0052541 1.86816e-05 -0.00157605 -0.00265698 -0.00147162 -0.01885 -2.19378e-05 0.007037 0.0112463 0.0172548 -0.00929105 0.000664572 0.0073152 0.00041939 0.00194063 -0.000879085 -0.00169764 0.00545266 0.00242749 0.0128106 0.00996335 0.00213748 0.0160602 -0.00613519 0.00918625 0.015358 -0.00403609 -0.0147932 0.0011921 -0.0195735 -0.0276633 -0.0197309 0.0196685
internal_weight=26947 26802 302 26500 26375 25256 446 24810 24472 1119 236 925 666 24299 6922 6171 5764 407 4885 751 556 388 879 17377 588 16789 7795 8994 7992 1002 7588 411 338 209 194 259 499 267 195 207 232 194 247 210 243
internal_count=26947 26802 302 26500 26375 25256 446 24810 24472 1119 236 925 666 24299 6922 6171 5764 407 4885 751 556 388 879 17377 588 16789 7795 8994 7992 1002 7588 411 338 209 194 259 499 267 195 207 232 194 247 210 243
is_linear=0
shrinkage=0.0577944


Tree=100
num_leaves=66
num_cat=0
split_feature=56 119 111 42 52 51 7 47 34 0 56 76 77 95 26 131 42 107 35 107 51 23 37 23 102 39 127 127 38 42 23 109 112 45 62 64 100 131 101 42 95 102 35 125 55 89 38 92 93 77 51 76 16 127 21 23 83 54 125 6 112 95 12 90 12
split_gain=8.44128 8.09542 9.80536 7.41372 17.4998 15.1539 12.7699 32.5237 16.7951 16.4294 17.2264 16.0686 15.2396 23.4189 15.0579 14.2624 15.4046 13.6867 19.4722 13.4778 12.39 11.9005 11.5775 14.3594 14.7191 10.7457 13.271 11.4984 11.8013 10.6771 13.0685 10.5011 10.4221 15.4375 10.303 14.3801 10.1802 17.4128 10.9955 10.7522 9.80685 15.583 15.4296 15.2183 13.1446 10.1448 12.622 9.74882 9.51775 9.15075 18.8248 17.186 16.5303 9.06006 8.99477 8.8423 8.71843 10.2634 8.27114 7.93121 7.84776 7.86449 7.71455 11.1411 7.61445
threshold=59000.000000000007 0.50000000000000011 -0.15192307692307691 -0.044919441838076869 17187.650926634502 93416.666666666672 38500.000000000007 43000.000000000007 6625.0000000000009 39.500000000000007 11500.000000000002 33500.000000000007 37500.000000000007 0.098526850136447033 13.500000000000002 1.0000000180025095e-35 -0.40824829046386257 8500.0000000000018 0.15971328771002827 1996.0000000000002 85083.333333333358 11576.829812420434 -1.0000000180025095e-35 305.128576629728 -46.228522425730254 0.71503759398496258 12.500000000000002 24.500000000000004 -1583.3333333333319 -0.78958489369386708 2916.4614049284642 -0.03390804597701149 -0.29289215686274506 53750.000000000007 1750.0000000000002 -0.01600102406554019 0.041626047785030103 -0.68301270189221952 -357.52959463461224 -0.36122983223655114 0.1172005254368924 -3836.4365291468343 0.2329424586348576 12.500000000000002 632.45553203367592 1004.0000000000001 -4750.0000000000009 2775.0000000000005 0.03316165296427076 13500.000000000002 16667.333333333339 16500.000000000004 14716.66666666667 163.50000000000003 2968.0841985233765 3397.7680300760453 81875.000000000015 12127.779608940544 16.500000000000004 23500.000000000004 -0.35504201680672265 0.16550745256508589 16500.000000000004 325.00000000000006 28004.000000000004
decision_type=10 10 10 8 10 10 8 8 2 2 10 10 10 8 2 2 10 8 2 8 10 10 2 10 2 2 2 2 2 10 10 10 8 10 10 8 2 2 2 10 10 2 2 2 10 10 2 10 10 8 8 8 10 2 10 10 10 8 2 8 10 10 10 10 10
left_child=1 3 -3 6 5 20 11 8 15 25 -11 19 13 -12 -13 -8 -17 18 31 22 32 -6 23 24 -1 -9 -27 -28 29 -29 -31 -14 33 60 35 47 37 38 -24 -38 44 -42 -43 -44 -25 53 -47 -21 -30 52 62 -52 58 -46 -10 -16 57 -53 -34 -36 61 -5 -51 -64 -39
right_child=-2 2 -4 4 21 -7 7 9 54 10 12 14 17 -15 55 16 -18 -19 -20 34 -22 -23 36 40 -26 26 27 28 48 30 -32 -33 49 -35 59 -37 39 64 -40 -41 41 42 43 -45 45 46 -48 -49 -50 50 51 56 -54 -55 -56 -57 -58 -59 -60 -61 -62 -63 63 -65 -66
leaf_value=-1.845649770627718 49.702378875848126 1.8476814531406534 -69.856487980243756 2.3483127217410811 -292.58211396249351 42.862068174523991 -0.47411869062620859 145.94782173223783 190.70141758262201 -10.846159410529399 -10.127206489333934 0.42530515964178672 -15.000308789838241 30.146329370658453 -11.79838984429052 0.097373437970432117 17.470986352140265 -99.130201066276129 -97.269941808066307 7.5346186926407546 -139.17549972071217 -6.0072875618178543 0.27810528489381386 -1.190790765127959 -0.04328156458341733 -10.336425296624219 13.342900876228319 6.157261881645427 0.040667273704620067 17.948655672646296 -4.9616684250024896 17.451318182676143 -0.73338310124068873 12.100524947343358 4.8499141646241526 -0.43744327265834926 -0.64782665510765125 -0.28222701997867111 0.10307999927524024 0.11429628635592748 34.685916766853822 -13.558829654675426 38.435430270326634 -3.738304731353812 10.009623382732084 34.243279398944942 -0.21022838850521466 0.23028279381027422 63.854973757051567 1.2745007248830826 -14.185877552065973 -0.020529512419319693 -2.191857304556589 0.094873950483027034 103.6194087621784 -5.9454617591382535 -122.87817114019755 9.2377650197465773 4.7062242771914597 39.759550761628851 -37.917124030302553 -14.351784273660893 0.76181253773755209 -3.2891304798788492 0.31561470621199933
leaf_weight=163 101 118 110 97 115 264 256 118 266 270 143 126 106 306 184 190 146 209 168 145 160 168 159 230 193 165 135 1138 139 175 1442 264 112 149 105 576 178 180 104 151 188 392 125 182 100 433 1654 122 230 325 110 11074 150 117 183 149 97 567 123 103 144 167 262 150 276
leaf_count=163 101 118 110 97 115 264 256 118 266 270 143 126 106 306 184 190 146 209 168 145 160 168 159 230 193 165 135 1138 139 175 1442 264 112 149 105 576 178 180 104 151 188 392 125 182 100 433 1654 122 230 325 110 11074 150 117 183 149 97 567 123 103 144 167 262 150 276
internal_value=0.000119781 4.91975e-05 -0.0107034 0.000149484 -0.000742272 -0.000438418 0.00118905 0.0030925 0.0123875 0.00111699 -0.00396684 -0.00060048 -0.000812201 0.00739103 -0.0109808 0.00551883 0.0134277 -0.00599626 -0.000731825 0.00018535 -0.00071705 -0.0149036 -0.00107554 -0.00259673 -0.0136453 0.00327419 0.00261124 0.00346964 0.00267693 0.00129601 -0.00163552 0.00632352 -0.000511957 -0.0082355 0.00613107 0.00299456 0.00422466 0.00814875 0.0199274 -0.00379999 -0.00138149 -0.00661125 -0.0106846 -0.000345488 0.000383919 0.00177475 0.000438366 0.0140756 0.012393 -0.000164186 9.11585e-05 -0.000452818 -0.0089065 0.0135976 0.0209325 -0.0174989 -0.000220791 -5.88424e-05 0 0.0177305 -0.0141683 -0.00710113 0.00904345 0.00317986 0.000862451
internal_weight=26947 26846 228 26618 14234 13951 12384 6049 1041 5008 1466 6335 1196 449 459 592 336 747 538 5876 13687 283 4825 3777 356 3542 3424 3259 3124 2755 1617 370 13527 557 1051 843 1048 719 263 329 3421 887 699 307 2534 2304 2087 267 369 12970 12585 11848 385 217 449 333 11738 11641 235 208 408 264 737 412 456
internal_count=26947 26846 228 26618 14234 13951 12384 6049 1041 5008 1466 6335 1196 449 459 592 336 747 538 5876 13687 283 4825 3777 356 3542 3424 3259 3124 2755 1617 370 13527 557 1051 843 1048 719 263 329 3421 887 699 307 2534 2304 2087 267 369 12970 12585 11848 385 217 449 333 11738 11641 235 208 408 264 737 412 456
is_linear=0
shrinkage=0.0577944


Tree=101
num_leaves=66
num_cat=0
split_feature=110 5 12 101 41 110 48 49 40 66 69 95 42 102 100 95 93 54 0 39 93 73 42 63 83 111 0 39 72 50 97 112 98 21 54 55 34 49 1 50 101 33 52 16 85 35 107 102 131 7 102 125 28 23 23 125 54 97 78 11 11 79 19 29 127
split_gain=9.04797 9.33892 12.7983 11.9435 12.2383 11.0663 9.97779 9.38432 7.81392 7.74464 7.89411 6.54022 16.5409 16.562 17.5285 14.8018 18.9836 14.3303 13.8286 21.5584 15.4547 15.5588 13.8625 15.7133 16.1517 15.2809 13.6779 17.0127 23.0826 33.499 21.5892 29.5804 25.1711 21.9586 14.3995 13.6004 13.2686 13.1112 12.5562 12.4053 12.2589 12.037 11.8516 11.8284 11.7135 12.8007 15.3489 13.4978 11.5841 13.3557 12.3981 11.38 11.2164 21.67 20.3071 27.7713 15.0612 14.3304 20.9882 18.6164 17.9252 21.6843 15.0459 13.2846 12.7431
threshold=-0.19677419354838707 87500.000000000015 69000.000000000015 -8748.2811281943304 9496.0000000000018 -0.23431372549019605 50916.666666666679 69000.000000000015 5500.0000000000009 1.0000000180025095e-35 -1416.6666666666663 0.051604805425958904 1.3552565554349612 -1.0000000180025095e-35 -2.1371597135203042 0.034126338897244334 0.051255580640735272 1033.8299006464601 33.000000000000007 0.95160031225605002 0.046416689667808091 30500.000000000004 1.57893858507966 10750.000000000002 55625.000000000007 0.30116279069767443 39.500000000000007 1.0641729581331505 29500.000000000004 48500.000000000007 28000.000057021411 0.039230769230769243 28134.720373170883 377.96447300909898 1033.8299006464601 532.06016849974446 12507.500000000002 28250.000000000004 9.0000000000000018 95416.666666666672 6719.9523030368664 14500.000000000002 1132.2451547301728 28341.666666666668 30125.000000000004 0.21825607981852166 -1.0000000180025095e-35 -623.15864378990034 -0.68301270189221952 43500.000000000007 -2006.8066351435625 17.500000000000004 17750.000000000004 1279.3676598987051 2421.1709905571201 8.5000000000000018 3699.081839371162 45049.005463302274 41004.000000000007 50504.000000000007 38500.000000000007 35004.000000000007 44250.000000000007 18416.666666666668 204.50000000000003
decision_type=8 8 10 2 2 10 10 10 2 2 10 10 8 2 2 10 10 10 2 2 10 10 10 8 10 8 2 2 8 10 2 8 2 10 8 8 2 8 2 10 2 2 10 10 10 2 10 2 2 8 2 2 2 10 8 2 10 2 8 8 8 10 10 2 2
left_child=1 2 3 8 5 -5 -4 -8 -1 -6 -11 12 15 14 -14 16 26 -15 22 41 21 -21 23 39 38 -24 27 28 30 34 31 -2 -32 -34 -30 -17 -22 -28 -25 52 -26 48 -39 -35 45 46 47 -37 50 -50 -20 -41 53 -13 55 -54 -55 58 60 -59 61 -56 -60 -57 -62
right_child=11 -3 6 4 9 -7 7 -9 -10 10 -12 18 13 17 -16 35 -18 -19 19 20 36 -23 25 24 40 -27 37 -29 29 -31 32 -33 33 43 -36 44 -38 42 -40 51 -42 -43 -44 -45 -46 -47 -48 -49 49 -51 -52 -53 54 56 57 63 -58 59 62 -61 64 -63 -64 -65 -66
leaf_value=119.45729553613667 -0.14662482746217928 42.276023372683525 -36.48153391048848 -0.44207551197585648 6.8150694619431658 3.823279388302899 17.138919850681056 -75.576279030355693 1.12806098928438 9.0594590119902652 -10.673750812402522 -0.57622291662707437 -0.14167975002742933 1.0973794689277185 -8.5108194899463498 -1.6165527436835008 -2.4660288907400387 -36.310020773757998 -58.52353837222801 -1.082125185160447 -9.0702000801409728 -73.705591597931573 11.142404090301719 -1.1440734912522044 65.030747552700362 -24.660243477399163 -0.17703119242020762 0.19135504477742379 -0.1241973353194787 19.142631186498608 0.11471212818778179 2.4781961185073724 -0.24283018920883429 -0.031207315720560923 -2.6552736615691899 0.92315741207764213 -128.25774283565195 3.5997668034663297 124.70543571193801 180.93042881126374 -54.022622349531765 1.2508903201732091 1.0292058938512108 0.88454059360326809 0.31608122241213676 -0.042612690599051053 2.1288506260475399 -1.2395230760964031 0.13691201775254752 -22.626196096516217 -2.9856172820014861 -1.4383518786185507 -7.6431991256913685 2.5176373581217466 1.0397210994532133 -4.6805781156520103 -0.09923792861415788 -2.9263827120039294 100.25248679395095 0.12764581585583115 0.1070266551074562 -4.3810522786159991 1.5595538779564928 -0.10192108145707655 -6.9798093056610204
leaf_weight=288 1213 163 112 121 180 192 176 118 107 117 226 404 129 212 137 100 98 148 132 171 1119 261 429 154 97 143 210 670 660 209 350 177 299 106 909 220 129 198 402 96 276 2562 152 226 960 240 455 156 1223 160 297 97 307 458 601 159 243 1796 260 3237 226 112 358 757 247
leaf_count=288 1213 163 112 121 180 192 176 118 107 117 226 404 129 212 137 100 98 148 132 171 1119 261 429 154 97 143 210 670 660 209 350 177 299 106 909 220 129 198 402 96 276 2562 152 226 960 240 455 156 1223 160 297 97 307 458 601 159 243 1796 260 3237 226 112 358 757 247
internal_value=0.000106914 0.00406539 0.00260207 0.0056116 0.00143594 0.0105679 -0.00604981 0 0.0139053 -0.00371704 -0.00898533 -0.000169716 0.00115664 -0.00779179 -0.0186329 0.00191997 0.000293755 0 -0.000826293 -0.00304224 -0.00861234 -0.0181659 0.000392955 -7.78175e-05 0.00705726 0.00912567 0.000793036 -0.000166053 -0.00158468 -0.00658128 0.00208978 -0.00244116 0.00868061 0.00144445 -0.00955111 0.0060073 -0.00511972 0.00932004 0.0133126 -0.000807862 -0.00182035 -0.000856281 0.0161665 0.0118647 0.00709803 0.0112886 0.014674 0.00530954 -0.00448422 -0.00174481 -0.0128119 0.0134936 -0.00113375 0.00426812 -0.00189835 -0.00875847 0.0104902 -0.000640902 0.00373663 -0.00224751 -0.000624666 0.00499007 0.0123564 -0.00344826 -0.00944497
internal_weight=26947 1800 1637 1231 836 313 406 294 395 523 343 25147 8234 626 266 7608 5477 360 16913 6054 1680 432 10859 10287 929 572 5379 4819 4149 1778 2371 1390 981 631 1569 2131 1248 560 556 9358 373 4374 350 332 2031 1071 831 376 1812 1383 429 193 9165 1105 8060 1223 701 6837 1804 5033 1186 713 618 916 473
internal_count=26947 1800 1637 1231 836 313 406 294 395 523 343 25147 8234 626 266 7608 5477 360 16913 6054 1680 432 10859 10287 929 572 5379 4819 4149 1778 2371 1390 981 631 1569 2131 1248 560 556 9358 373 4374 350 332 2031 1071 831 376 1812 1383 429 193 9165 1105 8060 1223 701 6837 1804 5033 1186 713 618 916 473
is_linear=0
shrinkage=0.0577944


Tree=102
num_leaves=66
num_cat=0
split_feature=100 23 79 16 39 51 43 131 80 83 51 12 83 22 14 54 37 0 6 35 29 54 28 98 112 94 92 16 127 127 23 93 83 106 127 6 84 54 13 42 42 125 55 60 50 127 54 21 21 0 77 125 23 30 102 125 112 9 55 70 4 92 0 23 125
split_gain=8.50672 16.7255 15.9105 23.772 24.5649 23.7425 16.7235 14.8533 14.5763 14.1767 16.5512 14.0338 13.6286 15.7459 16.0537 12.8347 16.3533 21.3832 15.4415 15.9686 14.0614 13.2288 16.6126 12.5321 12.1529 12.3695 17.0861 11.5887 19.4643 11.2394 11.1687 11.1123 10.9572 20.6937 10.8341 10.8039 12.332 10.4614 14.0676 10.3436 14.433 13.6916 12.2786 11.4459 10.2808 21.6336 12.3924 15.4541 14.2306 14.0615 12.4351 10.0942 9.96227 17.7269 13.829 12.0199 13.4533 10.0732 10.2506 15.3628 9.94736 15.298 14.9161 13.3788 12.9533
threshold=1.1879764033801623 359.35088113086084 29500.000000000004 30133.466666666671 0.967204301075269 29250.000000000004 0.95833333333333337 -0.68301270189221952 122504.00000000001 30125.000000000004 30750.000000000004 75500.000000000015 27625.000000000004 1780.5419597215671 26907.142857142862 3570.7073501203786 -1.0000000180025095e-35 13.000000000000002 16500.000000000004 0.030147913548188826 26916.666666666668 4591.6587459789725 23250.000000000004 28212.645928578266 -0.03390804597701149 0.044935851713644483 751.00000000000011 29266.800000000007 134.50000000000003 189.50000000000003 20456.359465168727 0.034327131988751751 83750.000000000015 -10499.999999999998 174.50000000000003 35004.000000000007 32250.000000000004 3046.8256129620481 13166.66666666667 -0.88923048635367918 0.81649658092772726 6.5000000000000009 3319.1278875859261 2515.0000000000005 43166.666666666679 220.50000000000003 10696.566276344542 3450.3277967137374 2439.7501823716475 21.000000000000004 39000.000000000007 11.500000000000002 16781.215551988422 59000.000000000007 2122.8624034953286 7.5000000000000009 0.037185185185185189 25500.000000000004 3175.3993692266063 19500.000000000004 69000.000000000015 7875.0000000000009 39.500000000000007 1268.5406585126627 15.500000000000002
decision_type=2 8 10 10 2 10 2 2 10 10 8 8 10 10 10 8 2 2 8 2 2 8 2 2 10 10 10 10 2 2 10 10 10 10 2 8 10 10 10 10 10 2 10 8 10 2 10 10 10 2 10 2 10 2 2 2 10 10 10 10 8 10 2 10 2
left_child=2 -2 5 4 -4 6 15 11 9 35 -11 12 13 14 31 16 17 20 37 -20 -1 -17 -23 -18 25 -9 -27 -6 -29 -22 -10 -3 60 -34 -8 36 -5 -19 -39 42 52 -42 -26 -43 -14 46 47 48 49 51 -49 -46 53 55 -55 56 -41 58 -57 -60 -12 63 -63 -62 -65
right_child=1 7 3 8 27 -7 34 24 30 10 32 -13 44 -15 -16 21 23 18 19 -21 29 22 -24 -25 39 26 -28 28 -30 -31 -32 -33 33 -35 -36 -37 -38 38 -40 40 41 43 -44 -45 45 -47 -48 50 -50 -51 -52 -53 -54 54 -56 57 -58 -59 59 -61 61 62 -64 64 -66
leaf_value=0.061862736680169686 -3.2991381580629118 1.7792264998371967 -3.6959802152390857 0.6393149764078867 1.0654854076108584 1.8191819157117797 0.17509907037070455 -3.740954259544337 127.48872738375626 -1.9080445266396893 -0.07755291462443567 -78.941695143937565 0.21387831341543587 -80.817704975306484 -1.7416324367599627 -0.82877332715415841 0.10742971880122913 -2.5152191407516979 -0.049133459215259058 27.923968904541159 -0.27606504191619363 3.9716030301831768 -5.9846952358976822 -0.1009374053564181 15.009346607410361 14.18969429072539 -4.1660857550703918 -6.267372524493676 0.25489461733896607 -1.8167574742126495 1.0747823160930126 -22.833609259980904 12.324320090104655 -327.47424296965869 1.1207705400770653 37.764795375673735 -3.2557519600805387 30.491779711371457 -0.97519018925609435 -2.0788301836371397 3.4731953960151656 1.1691035679037878 2.1731242759289451 -81.230174666400572 26.883815337494546 -200.91259331854832 38.060727255589278 1.7618866255034999 23.02656757616754 -34.59889053769281 -114.38963408559549 -7.0807339975352361 96.093189073165135 49.240224850158036 -59.387915277712445 -1.4836638146405747 -0.15418464799625392 0.3940236376068938 2.391757675647606 -3.3543917431060444 1.062467651879766 28.342939584260588 -55.453294333983543 1.7504899198842778 -59.72361323851527
leaf_weight=109 118 120 332 672 204 194 95 502 134 169 7029 186 668 118 101 866 1446 333 140 235 108 393 208 192 158 119 951 183 171 129 105 225 135 116 160 98 103 134 113 253 405 1782 515 109 106 121 112 162 166 206 261 131 143 104 427 261 479 1789 283 257 97 798 98 143 167
leaf_count=109 118 120 332 672 204 194 95 502 134 169 7029 186 668 118 101 866 1446 333 140 235 108 393 208 192 158 119 951 183 171 129 105 225 135 116 160 98 103 134 113 253 405 1782 515 109 106 121 112 162 166 206 261 131 143 104 427 261 479 1789 283 257 97 798 98 143 167
internal_value=0.000274183 -0.000921618 0.00115444 -6.90668e-05 -0.00911197 0.00390009 0.0030215 -0.000673835 0.000731292 0.000359282 -0.000322495 -0.00442871 -0.0031864 -0.0110878 -0.00551133 0.00213456 0.00435767 -0.000348057 0.00397127 0.0131129 -0.0127126 -0.00219541 0.00419357 0.00819893 0.000486259 -0.00406679 -0.000369118 -0.00132343 -0.00790025 -0.0206402 0.0147477 0 1.24896e-05 -0.0117803 0.0174131 0.00737631 0.00474111 -0.00166978 0.00689082 0.00154145 0.000779009 0.00444518 0.00836114 0.00225318 -0.000771692 -0.00391198 -0.00125197 -0.00339685 0.00225132 -0.00282957 -0.0119079 0.00621583 -0.00128403 -0.00188615 -0.0116643 -0.000258185 -0.00682587 0.00153446 -0.00372569 0.000516419 0.000394214 0.00503689 0.00930822 -0.00392271 -0.0101159
internal_weight=26947 11338 15609 10754 890 4855 4661 11220 9864 9625 8752 2683 2497 564 446 4406 2939 1301 955 375 346 1467 601 1638 8537 1572 1070 558 354 237 239 345 8583 251 255 873 775 580 247 6965 6292 2296 673 1891 1933 1265 1144 1032 609 443 423 237 3996 3853 531 3322 732 2590 801 540 8332 1303 896 407 310
internal_count=26947 11338 15609 10754 890 4855 4661 11220 9864 9625 8752 2683 2497 564 446 4406 2939 1301 955 375 346 1467 601 1638 8537 1572 1070 558 354 237 239 345 8583 251 255 873 775 580 247 6965 6292 2296 673 1891 1933 1265 1144 1032 609 443 423 237 3996 3853 531 3322 732 2590 801 540 8332 1303 896 407 310
is_linear=0
shrinkage=0.0577944


Tree=103
num_leaves=66
num_cat=0
split_feature=91 89 0 41 125 38 127 25 42 110 89 32 58 57 35 54 39 74 54 36 35 15 1 7 16 125 42 95 111 54 131 77 51 108 55 23 127 10 43 29 96 92 101 11 63 95 25 20 43 102 125 57 26 63 127 112 111 22 97 20 15 127 128 127 79
split_gain=7.47034 10.8008 15.3207 12.0002 11.7773 20.7274 14.3568 19.2172 12.9887 10.6551 13.4207 9.82115 9.54785 9.24529 10.6402 10.5486 9.33193 9.06529 8.38032 14.2498 13.7265 16.4181 11.8378 11.2119 17.2822 12.5515 9.71205 11.9677 17.1407 14.5896 10.421 12.1972 10.7826 9.33776 9.1923 9.38504 12.9347 9.15681 8.76313 8.5496 13.6067 7.83029 7.82221 14.8133 12.5912 11.6425 17.6395 13.7377 8.34004 20.886 30.412 15.8079 15.784 23.7679 17.5886 11.7129 20.0564 11.0825 8.26463 20.9652 15.674 5.95991 5.10588 4.92048 4.81785
threshold=34375.000000000007 43000.000000000007 33.000000000000007 19496.000000000004 6.5000000000000009 -4333.3333333333294 90.500000000000014 2.5000000000000004 0.38069349381344103 -0.10435571687840288 50004.000000000007 8190.4020859273787 29500.000000000004 16500.000000000004 0.32455589632289666 1.0000000180025095e-35 1.3976744186046515 87500.000000000015 18852.468475007048 0.75000000000000011 0.16854957560187031 55535.714285714297 11.000000000000002 38500.000000000007 39616.666666666679 23.500000000000004 -0.78958489369386708 0.092749767678482267 0.19615384615384621 8025.9843075042463 -0.24999999999999994 43000.000000000007 47666.666666666679 -0.036700336700336691 4981.6101816989894 5771.6308155449415 183.50000000000003 65030.000000000007 0.45833333333333343 44000.000000000007 47041.991789883403 27250.000000000004 10501.999626615272 42500.000000000007 5750.0000000000009 0.058591819180656299 10.500000000000002 51750.000000000007 0.27500000000000008 -316.81799614840378 10.500000000000002 12500.000000000002 21.500000000000004 1250.0000000000002 86.500000000000014 -0.45330012453300117 0.037185185185185189 4209.4869307058116 30051.391476452885 32250.000000000004 27720.779220779226 206.50000000000003 1.0000000180025095e-35 167.50000000000003 49000.000000000007
decision_type=10 10 2 2 2 2 2 2 10 10 10 2 10 8 2 10 2 10 8 2 2 8 2 8 10 2 10 10 10 10 2 10 8 10 8 10 2 8 2 2 2 10 2 8 10 10 2 10 2 2 2 10 2 10 2 10 8 10 2 10 10 2 2 2 10
left_child=1 13 4 11 8 -6 7 12 -3 -8 -11 -4 -7 14 15 -1 42 41 19 22 -20 -22 -15 25 -25 63 33 28 30 37 31 -28 -32 62 -35 64 -37 38 -29 -31 -41 -5 44 -44 48 -46 47 61 49 50 51 -17 54 -54 -51 56 -50 -52 60 -60 -57 -47 -26 -21 -36
right_child=-2 2 3 17 5 6 9 -9 -10 10 -12 -13 -14 18 -16 16 -18 -19 20 23 21 -23 -24 24 26 -27 27 29 -30 39 32 -33 -34 34 35 36 -38 -39 -40 40 -42 -43 43 -45 45 46 -48 -49 55 52 57 -53 53 -55 -56 58 -58 -59 59 -61 -62 -63 -64 -65 -66
leaf_value=-6.0842212388502324 -44.206092793740197 2.8318103781991066 -2.8723386102868185 39.204138420719339 151.81147085865231 53.427124330242293 28.257428305882048 96.683186837166204 126.29609712560404 -2.1080904001779937 -199.91997920387792 -184.28779273941311 -12.983458056378689 -109.09341159130491 -8.506294078410976 40.869184766759226 2.3703486448341899 -68.755117939795696 -23.079973616129717 -4.2082065940119842 2.0958276293030389 84.33497464482457 -0.75087529935912611 87.023182727926141 13.42975687455551 1.1957580031014639 14.349775910629996 -53.064670343556593 39.522195094591019 34.254874536277633 -10.971686883607543 0.14971688584541301 -2.8963484628924299 176.41927096915111 -10.663918191380223 37.562205772974671 -8.836946259566929 -0.031469656754120438 -10.639493472222879 -112.33181798076743 -1.4690354058866679 -12.099460487435033 10.020091444443253 -157.69101752893198 -5.048307439085117 9.724849011180094 395.55468029251585 89.608930315859794 2.5573404193859188 -1.5053609545028304 -1.2331511302743476 -0.20427517131662765 -2.0867979361884657 0.13781349124546424 17.222524788738063 0.00900054353549847 -1.6562854611334847 157.21739123629732 -0.92992093309960844 0.1587163685926567 0.090565918818916777 -15.129755639175501 -31.108424320025325 -22.640513099936705 1.4154260827559562
leaf_weight=160 148 99 106 228 157 105 112 119 119 139 126 103 129 204 101 386 200 116 95 172 178 121 133 161 147 141 149 144 167 103 188 527 828 95 96 360 115 216 673 103 1277 102 124 132 130 264 103 157 180 371 1124 191 467 234 150 4686 139 127 1476 4653 2477 95 129 211 179
leaf_count=160 148 99 106 228 157 105 112 119 119 139 126 103 129 204 101 386 200 116 95 172 178 121 133 161 147 141 149 144 167 103 188 527 828 95 96 360 115 216 673 103 1277 102 124 132 130 264 103 157 180 371 1124 191 467 234 150 4686 139 127 1476 4653 2477 95 129 211 179
internal_value=0.000231293 0.000310198 0.004682 -0.00209403 0.00885661 0.00557272 0.00117066 0.00970618 0.0211063 -0.00635908 -0.0128885 -0.0135656 0 0 0.000688084 0.000804134 0.000947173 0.00293928 -0.00179562 -0.00231177 0.00623249 0.0125861 -0.0138976 -0.0016434 -0.00085619 -0.00973705 -0.00143824 -0.00269087 0.00074029 -0.00529576 -0.000915476 0.00449623 -0.00469744 0.00328218 0.00639357 0.00390119 0.00892226 -0.0105872 -0.0133746 -0.0014719 -0.00279302 0.00812226 0.00079435 -0.00910251 0.000952062 0.00828471 0.0116865 0.00677144 0.000609891 -0.00209826 0.0017311 0.0127314 -0.00796383 -0.013608 0 0.00123046 0.0121639 -0.00321847 0.000951353 -0.000582953 0.00228919 0 -0.00555505 -0.0152345 -0.00412186
internal_weight=26947 26799 1760 655 1105 887 730 353 218 377 265 209 234 25039 18127 18026 17866 446 6912 6518 394 299 337 6181 5657 524 5496 4375 1859 2516 1692 676 1016 1121 845 750 475 1033 817 1483 1380 330 17666 256 17410 749 619 516 16661 3050 1828 577 1222 701 521 13611 319 1251 13292 6129 7163 359 276 383 275
internal_count=26947 26799 1760 655 1105 887 730 353 218 377 265 209 234 25039 18127 18026 17866 446 6912 6518 394 299 337 6181 5657 524 5496 4375 1859 2516 1692 676 1016 1121 845 750 475 1033 817 1483 1380 330 17666 256 17410 749 619 516 16661 3050 1828 577 1222 701 521 13611 319 1251 13292 6129 7163 359 276 383 275
is_linear=0
shrinkage=0.0577944


Tree=104
num_leaves=52
num_cat=0
split_feature=89 127 110 83 101 63 125 101 127 54 59 106 28 0 1 94 62 131 112 55 95 112 63 51 59 131 61 125 50 31 91 39 26 40 92 38 56 9 93 91 24 100 45 9 74 96 102 47 89 15 53
split_gain=7.74129 22.1004 17.4136 15.4987 21.2102 12.9371 11.9811 6.65799 15.5046 11.6119 11.7615 12.8443 11.9215 10.9328 10.8331 21.3366 20.5791 27.7758 16.5973 14.0367 14.1011 10.1723 18.9809 14.255 10.5411 9.48505 8.62047 12.7832 9.75711 14.8794 10.3016 12.0769 8.40177 26.655 19.6158 13.0554 10.0341 8.31015 9.68057 8.21273 7.22029 7.36772 6.94936 11.9677 6.62828 12.4868 8.27993 6.18383 5.56002 3.10773 1.99456
threshold=52500.000000000007 104.50000000000001 -0.09600614439324115 51253.000000000007 11861.935900892759 -23749.999999999996 10.500000000000002 4141.6379001133873 350.50000000000006 19632.005836146443 51000.000000000007 9500.0000000000018 51250.000000000007 13.000000000000002 9.0000000000000018 0.054618370701333546 9500.0000000000018 -0.68301270189221952 0.080540540540540564 3779.3291033476103 0.088236339961927923 0.22474747474747478 3750.0000000000005 45666.666666666679 23500.000000000004 1.0000000180025095e-35 5265.0000000000009 15.500000000000002 91916.666666666672 97500.000000000015 19625.000000000004 0.96490147783251246 50.500000000000007 4400.0000000000009 751.00000000000011 -14166.666666666668 10004.000000000002 32500.000000000004 0.10419024967983766 7625.0000000000009 1.5000000000000002 3132.1517053183766 61250.000000000007 69000.000000000015 49000.000000000007 59639.567825071907 2723.231324754543 40500.000000000007 24500.000000000004 31321.428571428576 10820.48809584292
decision_type=8 2 10 8 2 8 2 2 2 10 10 10 2 2 2 10 10 2 10 8 10 8 8 10 10 2 10 2 10 2 10 2 2 2 10 2 10 10 10 10 2 2 10 10 10 2 2 10 10 10 10
left_child=7 3 -3 -2 5 -5 -7 9 13 10 11 26 -12 21 16 -16 17 -15 -19 -17 -21 23 -23 -9 -25 -20 28 -28 29 30 32 -32 35 49 -35 50 -37 -22 40 -40 -39 -42 47 -44 -13 -46 -47 -24 -27 -34 -1
right_child=1 2 -4 4 -6 6 -8 8 -10 -11 12 44 -14 14 15 19 -18 18 25 20 37 22 42 24 -26 48 27 -29 -30 -31 31 -33 33 34 -36 36 -38 38 39 -41 41 -43 43 -45 45 46 -48 -49 -50 -51 -52
leaf_value=107.35378440540229 130.5407703477369 12.444133297069312 -289.93702377760235 -8.2791224384137365 -277.58991323091118 2.9518779197830001 223.26736040103913 37.77093546614941 156.66667152411526 40.092212920991543 0.83914335684047459 17.850935334486675 -168.31778735400155 -162.62533043284105 -125.9934294139576 -22.082549327325552 -159.6513938705389 -169.38705920100534 35.802508046205638 73.52994824132449 -30.98558820190631 -71.054238943854415 2.4120219208344009 -7.7183354927880989 161.64848215026498 38.496131887175657 -4.9023786587971347 149.89935795913084 85.82649527053951 -129.28684823627552 3.7368913167844346 -165.85189782126511 -1.6389762221419653 2.3572729622341679 -5.5650642544890498 0.038340265857021667 -0.49404027681786467 25.171826805110356 1.1246997110826626 94.314688009189268 -1.1645597992651755 -108.74271106992386 126.7367469408842 -4.4569572882217798 -11.658492071721842 124.6967967922017 2.5230665416368385 -67.915656357920312 -15.816169457981362 -33.463683856749647 15.19000022844625
leaf_weight=97 151 173 145 101 130 144 139 106 163 150 95 162 95 120 182 186 165 115 116 135 173 187 102 148 97 112 167 153 154 113 102 99 186 107 150 11804 8389 129 128 166 203 120 125 143 144 118 97 108 140 113 100
leaf_count=97 151 173 145 101 130 144 139 106 163 150 95 162 95 120 182 186 165 115 116 135 173 187 102 148 97 112 167 153 154 113 102 99 186 107 150 11804 8389 129 128 166 203 120 125 143 144 118 97 108 140 113 100
internal_value=0.000119781 0.00514755 -0.00698696 0.0112281 0.00590401 0.0129575 0.019343 -6.42224e-05 -0.00246532 0.000286066 0.000169548 0.000300821 -0.0140018 -0.00340088 -0.00571397 -0.00254854 -0.0113023 -0.00589526 0 3.9767e-05 0.00277961 0.00140917 -0.0025815 0.0094348 0.000897047 0.00635757 7.67198e-05 0.00944565 -5.62783e-05 -0.000170843 -4.87911e-05 -0.0129655 6.85706e-05 -0.00690714 0.00618231 0.000268818 0.000114051 0 0.00284232 0.0110487 -0.00213911 -0.007057 0.00322412 0.00955183 0.00924171 0.00412332 0.0131929 -0.00402321 0 -0.0187018 0.0149546
internal_weight=26947 983 318 665 514 384 283 25964 3369 22595 22445 22255 190 3206 2190 1422 768 603 483 1240 1054 1016 665 351 245 368 21734 320 21414 21260 21147 201 20946 556 257 20390 20193 919 746 294 452 323 478 268 521 359 215 210 252 299 197
internal_count=26947 983 318 665 514 384 283 25964 3369 22595 22445 22255 190 3206 2190 1422 768 603 483 1240 1054 1016 665 351 245 368 21734 320 21414 21260 21147 201 20946 556 257 20390 20193 919 746 294 452 323 478 268 521 359 215 210 252 299 197
is_linear=0
shrinkage=0.0577944


Tree=105
num_leaves=66
num_cat=0
split_feature=69 106 125 4 130 118 66 42 64 108 54 40 32 64 93 100 12 15 127 121 92 125 95 12 11 74 5 8 21 125 111 35 52 54 35 64 14 44 57 48 0 12 85 40 23 131 26 125 37 92 111 0 120 42 23 5 55 38 89 54 21 101 44 35 23
split_gain=7.88312 11.4883 8.99342 14.4838 9.35499 9.51363 8.68683 9.19955 10.953 9.30449 9.07749 10.7402 11.8423 11.4673 15.8322 12.6766 14.9327 12.7777 11.1628 11.0553 11.4959 9.23883 10.8572 10.4474 8.314 8.37205 17.7897 22.4065 15.6849 7.56449 7.09276 10.4588 9.33287 13.3055 9.43919 7.90222 7.78776 8.75121 7.03292 16.2121 14.2173 14.8805 16.7987 13.0066 11.676 13.5388 11.5455 18.519 10.904 11.9925 17.4414 15.1975 16.1253 10.8714 10.8485 16.136 10.8476 10.2716 9.925 10.2298 13.0868 9.91317 9.31093 11.0339 9.17781
threshold=-2666.6666666666665 11500.000000000002 12.500000000000002 56500.000000000007 0.68301270189221941 1.0000000180025095e-35 0.25000000000000006 1.57893858507966 -0.04316770186335403 0.03509852216748769 20544.604220347483 11500.000000000002 17187.650926634502 0.25462962962962971 0.14121975762272296 -110.11814052281441 23500.000000000004 30178.571428571431 242.50000000000003 1.0000000180025095e-35 7875.0000000000009 6.5000000000000009 0.14270843268687508 61000.000000000007 102500.00000000001 30500.000000000004 26500.000000000004 26500.000000000004 2439.7501823706702 14.500000000000002 -0.24993333333333331 0.10930362951667777 4181.3071354895201 12058.771926304278 0.19163106696387183 -0.1121593291404612 42785.714285714297 20750.000000000004 15004.000000000002 51916.666666666672 33.000000000000007 53500.000000000007 60375.000000000007 4400.0000000000009 3487.9101538570817 0.6830127018922193 10.500000000000002 25.500000000000004 4750.0000000000009 3751.0000000000005 -0.18634259259259256 10.000000000000002 0.20714285714285716 -0.81751819648706914 7192.7884851908557 59000.000000000007 6268.9509126668308 -5000.6666666666652 34500.000000000007 4473.0307994230043 2439.7501823703128 3999.9857355961308 61250.000000000007 0.13527801842234968 691.49180728353258
decision_type=10 10 2 10 2 10 2 10 8 10 10 2 2 8 10 2 10 10 2 10 10 2 10 8 8 8 10 10 10 2 10 2 10 10 2 8 10 10 10 10 2 10 10 2 10 2 2 2 2 10 10 2 10 10 10 10 10 2 10 10 10 2 10 2 10
left_child=1 2 3 -1 -4 -6 7 10 -9 -10 11 24 13 15 -15 18 -17 -18 21 20 -19 23 -23 -13 38 -26 -27 -28 -29 -24 35 -32 -33 34 -34 -8 37 -36 44 46 54 62 -43 -44 48 58 -40 57 49 50 -2 -51 -53 -52 55 -41 -49 -48 59 60 -46 -61 -42 -64 -50
right_child=6 -3 4 -5 5 -7 30 8 9 -11 -12 12 -14 14 -16 16 17 19 -20 -21 -22 22 29 -25 25 26 27 28 -30 -31 31 32 33 -35 36 -37 -38 -39 39 40 41 42 43 -45 45 -47 47 56 64 51 53 52 -54 -55 -56 -57 -58 -59 -60 61 -62 -63 63 -65 -66
leaf_value=1.1363819294660062 3.1183259742026341 -94.968541749004345 22.682429188982479 85.79679513872064 8.4455097201307066 -103.97957159860766 4.28493458976497 -5.7021386073494771 1.1385609620596027 -51.98118214170853 53.846455923074274 0.4194973055468082 -71.236218256724001 152.37721417624664 -72.706362521892174 -64.329710782000305 4.9668557300163876 -3.4091152979572112 -11.894463013797212 -13.590796901786728 10.302716469299469 4.4071061056853891 -229.68647151188335 48.611279995182834 -0.15078633805690206 26.111879602984974 -14.242645151547684 3.5054456248446999 -0.75570983054795959 0.46306164490590002 -1.7425385728339513 1.2546901052597037 -0.40964713793050839 50.179761186324384 -12.3067872832085 -10.525301230724084 -92.009115563107429 1.2823896965313286 -8.6351589000457611 69.013747554145851 -85.508374408212944 77.89283485343455 19.524597299705178 -123.60448962332696 -4.8906407747426934 18.494966668644985 3.1640435352066045e-05 -2.7521699132464117 1.8434699294128361 0.86212695070003742 -0.60021863317627555 -6.3227093050165566 4.5669391205964693 0.014294169426327552 28.305326821024352 -16.748452887144971 51.215166580310417 -3.7740231433141997 -10.389055528259249 2.3093263361388918 7.947695209685385 -6.8347391023992854 -79.447781048468457 107.40132247825503 0.26339908067825168
leaf_weight=161 309 136 386 187 136 151 109 177 539 98 123 107 211 132 105 242 119 468 152 1081 383 521 109 113 391 176 111 290 254 164 581 472 689 157 98 221 161 147 291 121 224 174 155 109 289 498 512 97 124 229 2190 777 179 6597 409 206 158 836 204 1353 257 258 126 99 308
leaf_count=161 309 136 386 187 136 151 109 177 539 98 123 107 211 132 105 242 119 468 152 1081 383 521 109 113 391 176 111 290 254 164 581 472 689 157 98 221 161 147 291 121 224 174 155 109 289 498 512 97 124 229 2190 777 179 6597 409 206 158 836 204 1353 257 258 126 99 308
internal_value=0.000111203 0.00477413 0.00698764 0.0146138 0.00272186 -0.00474759 -9.15437e-05 0.000259183 0.00628252 0.00991412 3.06647e-05 -4.90404e-05 -0.002806 -0.00198182 0.0100623 -0.00286861 -0.00538218 -0.00365309 0.00192032 -0.00486314 0 0.00425223 0.0010767 0.0147085 0.000529699 0.00513402 0.00844025 0.00367407 0.00874782 -0.00791538 -0.00323879 -0.00199931 0.000162454 -0.00234121 -0.00472791 -0.0112425 -0.0116965 -0.00415434 0.000188864 -0.002099 0.0020559 -0.00271677 0.00456375 -0.00407529 0.000795498 0.00407564 -0.00575249 -0.00366451 -6.3938e-05 -0.000459997 0.000234086 -0.00592608 -0.00920801 -0.000222591 0.00803956 0 0.010256 -0.00645152 0.0021475 0.00336685 -0.00324585 0.00572271 -0.0102015 -0.000975596 0.00887425
internal_weight=26947 1157 1021 348 673 287 25790 23155 814 637 22341 22218 3907 3696 237 3459 2293 2051 1166 1932 851 1014 794 220 18311 1222 831 655 544 273 2635 2305 1724 1252 1095 330 406 245 17089 3517 1623 887 438 264 13572 2859 1894 1603 10713 10281 9096 1185 956 8787 736 327 255 1348 2361 2157 546 1611 449 225 432
internal_count=26947 1157 1021 348 673 287 25790 23155 814 637 22341 22218 3907 3696 237 3459 2293 2051 1166 1932 851 1014 794 220 18311 1222 831 655 544 273 2635 2305 1724 1252 1095 330 406 245 17089 3517 1623 887 438 264 13572 2859 1894 1603 10713 10281 9096 1185 956 8787 736 327 255 1348 2361 2157 546 1611 449 225 432
is_linear=0
shrinkage=0.0577944


Tree=106
num_leaves=66
num_cat=0
split_feature=111 112 52 55 131 15 90 12 127 4 125 83 12 19 95 59 55 101 50 39 95 94 42 50 77 9 91 41 0 112 101 62 26 95 101 54 7 34 125 102 110 106 1 9 26 95 112 94 51 26 35 64 110 23 63 93 90 100 0 22 125 26 31 111 94
split_gain=7.4248 10.1426 14.7163 21.7404 14.617 11.775 9.87378 9.84081 14.1499 10.9747 12.2781 13.4075 12.3328 9.90543 9.87408 9.44705 14.9994 8.68978 8.67317 8.46259 11.5817 8.56624 11.7742 14.9585 21.2656 16.0921 13.3705 15.1969 9.74024 12.4265 8.82868 12.9865 17.8533 18.7818 11.8321 10.8988 8.44713 8.22752 10.5006 7.92786 7.67651 11.9472 7.65532 7.58131 19.4181 15.3941 11.2633 15.1832 11.381 7.50373 7.25642 6.54015 6.4728 6.08253 5.76777 5.67404 5.6252 5.46384 5.29243 4.3838 3.72274 3.5455 3.1273 1.88199 1.40757
threshold=-0.45383522727272724 -0.22967032967032966 3013.8556183179985 5849.4998419270569 -0.68301270189221952 15000.285714285716 2502.0000000000005 61000.000000000007 159.50000000000003 69000.000000000015 12.500000000000002 64375.000000000007 81000.000000000015 42250.000000000007 0.14569251064559188 51000.000000000007 19504.221442041238 -2331.4157788812659 76083.333333333343 0.72301587301587311 0.074421604055944959 0.2172680713020633 1.57893858507966 27225.000000000004 29500.000000000004 55500.000000000007 12375.000000000002 24500.000000000004 21.000000000000004 0.42245581962218165 4141.6379001133873 -2249.9999999999995 46.500000000000007 0.12833295308811934 5682.6705605183533 5838.0889335476813 40004.000000000007 13125.000000000002 13.500000000000002 2611.6241930945166 -0.11651583710407239 -1.0000000180025095e-35 9.0000000000000018 15004.000000000002 45.500000000000007 0.15565910687346277 0.2752525252525253 0.0265365772111467 20916.666666666668 29.500000000000004 0.21825607981852166 -0.080220694066847897 -0.088932806324110658 8976.3418297023545 1250.0000000000002 0.098464668073017028 4748.0000000000009 -925.21196126579514 13.000000000000002 5547.0019622524733 15.500000000000002 34.500000000000007 67500.000000000015 -0.10007198848184289 0.15899260926757378
decision_type=8 8 10 10 2 10 10 8 2 10 2 10 10 10 10 10 10 2 10 2 10 10 10 10 10 8 10 2 2 10 2 10 2 10 2 10 8 2 2 2 10 10 2 10 2 10 8 10 10 2 2 10 10 10 8 10 10 2 2 10 2 2 2 10 10
left_child=-1 2 17 4 6 -6 51 8 63 10 14 12 55 52 -9 16 19 -2 -11 20 -3 22 26 -24 -25 61 30 37 -23 -30 43 34 35 -34 -32 -33 60 42 -39 -27 54 -42 -28 44 45 -21 48 -48 -45 -44 -46 -4 -10 -17 -22 56 57 -12 -16 -36 -7 -26 -60 -5 -29
right_child=1 15 3 7 5 36 -8 9 13 18 11 -13 -14 -15 58 53 -18 -19 -20 21 40 28 23 24 25 39 27 64 29 -31 31 32 33 -35 59 -37 -38 38 -40 -41 41 -43 49 46 50 -47 47 -49 -50 -51 -52 -53 -54 -55 -56 -57 -58 -59 62 -61 -62 -63 -64 -65 -66
leaf_value=43.394706599162092 4.7788393489595196 91.754677824830551 -4.3202341665027264 30.462169257402099 42.451197452242418 -1.0166448221381079 -2.9982637569323196 0.20200209904395275 -16.215157440007005 67.193389670494511 8.5232002423656148 -80.873369922035337 89.332439111743767 14.100383910643503 -4.1422140911284275 -163.20047387996732 89.257131667571514 -0.073395683376014917 -2.4869952222439906 -0.21659434919046566 40.046203205034864 3.7653483030600405 0.87882659804662366 -10.302341660043048 10.622004299320425 -82.57592288466644 -13.206545355835525 45.978873296162085 -1.5569639042608814 -85.847666116963254 -32.305692506087297 -2.4338584300219663 -17.276017407092407 177.48974789862021 28.45559817630485 -36.55453353949661 0.88527391437702929 41.049023421891697 -94.073985577586683 9.2338976911031256 -10.413259880152765 42.653874822168262 47.045579539041007 0.24471005219468461 -8.607510943107135 17.564767017468348 2.371248743692516 0.96826405368983726 -0.0090283933890269678 -1.8850590473474038 -0.49369156811427573 -33.12133311797416 -0.028454603272595632 -6.011833576737577 0.22106499146977776 17.997488836328504 -7.1222582840083906 -1.7116410566575986 -125.36911446611194 2.8635019350338209 -10.825103235567537 0.23152572383784648 -6.0607537882445248 47.189370936614097 205.9835423532347
leaf_weight=131 114 95 163 106 98 97 104 168 102 109 108 131 123 131 162 105 102 100 151 2174 124 184 181 125 181 96 149 103 109 138 112 673 135 147 169 1095 137 109 176 138 127 143 345 1429 163 152 330 817 12664 133 105 176 149 96 95 109 95 188 151 97 100 119 97 117 95
leaf_count=131 114 95 163 106 98 97 104 168 102 109 108 131 123 131 162 105 102 100 151 2174 124 184 181 125 181 96 149 103 109 138 112 673 135 147 169 1095 137 109 176 138 127 143 345 1429 163 152 330 817 12664 133 105 176 149 96 95 109 95 188 151 97 100 119 97 117 95
internal_value=0.000141225 6.64921e-05 -0.00293163 -0.00400008 -0.011702 -0.00356474 -0.0191424 -0.000836698 0.00530592 -0.00329129 -0.00549013 -0.000370508 0.00293912 -0.00102805 -0.0118148 0.00049327 0.000608985 0.0113927 0.00720897 0.000502192 0.00736501 0.000316084 0.00048091 0.00718525 0.00277938 0.00805025 0.000207801 0.00637717 -0.00769729 -0.0151998 -0.000122219 -0.00339567 -0.00525917 0.00786828 0.00619088 -0.00746672 -0.00905372 0.00295825 -0.00478052 -0.00264272 0.00326946 -0.00271752 0.00677096 0.000313819 -0.00255563 -0.000765552 0.000814611 0.00632278 0.000352003 0.0104274 -0.0172179 -0.0239439 -0.00814553 -0.0118345 0.0113964 -0.000787068 -0.00437492 0 -0.0166162 0.0130552 -0.016685 0.0169258 -0.0222658 0.0168111 0.0209065
internal_weight=26947 26816 3286 3072 875 432 443 2197 605 1592 1332 754 623 382 578 23530 23329 214 260 23227 584 22643 22212 840 659 534 21372 1110 431 247 20262 2428 2050 282 378 1768 334 912 285 234 489 270 627 17834 2594 2326 15240 1147 14093 478 268 339 251 201 219 500 391 296 410 266 197 300 248 223 198
internal_count=26947 26816 3286 3072 875 432 443 2197 605 1592 1332 754 623 382 578 23530 23329 214 260 23227 584 22643 22212 840 659 534 21372 1110 431 247 20262 2428 2050 282 378 1768 334 912 285 234 489 270 627 17834 2594 2326 15240 1147 14093 478 268 339 251 201 219 500 391 296 410 266 197 300 248 223 198
is_linear=0
shrinkage=0.0577944


Tree=107
num_leaves=36
num_cat=0
split_feature=42 7 112 102 15 125 118 72 16 102 89 35 38 54 34 120 5 74 37 50 41 35 51 63 129 9 23 11 89 53 94 101 106 124 50
split_gain=8.53018 20.2173 12.8701 15.869 7.70897 15.0334 16.5356 13.0857 10.9219 18.4261 10.6332 8.59234 12.9694 12.1808 8.4444 16.0067 15.2708 11.0746 11.0289 9.22785 8.35123 9.34541 10.7249 9.94518 8.75691 8.63952 17.4984 9.70221 8.14899 5.68481 5.15403 4.4666 4.34988 4.34826 3.04074
threshold=1.57893858507966 92500.000000000015 0.25657894736842107 -46.228522425730254 90178.571428571435 13.500000000000002 0.18333333333333338 112500.00000000001 87925.000000000015 -8019.3814719656575 63500.000000000007 0.37110568206088163 -5749.9999999999991 19958.246164193108 20625.000000000004 0.13392857142857145 87500.000000000015 50504.000000000007 -19749.999999999996 81083.333333333343 30500.000000000004 0.25865229971055265 25916.666666666668 -2749.9999999999995 -0.22252093395631442 15004.000000000002 607.42531824186437 23500.000000000004 5034.0000000000009 3378.8477210254109 0.089551266849921887 243.34357401667697 10500.000000000002 2.5000000000000004 28500.666666666668
decision_type=10 8 8 2 10 2 10 10 10 2 10 2 2 10 2 10 10 10 2 10 2 2 8 10 2 10 8 10 10 10 10 2 8 2 10
left_child=4 2 3 29 8 6 31 10 11 -10 30 13 -13 14 16 -16 18 -17 -1 -18 21 25 28 -24 -22 26 -20 -27 -23 -2 -7 -6 -4 -5 -35
right_child=1 -3 32 33 5 7 -8 -9 9 -11 -12 12 -14 -15 15 17 19 -19 20 -21 24 22 23 -25 -26 27 -28 -29 -30 -31 -32 -33 -34 34 -36
leaf_value=115.21744493775257 -3.6492417750384396 -136.86884942494513 1.3663013262567865 8.8957474941219452 247.28560016710685 -166.18037658731413 -36.790672969151828 -210.48955328717929 6.2933267544623668 -138.04531715868526 120.4572771569693 1.319789263826284 -42.519918779482708 61.742938329872842 12.604220803744926 -15.95610127048918 91.231233330162965 -318.76583222523379 0.27858813078603645 -0.86412493752865505 -1.4569167109668428 0.76158824782633472 131.99516935484331 1.8776234297713652 -58.88706448437442 0.27243621834253162 -1.2766762947386783 -0.035117044910807665 -1.9563738346870687 3.5176362858838006 17.980050202406066 66.023388192931691 -43.94237456371075 0.18707638435965962 5.6638834956234927
leaf_weight=152 95 95 97 123 97 107 95 123 118 155 101 110 98 115 139 100 180 98 576 103 143 711 122 98 107 2752 2309 16656 385 127 102 162 95 101 200
leaf_count=152 95 95 97 123 97 107 95 123 118 155 101 110 98 115 139 100 180 98 576 103 143 711 122 98 107 2752 2309 16656 385 127 102 162 95 101 200
internal_value=0.00012407 0.00554585 0.00857609 0.0125356 -6.4099e-05 0.00554657 0.0143685 -0.00130521 -0.000247061 -0.0116791 0.00458359 -0.000113136 -0.011716 -6.66825e-06 -0.000102889 -0.00914371 1.63068e-05 -0.0197587 -0.000134425 0.0132892 -0.000241849 -0.000122028 0.00459303 0.0162607 -0.0106865 -0.000409177 -0.00335864 2.04113e-05 0.00204259 0 -0.00213748 0.0219932 -0.00380228 0.0190468 0.0231356
internal_weight=26947 933 838 646 26014 787 354 433 25227 273 310 24954 208 24746 24631 337 24294 198 24011 283 23859 23609 1316 220 250 22293 2885 19408 1096 222 209 259 192 424 301
internal_count=26947 933 838 646 26014 787 354 433 25227 273 310 24954 208 24746 24631 337 24294 198 24011 283 23859 23609 1316 220 250 22293 2885 19408 1096 222 209 259 192 424 301
is_linear=0
shrinkage=0.0577944


Tree=108
num_leaves=66
num_cat=0
split_feature=112 127 54 48 52 101 29 118 9 63 48 111 121 4 56 10 42 67 95 101 43 23 89 84 75 94 107 127 26 112 63 12 91 86 11 95 59 63 130 64 64 89 125 92 41 57 69 32 29 111 42 35 30 125 52 125 130 54 17 95 125 46 95 23 100
split_gain=6.95423 10.0877 16.5447 18.2394 11.8493 17.2672 11.1992 10.6891 16.917 9.70696 9.25728 9.07923 11.446 11.6929 8.60011 8.25169 10.9142 10.889 9.77542 11.8197 9.1427 7.46052 15.2528 19.3113 14.85 17.4145 16.5173 15.0948 14.3492 26.1649 22.1893 12.7394 12.5969 11.8963 10.9069 10.7984 10.7528 11.4297 29.237 10.7803 11.7451 10.7351 9.92625 8.78382 7.47374 10.8011 7.66548 8.85068 13.5032 13.4022 8.08952 7.71137 7.52228 7.18758 6.33237 6.21885 5.55431 4.21968 3.91414 3.88115 3.32875 3.24514 3.23226 2.99434 2.70205
threshold=-0.22967032967032966 126.50000000000001 8892.7316916245309 45666.666666666679 3013.8556183179985 -7198.3199602089544 47333.333333333336 1.0000000180025095e-35 49000.000000000007 -8249.9999999999982 52333.333333333336 -0.36181818181818176 0.13392857142857145 69000.000000000015 10504.000000000002 50004.000000000007 -1.2909944487358043 0.75000000000000011 0.15726138315419699 -4817.1116886012742 0.63333333333333341 10961.007169093331 36500.000000000007 56250.000000000007 56500.000000000007 0.21139767343150787 40500.000000000007 96.500000000000014 8.5000000000000018 1.4000800000000002 13750.000000000002 55500.000000000007 8625.0000000000018 95625.000000000015 63500.000000000007 0.26143385315114415 51000.000000000007 13750.000000000002 0.25000000000000011 0.19615384615384621 0.22474747474747478 8500.0000000000018 10.500000000000002 7375.0000000000009 35500.000000000007 41000.000000000007 -2416.6666666666665 10016.638981097474 75083.333333333358 -0.1110222222222222 1.57893858507966 0.09995910434834869 59000.000000000007 12.500000000000002 11779.099482878906 16.500000000000004 0.68301270189221941 14860.038829034884 59000.000000000007 0.12032344963833236 20.500000000000004 59500.000000000007 0.16850503772537914 4594.1611294313161 -423.66736501313602
decision_type=8 2 10 10 10 2 2 10 10 10 10 10 10 10 10 8 10 2 10 2 2 10 10 10 10 10 8 2 2 8 10 8 10 10 10 10 10 10 2 10 10 10 2 10 2 10 10 2 2 8 10 2 2 2 10 2 2 10 10 10 2 10 10 10 2
left_child=1 2 3 14 55 6 7 8 -6 -5 -8 -4 57 62 -1 16 -7 20 19 -19 -18 22 36 -24 26 27 32 28 29 34 33 35 -23 -30 -26 -29 37 39 -39 44 56 -42 -25 -40 45 46 51 48 50 -49 -48 -2 -51 -53 -55 -3 -41 -13 -12 -21 -44 -34 -14 -43 -17
right_child=21 4 11 9 5 15 10 -9 -10 -11 58 12 13 -15 -16 64 17 18 -20 59 -22 24 23 42 25 -27 -28 31 30 -31 -32 -33 61 -35 -36 -37 -38 38 43 40 41 63 60 -45 -46 -47 47 49 -50 52 -52 53 -54 54 -56 -57 -58 -59 -60 -61 -62 -63 -64 -65 -66
leaf_value=94.382019863838238 -8.0157290739547218 6.9369971014753737 19.715732451649668 4.6153877726453647 -13.509119702117196 -11.119933743875366 -37.359799467635021 83.463444166074055 5.060712232767667 302.40811178585295 -7.0731529606424823 -3.0431331267779074 -180.62547850033678 14.422529473045797 -6.1258692610347163 -5.4652814246575119 -11.579418601596076 -1.5283144575395862 -7.6711164824892881 1.2652530766871142 0.027684471540700046 2.6151248312888082 18.313655274340633 -3.0760524420495714 3.5970771491049014 -46.504239785250661 -5.9724079067516529 28.283658354286061 10.458095196923377 113.4955197256466 -6.9035062549698125 -81.569629959496226 78.567341980986882 215.57798355025042 -171.7830758175547 -34.396233838098809 -163.73720368889235 250.72294923913344 25.227053930778762 -1.5700975879532819 20.219712852073236 -14.47507329591714 -198.31942562799935 -19.303829665648543 57.598902463677391 -54.652976774440411 0.0056063260729342446 23.769202983883154 60.411807594404905 -12.377757599045962 0.64886938341166367 52.434267320793928 -197.59500678021959 11.555843272280406 -47.370189142520353 -0.00093769775935304315 -78.492721377981937 8.5048026725033328 19.272740567864709 6.7962109220218485 -90.800395956031394 179.0867968195665 -5.0753143268776055 -4.3775935789838467 -94.903086159640623
leaf_weight=100 131 95 160 107 127 141 150 190 167 143 145 97 103 95 185 96 195 124 131 119 99 103 117 113 141 180 102 185 96 97 146 186 103 200 130 110 102 167 109 103 108 96 115 139 116 130 17510 165 157 461 672 203 155 385 97 105 120 95 96 97 101 96 137 96 105
leaf_count=100 131 95 160 107 127 141 150 190 167 143 145 97 103 95 185 96 195 124 131 119 99 103 117 113 141 180 102 185 96 97 146 186 103 200 130 110 102 167 109 103 108 96 115 139 116 130 17510 165 157 461 672 203 155 385 97 105 120 95 96 97 101 96 137 96 105
internal_value=7.68913e-05 -0.00235519 0.00173824 0.00943077 -0.00472995 -0.00613793 0 0.0057931 -0.00055492 0.0207217 -0.00730565 -0.00400604 -0.0078296 -0.0143213 0 -0.0109226 -0.00818903 -0.00510366 0 0.00552955 -0.0137694 0.000436545 0.000124957 -0.0103982 0.00393384 0.0010919 0.01374 0.00356551 0.00844499 0 0.0154224 -0.00427794 0.0205998 0.0244872 -0.00923678 0.00268353 0.000356305 0.000456523 0.00992547 0.000256357 -0.0078891 0 -0.0177094 -0.00203578 0.000477737 0.000382588 0.000501022 0.000256449 0.000522588 -0.00573635 0.000365019 0.00598506 -0.00978371 0.00855121 0.00415007 0.00819892 -0.0178321 0.0026192 0 0.013923 -0.0249865 0.0290839 -0.0210981 -0.0085346 -0.0220134
internal_weight=26947 3404 1222 535 2182 1982 875 484 294 250 391 687 527 335 285 1107 906 765 471 340 294 23543 21668 446 1875 1471 404 1291 810 368 442 481 302 296 271 295 21222 21120 415 20705 523 300 329 248 20182 20066 19936 19120 18339 781 18182 816 616 685 482 200 223 192 241 216 216 199 240 192 201
internal_count=26947 3404 1222 535 2182 1982 875 484 294 250 391 687 527 335 285 1107 906 765 471 340 294 23543 21668 446 1875 1471 404 1291 810 368 442 481 302 296 271 295 21222 21120 415 20705 523 300 329 248 20182 20066 19936 19120 18339 781 18182 816 616 685 482 200 223 192 241 216 216 199 240 192 201
is_linear=0
shrinkage=0.0577944


end of trees

feature_importances:
day_of_year=348
market_id=230
roll_cv_30=186
day_of_month=173
week_of_year=171
anchor_minus_ewm30=165
cross_cv=162
cross_zscore=155
cross_mean_lag14=147
pct_change_30d=144
anchor_minus_ewm7=136
cross_median_change_14d=133
cross_std_lag14=127
ewm7_minus_ewm30=123
cross_std_lag7=117
month_cos=116
roll_std_30=112
price_minus_cross_mean=109
cross_median_pct_change_7d=109
price_ratio_cross_median=107
month_sin=97
pct_change_14d=91
roll_min_30=88
cross_std_lag3=87
roll_cv_14=87
cross_mean_lag7=86
roll_iqr_30=83
commodity_no=82
roll_range_30=81
lag_30=77
lag_21=76
cross_iqr=74
cross_std=69
cross_median_lag14=69
roll_cv_7=68
roll_mean_30=65
roll_std_14=64
ewm_30=64
distance_from_cross_min=63
roll_max_30=60
anchor_lag_30=59
cross_mean=57
cross_std_lag1=57
lag_10=50
price_minus_cross_median=50
change_30d=48
share_up_14=48
roll_q25_30=47
cross_mean_lag3=46
cross_mean_lag1=44
share_down_14=44
cross_median=43
cross_range_lag14=43
roll_iqr_14=43
change_14d=43
unchanged_streak=42
pct_change_7d=41
cross_median_change_7d=40
roll_std_7=38
roll_mean_14=37
roll_q75_30=37
distance_from_cross_max=36
lag_7=35
cross_max=35
cross_median_lag7=35
cross_min=34
cross_range_lag1=33
cross_mean_member_move=32
roll_min_14=32
roll_range_14=32
price_rank_pct=29
lag_5=28
cross_median_change_3d=28
roll_max_14=28
lag_14=27
cross_median_lag3=27
lag_2=26
lag_1=25
cross_range=25
cross_median_lag1=25
roll_median_30=24
cross_range_lag3=24
pct_change_3d=24
ewm_3=23
ewm_14=23
month=22
roll_q25_14=22
ewm_7=22
roll_q75_14=20
roll_min_7=19
cross_range_lag7=17
roll_median_14=15
anchor_lag_14=15
share_up_7=15
median_abs_move_14=15
cross_fresh_ratio=14
cross_median_change_1d=14
share_down_7=14
anchor_price=13
roll_mean_7=13
roll_max_7=13
roll_mean_3=12
lag_3=11
roll_q75_7=11
pct_change_1d=11
roll_range_7=10
change_1d=10
median_abs_move_7=10
dow_sin=10
change_3d=9
cross_share_flat=7
roll_q25_7=7
day_of_week=6
anchor_lag_7=6
roll_iqr_7=6
change_7d=6
roll_median_3=5
cross_share_down=4
roll_median_7=3
anchor_lag_3=3
cross_share_up=2
anchor_lag_1=2
dow_cos=2
days_since_anchor=1
cross_median_member_move=1
slope_30d=1

parameters:
[boosting: gbdt]
[objective: regression_l1]
[metric: l1]
[tree_learner: serial]
[device_type: cpu]
[data_sample_strategy: bagging]
[data: ]
[valid: ]
[num_iterations: 109]
[learning_rate: 0.0577944]
[num_leaves: 66]
[num_threads: 1]
[seed: 3007]
[deterministic: 1]
[force_col_wise: 1]
[force_row_wise: 0]
[histogram_pool_size: -1]
[max_depth: 12]
[min_data_in_leaf: 95]
[min_sum_hessian_in_leaf: 0.001]
[bagging_fraction: 0.956481]
[pos_bagging_fraction: 1]
[neg_bagging_fraction: 1]
[bagging_freq: 0]
[bagging_seed: 18929]
[bagging_by_query: 0]
[feature_fraction: 0.972401]
[feature_fraction_bynode: 1]
[feature_fraction_seed: 9077]
[extra_trees: 0]
[extra_seed: 22994]
[early_stopping_round: 0]
[early_stopping_min_delta: 0]
[first_metric_only: 0]
[max_delta_step: 0]
[lambda_l1: 3.14444]
[lambda_l2: 3.4035]
[linear_lambda: 0]
[min_gain_to_split: 0]
[drop_rate: 0.1]
[max_drop: 50]
[skip_drop: 0.5]
[xgboost_dart_mode: 0]
[uniform_drop: 0]
[drop_seed: 32049]
[top_rate: 0.2]
[other_rate: 0.1]
[min_data_per_group: 100]
[max_cat_threshold: 32]
[cat_l2: 10]
[cat_smooth: 10]
[max_cat_to_onehot: 4]
[top_k: 20]
[monotone_constraints: ]
[monotone_constraints_method: basic]
[monotone_penalty: 0]
[feature_contri: ]
[forcedsplits_filename: ]
[refit_decay_rate: 0.9]
[cegb_tradeoff: 1]
[cegb_penalty_split: 0]
[cegb_penalty_feature_lazy: ]
[cegb_penalty_feature_coupled: ]
[path_smooth: 0]
[interaction_constraints: ]
[verbosity: -1]
[saved_feature_importance_type: 0]
[use_quantized_grad: 0]
[num_grad_quant_bins: 4]
[quant_train_renew_leaf: 0]
[stochastic_rounding: 1]
[linear_tree: 0]
[max_bin: 255]
[max_bin_by_feature: ]
[min_data_in_bin: 3]
[bin_construct_sample_cnt: 200000]
[data_random_seed: 9858]
[is_enable_sparse: 1]
[enable_bundle: 1]
[use_missing: 1]
[zero_as_missing: 0]
[feature_pre_filter: 1]
[pre_partition: 0]
[two_round: 0]
[header: 0]
[label_column: ]
[weight_column: ]
[group_column: ]
[ignore_column: ]
[categorical_feature: ]
[forcedbins_filename: ]
[precise_float_parser: 0]
[parser_config_file: ]
[objective_seed: 26252]
[num_class: 1]
[is_unbalance: 0]
[scale_pos_weight: 1]
[sigmoid: 1]
[boost_from_average: 1]
[reg_sqrt: 0]
[alpha: 0.9]
[fair_c: 1]
[poisson_max_delta_step: 0.7]
[tweedie_variance_power: 1.5]
[lambdarank_truncation_level: 30]
[lambdarank_norm: 1]
[label_gain: ]
[lambdarank_position_bias_regularization: 0]
[eval_at: ]
[multi_error_top_k: 1]
[auc_mu_weights: ]
[num_machines: 1]
[local_listen_port: 12400]
[time_out: 120]
[machine_list_filename: ]
[machines: ]
[gpu_platform_id: -1]
[gpu_device_id: -1]
[gpu_use_dp: 0]
[num_gpu: 1]

end of parameters

pandas_categorical:[]
